ISO-10303-21;
HEADER;
FILE_DESCRIPTION(('Open CASCADE Model'),'2;1');
FILE_NAME('Open CASCADE Shape Model','2026-09-29T16:39:28',('Author'),(
    'Open CASCADE'),'Open CASCADE STEP processor 7.9','Open CASCADE 7.9'
  ,'Unknown');
FILE_SCHEMA(('AUTOMOTIVE_DESIGN { 1 0 10303 214 1 1 1 1 }'));
ENDSEC;
DATA;
#1 = APPLICATION_PROTOCOL_DEFINITION('international standard',
  'automotive_design',2000,#2);
#2 = APPLICATION_CONTEXT(
  'core data for automotive mechanical design processes');
#3 = SHAPE_DEFINITION_REPRESENTATION(#4,#10);
#4 = PRODUCT_DEFINITION_SHAPE('','',#5);
#5 = PRODUCT_DEFINITION('design','',#6,#9);
#6 = PRODUCT_DEFINITION_FORMATION('','',#7);
#7 = PRODUCT('Open CASCADE STEP translator 7.9 1',
  'Open CASCADE STEP translator 7.9 1','',(#8));
#8 = PRODUCT_CONTEXT('',#2,'mechanical');
#9 = PRODUCT_DEFINITION_CONTEXT('part definition',#2,'design');
#10 = ADVANCED_BREP_SHAPE_REPRESENTATION('',(#11,#15),#4397);
#11 = AXIS2_PLACEMENT_3D('',#12,#13,#14);
#12 = CARTESIAN_POINT('',(0.,0.,0.));
#13 = DIRECTION('',(0.,0.,1.));
#14 = DIRECTION('',(1.,0.,-0.));
#15 = MANIFOLD_SOLID_BREP('',#16);
#16 = CLOSED_SHELL('',(#17,#137,#213,#345,#479,#636,#714,#1618,#1667,
    #1772,#1957,#2011,#2038,#2092,#2119,#2126,#2202,#2229,#2305,#2354,
    #2403,#2452,#2501,#2550,#2599,#2648,#2697,#2746,#2795,#2844,#2893,
    #2942,#2991,#3040,#3089,#3138,#3187,#3236,#3285,#3334,#3361,#3416,
    #3560,#3609,#3658,#3685,#3713,#3741,#3748,#3980,#3984,#3991,#4088,
    #4146,#4195,#4244,#4293,#4351,#4387));
#17 = ADVANCED_FACE('',(#18),#32,.T.);
#18 = FACE_BOUND('',#19,.T.);
#19 = EDGE_LOOP('',(#20,#55,#83,#111));
#20 = ORIENTED_EDGE('',*,*,#21,.T.);
#21 = EDGE_CURVE('',#22,#24,#26,.T.);
#22 = VERTEX_POINT('',#23);
#23 = CARTESIAN_POINT('',(0.,20.5000001,10.5));
#24 = VERTEX_POINT('',#25);
#25 = CARTESIAN_POINT('',(0.,11.5000001,10.5));
#26 = SURFACE_CURVE('',#27,(#31,#43),.PCURVE_S1.);
#27 = LINE('',#28,#29);
#28 = CARTESIAN_POINT('',(0.,20.5000001,10.5));
#29 = VECTOR('',#30,1.);
#30 = DIRECTION('',(0.,-1.,0.));
#31 = PCURVE('',#32,#37);
#32 = PLANE('',#33);
#33 = AXIS2_PLACEMENT_3D('',#34,#35,#36);
#34 = CARTESIAN_POINT('',(0.,20.5000001,10.5));
#35 = DIRECTION('',(-0.,0.,1.));
#36 = DIRECTION('',(1.,0.,0.));
#37 = DEFINITIONAL_REPRESENTATION('',(#38),#42);
#38 = LINE('',#39,#40);
#39 = CARTESIAN_POINT('',(0.,0.));
#40 = VECTOR('',#41,1.);
#41 = DIRECTION('',(0.,-1.));
#42 = ( GEOMETRIC_REPRESENTATION_CONTEXT(2) 
PARAMETRIC_REPRESENTATION_CONTEXT() REPRESENTATION_CONTEXT('2D SPACE',''
  ) );
#43 = PCURVE('',#44,#49);
#44 = PLANE('',#45);
#45 = AXIS2_PLACEMENT_3D('',#46,#47,#48);
#46 = CARTESIAN_POINT('',(0.,20.5000001,5.));
#47 = DIRECTION('',(-1.,0.,0.));
#48 = DIRECTION('',(0.,0.,1.));
#49 = DEFINITIONAL_REPRESENTATION('',(#50),#54);
#50 = LINE('',#51,#52);
#51 = CARTESIAN_POINT('',(5.5,0.));
#52 = VECTOR('',#53,1.);
#53 = DIRECTION('',(0.,-1.));
#54 = ( GEOMETRIC_REPRESENTATION_CONTEXT(2) 
PARAMETRIC_REPRESENTATION_CONTEXT() REPRESENTATION_CONTEXT('2D SPACE',''
  ) );
#55 = ORIENTED_EDGE('',*,*,#56,.T.);
#56 = EDGE_CURVE('',#24,#57,#59,.T.);
#57 = VERTEX_POINT('',#58);
#58 = CARTESIAN_POINT('',(7.1,11.5000001,10.5));
#59 = SURFACE_CURVE('',#60,(#64,#71),.PCURVE_S1.);
#60 = LINE('',#61,#62);
#61 = CARTESIAN_POINT('',(0.,11.5000001,10.5));
#62 = VECTOR('',#63,1.);
#63 = DIRECTION('',(1.,0.,0.));
#64 = PCURVE('',#32,#65);
#65 = DEFINITIONAL_REPRESENTATION('',(#66),#70);
#66 = LINE('',#67,#68);
#67 = CARTESIAN_POINT('',(0.,-9.));
#68 = VECTOR('',#69,1.);
#69 = DIRECTION('',(1.,0.));
#70 = ( GEOMETRIC_REPRESENTATION_CONTEXT(2) 
PARAMETRIC_REPRESENTATION_CONTEXT() REPRESENTATION_CONTEXT('2D SPACE',''
  ) );
#71 = PCURVE('',#72,#77);
#72 = PLANE('',#73);
#73 = AXIS2_PLACEMENT_3D('',#74,#75,#76);
#74 = CARTESIAN_POINT('',(3.943591834159,11.5000001,5.706389329911));
#75 = DIRECTION('',(0.,1.,0.));
#76 = DIRECTION('',(0.,-0.,1.));
#77 = DEFINITIONAL_REPRESENTATION('',(#78),#82);
#78 = LINE('',#79,#80);
#79 = CARTESIAN_POINT('',(4.793610670089,-3.943591834159));
#80 = VECTOR('',#81,1.);
#81 = DIRECTION('',(0.,1.));
#82 = ( GEOMETRIC_REPRESENTATION_CONTEXT(2) 
PARAMETRIC_REPRESENTATION_CONTEXT() REPRESENTATION_CONTEXT('2D SPACE',''
  ) );
#83 = ORIENTED_EDGE('',*,*,#84,.F.);
#84 = EDGE_CURVE('',#85,#57,#87,.T.);
#85 = VERTEX_POINT('',#86);
#86 = CARTESIAN_POINT('',(7.1,20.5000001,10.5));
#87 = SURFACE_CURVE('',#88,(#92,#99),.PCURVE_S1.);
#88 = LINE('',#89,#90);
#89 = CARTESIAN_POINT('',(7.1,20.5000001,10.5));
#90 = VECTOR('',#91,1.);
#91 = DIRECTION('',(0.,-1.,0.));
#92 = PCURVE('',#32,#93);
#93 = DEFINITIONAL_REPRESENTATION('',(#94),#98);
#94 = LINE('',#95,#96);
#95 = CARTESIAN_POINT('',(7.1,0.));
#96 = VECTOR('',#97,1.);
#97 = DIRECTION('',(0.,-1.));
#98 = ( GEOMETRIC_REPRESENTATION_CONTEXT(2) 
PARAMETRIC_REPRESENTATION_CONTEXT() REPRESENTATION_CONTEXT('2D SPACE',''
  ) );
#99 = PCURVE('',#100,#105);
#100 = PLANE('',#101);
#101 = AXIS2_PLACEMENT_3D('',#102,#103,#104);
#102 = CARTESIAN_POINT('',(7.1,20.5000001,10.5));
#103 = DIRECTION('',(1.,0.,0.));
#104 = DIRECTION('',(0.,0.,-1.));
#105 = DEFINITIONAL_REPRESENTATION('',(#106),#110);
#106 = LINE('',#107,#108);
#107 = CARTESIAN_POINT('',(0.,0.));
#108 = VECTOR('',#109,1.);
#109 = DIRECTION('',(0.,-1.));
#110 = ( GEOMETRIC_REPRESENTATION_CONTEXT(2) 
PARAMETRIC_REPRESENTATION_CONTEXT() REPRESENTATION_CONTEXT('2D SPACE',''
  ) );
#111 = ORIENTED_EDGE('',*,*,#112,.F.);
#112 = EDGE_CURVE('',#22,#85,#113,.T.);
#113 = SURFACE_CURVE('',#114,(#118,#125),.PCURVE_S1.);
#114 = LINE('',#115,#116);
#115 = CARTESIAN_POINT('',(0.,20.5000001,10.5));
#116 = VECTOR('',#117,1.);
#117 = DIRECTION('',(1.,0.,0.));
#118 = PCURVE('',#32,#119);
#119 = DEFINITIONAL_REPRESENTATION('',(#120),#124);
#120 = LINE('',#121,#122);
#121 = CARTESIAN_POINT('',(0.,0.));
#122 = VECTOR('',#123,1.);
#123 = DIRECTION('',(1.,0.));
#124 = ( GEOMETRIC_REPRESENTATION_CONTEXT(2) 
PARAMETRIC_REPRESENTATION_CONTEXT() REPRESENTATION_CONTEXT('2D SPACE',''
  ) );
#125 = PCURVE('',#126,#131);
#126 = PLANE('',#127);
#127 = AXIS2_PLACEMENT_3D('',#128,#129,#130);
#128 = CARTESIAN_POINT('',(3.943591834159,20.5000001,5.706389329911));
#129 = DIRECTION('',(0.,1.,0.));
#130 = DIRECTION('',(0.,-0.,1.));
#131 = DEFINITIONAL_REPRESENTATION('',(#132),#136);
#132 = LINE('',#133,#134);
#133 = CARTESIAN_POINT('',(4.793610670089,-3.943591834159));
#134 = VECTOR('',#135,1.);
#135 = DIRECTION('',(0.,1.));
#136 = ( GEOMETRIC_REPRESENTATION_CONTEXT(2) 
PARAMETRIC_REPRESENTATION_CONTEXT() REPRESENTATION_CONTEXT('2D SPACE',''
  ) );
#137 = ADVANCED_FACE('',(#138),#44,.T.);
#138 = FACE_BOUND('',#139,.T.);
#139 = EDGE_LOOP('',(#140,#170,#191,#192));
#140 = ORIENTED_EDGE('',*,*,#141,.T.);
#141 = EDGE_CURVE('',#142,#144,#146,.T.);
#142 = VERTEX_POINT('',#143);
#143 = CARTESIAN_POINT('',(0.,20.5000001,5.));
#144 = VERTEX_POINT('',#145);
#145 = CARTESIAN_POINT('',(0.,11.5000001,5.));
#146 = SURFACE_CURVE('',#147,(#151,#158),.PCURVE_S1.);
#147 = LINE('',#148,#149);
#148 = CARTESIAN_POINT('',(0.,20.5000001,5.));
#149 = VECTOR('',#150,1.);
#150 = DIRECTION('',(0.,-1.,0.));
#151 = PCURVE('',#44,#152);
#152 = DEFINITIONAL_REPRESENTATION('',(#153),#157);
#153 = LINE('',#154,#155);
#154 = CARTESIAN_POINT('',(0.,0.));
#155 = VECTOR('',#156,1.);
#156 = DIRECTION('',(0.,-1.));
#157 = ( GEOMETRIC_REPRESENTATION_CONTEXT(2) 
PARAMETRIC_REPRESENTATION_CONTEXT() REPRESENTATION_CONTEXT('2D SPACE',''
  ) );
#158 = PCURVE('',#159,#164);
#159 = PLANE('',#160);
#160 = AXIS2_PLACEMENT_3D('',#161,#162,#163);
#161 = CARTESIAN_POINT('',(2.,20.5000001,3.));
#162 = DIRECTION('',(-0.707106781187,-0.,-0.707106781187));
#163 = DIRECTION('',(-0.707106781187,0.,0.707106781187));
#164 = DEFINITIONAL_REPRESENTATION('',(#165),#169);
#165 = LINE('',#166,#167);
#166 = CARTESIAN_POINT('',(2.828427124746,0.));
#167 = VECTOR('',#168,1.);
#168 = DIRECTION('',(0.,-1.));
#169 = ( GEOMETRIC_REPRESENTATION_CONTEXT(2) 
PARAMETRIC_REPRESENTATION_CONTEXT() REPRESENTATION_CONTEXT('2D SPACE',''
  ) );
#170 = ORIENTED_EDGE('',*,*,#171,.T.);
#171 = EDGE_CURVE('',#144,#24,#172,.T.);
#172 = SURFACE_CURVE('',#173,(#177,#184),.PCURVE_S1.);
#173 = LINE('',#174,#175);
#174 = CARTESIAN_POINT('',(0.,11.5000001,5.));
#175 = VECTOR('',#176,1.);
#176 = DIRECTION('',(0.,0.,1.));
#177 = PCURVE('',#44,#178);
#178 = DEFINITIONAL_REPRESENTATION('',(#179),#183);
#179 = LINE('',#180,#181);
#180 = CARTESIAN_POINT('',(0.,-9.));
#181 = VECTOR('',#182,1.);
#182 = DIRECTION('',(1.,0.));
#183 = ( GEOMETRIC_REPRESENTATION_CONTEXT(2) 
PARAMETRIC_REPRESENTATION_CONTEXT() REPRESENTATION_CONTEXT('2D SPACE',''
  ) );
#184 = PCURVE('',#72,#185);
#185 = DEFINITIONAL_REPRESENTATION('',(#186),#190);
#186 = LINE('',#187,#188);
#187 = CARTESIAN_POINT('',(-0.706389329911,-3.943591834159));
#188 = VECTOR('',#189,1.);
#189 = DIRECTION('',(1.,0.));
#190 = ( GEOMETRIC_REPRESENTATION_CONTEXT(2) 
PARAMETRIC_REPRESENTATION_CONTEXT() REPRESENTATION_CONTEXT('2D SPACE',''
  ) );
#191 = ORIENTED_EDGE('',*,*,#21,.F.);
#192 = ORIENTED_EDGE('',*,*,#193,.F.);
#193 = EDGE_CURVE('',#142,#22,#194,.T.);
#194 = SURFACE_CURVE('',#195,(#199,#206),.PCURVE_S1.);
#195 = LINE('',#196,#197);
#196 = CARTESIAN_POINT('',(0.,20.5000001,5.));
#197 = VECTOR('',#198,1.);
#198 = DIRECTION('',(0.,0.,1.));
#199 = PCURVE('',#44,#200);
#200 = DEFINITIONAL_REPRESENTATION('',(#201),#205);
#201 = LINE('',#202,#203);
#202 = CARTESIAN_POINT('',(0.,0.));
#203 = VECTOR('',#204,1.);
#204 = DIRECTION('',(1.,0.));
#205 = ( GEOMETRIC_REPRESENTATION_CONTEXT(2) 
PARAMETRIC_REPRESENTATION_CONTEXT() REPRESENTATION_CONTEXT('2D SPACE',''
  ) );
#206 = PCURVE('',#126,#207);
#207 = DEFINITIONAL_REPRESENTATION('',(#208),#212);
#208 = LINE('',#209,#210);
#209 = CARTESIAN_POINT('',(-0.706389329911,-3.943591834159));
#210 = VECTOR('',#211,1.);
#211 = DIRECTION('',(1.,0.));
#212 = ( GEOMETRIC_REPRESENTATION_CONTEXT(2) 
PARAMETRIC_REPRESENTATION_CONTEXT() REPRESENTATION_CONTEXT('2D SPACE',''
  ) );
#213 = ADVANCED_FACE('',(#214),#100,.T.);
#214 = FACE_BOUND('',#215,.T.);
#215 = EDGE_LOOP('',(#216,#217,#240,#268,#296,#324));
#216 = ORIENTED_EDGE('',*,*,#84,.T.);
#217 = ORIENTED_EDGE('',*,*,#218,.T.);
#218 = EDGE_CURVE('',#57,#219,#221,.T.);
#219 = VERTEX_POINT('',#220);
#220 = CARTESIAN_POINT('',(7.1,11.5000001,4.));
#221 = SURFACE_CURVE('',#222,(#226,#233),.PCURVE_S1.);
#222 = LINE('',#223,#224);
#223 = CARTESIAN_POINT('',(7.1,11.5000001,10.5));
#224 = VECTOR('',#225,1.);
#225 = DIRECTION('',(0.,0.,-1.));
#226 = PCURVE('',#100,#227);
#227 = DEFINITIONAL_REPRESENTATION('',(#228),#232);
#228 = LINE('',#229,#230);
#229 = CARTESIAN_POINT('',(0.,-9.));
#230 = VECTOR('',#231,1.);
#231 = DIRECTION('',(1.,0.));
#232 = ( GEOMETRIC_REPRESENTATION_CONTEXT(2) 
PARAMETRIC_REPRESENTATION_CONTEXT() REPRESENTATION_CONTEXT('2D SPACE',''
  ) );
#233 = PCURVE('',#72,#234);
#234 = DEFINITIONAL_REPRESENTATION('',(#235),#239);
#235 = LINE('',#236,#237);
#236 = CARTESIAN_POINT('',(4.793610670089,3.156408165841));
#237 = VECTOR('',#238,1.);
#238 = DIRECTION('',(-1.,0.));
#239 = ( GEOMETRIC_REPRESENTATION_CONTEXT(2) 
PARAMETRIC_REPRESENTATION_CONTEXT() REPRESENTATION_CONTEXT('2D SPACE',''
  ) );
#240 = ORIENTED_EDGE('',*,*,#241,.F.);
#241 = EDGE_CURVE('',#242,#219,#244,.T.);
#242 = VERTEX_POINT('',#243);
#243 = CARTESIAN_POINT('',(7.1,9.999999406318E-08,4.));
#244 = SURFACE_CURVE('',#245,(#249,#256),.PCURVE_S1.);
#245 = LINE('',#246,#247);
#246 = CARTESIAN_POINT('',(7.1,9.999999406318E-08,4.));
#247 = VECTOR('',#248,1.);
#248 = DIRECTION('',(0.,1.,0.));
#249 = PCURVE('',#100,#250);
#250 = DEFINITIONAL_REPRESENTATION('',(#251),#255);
#251 = LINE('',#252,#253);
#252 = CARTESIAN_POINT('',(6.5,-20.5));
#253 = VECTOR('',#254,1.);
#254 = DIRECTION('',(0.,1.));
#255 = ( GEOMETRIC_REPRESENTATION_CONTEXT(2) 
PARAMETRIC_REPRESENTATION_CONTEXT() REPRESENTATION_CONTEXT('2D SPACE',''
  ) );
#256 = PCURVE('',#257,#262);
#257 = PLANE('',#258);
#258 = AXIS2_PLACEMENT_3D('',#259,#260,#261);
#259 = CARTESIAN_POINT('',(4.1,9.999999406318E-08,4.));
#260 = DIRECTION('',(0.,0.,1.));
#261 = DIRECTION('',(1.,0.,0.));
#262 = DEFINITIONAL_REPRESENTATION('',(#263),#267);
#263 = LINE('',#264,#265);
#264 = CARTESIAN_POINT('',(3.,0.));
#265 = VECTOR('',#266,1.);
#266 = DIRECTION('',(0.,1.));
#267 = ( GEOMETRIC_REPRESENTATION_CONTEXT(2) 
PARAMETRIC_REPRESENTATION_CONTEXT() REPRESENTATION_CONTEXT('2D SPACE',''
  ) );
#268 = ORIENTED_EDGE('',*,*,#269,.F.);
#269 = EDGE_CURVE('',#270,#242,#272,.T.);
#270 = VERTEX_POINT('',#271);
#271 = CARTESIAN_POINT('',(7.1,9.999999406318E-08,0.));
#272 = SURFACE_CURVE('',#273,(#277,#284),.PCURVE_S1.);
#273 = LINE('',#274,#275);
#274 = CARTESIAN_POINT('',(7.1,9.999999406318E-08,0.));
#275 = VECTOR('',#276,1.);
#276 = DIRECTION('',(0.,0.,1.));
#277 = PCURVE('',#100,#278);
#278 = DEFINITIONAL_REPRESENTATION('',(#279),#283);
#279 = LINE('',#280,#281);
#280 = CARTESIAN_POINT('',(10.5,-20.5));
#281 = VECTOR('',#282,1.);
#282 = DIRECTION('',(-1.,0.));
#283 = ( GEOMETRIC_REPRESENTATION_CONTEXT(2) 
PARAMETRIC_REPRESENTATION_CONTEXT() REPRESENTATION_CONTEXT('2D SPACE',''
  ) );
#284 = PCURVE('',#285,#290);
#285 = PLANE('',#286);
#286 = AXIS2_PLACEMENT_3D('',#287,#288,#289);
#287 = CARTESIAN_POINT('',(4.1,9.999999406318E-08,0.));
#288 = DIRECTION('',(0.,1.,0.));
#289 = DIRECTION('',(0.,0.,1.));
#290 = DEFINITIONAL_REPRESENTATION('',(#291),#295);
#291 = LINE('',#292,#293);
#292 = CARTESIAN_POINT('',(0.,3.));
#293 = VECTOR('',#294,1.);
#294 = DIRECTION('',(1.,0.));
#295 = ( GEOMETRIC_REPRESENTATION_CONTEXT(2) 
PARAMETRIC_REPRESENTATION_CONTEXT() REPRESENTATION_CONTEXT('2D SPACE',''
  ) );
#296 = ORIENTED_EDGE('',*,*,#297,.T.);
#297 = EDGE_CURVE('',#270,#298,#300,.T.);
#298 = VERTEX_POINT('',#299);
#299 = CARTESIAN_POINT('',(7.1,20.5000001,0.));
#300 = SURFACE_CURVE('',#301,(#305,#312),.PCURVE_S1.);
#301 = LINE('',#302,#303);
#302 = CARTESIAN_POINT('',(7.1,9.999999406318E-08,0.));
#303 = VECTOR('',#304,1.);
#304 = DIRECTION('',(0.,1.,0.));
#305 = PCURVE('',#100,#306);
#306 = DEFINITIONAL_REPRESENTATION('',(#307),#311);
#307 = LINE('',#308,#309);
#308 = CARTESIAN_POINT('',(10.5,-20.5));
#309 = VECTOR('',#310,1.);
#310 = DIRECTION('',(0.,1.));
#311 = ( GEOMETRIC_REPRESENTATION_CONTEXT(2) 
PARAMETRIC_REPRESENTATION_CONTEXT() REPRESENTATION_CONTEXT('2D SPACE',''
  ) );
#312 = PCURVE('',#313,#318);
#313 = PLANE('',#314);
#314 = AXIS2_PLACEMENT_3D('',#315,#316,#317);
#315 = CARTESIAN_POINT('',(7.1,20.5000001,0.));
#316 = DIRECTION('',(-0.,-0.,-1.));
#317 = DIRECTION('',(-1.,0.,0.));
#318 = DEFINITIONAL_REPRESENTATION('',(#319),#323);
#319 = LINE('',#320,#321);
#320 = CARTESIAN_POINT('',(0.,-20.5));
#321 = VECTOR('',#322,1.);
#322 = DIRECTION('',(0.,1.));
#323 = ( GEOMETRIC_REPRESENTATION_CONTEXT(2) 
PARAMETRIC_REPRESENTATION_CONTEXT() REPRESENTATION_CONTEXT('2D SPACE',''
  ) );
#324 = ORIENTED_EDGE('',*,*,#325,.T.);
#325 = EDGE_CURVE('',#298,#85,#326,.T.);
#326 = SURFACE_CURVE('',#327,(#331,#338),.PCURVE_S1.);
#327 = LINE('',#328,#329);
#328 = CARTESIAN_POINT('',(7.1,20.5000001,0.));
#329 = VECTOR('',#330,1.);
#330 = DIRECTION('',(0.,0.,1.));
#331 = PCURVE('',#100,#332);
#332 = DEFINITIONAL_REPRESENTATION('',(#333),#337);
#333 = LINE('',#334,#335);
#334 = CARTESIAN_POINT('',(10.5,0.));
#335 = VECTOR('',#336,1.);
#336 = DIRECTION('',(-1.,0.));
#337 = ( GEOMETRIC_REPRESENTATION_CONTEXT(2) 
PARAMETRIC_REPRESENTATION_CONTEXT() REPRESENTATION_CONTEXT('2D SPACE',''
  ) );
#338 = PCURVE('',#126,#339);
#339 = DEFINITIONAL_REPRESENTATION('',(#340),#344);
#340 = LINE('',#341,#342);
#341 = CARTESIAN_POINT('',(-5.706389329911,3.156408165841));
#342 = VECTOR('',#343,1.);
#343 = DIRECTION('',(1.,0.));
#344 = ( GEOMETRIC_REPRESENTATION_CONTEXT(2) 
PARAMETRIC_REPRESENTATION_CONTEXT() REPRESENTATION_CONTEXT('2D SPACE',''
  ) );
#345 = ADVANCED_FACE('',(#346),#126,.T.);
#346 = FACE_BOUND('',#347,.T.);
#347 = EDGE_LOOP('',(#348,#349,#350,#351,#374,#402,#430,#458));
#348 = ORIENTED_EDGE('',*,*,#193,.T.);
#349 = ORIENTED_EDGE('',*,*,#112,.T.);
#350 = ORIENTED_EDGE('',*,*,#325,.F.);
#351 = ORIENTED_EDGE('',*,*,#352,.T.);
#352 = EDGE_CURVE('',#298,#353,#355,.T.);
#353 = VERTEX_POINT('',#354);
#354 = CARTESIAN_POINT('',(4.1,20.5000001,0.));
#355 = SURFACE_CURVE('',#356,(#360,#367),.PCURVE_S1.);
#356 = LINE('',#357,#358);
#357 = CARTESIAN_POINT('',(7.1,20.5000001,0.));
#358 = VECTOR('',#359,1.);
#359 = DIRECTION('',(-1.,0.,0.));
#360 = PCURVE('',#126,#361);
#361 = DEFINITIONAL_REPRESENTATION('',(#362),#366);
#362 = LINE('',#363,#364);
#363 = CARTESIAN_POINT('',(-5.706389329911,3.156408165841));
#364 = VECTOR('',#365,1.);
#365 = DIRECTION('',(0.,-1.));
#366 = ( GEOMETRIC_REPRESENTATION_CONTEXT(2) 
PARAMETRIC_REPRESENTATION_CONTEXT() REPRESENTATION_CONTEXT('2D SPACE',''
  ) );
#367 = PCURVE('',#313,#368);
#368 = DEFINITIONAL_REPRESENTATION('',(#369),#373);
#369 = LINE('',#370,#371);
#370 = CARTESIAN_POINT('',(0.,0.));
#371 = VECTOR('',#372,1.);
#372 = DIRECTION('',(1.,0.));
#373 = ( GEOMETRIC_REPRESENTATION_CONTEXT(2) 
PARAMETRIC_REPRESENTATION_CONTEXT() REPRESENTATION_CONTEXT('2D SPACE',''
  ) );
#374 = ORIENTED_EDGE('',*,*,#375,.T.);
#375 = EDGE_CURVE('',#353,#376,#378,.T.);
#376 = VERTEX_POINT('',#377);
#377 = CARTESIAN_POINT('',(2.7,20.5000001,1.4));
#378 = SURFACE_CURVE('',#379,(#383,#390),.PCURVE_S1.);
#379 = LINE('',#380,#381);
#380 = CARTESIAN_POINT('',(4.1,20.5000001,0.));
#381 = VECTOR('',#382,1.);
#382 = DIRECTION('',(-0.707106781187,0.,0.707106781187));
#383 = PCURVE('',#126,#384);
#384 = DEFINITIONAL_REPRESENTATION('',(#385),#389);
#385 = LINE('',#386,#387);
#386 = CARTESIAN_POINT('',(-5.706389329911,0.156408165841));
#387 = VECTOR('',#388,1.);
#388 = DIRECTION('',(0.707106781187,-0.707106781187));
#389 = ( GEOMETRIC_REPRESENTATION_CONTEXT(2) 
PARAMETRIC_REPRESENTATION_CONTEXT() REPRESENTATION_CONTEXT('2D SPACE',''
  ) );
#390 = PCURVE('',#391,#396);
#391 = PLANE('',#392);
#392 = AXIS2_PLACEMENT_3D('',#393,#394,#395);
#393 = CARTESIAN_POINT('',(4.1,20.5000001,0.));
#394 = DIRECTION('',(-0.707106781187,-0.,-0.707106781187));
#395 = DIRECTION('',(-0.707106781187,0.,0.707106781187));
#396 = DEFINITIONAL_REPRESENTATION('',(#397),#401);
#397 = LINE('',#398,#399);
#398 = CARTESIAN_POINT('',(0.,0.));
#399 = VECTOR('',#400,1.);
#400 = DIRECTION('',(1.,0.));
#401 = ( GEOMETRIC_REPRESENTATION_CONTEXT(2) 
PARAMETRIC_REPRESENTATION_CONTEXT() REPRESENTATION_CONTEXT('2D SPACE',''
  ) );
#402 = ORIENTED_EDGE('',*,*,#403,.T.);
#403 = EDGE_CURVE('',#376,#404,#406,.T.);
#404 = VERTEX_POINT('',#405);
#405 = CARTESIAN_POINT('',(2.,20.5000001,1.4));
#406 = SURFACE_CURVE('',#407,(#411,#418),.PCURVE_S1.);
#407 = LINE('',#408,#409);
#408 = CARTESIAN_POINT('',(2.7,20.5000001,1.4));
#409 = VECTOR('',#410,1.);
#410 = DIRECTION('',(-1.,0.,0.));
#411 = PCURVE('',#126,#412);
#412 = DEFINITIONAL_REPRESENTATION('',(#413),#417);
#413 = LINE('',#414,#415);
#414 = CARTESIAN_POINT('',(-4.306389329911,-1.243591834159));
#415 = VECTOR('',#416,1.);
#416 = DIRECTION('',(0.,-1.));
#417 = ( GEOMETRIC_REPRESENTATION_CONTEXT(2) 
PARAMETRIC_REPRESENTATION_CONTEXT() REPRESENTATION_CONTEXT('2D SPACE',''
  ) );
#418 = PCURVE('',#419,#424);
#419 = PLANE('',#420);
#420 = AXIS2_PLACEMENT_3D('',#421,#422,#423);
#421 = CARTESIAN_POINT('',(2.7,20.5000001,1.4));
#422 = DIRECTION('',(-0.,-0.,-1.));
#423 = DIRECTION('',(-1.,0.,0.));
#424 = DEFINITIONAL_REPRESENTATION('',(#425),#429);
#425 = LINE('',#426,#427);
#426 = CARTESIAN_POINT('',(0.,0.));
#427 = VECTOR('',#428,1.);
#428 = DIRECTION('',(1.,0.));
#429 = ( GEOMETRIC_REPRESENTATION_CONTEXT(2) 
PARAMETRIC_REPRESENTATION_CONTEXT() REPRESENTATION_CONTEXT('2D SPACE',''
  ) );
#430 = ORIENTED_EDGE('',*,*,#431,.T.);
#431 = EDGE_CURVE('',#404,#432,#434,.T.);
#432 = VERTEX_POINT('',#433);
#433 = CARTESIAN_POINT('',(2.,20.5000001,3.));
#434 = SURFACE_CURVE('',#435,(#439,#446),.PCURVE_S1.);
#435 = LINE('',#436,#437);
#436 = CARTESIAN_POINT('',(2.,20.5000001,1.4));
#437 = VECTOR('',#438,1.);
#438 = DIRECTION('',(0.,0.,1.));
#439 = PCURVE('',#126,#440);
#440 = DEFINITIONAL_REPRESENTATION('',(#441),#445);
#441 = LINE('',#442,#443);
#442 = CARTESIAN_POINT('',(-4.306389329911,-1.943591834159));
#443 = VECTOR('',#444,1.);
#444 = DIRECTION('',(1.,0.));
#445 = ( GEOMETRIC_REPRESENTATION_CONTEXT(2) 
PARAMETRIC_REPRESENTATION_CONTEXT() REPRESENTATION_CONTEXT('2D SPACE',''
  ) );
#446 = PCURVE('',#447,#452);
#447 = PLANE('',#448);
#448 = AXIS2_PLACEMENT_3D('',#449,#450,#451);
#449 = CARTESIAN_POINT('',(2.,20.5000001,1.4));
#450 = DIRECTION('',(-1.,0.,0.));
#451 = DIRECTION('',(0.,0.,1.));
#452 = DEFINITIONAL_REPRESENTATION('',(#453),#457);
#453 = LINE('',#454,#455);
#454 = CARTESIAN_POINT('',(0.,0.));
#455 = VECTOR('',#456,1.);
#456 = DIRECTION('',(1.,0.));
#457 = ( GEOMETRIC_REPRESENTATION_CONTEXT(2) 
PARAMETRIC_REPRESENTATION_CONTEXT() REPRESENTATION_CONTEXT('2D SPACE',''
  ) );
#458 = ORIENTED_EDGE('',*,*,#459,.T.);
#459 = EDGE_CURVE('',#432,#142,#460,.T.);
#460 = SURFACE_CURVE('',#461,(#465,#472),.PCURVE_S1.);
#461 = LINE('',#462,#463);
#462 = CARTESIAN_POINT('',(2.,20.5000001,3.));
#463 = VECTOR('',#464,1.);
#464 = DIRECTION('',(-0.707106781187,0.,0.707106781187));
#465 = PCURVE('',#126,#466);
#466 = DEFINITIONAL_REPRESENTATION('',(#467),#471);
#467 = LINE('',#468,#469);
#468 = CARTESIAN_POINT('',(-2.706389329911,-1.943591834159));
#469 = VECTOR('',#470,1.);
#470 = DIRECTION('',(0.707106781187,-0.707106781187));
#471 = ( GEOMETRIC_REPRESENTATION_CONTEXT(2) 
PARAMETRIC_REPRESENTATION_CONTEXT() REPRESENTATION_CONTEXT('2D SPACE',''
  ) );
#472 = PCURVE('',#159,#473);
#473 = DEFINITIONAL_REPRESENTATION('',(#474),#478);
#474 = LINE('',#475,#476);
#475 = CARTESIAN_POINT('',(0.,0.));
#476 = VECTOR('',#477,1.);
#477 = DIRECTION('',(1.,0.));
#478 = ( GEOMETRIC_REPRESENTATION_CONTEXT(2) 
PARAMETRIC_REPRESENTATION_CONTEXT() REPRESENTATION_CONTEXT('2D SPACE',''
  ) );
#479 = ADVANCED_FACE('',(#480),#72,.F.);
#480 = FACE_BOUND('',#481,.F.);
#481 = EDGE_LOOP('',(#482,#483,#484,#485,#508,#536,#559,#587,#615));
#482 = ORIENTED_EDGE('',*,*,#171,.T.);
#483 = ORIENTED_EDGE('',*,*,#56,.T.);
#484 = ORIENTED_EDGE('',*,*,#218,.T.);
#485 = ORIENTED_EDGE('',*,*,#486,.F.);
#486 = EDGE_CURVE('',#487,#219,#489,.T.);
#487 = VERTEX_POINT('',#488);
#488 = CARTESIAN_POINT('',(4.1,11.5000001,4.));
#489 = SURFACE_CURVE('',#490,(#494,#501),.PCURVE_S1.);
#490 = LINE('',#491,#492);
#491 = CARTESIAN_POINT('',(4.021795917079,11.5000001,4.));
#492 = VECTOR('',#493,1.);
#493 = DIRECTION('',(1.,0.,0.));
#494 = PCURVE('',#72,#495);
#495 = DEFINITIONAL_REPRESENTATION('',(#496),#500);
#496 = LINE('',#497,#498);
#497 = CARTESIAN_POINT('',(-1.706389329911,7.820408292051E-02));
#498 = VECTOR('',#499,1.);
#499 = DIRECTION('',(0.,1.));
#500 = ( GEOMETRIC_REPRESENTATION_CONTEXT(2) 
PARAMETRIC_REPRESENTATION_CONTEXT() REPRESENTATION_CONTEXT('2D SPACE',''
  ) );
#501 = PCURVE('',#257,#502);
#502 = DEFINITIONAL_REPRESENTATION('',(#503),#507);
#503 = LINE('',#504,#505);
#504 = CARTESIAN_POINT('',(-7.820408292052E-02,11.5));
#505 = VECTOR('',#506,1.);
#506 = DIRECTION('',(1.,0.));
#507 = ( GEOMETRIC_REPRESENTATION_CONTEXT(2) 
PARAMETRIC_REPRESENTATION_CONTEXT() REPRESENTATION_CONTEXT('2D SPACE',''
  ) );
#508 = ORIENTED_EDGE('',*,*,#509,.T.);
#509 = EDGE_CURVE('',#487,#510,#512,.T.);
#510 = VERTEX_POINT('',#511);
#511 = CARTESIAN_POINT('',(4.1,11.5000001,0.));
#512 = SURFACE_CURVE('',#513,(#517,#524),.PCURVE_S1.);
#513 = LINE('',#514,#515);
#514 = CARTESIAN_POINT('',(4.1,11.5000001,2.853194664955));
#515 = VECTOR('',#516,1.);
#516 = DIRECTION('',(0.,0.,-1.));
#517 = PCURVE('',#72,#518);
#518 = DEFINITIONAL_REPRESENTATION('',(#519),#523);
#519 = LINE('',#520,#521);
#520 = CARTESIAN_POINT('',(-2.853194664955,0.156408165841));
#521 = VECTOR('',#522,1.);
#522 = DIRECTION('',(-1.,0.));
#523 = ( GEOMETRIC_REPRESENTATION_CONTEXT(2) 
PARAMETRIC_REPRESENTATION_CONTEXT() REPRESENTATION_CONTEXT('2D SPACE',''
  ) );
#524 = PCURVE('',#525,#530);
#525 = PLANE('',#526);
#526 = AXIS2_PLACEMENT_3D('',#527,#528,#529);
#527 = CARTESIAN_POINT('',(4.1,9.999999406318E-08,0.));
#528 = DIRECTION('',(1.,0.,0.));
#529 = DIRECTION('',(0.,0.,1.));
#530 = DEFINITIONAL_REPRESENTATION('',(#531),#535);
#531 = LINE('',#532,#533);
#532 = CARTESIAN_POINT('',(2.853194664955,-11.5));
#533 = VECTOR('',#534,1.);
#534 = DIRECTION('',(-1.,0.));
#535 = ( GEOMETRIC_REPRESENTATION_CONTEXT(2) 
PARAMETRIC_REPRESENTATION_CONTEXT() REPRESENTATION_CONTEXT('2D SPACE',''
  ) );
#536 = ORIENTED_EDGE('',*,*,#537,.T.);
#537 = EDGE_CURVE('',#510,#538,#540,.T.);
#538 = VERTEX_POINT('',#539);
#539 = CARTESIAN_POINT('',(2.7,11.5000001,1.4));
#540 = SURFACE_CURVE('',#541,(#545,#552),.PCURVE_S1.);
#541 = LINE('',#542,#543);
#542 = CARTESIAN_POINT('',(4.1,11.5000001,0.));
#543 = VECTOR('',#544,1.);
#544 = DIRECTION('',(-0.707106781187,0.,0.707106781187));
#545 = PCURVE('',#72,#546);
#546 = DEFINITIONAL_REPRESENTATION('',(#547),#551);
#547 = LINE('',#548,#549);
#548 = CARTESIAN_POINT('',(-5.706389329911,0.156408165841));
#549 = VECTOR('',#550,1.);
#550 = DIRECTION('',(0.707106781187,-0.707106781187));
#551 = ( GEOMETRIC_REPRESENTATION_CONTEXT(2) 
PARAMETRIC_REPRESENTATION_CONTEXT() REPRESENTATION_CONTEXT('2D SPACE',''
  ) );
#552 = PCURVE('',#391,#553);
#553 = DEFINITIONAL_REPRESENTATION('',(#554),#558);
#554 = LINE('',#555,#556);
#555 = CARTESIAN_POINT('',(0.,-9.));
#556 = VECTOR('',#557,1.);
#557 = DIRECTION('',(1.,0.));
#558 = ( GEOMETRIC_REPRESENTATION_CONTEXT(2) 
PARAMETRIC_REPRESENTATION_CONTEXT() REPRESENTATION_CONTEXT('2D SPACE',''
  ) );
#559 = ORIENTED_EDGE('',*,*,#560,.T.);
#560 = EDGE_CURVE('',#538,#561,#563,.T.);
#561 = VERTEX_POINT('',#562);
#562 = CARTESIAN_POINT('',(2.,11.5000001,1.4));
#563 = SURFACE_CURVE('',#564,(#568,#575),.PCURVE_S1.);
#564 = LINE('',#565,#566);
#565 = CARTESIAN_POINT('',(2.7,11.5000001,1.4));
#566 = VECTOR('',#567,1.);
#567 = DIRECTION('',(-1.,0.,0.));
#568 = PCURVE('',#72,#569);
#569 = DEFINITIONAL_REPRESENTATION('',(#570),#574);
#570 = LINE('',#571,#572);
#571 = CARTESIAN_POINT('',(-4.306389329911,-1.243591834159));
#572 = VECTOR('',#573,1.);
#573 = DIRECTION('',(0.,-1.));
#574 = ( GEOMETRIC_REPRESENTATION_CONTEXT(2) 
PARAMETRIC_REPRESENTATION_CONTEXT() REPRESENTATION_CONTEXT('2D SPACE',''
  ) );
#575 = PCURVE('',#576,#581);
#576 = PLANE('',#577);
#577 = AXIS2_PLACEMENT_3D('',#578,#579,#580);
#578 = CARTESIAN_POINT('',(2.7,20.5000001,1.4));
#579 = DIRECTION('',(-0.,-0.,-1.));
#580 = DIRECTION('',(-1.,0.,0.));
#581 = DEFINITIONAL_REPRESENTATION('',(#582),#586);
#582 = LINE('',#583,#584);
#583 = CARTESIAN_POINT('',(0.,-9.));
#584 = VECTOR('',#585,1.);
#585 = DIRECTION('',(1.,0.));
#586 = ( GEOMETRIC_REPRESENTATION_CONTEXT(2) 
PARAMETRIC_REPRESENTATION_CONTEXT() REPRESENTATION_CONTEXT('2D SPACE',''
  ) );
#587 = ORIENTED_EDGE('',*,*,#588,.T.);
#588 = EDGE_CURVE('',#561,#589,#591,.T.);
#589 = VERTEX_POINT('',#590);
#590 = CARTESIAN_POINT('',(2.,11.5000001,3.));
#591 = SURFACE_CURVE('',#592,(#596,#603),.PCURVE_S1.);
#592 = LINE('',#593,#594);
#593 = CARTESIAN_POINT('',(2.,11.5000001,1.4));
#594 = VECTOR('',#595,1.);
#595 = DIRECTION('',(0.,0.,1.));
#596 = PCURVE('',#72,#597);
#597 = DEFINITIONAL_REPRESENTATION('',(#598),#602);
#598 = LINE('',#599,#600);
#599 = CARTESIAN_POINT('',(-4.306389329911,-1.943591834159));
#600 = VECTOR('',#601,1.);
#601 = DIRECTION('',(1.,0.));
#602 = ( GEOMETRIC_REPRESENTATION_CONTEXT(2) 
PARAMETRIC_REPRESENTATION_CONTEXT() REPRESENTATION_CONTEXT('2D SPACE',''
  ) );
#603 = PCURVE('',#604,#609);
#604 = PLANE('',#605);
#605 = AXIS2_PLACEMENT_3D('',#606,#607,#608);
#606 = CARTESIAN_POINT('',(2.,20.5000001,1.4));
#607 = DIRECTION('',(-1.,0.,0.));
#608 = DIRECTION('',(0.,0.,1.));
#609 = DEFINITIONAL_REPRESENTATION('',(#610),#614);
#610 = LINE('',#611,#612);
#611 = CARTESIAN_POINT('',(0.,-9.));
#612 = VECTOR('',#613,1.);
#613 = DIRECTION('',(1.,0.));
#614 = ( GEOMETRIC_REPRESENTATION_CONTEXT(2) 
PARAMETRIC_REPRESENTATION_CONTEXT() REPRESENTATION_CONTEXT('2D SPACE',''
  ) );
#615 = ORIENTED_EDGE('',*,*,#616,.T.);
#616 = EDGE_CURVE('',#589,#144,#617,.T.);
#617 = SURFACE_CURVE('',#618,(#622,#629),.PCURVE_S1.);
#618 = LINE('',#619,#620);
#619 = CARTESIAN_POINT('',(2.,11.5000001,3.));
#620 = VECTOR('',#621,1.);
#621 = DIRECTION('',(-0.707106781187,0.,0.707106781187));
#622 = PCURVE('',#72,#623);
#623 = DEFINITIONAL_REPRESENTATION('',(#624),#628);
#624 = LINE('',#625,#626);
#625 = CARTESIAN_POINT('',(-2.706389329911,-1.943591834159));
#626 = VECTOR('',#627,1.);
#627 = DIRECTION('',(0.707106781187,-0.707106781187));
#628 = ( GEOMETRIC_REPRESENTATION_CONTEXT(2) 
PARAMETRIC_REPRESENTATION_CONTEXT() REPRESENTATION_CONTEXT('2D SPACE',''
  ) );
#629 = PCURVE('',#159,#630);
#630 = DEFINITIONAL_REPRESENTATION('',(#631),#635);
#631 = LINE('',#632,#633);
#632 = CARTESIAN_POINT('',(0.,-9.));
#633 = VECTOR('',#634,1.);
#634 = DIRECTION('',(1.,0.));
#635 = ( GEOMETRIC_REPRESENTATION_CONTEXT(2) 
PARAMETRIC_REPRESENTATION_CONTEXT() REPRESENTATION_CONTEXT('2D SPACE',''
  ) );
#636 = ADVANCED_FACE('',(#637),#159,.T.);
#637 = FACE_BOUND('',#638,.T.);
#638 = EDGE_LOOP('',(#639,#662,#690,#711,#712,#713));
#639 = ORIENTED_EDGE('',*,*,#640,.T.);
#640 = EDGE_CURVE('',#432,#641,#643,.T.);
#641 = VERTEX_POINT('',#642);
#642 = CARTESIAN_POINT('',(2.,18.5500001,3.));
#643 = SURFACE_CURVE('',#644,(#648,#655),.PCURVE_S1.);
#644 = LINE('',#645,#646);
#645 = CARTESIAN_POINT('',(2.,20.5000001,3.));
#646 = VECTOR('',#647,1.);
#647 = DIRECTION('',(0.,-1.,0.));
#648 = PCURVE('',#159,#649);
#649 = DEFINITIONAL_REPRESENTATION('',(#650),#654);
#650 = LINE('',#651,#652);
#651 = CARTESIAN_POINT('',(0.,0.));
#652 = VECTOR('',#653,1.);
#653 = DIRECTION('',(0.,-1.));
#654 = ( GEOMETRIC_REPRESENTATION_CONTEXT(2) 
PARAMETRIC_REPRESENTATION_CONTEXT() REPRESENTATION_CONTEXT('2D SPACE',''
  ) );
#655 = PCURVE('',#447,#656);
#656 = DEFINITIONAL_REPRESENTATION('',(#657),#661);
#657 = LINE('',#658,#659);
#658 = CARTESIAN_POINT('',(1.6,0.));
#659 = VECTOR('',#660,1.);
#660 = DIRECTION('',(0.,-1.));
#661 = ( GEOMETRIC_REPRESENTATION_CONTEXT(2) 
PARAMETRIC_REPRESENTATION_CONTEXT() REPRESENTATION_CONTEXT('2D SPACE',''
  ) );
#662 = ORIENTED_EDGE('',*,*,#663,.T.);
#663 = EDGE_CURVE('',#641,#664,#666,.T.);
#664 = VERTEX_POINT('',#665);
#665 = CARTESIAN_POINT('',(2.,12.4500001,3.));
#666 = SURFACE_CURVE('',#667,(#671,#678),.PCURVE_S1.);
#667 = LINE('',#668,#669);
#668 = CARTESIAN_POINT('',(2.,20.5000001,3.));
#669 = VECTOR('',#670,1.);
#670 = DIRECTION('',(0.,-1.,0.));
#671 = PCURVE('',#159,#672);
#672 = DEFINITIONAL_REPRESENTATION('',(#673),#677);
#673 = LINE('',#674,#675);
#674 = CARTESIAN_POINT('',(0.,0.));
#675 = VECTOR('',#676,1.);
#676 = DIRECTION('',(0.,-1.));
#677 = ( GEOMETRIC_REPRESENTATION_CONTEXT(2) 
PARAMETRIC_REPRESENTATION_CONTEXT() REPRESENTATION_CONTEXT('2D SPACE',''
  ) );
#678 = PCURVE('',#679,#684);
#679 = PLANE('',#680);
#680 = AXIS2_PLACEMENT_3D('',#681,#682,#683);
#681 = CARTESIAN_POINT('',(2.,12.4500001,-1.));
#682 = DIRECTION('',(1.,0.,0.));
#683 = DIRECTION('',(0.,0.,1.));
#684 = DEFINITIONAL_REPRESENTATION('',(#685),#689);
#685 = LINE('',#686,#687);
#686 = CARTESIAN_POINT('',(4.,-8.05));
#687 = VECTOR('',#688,1.);
#688 = DIRECTION('',(0.,1.));
#689 = ( GEOMETRIC_REPRESENTATION_CONTEXT(2) 
PARAMETRIC_REPRESENTATION_CONTEXT() REPRESENTATION_CONTEXT('2D SPACE',''
  ) );
#690 = ORIENTED_EDGE('',*,*,#691,.T.);
#691 = EDGE_CURVE('',#664,#589,#692,.T.);
#692 = SURFACE_CURVE('',#693,(#697,#704),.PCURVE_S1.);
#693 = LINE('',#694,#695);
#694 = CARTESIAN_POINT('',(2.,20.5000001,3.));
#695 = VECTOR('',#696,1.);
#696 = DIRECTION('',(0.,-1.,0.));
#697 = PCURVE('',#159,#698);
#698 = DEFINITIONAL_REPRESENTATION('',(#699),#703);
#699 = LINE('',#700,#701);
#700 = CARTESIAN_POINT('',(0.,0.));
#701 = VECTOR('',#702,1.);
#702 = DIRECTION('',(0.,-1.));
#703 = ( GEOMETRIC_REPRESENTATION_CONTEXT(2) 
PARAMETRIC_REPRESENTATION_CONTEXT() REPRESENTATION_CONTEXT('2D SPACE',''
  ) );
#704 = PCURVE('',#604,#705);
#705 = DEFINITIONAL_REPRESENTATION('',(#706),#710);
#706 = LINE('',#707,#708);
#707 = CARTESIAN_POINT('',(1.6,0.));
#708 = VECTOR('',#709,1.);
#709 = DIRECTION('',(0.,-1.));
#710 = ( GEOMETRIC_REPRESENTATION_CONTEXT(2) 
PARAMETRIC_REPRESENTATION_CONTEXT() REPRESENTATION_CONTEXT('2D SPACE',''
  ) );
#711 = ORIENTED_EDGE('',*,*,#616,.T.);
#712 = ORIENTED_EDGE('',*,*,#141,.F.);
#713 = ORIENTED_EDGE('',*,*,#459,.F.);
#714 = ADVANCED_FACE('',(#715,#763,#798),#257,.T.);
#715 = FACE_BOUND('',#716,.T.);
#716 = EDGE_LOOP('',(#717,#740,#761,#762));
#717 = ORIENTED_EDGE('',*,*,#718,.F.);
#718 = EDGE_CURVE('',#719,#487,#721,.T.);
#719 = VERTEX_POINT('',#720);
#720 = CARTESIAN_POINT('',(4.1,9.999999406318E-08,4.));
#721 = SURFACE_CURVE('',#722,(#726,#733),.PCURVE_S1.);
#722 = LINE('',#723,#724);
#723 = CARTESIAN_POINT('',(4.1,9.999999406318E-08,4.));
#724 = VECTOR('',#725,1.);
#725 = DIRECTION('',(0.,1.,0.));
#726 = PCURVE('',#257,#727);
#727 = DEFINITIONAL_REPRESENTATION('',(#728),#732);
#728 = LINE('',#729,#730);
#729 = CARTESIAN_POINT('',(0.,0.));
#730 = VECTOR('',#731,1.);
#731 = DIRECTION('',(0.,1.));
#732 = ( GEOMETRIC_REPRESENTATION_CONTEXT(2) 
PARAMETRIC_REPRESENTATION_CONTEXT() REPRESENTATION_CONTEXT('2D SPACE',''
  ) );
#733 = PCURVE('',#525,#734);
#734 = DEFINITIONAL_REPRESENTATION('',(#735),#739);
#735 = LINE('',#736,#737);
#736 = CARTESIAN_POINT('',(4.,0.));
#737 = VECTOR('',#738,1.);
#738 = DIRECTION('',(0.,-1.));
#739 = ( GEOMETRIC_REPRESENTATION_CONTEXT(2) 
PARAMETRIC_REPRESENTATION_CONTEXT() REPRESENTATION_CONTEXT('2D SPACE',''
  ) );
#740 = ORIENTED_EDGE('',*,*,#741,.T.);
#741 = EDGE_CURVE('',#719,#242,#742,.T.);
#742 = SURFACE_CURVE('',#743,(#747,#754),.PCURVE_S1.);
#743 = LINE('',#744,#745);
#744 = CARTESIAN_POINT('',(4.1,9.999999406318E-08,4.));
#745 = VECTOR('',#746,1.);
#746 = DIRECTION('',(1.,0.,0.));
#747 = PCURVE('',#257,#748);
#748 = DEFINITIONAL_REPRESENTATION('',(#749),#753);
#749 = LINE('',#750,#751);
#750 = CARTESIAN_POINT('',(0.,0.));
#751 = VECTOR('',#752,1.);
#752 = DIRECTION('',(1.,0.));
#753 = ( GEOMETRIC_REPRESENTATION_CONTEXT(2) 
PARAMETRIC_REPRESENTATION_CONTEXT() REPRESENTATION_CONTEXT('2D SPACE',''
  ) );
#754 = PCURVE('',#285,#755);
#755 = DEFINITIONAL_REPRESENTATION('',(#756),#760);
#756 = LINE('',#757,#758);
#757 = CARTESIAN_POINT('',(4.,0.));
#758 = VECTOR('',#759,1.);
#759 = DIRECTION('',(0.,1.));
#760 = ( GEOMETRIC_REPRESENTATION_CONTEXT(2) 
PARAMETRIC_REPRESENTATION_CONTEXT() REPRESENTATION_CONTEXT('2D SPACE',''
  ) );
#761 = ORIENTED_EDGE('',*,*,#241,.T.);
#762 = ORIENTED_EDGE('',*,*,#486,.F.);
#763 = FACE_BOUND('',#764,.T.);
#764 = EDGE_LOOP('',(#765));
#765 = ORIENTED_EDGE('',*,*,#766,.T.);
#766 = EDGE_CURVE('',#767,#767,#769,.T.);
#767 = VERTEX_POINT('',#768);
#768 = CARTESIAN_POINT('',(6.15,1.7500001,4.));
#769 = SURFACE_CURVE('',#770,(#775,#786),.PCURVE_S1.);
#770 = CIRCLE('',#771,0.55);
#771 = AXIS2_PLACEMENT_3D('',#772,#773,#774);
#772 = CARTESIAN_POINT('',(5.6,1.7500001,4.));
#773 = DIRECTION('',(0.,0.,-1.));
#774 = DIRECTION('',(1.,0.,0.));
#775 = PCURVE('',#257,#776);
#776 = DEFINITIONAL_REPRESENTATION('',(#777),#785);
#777 = ( BOUNDED_CURVE() B_SPLINE_CURVE(2,(#778,#779,#780,#781,#782,#783
,#784),.UNSPECIFIED.,.T.,.F.) B_SPLINE_CURVE_WITH_KNOTS((1,2,2,2,2,1),(
    -2.094395102393,0.,2.094395102393,4.188790204786,6.28318530718,
8.377580409573),.UNSPECIFIED.) CURVE() GEOMETRIC_REPRESENTATION_ITEM() 
RATIONAL_B_SPLINE_CURVE((1.,0.5,1.,0.5,1.,0.5,1.)) REPRESENTATION_ITEM(
  '') );
#778 = CARTESIAN_POINT('',(2.05,1.75));
#779 = CARTESIAN_POINT('',(2.05,0.797372055837));
#780 = CARTESIAN_POINT('',(1.225,1.273686027919));
#781 = CARTESIAN_POINT('',(0.4,1.75));
#782 = CARTESIAN_POINT('',(1.225,2.226313972081));
#783 = CARTESIAN_POINT('',(2.05,2.702627944163));
#784 = CARTESIAN_POINT('',(2.05,1.75));
#785 = ( GEOMETRIC_REPRESENTATION_CONTEXT(2) 
PARAMETRIC_REPRESENTATION_CONTEXT() REPRESENTATION_CONTEXT('2D SPACE',''
  ) );
#786 = PCURVE('',#787,#792);
#787 = CYLINDRICAL_SURFACE('',#788,0.55);
#788 = AXIS2_PLACEMENT_3D('',#789,#790,#791);
#789 = CARTESIAN_POINT('',(5.6,1.7500001,-0.5));
#790 = DIRECTION('',(-0.,-0.,-1.));
#791 = DIRECTION('',(1.,0.,0.));
#792 = DEFINITIONAL_REPRESENTATION('',(#793),#797);
#793 = LINE('',#794,#795);
#794 = CARTESIAN_POINT('',(-6.28318530718,-4.5));
#795 = VECTOR('',#796,1.);
#796 = DIRECTION('',(1.,-0.));
#797 = ( GEOMETRIC_REPRESENTATION_CONTEXT(2) 
PARAMETRIC_REPRESENTATION_CONTEXT() REPRESENTATION_CONTEXT('2D SPACE',''
  ) );
#798 = FACE_BOUND('',#799,.T.);
#799 = EDGE_LOOP('',(#800,#838,#874,#910,#946,#982,#1018,#1054,#1099,
    #1127,#1155,#1194,#1222,#1261,#1300,#1328,#1356,#1384,#1412,#1440,
    #1491,#1542,#1581));
#800 = ORIENTED_EDGE('',*,*,#801,.F.);
#801 = EDGE_CURVE('',#802,#804,#806,.T.);
#802 = VERTEX_POINT('',#803);
#803 = CARTESIAN_POINT('',(6.266000976562,6.731000923975,4.));
#804 = VERTEX_POINT('',#805);
#805 = CARTESIAN_POINT('',(6.105502929687,6.829999947412,4.));
#806 = SURFACE_CURVE('',#807,(#813,#822),.PCURVE_S1.);
#807 = B_SPLINE_CURVE_WITH_KNOTS('',4,(#808,#809,#810,#811,#812),
  .UNSPECIFIED.,.F.,.F.,(5,5),(0.,1.),.PIECEWISE_BEZIER_KNOTS.);
#808 = CARTESIAN_POINT('',(6.266000976562,6.731000923975,4.));
#809 = CARTESIAN_POINT('',(6.233651095559,6.759586855917,4.));
#810 = CARTESIAN_POINT('',(6.196069261144,6.78561453426,4.));
#811 = CARTESIAN_POINT('',(6.153317718364,6.809079153302,4.));
#812 = CARTESIAN_POINT('',(6.105502929687,6.829999947412,4.));
#813 = PCURVE('',#257,#814);
#814 = DEFINITIONAL_REPRESENTATION('',(#815),#821);
#815 = B_SPLINE_CURVE_WITH_KNOTS('',4,(#816,#817,#818,#819,#820),
  .UNSPECIFIED.,.F.,.F.,(5,5),(0.,1.),.PIECEWISE_BEZIER_KNOTS.);
#816 = CARTESIAN_POINT('',(2.166000976563,6.731000823975));
#817 = CARTESIAN_POINT('',(2.133651095559,6.759586755917));
#818 = CARTESIAN_POINT('',(2.096069261144,6.78561443426));
#819 = CARTESIAN_POINT('',(2.053317718364,6.809079053302));
#820 = CARTESIAN_POINT('',(2.005502929687,6.829999847412));
#821 = ( GEOMETRIC_REPRESENTATION_CONTEXT(2) 
PARAMETRIC_REPRESENTATION_CONTEXT() REPRESENTATION_CONTEXT('2D SPACE',''
  ) );
#822 = PCURVE('',#823,#830);
#823 = SURFACE_OF_LINEAR_EXTRUSION('',#824,#828);
#824 = B_SPLINE_CURVE_WITH_KNOTS('',2,(#825,#826,#827),.UNSPECIFIED.,.F.
  ,.F.,(3,3),(0.,1.),.PIECEWISE_BEZIER_KNOTS.);
#825 = CARTESIAN_POINT('',(6.105502929687,6.829999947412,3.6));
#826 = CARTESIAN_POINT('',(6.201499023437,6.787997994287,3.6));
#827 = CARTESIAN_POINT('',(6.266000976562,6.731000923975,3.6));
#828 = VECTOR('',#829,1.);
#829 = DIRECTION('',(-0.,-0.,-1.));
#830 = DEFINITIONAL_REPRESENTATION('',(#831),#837);
#831 = B_SPLINE_CURVE_WITH_KNOTS('',4,(#832,#833,#834,#835,#836),
  .UNSPECIFIED.,.F.,.F.,(5,5),(0.,1.),.PIECEWISE_BEZIER_KNOTS.);
#832 = CARTESIAN_POINT('',(1.,-0.4));
#833 = CARTESIAN_POINT('',(0.74923332212,-0.4));
#834 = CARTESIAN_POINT('',(0.498849704231,-0.4));
#835 = CARTESIAN_POINT('',(0.249045491379,-0.4));
#836 = CARTESIAN_POINT('',(0.,-0.4));
#837 = ( GEOMETRIC_REPRESENTATION_CONTEXT(2) 
PARAMETRIC_REPRESENTATION_CONTEXT() REPRESENTATION_CONTEXT('2D SPACE',''
  ) );
#838 = ORIENTED_EDGE('',*,*,#839,.F.);
#839 = EDGE_CURVE('',#840,#802,#842,.T.);
#840 = VERTEX_POINT('',#841);
#841 = CARTESIAN_POINT('',(6.358999023437,6.602001900537,4.));
#842 = SURFACE_CURVE('',#843,(#849,#858),.PCURVE_S1.);
#843 = B_SPLINE_CURVE_WITH_KNOTS('',4,(#844,#845,#846,#847,#848),
  .UNSPECIFIED.,.F.,.F.,(5,5),(0.,1.),.PIECEWISE_BEZIER_KNOTS.);
#844 = CARTESIAN_POINT('',(6.358999023437,6.602001900537,4.));
#845 = CARTESIAN_POINT('',(6.344738389457,6.638034681324,4.));
#846 = CARTESIAN_POINT('',(6.324465075928,6.671564821196,4.));
#847 = CARTESIAN_POINT('',(6.298191734267,6.702555601137,4.));
#848 = CARTESIAN_POINT('',(6.266000976562,6.731000923975,4.));
#849 = PCURVE('',#257,#850);
#850 = DEFINITIONAL_REPRESENTATION('',(#851),#857);
#851 = B_SPLINE_CURVE_WITH_KNOTS('',4,(#852,#853,#854,#855,#856),
  .UNSPECIFIED.,.F.,.F.,(5,5),(0.,1.),.PIECEWISE_BEZIER_KNOTS.);
#852 = CARTESIAN_POINT('',(2.258999023437,6.602001800537));
#853 = CARTESIAN_POINT('',(2.244738389457,6.638034581324));
#854 = CARTESIAN_POINT('',(2.224465075928,6.671564721196));
#855 = CARTESIAN_POINT('',(2.198191734267,6.702555501137));
#856 = CARTESIAN_POINT('',(2.166000976563,6.731000823975));
#857 = ( GEOMETRIC_REPRESENTATION_CONTEXT(2) 
PARAMETRIC_REPRESENTATION_CONTEXT() REPRESENTATION_CONTEXT('2D SPACE',''
  ) );
#858 = PCURVE('',#859,#866);
#859 = SURFACE_OF_LINEAR_EXTRUSION('',#860,#864);
#860 = B_SPLINE_CURVE_WITH_KNOTS('',2,(#861,#862,#863),.UNSPECIFIED.,.F.
  ,.F.,(3,3),(0.,1.),.PIECEWISE_BEZIER_KNOTS.);
#861 = CARTESIAN_POINT('',(6.266000976562,6.731000923975,3.6));
#862 = CARTESIAN_POINT('',(6.330502929687,6.674003853662,3.6));
#863 = CARTESIAN_POINT('',(6.358999023437,6.602001900537,3.6));
#864 = VECTOR('',#865,1.);
#865 = DIRECTION('',(-0.,-0.,-1.));
#866 = DEFINITIONAL_REPRESENTATION('',(#867),#873);
#867 = B_SPLINE_CURVE_WITH_KNOTS('',4,(#868,#869,#870,#871,#872),
  .UNSPECIFIED.,.F.,.F.,(5,5),(0.,1.),.PIECEWISE_BEZIER_KNOTS.);
#868 = CARTESIAN_POINT('',(1.,-0.4));
#869 = CARTESIAN_POINT('',(0.749779143322,-0.4));
#870 = CARTESIAN_POINT('',(0.499540105761,-0.4));
#871 = CARTESIAN_POINT('',(0.249533201283,-0.4));
#872 = CARTESIAN_POINT('',(0.,-0.4));
#873 = ( GEOMETRIC_REPRESENTATION_CONTEXT(2) 
PARAMETRIC_REPRESENTATION_CONTEXT() REPRESENTATION_CONTEXT('2D SPACE',''
  ) );
#874 = ORIENTED_EDGE('',*,*,#875,.F.);
#875 = EDGE_CURVE('',#876,#840,#878,.T.);
#876 = VERTEX_POINT('',#877);
#877 = CARTESIAN_POINT('',(6.396499023437,6.467001900537,4.));
#878 = SURFACE_CURVE('',#879,(#885,#894),.PCURVE_S1.);
#879 = B_SPLINE_CURVE_WITH_KNOTS('',4,(#880,#881,#882,#883,#884),
  .UNSPECIFIED.,.F.,.F.,(5,5),(0.,1.),.PIECEWISE_BEZIER_KNOTS.);
#880 = CARTESIAN_POINT('',(6.396499023437,6.467001900537,4.));
#881 = CARTESIAN_POINT('',(6.391989137676,6.498556426617,4.));
#882 = CARTESIAN_POINT('',(6.384223483615,6.531586103097,4.));
#883 = CARTESIAN_POINT('',(6.373217808977,6.566074859486,4.));
#884 = CARTESIAN_POINT('',(6.358999023437,6.602001900537,4.));
#885 = PCURVE('',#257,#886);
#886 = DEFINITIONAL_REPRESENTATION('',(#887),#893);
#887 = B_SPLINE_CURVE_WITH_KNOTS('',4,(#888,#889,#890,#891,#892),
  .UNSPECIFIED.,.F.,.F.,(5,5),(0.,1.),.PIECEWISE_BEZIER_KNOTS.);
#888 = CARTESIAN_POINT('',(2.296499023438,6.467001800537));
#889 = CARTESIAN_POINT('',(2.291989137676,6.498556326617));
#890 = CARTESIAN_POINT('',(2.284223483615,6.531586003097));
#891 = CARTESIAN_POINT('',(2.273217808977,6.566074759486));
#892 = CARTESIAN_POINT('',(2.258999023437,6.602001800537));
#893 = ( GEOMETRIC_REPRESENTATION_CONTEXT(2) 
PARAMETRIC_REPRESENTATION_CONTEXT() REPRESENTATION_CONTEXT('2D SPACE',''
  ) );
#894 = PCURVE('',#895,#902);
#895 = SURFACE_OF_LINEAR_EXTRUSION('',#896,#900);
#896 = B_SPLINE_CURVE_WITH_KNOTS('',2,(#897,#898,#899),.UNSPECIFIED.,.F.
  ,.F.,(3,3),(0.,1.),.PIECEWISE_BEZIER_KNOTS.);
#897 = CARTESIAN_POINT('',(6.358999023437,6.602001900537,3.6));
#898 = CARTESIAN_POINT('',(6.387495117187,6.529999947412,3.6));
#899 = CARTESIAN_POINT('',(6.396499023437,6.467001900537,3.6));
#900 = VECTOR('',#901,1.);
#901 = DIRECTION('',(-0.,-0.,-1.));
#902 = DEFINITIONAL_REPRESENTATION('',(#903),#909);
#903 = B_SPLINE_CURVE_WITH_KNOTS('',4,(#904,#905,#906,#907,#908),
  .UNSPECIFIED.,.F.,.F.,(5,5),(0.,1.),.PIECEWISE_BEZIER_KNOTS.);
#904 = CARTESIAN_POINT('',(1.,-0.4));
#905 = CARTESIAN_POINT('',(0.749559489178,-0.4));
#906 = CARTESIAN_POINT('',(0.49936343064,-0.4));
#907 = CARTESIAN_POINT('',(0.249486572873,-0.4));
#908 = CARTESIAN_POINT('',(0.,-0.4));
#909 = ( GEOMETRIC_REPRESENTATION_CONTEXT(2) 
PARAMETRIC_REPRESENTATION_CONTEXT() REPRESENTATION_CONTEXT('2D SPACE',''
  ) );
#910 = ORIENTED_EDGE('',*,*,#911,.F.);
#911 = EDGE_CURVE('',#912,#876,#914,.T.);
#912 = VERTEX_POINT('',#913);
#913 = CARTESIAN_POINT('',(6.405502929688,6.317001900537,4.));
#914 = SURFACE_CURVE('',#915,(#921,#930),.PCURVE_S1.);
#915 = B_SPLINE_CURVE_WITH_KNOTS('',4,(#916,#917,#918,#919,#920),
  .UNSPECIFIED.,.F.,.F.,(5,5),(0.,1.),.PIECEWISE_BEZIER_KNOTS.);
#916 = CARTESIAN_POINT('',(6.405502929688,6.317001900537,4.));
#917 = CARTESIAN_POINT('',(6.405502929688,6.360344648022,4.));
#918 = CARTESIAN_POINT('',(6.404013191559,6.399832566528,4.));
#919 = CARTESIAN_POINT('',(6.401015565284,6.43540080352,4.));
#920 = CARTESIAN_POINT('',(6.396499023437,6.467001900537,4.));
#921 = PCURVE('',#257,#922);
#922 = DEFINITIONAL_REPRESENTATION('',(#923),#929);
#923 = B_SPLINE_CURVE_WITH_KNOTS('',4,(#924,#925,#926,#927,#928),
  .UNSPECIFIED.,.F.,.F.,(5,5),(0.,1.),.PIECEWISE_BEZIER_KNOTS.);
#924 = CARTESIAN_POINT('',(2.305502929688,6.317001800537));
#925 = CARTESIAN_POINT('',(2.305502929688,6.360344548022));
#926 = CARTESIAN_POINT('',(2.304013191559,6.399832466528));
#927 = CARTESIAN_POINT('',(2.301015565284,6.43540070352));
#928 = CARTESIAN_POINT('',(2.296499023438,6.467001800537));
#929 = ( GEOMETRIC_REPRESENTATION_CONTEXT(2) 
PARAMETRIC_REPRESENTATION_CONTEXT() REPRESENTATION_CONTEXT('2D SPACE',''
  ) );
#930 = PCURVE('',#931,#938);
#931 = SURFACE_OF_LINEAR_EXTRUSION('',#932,#936);
#932 = B_SPLINE_CURVE_WITH_KNOTS('',2,(#933,#934,#935),.UNSPECIFIED.,.F.
  ,.F.,(3,3),(0.,1.),.PIECEWISE_BEZIER_KNOTS.);
#933 = CARTESIAN_POINT('',(6.396499023437,6.467001900537,3.6));
#934 = CARTESIAN_POINT('',(6.405502929688,6.404003853662,3.6));
#935 = CARTESIAN_POINT('',(6.405502929688,6.317001900537,3.6));
#936 = VECTOR('',#937,1.);
#937 = DIRECTION('',(-0.,-0.,-1.));
#938 = DEFINITIONAL_REPRESENTATION('',(#939),#945);
#939 = B_SPLINE_CURVE_WITH_KNOTS('',4,(#940,#941,#942,#943,#944),
  .UNSPECIFIED.,.F.,.F.,(5,5),(0.,1.),.PIECEWISE_BEZIER_KNOTS.);
#940 = CARTESIAN_POINT('',(1.,-0.4));
#941 = CARTESIAN_POINT('',(0.750909342101,-0.4));
#942 = CARTESIAN_POINT('',(0.501147843787,-0.4));
#943 = CARTESIAN_POINT('',(0.25081013289,-0.4));
#944 = CARTESIAN_POINT('',(0.,-0.4));
#945 = ( GEOMETRIC_REPRESENTATION_CONTEXT(2) 
PARAMETRIC_REPRESENTATION_CONTEXT() REPRESENTATION_CONTEXT('2D SPACE',''
  ) );
#946 = ORIENTED_EDGE('',*,*,#947,.F.);
#947 = EDGE_CURVE('',#948,#912,#950,.T.);
#948 = VERTEX_POINT('',#949);
#949 = CARTESIAN_POINT('',(6.403999023437,6.23899897085,4.));
#950 = SURFACE_CURVE('',#951,(#957,#966),.PCURVE_S1.);
#951 = B_SPLINE_CURVE_WITH_KNOTS('',4,(#952,#953,#954,#955,#956),
  .UNSPECIFIED.,.F.,.F.,(5,5),(0.,1.),.PIECEWISE_BEZIER_KNOTS.);
#952 = CARTESIAN_POINT('',(6.403999023437,6.23899897085,4.));
#953 = CARTESIAN_POINT('',(6.404749436249,6.264447223499,4.));
#954 = CARTESIAN_POINT('',(6.405251437152,6.285953131159,4.));
#955 = CARTESIAN_POINT('',(6.405502929688,6.303478315254,4.));
#956 = CARTESIAN_POINT('',(6.405502929688,6.317001900537,4.));
#957 = PCURVE('',#257,#958);
#958 = DEFINITIONAL_REPRESENTATION('',(#959),#965);
#959 = B_SPLINE_CURVE_WITH_KNOTS('',4,(#960,#961,#962,#963,#964),
  .UNSPECIFIED.,.F.,.F.,(5,5),(0.,1.),.PIECEWISE_BEZIER_KNOTS.);
#960 = CARTESIAN_POINT('',(2.303999023437,6.23899887085));
#961 = CARTESIAN_POINT('',(2.304749436249,6.264447123499));
#962 = CARTESIAN_POINT('',(2.305251437152,6.285953031159));
#963 = CARTESIAN_POINT('',(2.305502929688,6.303478215254));
#964 = CARTESIAN_POINT('',(2.305502929688,6.317001800537));
#965 = ( GEOMETRIC_REPRESENTATION_CONTEXT(2) 
PARAMETRIC_REPRESENTATION_CONTEXT() REPRESENTATION_CONTEXT('2D SPACE',''
  ) );
#966 = PCURVE('',#967,#974);
#967 = SURFACE_OF_LINEAR_EXTRUSION('',#968,#972);
#968 = B_SPLINE_CURVE_WITH_KNOTS('',2,(#969,#970,#971),.UNSPECIFIED.,.F.
  ,.F.,(3,3),(0.,1.),.PIECEWISE_BEZIER_KNOTS.);
#969 = CARTESIAN_POINT('',(6.405502929688,6.317001900537,3.6));
#970 = CARTESIAN_POINT('',(6.405502929688,6.289999947412,3.6));
#971 = CARTESIAN_POINT('',(6.403999023437,6.23899897085,3.6));
#972 = VECTOR('',#973,1.);
#973 = DIRECTION('',(-0.,-0.,-1.));
#974 = DEFINITIONAL_REPRESENTATION('',(#975),#981);
#975 = B_SPLINE_CURVE_WITH_KNOTS('',4,(#976,#977,#978,#979,#980),
  .UNSPECIFIED.,.F.,.F.,(5,5),(0.,1.),.PIECEWISE_BEZIER_KNOTS.);
#976 = CARTESIAN_POINT('',(1.,-0.4));
#977 = CARTESIAN_POINT('',(0.750512104227,-0.4));
#978 = CARTESIAN_POINT('',(0.500621263122,-0.4));
#979 = CARTESIAN_POINT('',(0.250418649725,-0.4));
#980 = CARTESIAN_POINT('',(0.,-0.4));
#981 = ( GEOMETRIC_REPRESENTATION_CONTEXT(2) 
PARAMETRIC_REPRESENTATION_CONTEXT() REPRESENTATION_CONTEXT('2D SPACE',''
  ) );
#982 = ORIENTED_EDGE('',*,*,#983,.F.);
#983 = EDGE_CURVE('',#984,#948,#986,.T.);
#984 = VERTEX_POINT('',#985);
#985 = CARTESIAN_POINT('',(6.402495117187,6.164003853662,4.));
#986 = SURFACE_CURVE('',#987,(#993,#1002),.PCURVE_S1.);
#987 = B_SPLINE_CURVE_WITH_KNOTS('',4,(#988,#989,#990,#991,#992),
  .UNSPECIFIED.,.F.,.F.,(5,5),(0.,1.),.PIECEWISE_BEZIER_KNOTS.);
#988 = CARTESIAN_POINT('',(6.402495117187,6.164003853662,4.));
#989 = CARTESIAN_POINT('',(6.402495117187,6.176022246797,4.));
#990 = CARTESIAN_POINT('',(6.402746661796,6.192547452085,4.));
#991 = CARTESIAN_POINT('',(6.403248763262,6.213555894439,4.));
#992 = CARTESIAN_POINT('',(6.403999023437,6.23899897085,4.));
#993 = PCURVE('',#257,#994);
#994 = DEFINITIONAL_REPRESENTATION('',(#995),#1001);
#995 = B_SPLINE_CURVE_WITH_KNOTS('',4,(#996,#997,#998,#999,#1000),
  .UNSPECIFIED.,.F.,.F.,(5,5),(0.,1.),.PIECEWISE_BEZIER_KNOTS.);
#996 = CARTESIAN_POINT('',(2.302495117188,6.164003753662));
#997 = CARTESIAN_POINT('',(2.302495117188,6.176022146797));
#998 = CARTESIAN_POINT('',(2.302746661796,6.192547352085));
#999 = CARTESIAN_POINT('',(2.303248763262,6.213555794439));
#1000 = CARTESIAN_POINT('',(2.303999023437,6.23899887085));
#1001 = ( GEOMETRIC_REPRESENTATION_CONTEXT(2) 
PARAMETRIC_REPRESENTATION_CONTEXT() REPRESENTATION_CONTEXT('2D SPACE',''
  ) );
#1002 = PCURVE('',#1003,#1010);
#1003 = SURFACE_OF_LINEAR_EXTRUSION('',#1004,#1008);
#1004 = B_SPLINE_CURVE_WITH_KNOTS('',2,(#1005,#1006,#1007),
  .UNSPECIFIED.,.F.,.F.,(3,3),(0.,1.),.PIECEWISE_BEZIER_KNOTS.);
#1005 = CARTESIAN_POINT('',(6.403999023437,6.23899897085,3.6));
#1006 = CARTESIAN_POINT('',(6.402495117187,6.187997994287,3.6));
#1007 = CARTESIAN_POINT('',(6.402495117187,6.164003853662,3.6));
#1008 = VECTOR('',#1009,1.);
#1009 = DIRECTION('',(-0.,-0.,-1.));
#1010 = DEFINITIONAL_REPRESENTATION('',(#1011),#1017);
#1011 = B_SPLINE_CURVE_WITH_KNOTS('',4,(#1012,#1013,#1014,#1015,#1016),
  .UNSPECIFIED.,.F.,.F.,(5,5),(0.,1.),.PIECEWISE_BEZIER_KNOTS.);
#1012 = CARTESIAN_POINT('',(1.,-0.4));
#1013 = CARTESIAN_POINT('',(0.749555666045,-0.4));
#1014 = CARTESIAN_POINT('',(0.499327502678,-0.4));
#1015 = CARTESIAN_POINT('',(0.249437149298,-0.4));
#1016 = CARTESIAN_POINT('',(0.,-0.4));
#1017 = ( GEOMETRIC_REPRESENTATION_CONTEXT(2) 
PARAMETRIC_REPRESENTATION_CONTEXT() REPRESENTATION_CONTEXT('2D SPACE',''
  ) );
#1018 = ORIENTED_EDGE('',*,*,#1019,.F.);
#1019 = EDGE_CURVE('',#1020,#984,#1022,.T.);
#1020 = VERTEX_POINT('',#1021);
#1021 = CARTESIAN_POINT('',(6.429497070312,5.956997017725,4.));
#1022 = SURFACE_CURVE('',#1023,(#1029,#1038),.PCURVE_S1.);
#1023 = B_SPLINE_CURVE_WITH_KNOTS('',4,(#1024,#1025,#1026,#1027,#1028),
  .UNSPECIFIED.,.F.,.F.,(5,5),(0.,1.),.PIECEWISE_BEZIER_KNOTS.);
#1024 = CARTESIAN_POINT('',(6.429497070312,5.956997017725,4.));
#1025 = CARTESIAN_POINT('',(6.415910126391,5.999263960994,4.));
#1026 = CARTESIAN_POINT('',(6.406926325559,6.047975854116,4.));
#1027 = CARTESIAN_POINT('',(6.402495117187,6.102971836638,4.));
#1028 = CARTESIAN_POINT('',(6.402495117187,6.164003853662,4.));
#1029 = PCURVE('',#257,#1030);
#1030 = DEFINITIONAL_REPRESENTATION('',(#1031),#1037);
#1031 = B_SPLINE_CURVE_WITH_KNOTS('',4,(#1032,#1033,#1034,#1035,#1036),
  .UNSPECIFIED.,.F.,.F.,(5,5),(0.,1.),.PIECEWISE_BEZIER_KNOTS.);
#1032 = CARTESIAN_POINT('',(2.329497070312,5.956996917725));
#1033 = CARTESIAN_POINT('',(2.315910126391,5.999263860994));
#1034 = CARTESIAN_POINT('',(2.306926325559,6.047975754116));
#1035 = CARTESIAN_POINT('',(2.302495117188,6.102971736638));
#1036 = CARTESIAN_POINT('',(2.302495117188,6.164003753662));
#1037 = ( GEOMETRIC_REPRESENTATION_CONTEXT(2) 
PARAMETRIC_REPRESENTATION_CONTEXT() REPRESENTATION_CONTEXT('2D SPACE',''
  ) );
#1038 = PCURVE('',#1039,#1046);
#1039 = SURFACE_OF_LINEAR_EXTRUSION('',#1040,#1044);
#1040 = B_SPLINE_CURVE_WITH_KNOTS('',2,(#1041,#1042,#1043),
  .UNSPECIFIED.,.F.,.F.,(3,3),(0.,1.),.PIECEWISE_BEZIER_KNOTS.);
#1041 = CARTESIAN_POINT('',(6.402495117187,6.164003853662,3.6));
#1042 = CARTESIAN_POINT('',(6.402495117187,6.040996041162,3.6));
#1043 = CARTESIAN_POINT('',(6.429497070312,5.956997017725,3.6));
#1044 = VECTOR('',#1045,1.);
#1045 = DIRECTION('',(-0.,-0.,-1.));
#1046 = DEFINITIONAL_REPRESENTATION('',(#1047),#1053);
#1047 = B_SPLINE_CURVE_WITH_KNOTS('',4,(#1048,#1049,#1050,#1051,#1052),
  .UNSPECIFIED.,.F.,.F.,(5,5),(0.,1.),.PIECEWISE_BEZIER_KNOTS.);
#1048 = CARTESIAN_POINT('',(1.,-0.4));
#1049 = CARTESIAN_POINT('',(0.748408127023,-0.4));
#1050 = CARTESIAN_POINT('',(0.497649745746,-0.4));
#1051 = CARTESIAN_POINT('',(0.248081872946,-0.4));
#1052 = CARTESIAN_POINT('',(0.,-0.4));
#1053 = ( GEOMETRIC_REPRESENTATION_CONTEXT(2) 
PARAMETRIC_REPRESENTATION_CONTEXT() REPRESENTATION_CONTEXT('2D SPACE',''
  ) );
#1054 = ORIENTED_EDGE('',*,*,#1055,.F.);
#1055 = EDGE_CURVE('',#1056,#1020,#1058,.T.);
#1056 = VERTEX_POINT('',#1057);
#1057 = CARTESIAN_POINT('',(6.534497070312,5.819003853662,4.));
#1058 = SURFACE_CURVE('',#1059,(#1068,#1080),.PCURVE_S1.);
#1059 = B_SPLINE_CURVE_WITH_KNOTS('',4,(#1060,#1061,#1062,#1063,#1064,
    #1065,#1066,#1067),.UNSPECIFIED.,.F.,.F.,(5,3,5),(0.,0.672173574294,
    1.),.UNSPECIFIED.);
#1060 = CARTESIAN_POINT('',(6.534497070312,5.819003853662,4.));
#1061 = CARTESIAN_POINT('',(6.508343292154,5.837108804137,4.));
#1062 = CARTESIAN_POINT('',(6.485958694038,5.857499669833,4.));
#1063 = CARTESIAN_POINT('',(6.467404664433,5.880179176458,4.));
#1064 = CARTESIAN_POINT('',(6.445523487185,5.917286447791,4.));
#1065 = CARTESIAN_POINT('',(6.439265078015,5.929989485562,4.));
#1066 = CARTESIAN_POINT('',(6.433923247054,5.94322784621,4.));
#1067 = CARTESIAN_POINT('',(6.429497070312,5.956997017725,4.));
#1068 = PCURVE('',#257,#1069);
#1069 = DEFINITIONAL_REPRESENTATION('',(#1070),#1079);
#1070 = B_SPLINE_CURVE_WITH_KNOTS('',4,(#1071,#1072,#1073,#1074,#1075,
    #1076,#1077,#1078),.UNSPECIFIED.,.F.,.F.,(5,3,5),(0.,0.672173574294,
    1.),.UNSPECIFIED.);
#1071 = CARTESIAN_POINT('',(2.434497070313,5.819003753662));
#1072 = CARTESIAN_POINT('',(2.408343292154,5.837108704137));
#1073 = CARTESIAN_POINT('',(2.385958694038,5.857499569833));
#1074 = CARTESIAN_POINT('',(2.367404664433,5.880179076458));
#1075 = CARTESIAN_POINT('',(2.345523487185,5.917286347791));
#1076 = CARTESIAN_POINT('',(2.339265078015,5.929989385562));
#1077 = CARTESIAN_POINT('',(2.333923247054,5.94322774621));
#1078 = CARTESIAN_POINT('',(2.329497070312,5.956996917725));
#1079 = ( GEOMETRIC_REPRESENTATION_CONTEXT(2) 
PARAMETRIC_REPRESENTATION_CONTEXT() REPRESENTATION_CONTEXT('2D SPACE',''
  ) );
#1080 = PCURVE('',#1081,#1088);
#1081 = SURFACE_OF_LINEAR_EXTRUSION('',#1082,#1086);
#1082 = B_SPLINE_CURVE_WITH_KNOTS('',2,(#1083,#1084,#1085),
  .UNSPECIFIED.,.F.,.F.,(3,3),(0.,1.),.PIECEWISE_BEZIER_KNOTS.);
#1083 = CARTESIAN_POINT('',(6.429497070312,5.956997017725,3.6));
#1084 = CARTESIAN_POINT('',(6.456499023437,5.872997994287,3.6));
#1085 = CARTESIAN_POINT('',(6.534497070312,5.819003853662,3.6));
#1086 = VECTOR('',#1087,1.);
#1087 = DIRECTION('',(-0.,-0.,-1.));
#1088 = DEFINITIONAL_REPRESENTATION('',(#1089),#1098);
#1089 = B_SPLINE_CURVE_WITH_KNOTS('',4,(#1090,#1091,#1092,#1093,#1094,
    #1095,#1096,#1097),.UNSPECIFIED.,.F.,.F.,(5,3,5),(0.,0.672173574294,
    1.),.UNSPECIFIED.);
#1090 = CARTESIAN_POINT('',(1.,-0.4));
#1091 = CARTESIAN_POINT('',(0.832343377773,-0.4));
#1092 = CARTESIAN_POINT('',(0.66434526855,-0.4));
#1093 = CARTESIAN_POINT('',(0.496172831345,-0.4));
#1094 = CARTESIAN_POINT('',(0.245980265352,-0.4));
#1095 = CARTESIAN_POINT('',(0.163960350341,-0.4));
#1096 = CARTESIAN_POINT('',(8.196030710431E-02,-0.4));
#1097 = CARTESIAN_POINT('',(0.,-0.4));
#1098 = ( GEOMETRIC_REPRESENTATION_CONTEXT(2) 
PARAMETRIC_REPRESENTATION_CONTEXT() REPRESENTATION_CONTEXT('2D SPACE',''
  ) );
#1099 = ORIENTED_EDGE('',*,*,#1100,.F.);
#1100 = EDGE_CURVE('',#1101,#1056,#1103,.T.);
#1101 = VERTEX_POINT('',#1102);
#1102 = CARTESIAN_POINT('',(6.534497070312,5.749999947412,4.));
#1103 = SURFACE_CURVE('',#1104,(#1108,#1115),.PCURVE_S1.);
#1104 = LINE('',#1105,#1106);
#1105 = CARTESIAN_POINT('',(6.534497070312,2.909501976831,4.));
#1106 = VECTOR('',#1107,1.);
#1107 = DIRECTION('',(0.,1.,0.));
#1108 = PCURVE('',#257,#1109);
#1109 = DEFINITIONAL_REPRESENTATION('',(#1110),#1114);
#1110 = LINE('',#1111,#1112);
#1111 = CARTESIAN_POINT('',(2.434497070313,2.909501876831));
#1112 = VECTOR('',#1113,1.);
#1113 = DIRECTION('',(0.,1.));
#1114 = ( GEOMETRIC_REPRESENTATION_CONTEXT(2) 
PARAMETRIC_REPRESENTATION_CONTEXT() REPRESENTATION_CONTEXT('2D SPACE',''
  ) );
#1115 = PCURVE('',#1116,#1121);
#1116 = PLANE('',#1117);
#1117 = AXIS2_PLACEMENT_3D('',#1118,#1119,#1120);
#1118 = CARTESIAN_POINT('',(6.534497070312,5.819003853662,3.6));
#1119 = DIRECTION('',(1.,0.,0.));
#1120 = DIRECTION('',(0.,-1.,0.));
#1121 = DEFINITIONAL_REPRESENTATION('',(#1122),#1126);
#1122 = LINE('',#1123,#1124);
#1123 = CARTESIAN_POINT('',(2.909501876831,-0.4));
#1124 = VECTOR('',#1125,1.);
#1125 = DIRECTION('',(-1.,0.));
#1126 = ( GEOMETRIC_REPRESENTATION_CONTEXT(2) 
PARAMETRIC_REPRESENTATION_CONTEXT() REPRESENTATION_CONTEXT('2D SPACE',''
  ) );
#1127 = ORIENTED_EDGE('',*,*,#1128,.F.);
#1128 = EDGE_CURVE('',#1129,#1101,#1131,.T.);
#1129 = VERTEX_POINT('',#1130);
#1130 = CARTESIAN_POINT('',(6.195502929687,5.749999947412,4.));
#1131 = SURFACE_CURVE('',#1132,(#1136,#1143),.PCURVE_S1.);
#1132 = LINE('',#1133,#1134);
#1133 = CARTESIAN_POINT('',(5.317248535156,5.749999947412,4.));
#1134 = VECTOR('',#1135,1.);
#1135 = DIRECTION('',(1.,0.,-0.));
#1136 = PCURVE('',#257,#1137);
#1137 = DEFINITIONAL_REPRESENTATION('',(#1138),#1142);
#1138 = LINE('',#1139,#1140);
#1139 = CARTESIAN_POINT('',(1.217248535156,5.749999847412));
#1140 = VECTOR('',#1141,1.);
#1141 = DIRECTION('',(1.,0.));
#1142 = ( GEOMETRIC_REPRESENTATION_CONTEXT(2) 
PARAMETRIC_REPRESENTATION_CONTEXT() REPRESENTATION_CONTEXT('2D SPACE',''
  ) );
#1143 = PCURVE('',#1144,#1149);
#1144 = PLANE('',#1145);
#1145 = AXIS2_PLACEMENT_3D('',#1146,#1147,#1148);
#1146 = CARTESIAN_POINT('',(6.534497070312,5.749999947412,3.6));
#1147 = DIRECTION('',(0.,-1.,0.));
#1148 = DIRECTION('',(-1.,0.,0.));
#1149 = DEFINITIONAL_REPRESENTATION('',(#1150),#1154);
#1150 = LINE('',#1151,#1152);
#1151 = CARTESIAN_POINT('',(1.217248535156,-0.4));
#1152 = VECTOR('',#1153,1.);
#1153 = DIRECTION('',(-1.,-0.));
#1154 = ( GEOMETRIC_REPRESENTATION_CONTEXT(2) 
PARAMETRIC_REPRESENTATION_CONTEXT() REPRESENTATION_CONTEXT('2D SPACE',''
  ) );
#1155 = ORIENTED_EDGE('',*,*,#1156,.F.);
#1156 = EDGE_CURVE('',#1157,#1129,#1159,.T.);
#1157 = VERTEX_POINT('',#1158);
#1158 = CARTESIAN_POINT('',(6.135502929687,6.107001900537,4.));
#1159 = SURFACE_CURVE('',#1160,(#1167,#1177),.PCURVE_S1.);
#1160 = B_SPLINE_CURVE_WITH_KNOTS('',5,(#1161,#1162,#1163,#1164,#1165,
    #1166),.UNSPECIFIED.,.F.,.F.,(6,6),(0.,1.),
  .PIECEWISE_BEZIER_KNOTS.);
#1161 = CARTESIAN_POINT('',(6.135502929687,6.107001900537,4.));
#1162 = CARTESIAN_POINT('',(6.135502929687,6.021544275613,4.));
#1163 = CARTESIAN_POINT('',(6.141212958386,5.942551898512,4.));
#1164 = CARTESIAN_POINT('',(6.152964679351,5.870614243303,4.));
#1165 = CARTESIAN_POINT('',(6.17102715586,5.806293430479,4.));
#1166 = CARTESIAN_POINT('',(6.195502929687,5.749999947412,4.));
#1167 = PCURVE('',#257,#1168);
#1168 = DEFINITIONAL_REPRESENTATION('',(#1169),#1176);
#1169 = B_SPLINE_CURVE_WITH_KNOTS('',5,(#1170,#1171,#1172,#1173,#1174,
    #1175),.UNSPECIFIED.,.F.,.F.,(6,6),(0.,1.),
  .PIECEWISE_BEZIER_KNOTS.);
#1170 = CARTESIAN_POINT('',(2.035502929687,6.107001800537));
#1171 = CARTESIAN_POINT('',(2.035502929687,6.021544175613));
#1172 = CARTESIAN_POINT('',(2.041212958386,5.942551798512));
#1173 = CARTESIAN_POINT('',(2.052964679351,5.870614143303));
#1174 = CARTESIAN_POINT('',(2.07102715586,5.806293330479));
#1175 = CARTESIAN_POINT('',(2.095502929687,5.749999847412));
#1176 = ( GEOMETRIC_REPRESENTATION_CONTEXT(2) 
PARAMETRIC_REPRESENTATION_CONTEXT() REPRESENTATION_CONTEXT('2D SPACE',''
  ) );
#1177 = PCURVE('',#1178,#1185);
#1178 = SURFACE_OF_LINEAR_EXTRUSION('',#1179,#1183);
#1179 = B_SPLINE_CURVE_WITH_KNOTS('',2,(#1180,#1181,#1182),
  .UNSPECIFIED.,.F.,.F.,(3,3),(0.,1.),.PIECEWISE_BEZIER_KNOTS.);
#1180 = CARTESIAN_POINT('',(6.195502929687,5.749999947412,3.6));
#1181 = CARTESIAN_POINT('',(6.135502929687,5.887997994287,3.6));
#1182 = CARTESIAN_POINT('',(6.135502929687,6.107001900537,3.6));
#1183 = VECTOR('',#1184,1.);
#1184 = DIRECTION('',(-0.,-0.,-1.));
#1185 = DEFINITIONAL_REPRESENTATION('',(#1186),#1193);
#1186 = B_SPLINE_CURVE_WITH_KNOTS('',5,(#1187,#1188,#1189,#1190,#1191,
    #1192),.UNSPECIFIED.,.F.,.F.,(6,6),(0.,1.),
  .PIECEWISE_BEZIER_KNOTS.);
#1187 = CARTESIAN_POINT('',(1.,-0.4));
#1188 = CARTESIAN_POINT('',(0.804894747343,-0.4));
#1189 = CARTESIAN_POINT('',(0.606949708488,-0.4));
#1190 = CARTESIAN_POINT('',(0.406488384201,-0.4));
#1191 = CARTESIAN_POINT('',(0.203964781898,-0.4));
#1192 = CARTESIAN_POINT('',(0.,-0.4));
#1193 = ( GEOMETRIC_REPRESENTATION_CONTEXT(2) 
PARAMETRIC_REPRESENTATION_CONTEXT() REPRESENTATION_CONTEXT('2D SPACE',''
  ) );
#1194 = ORIENTED_EDGE('',*,*,#1195,.F.);
#1195 = EDGE_CURVE('',#1196,#1157,#1198,.T.);
#1196 = VERTEX_POINT('',#1197);
#1197 = CARTESIAN_POINT('',(6.135502929687,6.302001900537,4.));
#1198 = SURFACE_CURVE('',#1199,(#1203,#1210),.PCURVE_S1.);
#1199 = LINE('',#1200,#1201);
#1200 = CARTESIAN_POINT('',(6.135502929687,3.053501000269,4.));
#1201 = VECTOR('',#1202,1.);
#1202 = DIRECTION('',(0.,-1.,0.));
#1203 = PCURVE('',#257,#1204);
#1204 = DEFINITIONAL_REPRESENTATION('',(#1205),#1209);
#1205 = LINE('',#1206,#1207);
#1206 = CARTESIAN_POINT('',(2.035502929687,3.053500900269));
#1207 = VECTOR('',#1208,1.);
#1208 = DIRECTION('',(0.,-1.));
#1209 = ( GEOMETRIC_REPRESENTATION_CONTEXT(2) 
PARAMETRIC_REPRESENTATION_CONTEXT() REPRESENTATION_CONTEXT('2D SPACE',''
  ) );
#1210 = PCURVE('',#1211,#1216);
#1211 = PLANE('',#1212);
#1212 = AXIS2_PLACEMENT_3D('',#1213,#1214,#1215);
#1213 = CARTESIAN_POINT('',(6.135502929687,6.107001900537,3.6));
#1214 = DIRECTION('',(-1.,0.,0.));
#1215 = DIRECTION('',(0.,1.,0.));
#1216 = DEFINITIONAL_REPRESENTATION('',(#1217),#1221);
#1217 = LINE('',#1218,#1219);
#1218 = CARTESIAN_POINT('',(-3.053500900269,-0.4));
#1219 = VECTOR('',#1220,1.);
#1220 = DIRECTION('',(-1.,0.));
#1221 = ( GEOMETRIC_REPRESENTATION_CONTEXT(2) 
PARAMETRIC_REPRESENTATION_CONTEXT() REPRESENTATION_CONTEXT('2D SPACE',''
  ) );
#1222 = ORIENTED_EDGE('',*,*,#1223,.F.);
#1223 = EDGE_CURVE('',#1224,#1196,#1226,.T.);
#1224 = VERTEX_POINT('',#1225);
#1225 = CARTESIAN_POINT('',(6.048500976562,6.597499947412,4.));
#1226 = SURFACE_CURVE('',#1227,(#1234,#1244),.PCURVE_S1.);
#1227 = B_SPLINE_CURVE_WITH_KNOTS('',5,(#1228,#1229,#1230,#1231,#1232,
    #1233),.UNSPECIFIED.,.F.,.F.,(6,6),(0.,1.),
  .PIECEWISE_BEZIER_KNOTS.);
#1228 = CARTESIAN_POINT('',(6.048500976562,6.597499947412,4.));
#1229 = CARTESIAN_POINT('',(6.083867941309,6.559084174839,4.));
#1230 = CARTESIAN_POINT('',(6.11016936981,6.509756089019,4.));
#1231 = CARTESIAN_POINT('',(6.127257020872,6.449866422332,4.));
#1232 = CARTESIAN_POINT('',(6.135502929687,6.380272120209,4.));
#1233 = CARTESIAN_POINT('',(6.135502929687,6.302001900537,4.));
#1234 = PCURVE('',#257,#1235);
#1235 = DEFINITIONAL_REPRESENTATION('',(#1236),#1243);
#1236 = B_SPLINE_CURVE_WITH_KNOTS('',5,(#1237,#1238,#1239,#1240,#1241,
    #1242),.UNSPECIFIED.,.F.,.F.,(6,6),(0.,1.),
  .PIECEWISE_BEZIER_KNOTS.);
#1237 = CARTESIAN_POINT('',(1.948500976562,6.597499847412));
#1238 = CARTESIAN_POINT('',(1.983867941309,6.559084074839));
#1239 = CARTESIAN_POINT('',(2.01016936981,6.509755989019));
#1240 = CARTESIAN_POINT('',(2.027257020872,6.449866322332));
#1241 = CARTESIAN_POINT('',(2.035502929687,6.380272020209));
#1242 = CARTESIAN_POINT('',(2.035502929687,6.302001800537));
#1243 = ( GEOMETRIC_REPRESENTATION_CONTEXT(2) 
PARAMETRIC_REPRESENTATION_CONTEXT() REPRESENTATION_CONTEXT('2D SPACE',''
  ) );
#1244 = PCURVE('',#1245,#1252);
#1245 = SURFACE_OF_LINEAR_EXTRUSION('',#1246,#1250);
#1246 = B_SPLINE_CURVE_WITH_KNOTS('',2,(#1247,#1248,#1249),
  .UNSPECIFIED.,.F.,.F.,(3,3),(0.,1.),.PIECEWISE_BEZIER_KNOTS.);
#1247 = CARTESIAN_POINT('',(6.135502929687,6.302001900537,3.6));
#1248 = CARTESIAN_POINT('',(6.135502929687,6.502997994287,3.6));
#1249 = CARTESIAN_POINT('',(6.048500976562,6.597499947412,3.6));
#1250 = VECTOR('',#1251,1.);
#1251 = DIRECTION('',(-0.,-0.,-1.));
#1252 = DEFINITIONAL_REPRESENTATION('',(#1253),#1260);
#1253 = B_SPLINE_CURVE_WITH_KNOTS('',5,(#1254,#1255,#1256,#1257,#1258,
    #1259),.UNSPECIFIED.,.F.,.F.,(6,6),(0.,1.),
  .PIECEWISE_BEZIER_KNOTS.);
#1254 = CARTESIAN_POINT('',(1.,-0.4));
#1255 = CARTESIAN_POINT('',(0.796746144906,-0.4));
#1256 = CARTESIAN_POINT('',(0.593950741174,-0.4));
#1257 = CARTESIAN_POINT('',(0.392937660272,-0.4));
#1258 = CARTESIAN_POINT('',(0.194705822914,-0.4));
#1259 = CARTESIAN_POINT('',(0.,-0.4));
#1260 = ( GEOMETRIC_REPRESENTATION_CONTEXT(2) 
PARAMETRIC_REPRESENTATION_CONTEXT() REPRESENTATION_CONTEXT('2D SPACE',''
  ) );
#1261 = ORIENTED_EDGE('',*,*,#1262,.F.);
#1262 = EDGE_CURVE('',#1263,#1224,#1265,.T.);
#1263 = VERTEX_POINT('',#1264);
#1264 = CARTESIAN_POINT('',(5.775502929687,6.692001900537,4.));
#1265 = SURFACE_CURVE('',#1266,(#1273,#1283),.PCURVE_S1.);
#1266 = B_SPLINE_CURVE_WITH_KNOTS('',5,(#1267,#1268,#1269,#1270,#1271,
    #1272),.UNSPECIFIED.,.F.,.F.,(6,6),(0.,1.),
  .PIECEWISE_BEZIER_KNOTS.);
#1267 = CARTESIAN_POINT('',(5.775502929687,6.692001900537,4.));
#1268 = CARTESIAN_POINT('',(5.848286442466,6.692001900537,4.));
#1269 = CARTESIAN_POINT('',(5.912760639051,6.682957469339,4.));
#1270 = CARTESIAN_POINT('',(5.968001477811,6.664289843333,4.));
#1271 = CARTESIAN_POINT('',(6.013318104248,6.635715757872,4.));
#1272 = CARTESIAN_POINT('',(6.048500976562,6.597499947412,4.));
#1273 = PCURVE('',#257,#1274);
#1274 = DEFINITIONAL_REPRESENTATION('',(#1275),#1282);
#1275 = B_SPLINE_CURVE_WITH_KNOTS('',5,(#1276,#1277,#1278,#1279,#1280,
    #1281),.UNSPECIFIED.,.F.,.F.,(6,6),(0.,1.),
  .PIECEWISE_BEZIER_KNOTS.);
#1276 = CARTESIAN_POINT('',(1.675502929687,6.692001800537));
#1277 = CARTESIAN_POINT('',(1.748286442466,6.692001800537));
#1278 = CARTESIAN_POINT('',(1.812760639051,6.682957369339));
#1279 = CARTESIAN_POINT('',(1.868001477811,6.664289743333));
#1280 = CARTESIAN_POINT('',(1.913318104248,6.635715657872));
#1281 = CARTESIAN_POINT('',(1.948500976562,6.597499847412));
#1282 = ( GEOMETRIC_REPRESENTATION_CONTEXT(2) 
PARAMETRIC_REPRESENTATION_CONTEXT() REPRESENTATION_CONTEXT('2D SPACE',''
  ) );
#1283 = PCURVE('',#1284,#1291);
#1284 = SURFACE_OF_LINEAR_EXTRUSION('',#1285,#1289);
#1285 = B_SPLINE_CURVE_WITH_KNOTS('',2,(#1286,#1287,#1288),
  .UNSPECIFIED.,.F.,.F.,(3,3),(0.,1.),.PIECEWISE_BEZIER_KNOTS.);
#1286 = CARTESIAN_POINT('',(6.048500976562,6.597499947412,3.6));
#1287 = CARTESIAN_POINT('',(5.961499023437,6.692001900537,3.6));
#1288 = CARTESIAN_POINT('',(5.775502929687,6.692001900537,3.6));
#1289 = VECTOR('',#1290,1.);
#1290 = DIRECTION('',(-0.,-0.,-1.));
#1291 = DEFINITIONAL_REPRESENTATION('',(#1292),#1299);
#1292 = B_SPLINE_CURVE_WITH_KNOTS('',5,(#1293,#1294,#1295,#1296,#1297,
    #1298),.UNSPECIFIED.,.F.,.F.,(6,6),(0.,1.),
  .PIECEWISE_BEZIER_KNOTS.);
#1293 = CARTESIAN_POINT('',(1.,-0.4));
#1294 = CARTESIAN_POINT('',(0.80434128666,-0.4));
#1295 = CARTESIAN_POINT('',(0.605550664541,-0.4));
#1296 = CARTESIAN_POINT('',(0.404482361974,-0.4));
#1297 = CARTESIAN_POINT('',(0.20219587636,-0.4));
#1298 = CARTESIAN_POINT('',(0.,-0.4));
#1299 = ( GEOMETRIC_REPRESENTATION_CONTEXT(2) 
PARAMETRIC_REPRESENTATION_CONTEXT() REPRESENTATION_CONTEXT('2D SPACE',''
  ) );
#1300 = ORIENTED_EDGE('',*,*,#1301,.F.);
#1301 = EDGE_CURVE('',#1302,#1263,#1304,.T.);
#1302 = VERTEX_POINT('',#1303);
#1303 = CARTESIAN_POINT('',(5.055502929687,6.692001900537,4.));
#1304 = SURFACE_CURVE('',#1305,(#1309,#1316),.PCURVE_S1.);
#1305 = LINE('',#1306,#1307);
#1306 = CARTESIAN_POINT('',(4.937751464844,6.692001900537,4.));
#1307 = VECTOR('',#1308,1.);
#1308 = DIRECTION('',(1.,0.,-0.));
#1309 = PCURVE('',#257,#1310);
#1310 = DEFINITIONAL_REPRESENTATION('',(#1311),#1315);
#1311 = LINE('',#1312,#1313);
#1312 = CARTESIAN_POINT('',(0.837751464844,6.692001800537));
#1313 = VECTOR('',#1314,1.);
#1314 = DIRECTION('',(1.,0.));
#1315 = ( GEOMETRIC_REPRESENTATION_CONTEXT(2) 
PARAMETRIC_REPRESENTATION_CONTEXT() REPRESENTATION_CONTEXT('2D SPACE',''
  ) );
#1316 = PCURVE('',#1317,#1322);
#1317 = PLANE('',#1318);
#1318 = AXIS2_PLACEMENT_3D('',#1319,#1320,#1321);
#1319 = CARTESIAN_POINT('',(5.775502929687,6.692001900537,3.6));
#1320 = DIRECTION('',(0.,-1.,0.));
#1321 = DIRECTION('',(-1.,0.,0.));
#1322 = DEFINITIONAL_REPRESENTATION('',(#1323),#1327);
#1323 = LINE('',#1324,#1325);
#1324 = CARTESIAN_POINT('',(0.837751464844,-0.4));
#1325 = VECTOR('',#1326,1.);
#1326 = DIRECTION('',(-1.,-0.));
#1327 = ( GEOMETRIC_REPRESENTATION_CONTEXT(2) 
PARAMETRIC_REPRESENTATION_CONTEXT() REPRESENTATION_CONTEXT('2D SPACE',''
  ) );
#1328 = ORIENTED_EDGE('',*,*,#1329,.F.);
#1329 = EDGE_CURVE('',#1330,#1302,#1332,.T.);
#1330 = VERTEX_POINT('',#1331);
#1331 = CARTESIAN_POINT('',(5.055502929687,5.749999947412,4.));
#1332 = SURFACE_CURVE('',#1333,(#1337,#1344),.PCURVE_S1.);
#1333 = LINE('',#1334,#1335);
#1334 = CARTESIAN_POINT('',(5.055502929687,3.346001000269,4.));
#1335 = VECTOR('',#1336,1.);
#1336 = DIRECTION('',(0.,1.,0.));
#1337 = PCURVE('',#257,#1338);
#1338 = DEFINITIONAL_REPRESENTATION('',(#1339),#1343);
#1339 = LINE('',#1340,#1341);
#1340 = CARTESIAN_POINT('',(0.955502929687,3.346000900269));
#1341 = VECTOR('',#1342,1.);
#1342 = DIRECTION('',(0.,1.));
#1343 = ( GEOMETRIC_REPRESENTATION_CONTEXT(2) 
PARAMETRIC_REPRESENTATION_CONTEXT() REPRESENTATION_CONTEXT('2D SPACE',''
  ) );
#1344 = PCURVE('',#1345,#1350);
#1345 = PLANE('',#1346);
#1346 = AXIS2_PLACEMENT_3D('',#1347,#1348,#1349);
#1347 = CARTESIAN_POINT('',(5.055502929687,6.692001900537,3.6));
#1348 = DIRECTION('',(1.,0.,0.));
#1349 = DIRECTION('',(0.,-1.,0.));
#1350 = DEFINITIONAL_REPRESENTATION('',(#1351),#1355);
#1351 = LINE('',#1352,#1353);
#1352 = CARTESIAN_POINT('',(3.346000900269,-0.4));
#1353 = VECTOR('',#1354,1.);
#1354 = DIRECTION('',(-1.,0.));
#1355 = ( GEOMETRIC_REPRESENTATION_CONTEXT(2) 
PARAMETRIC_REPRESENTATION_CONTEXT() REPRESENTATION_CONTEXT('2D SPACE',''
  ) );
#1356 = ORIENTED_EDGE('',*,*,#1357,.F.);
#1357 = EDGE_CURVE('',#1358,#1330,#1360,.T.);
#1358 = VERTEX_POINT('',#1359);
#1359 = CARTESIAN_POINT('',(4.776499023437,5.749999947412,4.));
#1360 = SURFACE_CURVE('',#1361,(#1365,#1372),.PCURVE_S1.);
#1361 = LINE('',#1362,#1363);
#1362 = CARTESIAN_POINT('',(4.577751464844,5.749999947412,4.));
#1363 = VECTOR('',#1364,1.);
#1364 = DIRECTION('',(1.,0.,-0.));
#1365 = PCURVE('',#257,#1366);
#1366 = DEFINITIONAL_REPRESENTATION('',(#1367),#1371);
#1367 = LINE('',#1368,#1369);
#1368 = CARTESIAN_POINT('',(0.477751464844,5.749999847412));
#1369 = VECTOR('',#1370,1.);
#1370 = DIRECTION('',(1.,0.));
#1371 = ( GEOMETRIC_REPRESENTATION_CONTEXT(2) 
PARAMETRIC_REPRESENTATION_CONTEXT() REPRESENTATION_CONTEXT('2D SPACE',''
  ) );
#1372 = PCURVE('',#1373,#1378);
#1373 = PLANE('',#1374);
#1374 = AXIS2_PLACEMENT_3D('',#1375,#1376,#1377);
#1375 = CARTESIAN_POINT('',(5.055502929687,5.749999947412,3.6));
#1376 = DIRECTION('',(0.,-1.,0.));
#1377 = DIRECTION('',(-1.,0.,0.));
#1378 = DEFINITIONAL_REPRESENTATION('',(#1379),#1383);
#1379 = LINE('',#1380,#1381);
#1380 = CARTESIAN_POINT('',(0.477751464844,-0.4));
#1381 = VECTOR('',#1382,1.);
#1382 = DIRECTION('',(-1.,-0.));
#1383 = ( GEOMETRIC_REPRESENTATION_CONTEXT(2) 
PARAMETRIC_REPRESENTATION_CONTEXT() REPRESENTATION_CONTEXT('2D SPACE',''
  ) );
#1384 = ORIENTED_EDGE('',*,*,#1385,.F.);
#1385 = EDGE_CURVE('',#1386,#1358,#1388,.T.);
#1386 = VERTEX_POINT('',#1387);
#1387 = CARTESIAN_POINT('',(4.776499023437,7.937001900537,4.));
#1388 = SURFACE_CURVE('',#1389,(#1393,#1400),.PCURVE_S1.);
#1389 = LINE('',#1390,#1391);
#1390 = CARTESIAN_POINT('',(4.776499023437,2.875000023706,4.));
#1391 = VECTOR('',#1392,1.);
#1392 = DIRECTION('',(0.,-1.,0.));
#1393 = PCURVE('',#257,#1394);
#1394 = DEFINITIONAL_REPRESENTATION('',(#1395),#1399);
#1395 = LINE('',#1396,#1397);
#1396 = CARTESIAN_POINT('',(0.676499023438,2.874999923706));
#1397 = VECTOR('',#1398,1.);
#1398 = DIRECTION('',(0.,-1.));
#1399 = ( GEOMETRIC_REPRESENTATION_CONTEXT(2) 
PARAMETRIC_REPRESENTATION_CONTEXT() REPRESENTATION_CONTEXT('2D SPACE',''
  ) );
#1400 = PCURVE('',#1401,#1406);
#1401 = PLANE('',#1402);
#1402 = AXIS2_PLACEMENT_3D('',#1403,#1404,#1405);
#1403 = CARTESIAN_POINT('',(4.776499023437,5.749999947412,3.6));
#1404 = DIRECTION('',(-1.,0.,0.));
#1405 = DIRECTION('',(0.,1.,0.));
#1406 = DEFINITIONAL_REPRESENTATION('',(#1407),#1411);
#1407 = LINE('',#1408,#1409);
#1408 = CARTESIAN_POINT('',(-2.874999923706,-0.4));
#1409 = VECTOR('',#1410,1.);
#1410 = DIRECTION('',(-1.,0.));
#1411 = ( GEOMETRIC_REPRESENTATION_CONTEXT(2) 
PARAMETRIC_REPRESENTATION_CONTEXT() REPRESENTATION_CONTEXT('2D SPACE',''
  ) );
#1412 = ORIENTED_EDGE('',*,*,#1413,.F.);
#1413 = EDGE_CURVE('',#1414,#1386,#1416,.T.);
#1414 = VERTEX_POINT('',#1415);
#1415 = CARTESIAN_POINT('',(5.784497070312,7.937001900537,4.));
#1416 = SURFACE_CURVE('',#1417,(#1421,#1428),.PCURVE_S1.);
#1417 = LINE('',#1418,#1419);
#1418 = CARTESIAN_POINT('',(4.438249511719,7.937001900537,4.));
#1419 = VECTOR('',#1420,1.);
#1420 = DIRECTION('',(-1.,0.,0.));
#1421 = PCURVE('',#257,#1422);
#1422 = DEFINITIONAL_REPRESENTATION('',(#1423),#1427);
#1423 = LINE('',#1424,#1425);
#1424 = CARTESIAN_POINT('',(0.338249511719,7.937001800537));
#1425 = VECTOR('',#1426,1.);
#1426 = DIRECTION('',(-1.,0.));
#1427 = ( GEOMETRIC_REPRESENTATION_CONTEXT(2) 
PARAMETRIC_REPRESENTATION_CONTEXT() REPRESENTATION_CONTEXT('2D SPACE',''
  ) );
#1428 = PCURVE('',#1429,#1434);
#1429 = PLANE('',#1430);
#1430 = AXIS2_PLACEMENT_3D('',#1431,#1432,#1433);
#1431 = CARTESIAN_POINT('',(4.776499023437,7.937001900537,3.6));
#1432 = DIRECTION('',(0.,1.,0.));
#1433 = DIRECTION('',(1.,0.,0.));
#1434 = DEFINITIONAL_REPRESENTATION('',(#1435),#1439);
#1435 = LINE('',#1436,#1437);
#1436 = CARTESIAN_POINT('',(-0.338249511719,-0.4));
#1437 = VECTOR('',#1438,1.);
#1438 = DIRECTION('',(-1.,0.));
#1439 = ( GEOMETRIC_REPRESENTATION_CONTEXT(2) 
PARAMETRIC_REPRESENTATION_CONTEXT() REPRESENTATION_CONTEXT('2D SPACE',''
  ) );
#1440 = ORIENTED_EDGE('',*,*,#1441,.F.);
#1441 = EDGE_CURVE('',#1442,#1414,#1444,.T.);
#1442 = VERTEX_POINT('',#1443);
#1443 = CARTESIAN_POINT('',(6.278002929687,7.7855028771,4.));
#1444 = SURFACE_CURVE('',#1445,(#1456,#1470),.PCURVE_S1.);
#1445 = B_SPLINE_CURVE_WITH_KNOTS('',5,(#1446,#1447,#1448,#1449,#1450,
    #1451,#1452,#1453,#1454,#1455),.UNSPECIFIED.,.F.,.F.,(6,4,6),(0.,
    0.458418781074,1.),.UNSPECIFIED.);
#1446 = CARTESIAN_POINT('',(6.278002929687,7.7855028771,4.));
#1447 = CARTESIAN_POINT('',(6.245470831748,7.814074361553,4.));
#1448 = CARTESIAN_POINT('',(6.209670189508,7.839249469509,4.));
#1449 = CARTESIAN_POINT('',(6.170707185393,7.860960043168,4.));
#1450 = CARTESIAN_POINT('',(6.128752232733,7.879224992785,4.));
#1451 = CARTESIAN_POINT('',(6.031165370597,7.911725947715,4.));
#1452 = CARTESIAN_POINT('',(5.974429923175,7.924630806281,4.));
#1453 = CARTESIAN_POINT('',(5.91415356436,7.932971573551,4.));
#1454 = CARTESIAN_POINT('',(5.850723200849,7.937001900537,4.));
#1455 = CARTESIAN_POINT('',(5.784497070312,7.937001900537,4.));
#1456 = PCURVE('',#257,#1457);
#1457 = DEFINITIONAL_REPRESENTATION('',(#1458),#1469);
#1458 = B_SPLINE_CURVE_WITH_KNOTS('',5,(#1459,#1460,#1461,#1462,#1463,
    #1464,#1465,#1466,#1467,#1468),.UNSPECIFIED.,.F.,.F.,(6,4,6),(0.,
    0.458418781074,1.),.UNSPECIFIED.);
#1459 = CARTESIAN_POINT('',(2.178002929687,7.7855027771));
#1460 = CARTESIAN_POINT('',(2.145470831748,7.814074261553));
#1461 = CARTESIAN_POINT('',(2.109670189508,7.839249369509));
#1462 = CARTESIAN_POINT('',(2.070707185393,7.860959943168));
#1463 = CARTESIAN_POINT('',(2.028752232733,7.879224892785));
#1464 = CARTESIAN_POINT('',(1.931165370597,7.911725847715));
#1465 = CARTESIAN_POINT('',(1.874429923175,7.924630706281));
#1466 = CARTESIAN_POINT('',(1.81415356436,7.932971473551));
#1467 = CARTESIAN_POINT('',(1.750723200849,7.937001800537));
#1468 = CARTESIAN_POINT('',(1.684497070313,7.937001800537));
#1469 = ( GEOMETRIC_REPRESENTATION_CONTEXT(2) 
PARAMETRIC_REPRESENTATION_CONTEXT() REPRESENTATION_CONTEXT('2D SPACE',''
  ) );
#1470 = PCURVE('',#1471,#1478);
#1471 = SURFACE_OF_LINEAR_EXTRUSION('',#1472,#1476);
#1472 = B_SPLINE_CURVE_WITH_KNOTS('',2,(#1473,#1474,#1475),
  .UNSPECIFIED.,.F.,.F.,(3,3),(0.,1.),.PIECEWISE_BEZIER_KNOTS.);
#1473 = CARTESIAN_POINT('',(5.784497070312,7.937001900537,3.6));
#1474 = CARTESIAN_POINT('',(6.105502929687,7.937001900537,3.6));
#1475 = CARTESIAN_POINT('',(6.278002929687,7.7855028771,3.6));
#1476 = VECTOR('',#1477,1.);
#1477 = DIRECTION('',(-0.,-0.,-1.));
#1478 = DEFINITIONAL_REPRESENTATION('',(#1479),#1490);
#1479 = B_SPLINE_CURVE_WITH_KNOTS('',5,(#1480,#1481,#1482,#1483,#1484,
    #1485,#1486,#1487,#1488,#1489),.UNSPECIFIED.,.F.,.F.,(6,4,6),(0.,
    0.458418781074,1.),.UNSPECIFIED.);
#1480 = CARTESIAN_POINT('',(1.,-0.4));
#1481 = CARTESIAN_POINT('',(0.905704063943,-0.4));
#1482 = CARTESIAN_POINT('',(0.81150272123,-0.4));
#1483 = CARTESIAN_POINT('',(0.717665427427,-0.4));
#1484 = CARTESIAN_POINT('',(0.624428746261,-0.4));
#1485 = CARTESIAN_POINT('',(0.422803616409,-0.4));
#1486 = CARTESIAN_POINT('',(0.314728727971,-0.4));
#1487 = CARTESIAN_POINT('',(0.208107095273,-0.4));
#1488 = CARTESIAN_POINT('',(0.103154083645,-0.4));
#1489 = CARTESIAN_POINT('',(0.,-0.4));
#1490 = ( GEOMETRIC_REPRESENTATION_CONTEXT(2) 
PARAMETRIC_REPRESENTATION_CONTEXT() REPRESENTATION_CONTEXT('2D SPACE',''
  ) );
#1491 = ORIENTED_EDGE('',*,*,#1492,.F.);
#1492 = EDGE_CURVE('',#1493,#1442,#1495,.T.);
#1493 = VERTEX_POINT('',#1494);
#1494 = CARTESIAN_POINT('',(6.450502929687,7.352001900537,4.));
#1495 = SURFACE_CURVE('',#1496,(#1507,#1521),.PCURVE_S1.);
#1496 = B_SPLINE_CURVE_WITH_KNOTS('',5,(#1497,#1498,#1499,#1500,#1501,
    #1502,#1503,#1504,#1505,#1506),.UNSPECIFIED.,.F.,.F.,(6,4,6),(0.,
    0.788428836069,1.),.UNSPECIFIED.);
#1497 = CARTESIAN_POINT('',(6.450502929687,7.352001900537,4.));
#1498 = CARTESIAN_POINT('',(6.450502929687,7.43801325148,4.));
#1499 = CARTESIAN_POINT('',(6.440473148194,7.518295952024,4.));
#1500 = CARTESIAN_POINT('',(6.419548734219,7.591746952132,4.));
#1501 = CARTESIAN_POINT('',(6.387234542751,7.657381767836,4.));
#1502 = CARTESIAN_POINT('',(6.332313386798,7.730061777043,4.));
#1503 = CARTESIAN_POINT('',(6.319901721689,7.744839808078,4.));
#1504 = CARTESIAN_POINT('',(6.306705135515,7.75900965159,4.));
#1505 = CARTESIAN_POINT('',(6.292734176449,7.772565082906,4.));
#1506 = CARTESIAN_POINT('',(6.278002929687,7.7855028771,4.));
#1507 = PCURVE('',#257,#1508);
#1508 = DEFINITIONAL_REPRESENTATION('',(#1509),#1520);
#1509 = B_SPLINE_CURVE_WITH_KNOTS('',5,(#1510,#1511,#1512,#1513,#1514,
    #1515,#1516,#1517,#1518,#1519),.UNSPECIFIED.,.F.,.F.,(6,4,6),(0.,
    0.788428836069,1.),.UNSPECIFIED.);
#1510 = CARTESIAN_POINT('',(2.350502929687,7.352001800537));
#1511 = CARTESIAN_POINT('',(2.350502929687,7.43801315148));
#1512 = CARTESIAN_POINT('',(2.340473148194,7.518295852024));
#1513 = CARTESIAN_POINT('',(2.319548734219,7.591746852132));
#1514 = CARTESIAN_POINT('',(2.287234542751,7.657381667836));
#1515 = CARTESIAN_POINT('',(2.232313386798,7.730061677043));
#1516 = CARTESIAN_POINT('',(2.219901721689,7.744839708078));
#1517 = CARTESIAN_POINT('',(2.206705135515,7.75900955159));
#1518 = CARTESIAN_POINT('',(2.192734176449,7.772564982906));
#1519 = CARTESIAN_POINT('',(2.178002929687,7.7855027771));
#1520 = ( GEOMETRIC_REPRESENTATION_CONTEXT(2) 
PARAMETRIC_REPRESENTATION_CONTEXT() REPRESENTATION_CONTEXT('2D SPACE',''
  ) );
#1521 = PCURVE('',#1522,#1529);
#1522 = SURFACE_OF_LINEAR_EXTRUSION('',#1523,#1527);
#1523 = B_SPLINE_CURVE_WITH_KNOTS('',2,(#1524,#1525,#1526),
  .UNSPECIFIED.,.F.,.F.,(3,3),(0.,1.),.PIECEWISE_BEZIER_KNOTS.);
#1524 = CARTESIAN_POINT('',(6.278002929687,7.7855028771,3.6));
#1525 = CARTESIAN_POINT('',(6.450502929687,7.634003853662,3.6));
#1526 = CARTESIAN_POINT('',(6.450502929687,7.352001900537,3.6));
#1527 = VECTOR('',#1528,1.);
#1528 = DIRECTION('',(-0.,-0.,-1.));
#1529 = DEFINITIONAL_REPRESENTATION('',(#1530),#1541);
#1530 = B_SPLINE_CURVE_WITH_KNOTS('',5,(#1531,#1532,#1533,#1534,#1535,
    #1536,#1537,#1538,#1539,#1540),.UNSPECIFIED.,.F.,.F.,(6,4,6),(0.,
    0.788428836069,1.),.UNSPECIFIED.);
#1531 = CARTESIAN_POINT('',(1.,-0.4));
#1532 = CARTESIAN_POINT('',(0.847498660932,-0.4));
#1533 = CARTESIAN_POINT('',(0.691700770791,-0.4));
#1534 = CARTESIAN_POINT('',(0.533401992106,-0.4));
#1535 = CARTESIAN_POINT('',(0.373683678371,-0.4));
#1536 = CARTESIAN_POINT('',(0.171149637167,-0.4));
#1537 = CARTESIAN_POINT('',(0.128298983055,-0.4));
#1538 = CARTESIAN_POINT('',(8.547379745897E-02,-0.4));
#1539 = CARTESIAN_POINT('',(4.269926597514E-02,-0.4));
#1540 = CARTESIAN_POINT('',(0.,-0.4));
#1541 = ( GEOMETRIC_REPRESENTATION_CONTEXT(2) 
PARAMETRIC_REPRESENTATION_CONTEXT() REPRESENTATION_CONTEXT('2D SPACE',''
  ) );
#1542 = ORIENTED_EDGE('',*,*,#1543,.F.);
#1543 = EDGE_CURVE('',#1544,#1493,#1546,.T.);
#1544 = VERTEX_POINT('',#1545);
#1545 = CARTESIAN_POINT('',(6.369501953125,7.042997994287,4.));
#1546 = SURFACE_CURVE('',#1547,(#1554,#1564),.PCURVE_S1.);
#1547 = B_SPLINE_CURVE_WITH_KNOTS('',5,(#1548,#1549,#1550,#1551,#1552,
    #1553),.UNSPECIFIED.,.F.,.F.,(6,6),(0.,1.),
  .PIECEWISE_BEZIER_KNOTS.);
#1548 = CARTESIAN_POINT('',(6.369501953125,7.042997994287,4.));
#1549 = CARTESIAN_POINT('',(6.40218026437,7.092619228857,4.));
#1550 = CARTESIAN_POINT('',(6.426584410259,7.148597382288,4.));
#1551 = CARTESIAN_POINT('',(6.442637074349,7.210735222125,4.));
#1552 = CARTESIAN_POINT('',(6.450502929687,7.278683259164,4.));
#1553 = CARTESIAN_POINT('',(6.450502929687,7.352001900537,4.));
#1554 = PCURVE('',#257,#1555);
#1555 = DEFINITIONAL_REPRESENTATION('',(#1556),#1563);
#1556 = B_SPLINE_CURVE_WITH_KNOTS('',5,(#1557,#1558,#1559,#1560,#1561,
    #1562),.UNSPECIFIED.,.F.,.F.,(6,6),(0.,1.),
  .PIECEWISE_BEZIER_KNOTS.);
#1557 = CARTESIAN_POINT('',(2.269501953125,7.042997894287));
#1558 = CARTESIAN_POINT('',(2.30218026437,7.092619128857));
#1559 = CARTESIAN_POINT('',(2.326584410259,7.148597282288));
#1560 = CARTESIAN_POINT('',(2.342637074349,7.210735122125));
#1561 = CARTESIAN_POINT('',(2.350502929687,7.278683159164));
#1562 = CARTESIAN_POINT('',(2.350502929687,7.352001800537));
#1563 = ( GEOMETRIC_REPRESENTATION_CONTEXT(2) 
PARAMETRIC_REPRESENTATION_CONTEXT() REPRESENTATION_CONTEXT('2D SPACE',''
  ) );
#1564 = PCURVE('',#1565,#1572);
#1565 = SURFACE_OF_LINEAR_EXTRUSION('',#1566,#1570);
#1566 = B_SPLINE_CURVE_WITH_KNOTS('',2,(#1567,#1568,#1569),
  .UNSPECIFIED.,.F.,.F.,(3,3),(0.,1.),.PIECEWISE_BEZIER_KNOTS.);
#1567 = CARTESIAN_POINT('',(6.450502929687,7.352001900537,3.6));
#1568 = CARTESIAN_POINT('',(6.450502929687,7.165996041162,3.6));
#1569 = CARTESIAN_POINT('',(6.369501953125,7.042997994287,3.6));
#1570 = VECTOR('',#1571,1.);
#1571 = DIRECTION('',(-0.,-0.,-1.));
#1572 = DEFINITIONAL_REPRESENTATION('',(#1573),#1580);
#1573 = B_SPLINE_CURVE_WITH_KNOTS('',5,(#1574,#1575,#1576,#1577,#1578,
    #1579),.UNSPECIFIED.,.F.,.F.,(6,6),(0.,1.),
  .PIECEWISE_BEZIER_KNOTS.);
#1574 = CARTESIAN_POINT('',(1.,-0.4));
#1575 = CARTESIAN_POINT('',(0.798284461298,-0.4));
#1576 = CARTESIAN_POINT('',(0.596781989898,-0.4));
#1577 = CARTESIAN_POINT('',(0.396184430137,-0.4));
#1578 = CARTESIAN_POINT('',(0.197086913336,-0.4));
#1579 = CARTESIAN_POINT('',(0.,-0.4));
#1580 = ( GEOMETRIC_REPRESENTATION_CONTEXT(2) 
PARAMETRIC_REPRESENTATION_CONTEXT() REPRESENTATION_CONTEXT('2D SPACE',''
  ) );
#1581 = ORIENTED_EDGE('',*,*,#1582,.F.);
#1582 = EDGE_CURVE('',#804,#1544,#1583,.T.);
#1583 = SURFACE_CURVE('',#1584,(#1591,#1601),.PCURVE_S1.);
#1584 = B_SPLINE_CURVE_WITH_KNOTS('',5,(#1585,#1586,#1587,#1588,#1589,
    #1590),.UNSPECIFIED.,.F.,.F.,(6,6),(0.,1.),
  .PIECEWISE_BEZIER_KNOTS.);
#1585 = CARTESIAN_POINT('',(6.105502929687,6.829999947412,4.));
#1586 = CARTESIAN_POINT('',(6.177192465252,6.865257472347,4.));
#1587 = CARTESIAN_POINT('',(6.240047670735,6.904146912534,4.));
#1588 = CARTESIAN_POINT('',(6.293381562595,6.946752193444,4.));
#1589 = CARTESIAN_POINT('',(6.336628013389,6.993079702531,4.));
#1590 = CARTESIAN_POINT('',(6.369501953125,7.042997994287,4.));
#1591 = PCURVE('',#257,#1592);
#1592 = DEFINITIONAL_REPRESENTATION('',(#1593),#1600);
#1593 = B_SPLINE_CURVE_WITH_KNOTS('',5,(#1594,#1595,#1596,#1597,#1598,
    #1599),.UNSPECIFIED.,.F.,.F.,(6,6),(0.,1.),
  .PIECEWISE_BEZIER_KNOTS.);
#1594 = CARTESIAN_POINT('',(2.005502929687,6.829999847412));
#1595 = CARTESIAN_POINT('',(2.077192465252,6.865257372347));
#1596 = CARTESIAN_POINT('',(2.140047670735,6.904146812534));
#1597 = CARTESIAN_POINT('',(2.193381562595,6.946752093444));
#1598 = CARTESIAN_POINT('',(2.236628013389,6.993079602531));
#1599 = CARTESIAN_POINT('',(2.269501953125,7.042997894287));
#1600 = ( GEOMETRIC_REPRESENTATION_CONTEXT(2) 
PARAMETRIC_REPRESENTATION_CONTEXT() REPRESENTATION_CONTEXT('2D SPACE',''
  ) );
#1601 = PCURVE('',#1602,#1609);
#1602 = SURFACE_OF_LINEAR_EXTRUSION('',#1603,#1607);
#1603 = B_SPLINE_CURVE_WITH_KNOTS('',2,(#1604,#1605,#1606),
  .UNSPECIFIED.,.F.,.F.,(3,3),(0.,1.),.PIECEWISE_BEZIER_KNOTS.);
#1604 = CARTESIAN_POINT('',(6.369501953125,7.042997994287,3.6));
#1605 = CARTESIAN_POINT('',(6.288500976562,6.919999947412,3.6));
#1606 = CARTESIAN_POINT('',(6.105502929687,6.829999947412,3.6));
#1607 = VECTOR('',#1608,1.);
#1608 = DIRECTION('',(-0.,-0.,-1.));
#1609 = DEFINITIONAL_REPRESENTATION('',(#1610),#1617);
#1610 = B_SPLINE_CURVE_WITH_KNOTS('',5,(#1611,#1612,#1613,#1614,#1615,
    #1616),.UNSPECIFIED.,.F.,.F.,(6,6),(0.,1.),
  .PIECEWISE_BEZIER_KNOTS.);
#1611 = CARTESIAN_POINT('',(1.,-0.4));
#1612 = CARTESIAN_POINT('',(0.80412486147,-0.4));
#1613 = CARTESIAN_POINT('',(0.605656496294,-0.4));
#1614 = CARTESIAN_POINT('',(0.405058456558,-0.4));
#1615 = CARTESIAN_POINT('',(0.202923107417,-0.4));
#1616 = CARTESIAN_POINT('',(0.,-0.4));
#1617 = ( GEOMETRIC_REPRESENTATION_CONTEXT(2) 
PARAMETRIC_REPRESENTATION_CONTEXT() REPRESENTATION_CONTEXT('2D SPACE',''
  ) );
#1618 = ADVANCED_FACE('',(#1619),#285,.F.);
#1619 = FACE_BOUND('',#1620,.F.);
#1620 = EDGE_LOOP('',(#1621,#1644,#1665,#1666));
#1621 = ORIENTED_EDGE('',*,*,#1622,.F.);
#1622 = EDGE_CURVE('',#1623,#270,#1625,.T.);
#1623 = VERTEX_POINT('',#1624);
#1624 = CARTESIAN_POINT('',(4.1,9.999999406318E-08,0.));
#1625 = SURFACE_CURVE('',#1626,(#1630,#1637),.PCURVE_S1.);
#1626 = LINE('',#1627,#1628);
#1627 = CARTESIAN_POINT('',(4.1,9.999999406318E-08,0.));
#1628 = VECTOR('',#1629,1.);
#1629 = DIRECTION('',(1.,0.,0.));
#1630 = PCURVE('',#285,#1631);
#1631 = DEFINITIONAL_REPRESENTATION('',(#1632),#1636);
#1632 = LINE('',#1633,#1634);
#1633 = CARTESIAN_POINT('',(0.,0.));
#1634 = VECTOR('',#1635,1.);
#1635 = DIRECTION('',(0.,1.));
#1636 = ( GEOMETRIC_REPRESENTATION_CONTEXT(2) 
PARAMETRIC_REPRESENTATION_CONTEXT() REPRESENTATION_CONTEXT('2D SPACE',''
  ) );
#1637 = PCURVE('',#313,#1638);
#1638 = DEFINITIONAL_REPRESENTATION('',(#1639),#1643);
#1639 = LINE('',#1640,#1641);
#1640 = CARTESIAN_POINT('',(3.,-20.5));
#1641 = VECTOR('',#1642,1.);
#1642 = DIRECTION('',(-1.,0.));
#1643 = ( GEOMETRIC_REPRESENTATION_CONTEXT(2) 
PARAMETRIC_REPRESENTATION_CONTEXT() REPRESENTATION_CONTEXT('2D SPACE',''
  ) );
#1644 = ORIENTED_EDGE('',*,*,#1645,.T.);
#1645 = EDGE_CURVE('',#1623,#719,#1646,.T.);
#1646 = SURFACE_CURVE('',#1647,(#1651,#1658),.PCURVE_S1.);
#1647 = LINE('',#1648,#1649);
#1648 = CARTESIAN_POINT('',(4.1,9.999999406318E-08,0.));
#1649 = VECTOR('',#1650,1.);
#1650 = DIRECTION('',(0.,0.,1.));
#1651 = PCURVE('',#285,#1652);
#1652 = DEFINITIONAL_REPRESENTATION('',(#1653),#1657);
#1653 = LINE('',#1654,#1655);
#1654 = CARTESIAN_POINT('',(0.,0.));
#1655 = VECTOR('',#1656,1.);
#1656 = DIRECTION('',(1.,0.));
#1657 = ( GEOMETRIC_REPRESENTATION_CONTEXT(2) 
PARAMETRIC_REPRESENTATION_CONTEXT() REPRESENTATION_CONTEXT('2D SPACE',''
  ) );
#1658 = PCURVE('',#525,#1659);
#1659 = DEFINITIONAL_REPRESENTATION('',(#1660),#1664);
#1660 = LINE('',#1661,#1662);
#1661 = CARTESIAN_POINT('',(0.,0.));
#1662 = VECTOR('',#1663,1.);
#1663 = DIRECTION('',(1.,0.));
#1664 = ( GEOMETRIC_REPRESENTATION_CONTEXT(2) 
PARAMETRIC_REPRESENTATION_CONTEXT() REPRESENTATION_CONTEXT('2D SPACE',''
  ) );
#1665 = ORIENTED_EDGE('',*,*,#741,.T.);
#1666 = ORIENTED_EDGE('',*,*,#269,.F.);
#1667 = ADVANCED_FACE('',(#1668,#1715,#1741),#313,.T.);
#1668 = FACE_BOUND('',#1669,.T.);
#1669 = EDGE_LOOP('',(#1670,#1671,#1672,#1693,#1714));
#1670 = ORIENTED_EDGE('',*,*,#297,.F.);
#1671 = ORIENTED_EDGE('',*,*,#1622,.F.);
#1672 = ORIENTED_EDGE('',*,*,#1673,.T.);
#1673 = EDGE_CURVE('',#1623,#510,#1674,.T.);
#1674 = SURFACE_CURVE('',#1675,(#1679,#1686),.PCURVE_S1.);
#1675 = LINE('',#1676,#1677);
#1676 = CARTESIAN_POINT('',(4.1,9.999999406318E-08,0.));
#1677 = VECTOR('',#1678,1.);
#1678 = DIRECTION('',(0.,1.,0.));
#1679 = PCURVE('',#313,#1680);
#1680 = DEFINITIONAL_REPRESENTATION('',(#1681),#1685);
#1681 = LINE('',#1682,#1683);
#1682 = CARTESIAN_POINT('',(3.,-20.5));
#1683 = VECTOR('',#1684,1.);
#1684 = DIRECTION('',(0.,1.));
#1685 = ( GEOMETRIC_REPRESENTATION_CONTEXT(2) 
PARAMETRIC_REPRESENTATION_CONTEXT() REPRESENTATION_CONTEXT('2D SPACE',''
  ) );
#1686 = PCURVE('',#525,#1687);
#1687 = DEFINITIONAL_REPRESENTATION('',(#1688),#1692);
#1688 = LINE('',#1689,#1690);
#1689 = CARTESIAN_POINT('',(0.,0.));
#1690 = VECTOR('',#1691,1.);
#1691 = DIRECTION('',(0.,-1.));
#1692 = ( GEOMETRIC_REPRESENTATION_CONTEXT(2) 
PARAMETRIC_REPRESENTATION_CONTEXT() REPRESENTATION_CONTEXT('2D SPACE',''
  ) );
#1693 = ORIENTED_EDGE('',*,*,#1694,.F.);
#1694 = EDGE_CURVE('',#353,#510,#1695,.T.);
#1695 = SURFACE_CURVE('',#1696,(#1700,#1707),.PCURVE_S1.);
#1696 = LINE('',#1697,#1698);
#1697 = CARTESIAN_POINT('',(4.1,20.5000001,0.));
#1698 = VECTOR('',#1699,1.);
#1699 = DIRECTION('',(0.,-1.,0.));
#1700 = PCURVE('',#313,#1701);
#1701 = DEFINITIONAL_REPRESENTATION('',(#1702),#1706);
#1702 = LINE('',#1703,#1704);
#1703 = CARTESIAN_POINT('',(3.,0.));
#1704 = VECTOR('',#1705,1.);
#1705 = DIRECTION('',(0.,-1.));
#1706 = ( GEOMETRIC_REPRESENTATION_CONTEXT(2) 
PARAMETRIC_REPRESENTATION_CONTEXT() REPRESENTATION_CONTEXT('2D SPACE',''
  ) );
#1707 = PCURVE('',#391,#1708);
#1708 = DEFINITIONAL_REPRESENTATION('',(#1709),#1713);
#1709 = LINE('',#1710,#1711);
#1710 = CARTESIAN_POINT('',(0.,0.));
#1711 = VECTOR('',#1712,1.);
#1712 = DIRECTION('',(0.,-1.));
#1713 = ( GEOMETRIC_REPRESENTATION_CONTEXT(2) 
PARAMETRIC_REPRESENTATION_CONTEXT() REPRESENTATION_CONTEXT('2D SPACE',''
  ) );
#1714 = ORIENTED_EDGE('',*,*,#352,.F.);
#1715 = FACE_BOUND('',#1716,.T.);
#1716 = EDGE_LOOP('',(#1717));
#1717 = ORIENTED_EDGE('',*,*,#1718,.F.);
#1718 = EDGE_CURVE('',#1719,#1719,#1721,.T.);
#1719 = VERTEX_POINT('',#1720);
#1720 = CARTESIAN_POINT('',(6.15,1.7500001,0.));
#1721 = SURFACE_CURVE('',#1722,(#1727,#1734),.PCURVE_S1.);
#1722 = CIRCLE('',#1723,0.55);
#1723 = AXIS2_PLACEMENT_3D('',#1724,#1725,#1726);
#1724 = CARTESIAN_POINT('',(5.6,1.7500001,0.));
#1725 = DIRECTION('',(0.,0.,-1.));
#1726 = DIRECTION('',(1.,0.,0.));
#1727 = PCURVE('',#313,#1728);
#1728 = DEFINITIONAL_REPRESENTATION('',(#1729),#1733);
#1729 = CIRCLE('',#1730,0.55);
#1730 = AXIS2_PLACEMENT_2D('',#1731,#1732);
#1731 = CARTESIAN_POINT('',(1.5,-18.75));
#1732 = DIRECTION('',(-1.,0.));
#1733 = ( GEOMETRIC_REPRESENTATION_CONTEXT(2) 
PARAMETRIC_REPRESENTATION_CONTEXT() REPRESENTATION_CONTEXT('2D SPACE',''
  ) );
#1734 = PCURVE('',#787,#1735);
#1735 = DEFINITIONAL_REPRESENTATION('',(#1736),#1740);
#1736 = LINE('',#1737,#1738);
#1737 = CARTESIAN_POINT('',(-6.28318530718,-0.5));
#1738 = VECTOR('',#1739,1.);
#1739 = DIRECTION('',(1.,-0.));
#1740 = ( GEOMETRIC_REPRESENTATION_CONTEXT(2) 
PARAMETRIC_REPRESENTATION_CONTEXT() REPRESENTATION_CONTEXT('2D SPACE',''
  ) );
#1741 = FACE_BOUND('',#1742,.T.);
#1742 = EDGE_LOOP('',(#1743));
#1743 = ORIENTED_EDGE('',*,*,#1744,.F.);
#1744 = EDGE_CURVE('',#1745,#1745,#1747,.T.);
#1745 = VERTEX_POINT('',#1746);
#1746 = CARTESIAN_POINT('',(6.15,19.2500001,0.));
#1747 = SURFACE_CURVE('',#1748,(#1753,#1760),.PCURVE_S1.);
#1748 = CIRCLE('',#1749,0.55);
#1749 = AXIS2_PLACEMENT_3D('',#1750,#1751,#1752);
#1750 = CARTESIAN_POINT('',(5.6,19.2500001,0.));
#1751 = DIRECTION('',(0.,0.,-1.));
#1752 = DIRECTION('',(1.,0.,0.));
#1753 = PCURVE('',#313,#1754);
#1754 = DEFINITIONAL_REPRESENTATION('',(#1755),#1759);
#1755 = CIRCLE('',#1756,0.55);
#1756 = AXIS2_PLACEMENT_2D('',#1757,#1758);
#1757 = CARTESIAN_POINT('',(1.5,-1.25));
#1758 = DIRECTION('',(-1.,0.));
#1759 = ( GEOMETRIC_REPRESENTATION_CONTEXT(2) 
PARAMETRIC_REPRESENTATION_CONTEXT() REPRESENTATION_CONTEXT('2D SPACE',''
  ) );
#1760 = PCURVE('',#1761,#1766);
#1761 = CYLINDRICAL_SURFACE('',#1762,0.55);
#1762 = AXIS2_PLACEMENT_3D('',#1763,#1764,#1765);
#1763 = CARTESIAN_POINT('',(5.6,19.2500001,-0.5));
#1764 = DIRECTION('',(-0.,-0.,-1.));
#1765 = DIRECTION('',(1.,0.,0.));
#1766 = DEFINITIONAL_REPRESENTATION('',(#1767),#1771);
#1767 = LINE('',#1768,#1769);
#1768 = CARTESIAN_POINT('',(-6.28318530718,-0.5));
#1769 = VECTOR('',#1770,1.);
#1770 = DIRECTION('',(1.,-0.));
#1771 = ( GEOMETRIC_REPRESENTATION_CONTEXT(2) 
PARAMETRIC_REPRESENTATION_CONTEXT() REPRESENTATION_CONTEXT('2D SPACE',''
  ) );
#1772 = ADVANCED_FACE('',(#1773),#391,.T.);
#1773 = FACE_BOUND('',#1774,.T.);
#1774 = EDGE_LOOP('',(#1775,#1776,#1777,#1778,#1801,#1829,#1857,#1885,
    #1913,#1936));
#1775 = ORIENTED_EDGE('',*,*,#375,.F.);
#1776 = ORIENTED_EDGE('',*,*,#1694,.T.);
#1777 = ORIENTED_EDGE('',*,*,#537,.T.);
#1778 = ORIENTED_EDGE('',*,*,#1779,.F.);
#1779 = EDGE_CURVE('',#1780,#538,#1782,.T.);
#1780 = VERTEX_POINT('',#1781);
#1781 = CARTESIAN_POINT('',(2.7,12.4500001,1.4));
#1782 = SURFACE_CURVE('',#1783,(#1787,#1794),.PCURVE_S1.);
#1783 = LINE('',#1784,#1785);
#1784 = CARTESIAN_POINT('',(2.7,20.5000001,1.4));
#1785 = VECTOR('',#1786,1.);
#1786 = DIRECTION('',(0.,-1.,0.));
#1787 = PCURVE('',#391,#1788);
#1788 = DEFINITIONAL_REPRESENTATION('',(#1789),#1793);
#1789 = LINE('',#1790,#1791);
#1790 = CARTESIAN_POINT('',(1.979898987322,0.));
#1791 = VECTOR('',#1792,1.);
#1792 = DIRECTION('',(0.,-1.));
#1793 = ( GEOMETRIC_REPRESENTATION_CONTEXT(2) 
PARAMETRIC_REPRESENTATION_CONTEXT() REPRESENTATION_CONTEXT('2D SPACE',''
  ) );
#1794 = PCURVE('',#576,#1795);
#1795 = DEFINITIONAL_REPRESENTATION('',(#1796),#1800);
#1796 = LINE('',#1797,#1798);
#1797 = CARTESIAN_POINT('',(0.,0.));
#1798 = VECTOR('',#1799,1.);
#1799 = DIRECTION('',(0.,-1.));
#1800 = ( GEOMETRIC_REPRESENTATION_CONTEXT(2) 
PARAMETRIC_REPRESENTATION_CONTEXT() REPRESENTATION_CONTEXT('2D SPACE',''
  ) );
#1801 = ORIENTED_EDGE('',*,*,#1802,.F.);
#1802 = EDGE_CURVE('',#1803,#1780,#1805,.T.);
#1803 = VERTEX_POINT('',#1804);
#1804 = CARTESIAN_POINT('',(2.7,12.7500001,1.4));
#1805 = SURFACE_CURVE('',#1806,(#1810,#1817),.PCURVE_S1.);
#1806 = LINE('',#1807,#1808);
#1807 = CARTESIAN_POINT('',(2.7,20.5000001,1.4));
#1808 = VECTOR('',#1809,1.);
#1809 = DIRECTION('',(0.,-1.,0.));
#1810 = PCURVE('',#391,#1811);
#1811 = DEFINITIONAL_REPRESENTATION('',(#1812),#1816);
#1812 = LINE('',#1813,#1814);
#1813 = CARTESIAN_POINT('',(1.979898987322,0.));
#1814 = VECTOR('',#1815,1.);
#1815 = DIRECTION('',(0.,-1.));
#1816 = ( GEOMETRIC_REPRESENTATION_CONTEXT(2) 
PARAMETRIC_REPRESENTATION_CONTEXT() REPRESENTATION_CONTEXT('2D SPACE',''
  ) );
#1817 = PCURVE('',#1818,#1823);
#1818 = PLANE('',#1819);
#1819 = AXIS2_PLACEMENT_3D('',#1820,#1821,#1822);
#1820 = CARTESIAN_POINT('',(2.7,12.4500001,-1.));
#1821 = DIRECTION('',(1.,0.,0.));
#1822 = DIRECTION('',(0.,0.,1.));
#1823 = DEFINITIONAL_REPRESENTATION('',(#1824),#1828);
#1824 = LINE('',#1825,#1826);
#1825 = CARTESIAN_POINT('',(2.4,-8.05));
#1826 = VECTOR('',#1827,1.);
#1827 = DIRECTION('',(0.,1.));
#1828 = ( GEOMETRIC_REPRESENTATION_CONTEXT(2) 
PARAMETRIC_REPRESENTATION_CONTEXT() REPRESENTATION_CONTEXT('2D SPACE',''
  ) );
#1829 = ORIENTED_EDGE('',*,*,#1830,.T.);
#1830 = EDGE_CURVE('',#1803,#1831,#1833,.T.);
#1831 = VERTEX_POINT('',#1832);
#1832 = CARTESIAN_POINT('',(3.89,12.7500001,0.21));
#1833 = SURFACE_CURVE('',#1834,(#1838,#1845),.PCURVE_S1.);
#1834 = LINE('',#1835,#1836);
#1835 = CARTESIAN_POINT('',(3.9125,12.7500001,0.1875));
#1836 = VECTOR('',#1837,1.);
#1837 = DIRECTION('',(0.707106781187,0.,-0.707106781187));
#1838 = PCURVE('',#391,#1839);
#1839 = DEFINITIONAL_REPRESENTATION('',(#1840),#1844);
#1840 = LINE('',#1841,#1842);
#1841 = CARTESIAN_POINT('',(0.265165042945,-7.75));
#1842 = VECTOR('',#1843,1.);
#1843 = DIRECTION('',(-1.,0.));
#1844 = ( GEOMETRIC_REPRESENTATION_CONTEXT(2) 
PARAMETRIC_REPRESENTATION_CONTEXT() REPRESENTATION_CONTEXT('2D SPACE',''
  ) );
#1845 = PCURVE('',#1846,#1851);
#1846 = PLANE('',#1847);
#1847 = AXIS2_PLACEMENT_3D('',#1848,#1849,#1850);
#1848 = CARTESIAN_POINT('',(2.35,12.7500001,-1.));
#1849 = DIRECTION('',(0.,1.,0.));
#1850 = DIRECTION('',(0.,0.,1.));
#1851 = DEFINITIONAL_REPRESENTATION('',(#1852),#1856);
#1852 = LINE('',#1853,#1854);
#1853 = CARTESIAN_POINT('',(1.1875,1.5625));
#1854 = VECTOR('',#1855,1.);
#1855 = DIRECTION('',(-0.707106781187,0.707106781187));
#1856 = ( GEOMETRIC_REPRESENTATION_CONTEXT(2) 
PARAMETRIC_REPRESENTATION_CONTEXT() REPRESENTATION_CONTEXT('2D SPACE',''
  ) );
#1857 = ORIENTED_EDGE('',*,*,#1858,.F.);
#1858 = EDGE_CURVE('',#1859,#1831,#1861,.T.);
#1859 = VERTEX_POINT('',#1860);
#1860 = CARTESIAN_POINT('',(3.89,18.2500001,0.21));
#1861 = SURFACE_CURVE('',#1862,(#1866,#1873),.PCURVE_S1.);
#1862 = LINE('',#1863,#1864);
#1863 = CARTESIAN_POINT('',(3.89,16.6250001,0.21));
#1864 = VECTOR('',#1865,1.);
#1865 = DIRECTION('',(0.,-1.,0.));
#1866 = PCURVE('',#391,#1867);
#1867 = DEFINITIONAL_REPRESENTATION('',(#1868),#1872);
#1868 = LINE('',#1869,#1870);
#1869 = CARTESIAN_POINT('',(0.296984848098,-3.875));
#1870 = VECTOR('',#1871,1.);
#1871 = DIRECTION('',(0.,-1.));
#1872 = ( GEOMETRIC_REPRESENTATION_CONTEXT(2) 
PARAMETRIC_REPRESENTATION_CONTEXT() REPRESENTATION_CONTEXT('2D SPACE',''
  ) );
#1873 = PCURVE('',#1874,#1879);
#1874 = PLANE('',#1875);
#1875 = AXIS2_PLACEMENT_3D('',#1876,#1877,#1878);
#1876 = CARTESIAN_POINT('',(3.89,12.7500001,-1.));
#1877 = DIRECTION('',(1.,0.,0.));
#1878 = DIRECTION('',(0.,0.,1.));
#1879 = DEFINITIONAL_REPRESENTATION('',(#1880),#1884);
#1880 = LINE('',#1881,#1882);
#1881 = CARTESIAN_POINT('',(1.21,-3.875));
#1882 = VECTOR('',#1883,1.);
#1883 = DIRECTION('',(0.,1.));
#1884 = ( GEOMETRIC_REPRESENTATION_CONTEXT(2) 
PARAMETRIC_REPRESENTATION_CONTEXT() REPRESENTATION_CONTEXT('2D SPACE',''
  ) );
#1885 = ORIENTED_EDGE('',*,*,#1886,.F.);
#1886 = EDGE_CURVE('',#1887,#1859,#1889,.T.);
#1887 = VERTEX_POINT('',#1888);
#1888 = CARTESIAN_POINT('',(2.7,18.2500001,1.4));
#1889 = SURFACE_CURVE('',#1890,(#1894,#1901),.PCURVE_S1.);
#1890 = LINE('',#1891,#1892);
#1891 = CARTESIAN_POINT('',(3.9125,18.2500001,0.1875));
#1892 = VECTOR('',#1893,1.);
#1893 = DIRECTION('',(0.707106781187,0.,-0.707106781187));
#1894 = PCURVE('',#391,#1895);
#1895 = DEFINITIONAL_REPRESENTATION('',(#1896),#1900);
#1896 = LINE('',#1897,#1898);
#1897 = CARTESIAN_POINT('',(0.265165042945,-2.25));
#1898 = VECTOR('',#1899,1.);
#1899 = DIRECTION('',(-1.,0.));
#1900 = ( GEOMETRIC_REPRESENTATION_CONTEXT(2) 
PARAMETRIC_REPRESENTATION_CONTEXT() REPRESENTATION_CONTEXT('2D SPACE',''
  ) );
#1901 = PCURVE('',#1902,#1907);
#1902 = PLANE('',#1903);
#1903 = AXIS2_PLACEMENT_3D('',#1904,#1905,#1906);
#1904 = CARTESIAN_POINT('',(2.35,18.2500001,-1.));
#1905 = DIRECTION('',(0.,1.,0.));
#1906 = DIRECTION('',(0.,0.,1.));
#1907 = DEFINITIONAL_REPRESENTATION('',(#1908),#1912);
#1908 = LINE('',#1909,#1910);
#1909 = CARTESIAN_POINT('',(1.1875,1.5625));
#1910 = VECTOR('',#1911,1.);
#1911 = DIRECTION('',(-0.707106781187,0.707106781187));
#1912 = ( GEOMETRIC_REPRESENTATION_CONTEXT(2) 
PARAMETRIC_REPRESENTATION_CONTEXT() REPRESENTATION_CONTEXT('2D SPACE',''
  ) );
#1913 = ORIENTED_EDGE('',*,*,#1914,.F.);
#1914 = EDGE_CURVE('',#1915,#1887,#1917,.T.);
#1915 = VERTEX_POINT('',#1916);
#1916 = CARTESIAN_POINT('',(2.7,18.5500001,1.4));
#1917 = SURFACE_CURVE('',#1918,(#1922,#1929),.PCURVE_S1.);
#1918 = LINE('',#1919,#1920);
#1919 = CARTESIAN_POINT('',(2.7,20.5000001,1.4));
#1920 = VECTOR('',#1921,1.);
#1921 = DIRECTION('',(0.,-1.,0.));
#1922 = PCURVE('',#391,#1923);
#1923 = DEFINITIONAL_REPRESENTATION('',(#1924),#1928);
#1924 = LINE('',#1925,#1926);
#1925 = CARTESIAN_POINT('',(1.979898987322,0.));
#1926 = VECTOR('',#1927,1.);
#1927 = DIRECTION('',(0.,-1.));
#1928 = ( GEOMETRIC_REPRESENTATION_CONTEXT(2) 
PARAMETRIC_REPRESENTATION_CONTEXT() REPRESENTATION_CONTEXT('2D SPACE',''
  ) );
#1929 = PCURVE('',#1818,#1930);
#1930 = DEFINITIONAL_REPRESENTATION('',(#1931),#1935);
#1931 = LINE('',#1932,#1933);
#1932 = CARTESIAN_POINT('',(2.4,-8.05));
#1933 = VECTOR('',#1934,1.);
#1934 = DIRECTION('',(0.,1.));
#1935 = ( GEOMETRIC_REPRESENTATION_CONTEXT(2) 
PARAMETRIC_REPRESENTATION_CONTEXT() REPRESENTATION_CONTEXT('2D SPACE',''
  ) );
#1936 = ORIENTED_EDGE('',*,*,#1937,.F.);
#1937 = EDGE_CURVE('',#376,#1915,#1938,.T.);
#1938 = SURFACE_CURVE('',#1939,(#1943,#1950),.PCURVE_S1.);
#1939 = LINE('',#1940,#1941);
#1940 = CARTESIAN_POINT('',(2.7,20.5000001,1.4));
#1941 = VECTOR('',#1942,1.);
#1942 = DIRECTION('',(0.,-1.,0.));
#1943 = PCURVE('',#391,#1944);
#1944 = DEFINITIONAL_REPRESENTATION('',(#1945),#1949);
#1945 = LINE('',#1946,#1947);
#1946 = CARTESIAN_POINT('',(1.979898987322,0.));
#1947 = VECTOR('',#1948,1.);
#1948 = DIRECTION('',(0.,-1.));
#1949 = ( GEOMETRIC_REPRESENTATION_CONTEXT(2) 
PARAMETRIC_REPRESENTATION_CONTEXT() REPRESENTATION_CONTEXT('2D SPACE',''
  ) );
#1950 = PCURVE('',#419,#1951);
#1951 = DEFINITIONAL_REPRESENTATION('',(#1952),#1956);
#1952 = LINE('',#1953,#1954);
#1953 = CARTESIAN_POINT('',(0.,0.));
#1954 = VECTOR('',#1955,1.);
#1955 = DIRECTION('',(0.,-1.));
#1956 = ( GEOMETRIC_REPRESENTATION_CONTEXT(2) 
PARAMETRIC_REPRESENTATION_CONTEXT() REPRESENTATION_CONTEXT('2D SPACE',''
  ) );
#1957 = ADVANCED_FACE('',(#1958),#419,.T.);
#1958 = FACE_BOUND('',#1959,.T.);
#1959 = EDGE_LOOP('',(#1960,#1961,#1962,#1990));
#1960 = ORIENTED_EDGE('',*,*,#403,.F.);
#1961 = ORIENTED_EDGE('',*,*,#1937,.T.);
#1962 = ORIENTED_EDGE('',*,*,#1963,.F.);
#1963 = EDGE_CURVE('',#1964,#1915,#1966,.T.);
#1964 = VERTEX_POINT('',#1965);
#1965 = CARTESIAN_POINT('',(2.,18.5500001,1.4));
#1966 = SURFACE_CURVE('',#1967,(#1971,#1978),.PCURVE_S1.);
#1967 = LINE('',#1968,#1969);
#1968 = CARTESIAN_POINT('',(2.35,18.5500001,1.4));
#1969 = VECTOR('',#1970,1.);
#1970 = DIRECTION('',(1.,0.,0.));
#1971 = PCURVE('',#419,#1972);
#1972 = DEFINITIONAL_REPRESENTATION('',(#1973),#1977);
#1973 = LINE('',#1974,#1975);
#1974 = CARTESIAN_POINT('',(0.35,-1.95));
#1975 = VECTOR('',#1976,1.);
#1976 = DIRECTION('',(-1.,0.));
#1977 = ( GEOMETRIC_REPRESENTATION_CONTEXT(2) 
PARAMETRIC_REPRESENTATION_CONTEXT() REPRESENTATION_CONTEXT('2D SPACE',''
  ) );
#1978 = PCURVE('',#1979,#1984);
#1979 = PLANE('',#1980);
#1980 = AXIS2_PLACEMENT_3D('',#1981,#1982,#1983);
#1981 = CARTESIAN_POINT('',(2.,18.5500001,-1.));
#1982 = DIRECTION('',(0.,1.,0.));
#1983 = DIRECTION('',(0.,0.,1.));
#1984 = DEFINITIONAL_REPRESENTATION('',(#1985),#1989);
#1985 = LINE('',#1986,#1987);
#1986 = CARTESIAN_POINT('',(2.4,0.35));
#1987 = VECTOR('',#1988,1.);
#1988 = DIRECTION('',(0.,1.));
#1989 = ( GEOMETRIC_REPRESENTATION_CONTEXT(2) 
PARAMETRIC_REPRESENTATION_CONTEXT() REPRESENTATION_CONTEXT('2D SPACE',''
  ) );
#1990 = ORIENTED_EDGE('',*,*,#1991,.F.);
#1991 = EDGE_CURVE('',#404,#1964,#1992,.T.);
#1992 = SURFACE_CURVE('',#1993,(#1997,#2004),.PCURVE_S1.);
#1993 = LINE('',#1994,#1995);
#1994 = CARTESIAN_POINT('',(2.,20.5000001,1.4));
#1995 = VECTOR('',#1996,1.);
#1996 = DIRECTION('',(0.,-1.,0.));
#1997 = PCURVE('',#419,#1998);
#1998 = DEFINITIONAL_REPRESENTATION('',(#1999),#2003);
#1999 = LINE('',#2000,#2001);
#2000 = CARTESIAN_POINT('',(0.7,0.));
#2001 = VECTOR('',#2002,1.);
#2002 = DIRECTION('',(0.,-1.));
#2003 = ( GEOMETRIC_REPRESENTATION_CONTEXT(2) 
PARAMETRIC_REPRESENTATION_CONTEXT() REPRESENTATION_CONTEXT('2D SPACE',''
  ) );
#2004 = PCURVE('',#447,#2005);
#2005 = DEFINITIONAL_REPRESENTATION('',(#2006),#2010);
#2006 = LINE('',#2007,#2008);
#2007 = CARTESIAN_POINT('',(0.,0.));
#2008 = VECTOR('',#2009,1.);
#2009 = DIRECTION('',(0.,-1.));
#2010 = ( GEOMETRIC_REPRESENTATION_CONTEXT(2) 
PARAMETRIC_REPRESENTATION_CONTEXT() REPRESENTATION_CONTEXT('2D SPACE',''
  ) );
#2011 = ADVANCED_FACE('',(#2012),#447,.T.);
#2012 = FACE_BOUND('',#2013,.T.);
#2013 = EDGE_LOOP('',(#2014,#2015,#2016,#2037));
#2014 = ORIENTED_EDGE('',*,*,#431,.F.);
#2015 = ORIENTED_EDGE('',*,*,#1991,.T.);
#2016 = ORIENTED_EDGE('',*,*,#2017,.T.);
#2017 = EDGE_CURVE('',#1964,#641,#2018,.T.);
#2018 = SURFACE_CURVE('',#2019,(#2023,#2030),.PCURVE_S1.);
#2019 = LINE('',#2020,#2021);
#2020 = CARTESIAN_POINT('',(2.,18.5500001,-1.));
#2021 = VECTOR('',#2022,1.);
#2022 = DIRECTION('',(0.,0.,1.));
#2023 = PCURVE('',#447,#2024);
#2024 = DEFINITIONAL_REPRESENTATION('',(#2025),#2029);
#2025 = LINE('',#2026,#2027);
#2026 = CARTESIAN_POINT('',(-2.4,-1.95));
#2027 = VECTOR('',#2028,1.);
#2028 = DIRECTION('',(1.,0.));
#2029 = ( GEOMETRIC_REPRESENTATION_CONTEXT(2) 
PARAMETRIC_REPRESENTATION_CONTEXT() REPRESENTATION_CONTEXT('2D SPACE',''
  ) );
#2030 = PCURVE('',#1979,#2031);
#2031 = DEFINITIONAL_REPRESENTATION('',(#2032),#2036);
#2032 = LINE('',#2033,#2034);
#2033 = CARTESIAN_POINT('',(0.,0.));
#2034 = VECTOR('',#2035,1.);
#2035 = DIRECTION('',(1.,0.));
#2036 = ( GEOMETRIC_REPRESENTATION_CONTEXT(2) 
PARAMETRIC_REPRESENTATION_CONTEXT() REPRESENTATION_CONTEXT('2D SPACE',''
  ) );
#2037 = ORIENTED_EDGE('',*,*,#640,.F.);
#2038 = ADVANCED_FACE('',(#2039),#604,.T.);
#2039 = FACE_BOUND('',#2040,.T.);
#2040 = EDGE_LOOP('',(#2041,#2069,#2090,#2091));
#2041 = ORIENTED_EDGE('',*,*,#2042,.F.);
#2042 = EDGE_CURVE('',#2043,#664,#2045,.T.);
#2043 = VERTEX_POINT('',#2044);
#2044 = CARTESIAN_POINT('',(2.,12.4500001,1.4));
#2045 = SURFACE_CURVE('',#2046,(#2050,#2057),.PCURVE_S1.);
#2046 = LINE('',#2047,#2048);
#2047 = CARTESIAN_POINT('',(2.,12.4500001,-1.));
#2048 = VECTOR('',#2049,1.);
#2049 = DIRECTION('',(0.,0.,1.));
#2050 = PCURVE('',#604,#2051);
#2051 = DEFINITIONAL_REPRESENTATION('',(#2052),#2056);
#2052 = LINE('',#2053,#2054);
#2053 = CARTESIAN_POINT('',(-2.4,-8.05));
#2054 = VECTOR('',#2055,1.);
#2055 = DIRECTION('',(1.,0.));
#2056 = ( GEOMETRIC_REPRESENTATION_CONTEXT(2) 
PARAMETRIC_REPRESENTATION_CONTEXT() REPRESENTATION_CONTEXT('2D SPACE',''
  ) );
#2057 = PCURVE('',#2058,#2063);
#2058 = PLANE('',#2059);
#2059 = AXIS2_PLACEMENT_3D('',#2060,#2061,#2062);
#2060 = CARTESIAN_POINT('',(2.,12.4500001,-1.));
#2061 = DIRECTION('',(0.,1.,0.));
#2062 = DIRECTION('',(0.,0.,1.));
#2063 = DEFINITIONAL_REPRESENTATION('',(#2064),#2068);
#2064 = LINE('',#2065,#2066);
#2065 = CARTESIAN_POINT('',(0.,0.));
#2066 = VECTOR('',#2067,1.);
#2067 = DIRECTION('',(1.,0.));
#2068 = ( GEOMETRIC_REPRESENTATION_CONTEXT(2) 
PARAMETRIC_REPRESENTATION_CONTEXT() REPRESENTATION_CONTEXT('2D SPACE',''
  ) );
#2069 = ORIENTED_EDGE('',*,*,#2070,.T.);
#2070 = EDGE_CURVE('',#2043,#561,#2071,.T.);
#2071 = SURFACE_CURVE('',#2072,(#2076,#2083),.PCURVE_S1.);
#2072 = LINE('',#2073,#2074);
#2073 = CARTESIAN_POINT('',(2.,20.5000001,1.4));
#2074 = VECTOR('',#2075,1.);
#2075 = DIRECTION('',(0.,-1.,0.));
#2076 = PCURVE('',#604,#2077);
#2077 = DEFINITIONAL_REPRESENTATION('',(#2078),#2082);
#2078 = LINE('',#2079,#2080);
#2079 = CARTESIAN_POINT('',(0.,0.));
#2080 = VECTOR('',#2081,1.);
#2081 = DIRECTION('',(0.,-1.));
#2082 = ( GEOMETRIC_REPRESENTATION_CONTEXT(2) 
PARAMETRIC_REPRESENTATION_CONTEXT() REPRESENTATION_CONTEXT('2D SPACE',''
  ) );
#2083 = PCURVE('',#576,#2084);
#2084 = DEFINITIONAL_REPRESENTATION('',(#2085),#2089);
#2085 = LINE('',#2086,#2087);
#2086 = CARTESIAN_POINT('',(0.7,0.));
#2087 = VECTOR('',#2088,1.);
#2088 = DIRECTION('',(0.,-1.));
#2089 = ( GEOMETRIC_REPRESENTATION_CONTEXT(2) 
PARAMETRIC_REPRESENTATION_CONTEXT() REPRESENTATION_CONTEXT('2D SPACE',''
  ) );
#2090 = ORIENTED_EDGE('',*,*,#588,.T.);
#2091 = ORIENTED_EDGE('',*,*,#691,.F.);
#2092 = ADVANCED_FACE('',(#2093),#576,.T.);
#2093 = FACE_BOUND('',#2094,.T.);
#2094 = EDGE_LOOP('',(#2095,#2116,#2117,#2118));
#2095 = ORIENTED_EDGE('',*,*,#2096,.T.);
#2096 = EDGE_CURVE('',#2043,#1780,#2097,.T.);
#2097 = SURFACE_CURVE('',#2098,(#2102,#2109),.PCURVE_S1.);
#2098 = LINE('',#2099,#2100);
#2099 = CARTESIAN_POINT('',(2.35,12.4500001,1.4));
#2100 = VECTOR('',#2101,1.);
#2101 = DIRECTION('',(1.,0.,0.));
#2102 = PCURVE('',#576,#2103);
#2103 = DEFINITIONAL_REPRESENTATION('',(#2104),#2108);
#2104 = LINE('',#2105,#2106);
#2105 = CARTESIAN_POINT('',(0.35,-8.05));
#2106 = VECTOR('',#2107,1.);
#2107 = DIRECTION('',(-1.,0.));
#2108 = ( GEOMETRIC_REPRESENTATION_CONTEXT(2) 
PARAMETRIC_REPRESENTATION_CONTEXT() REPRESENTATION_CONTEXT('2D SPACE',''
  ) );
#2109 = PCURVE('',#2058,#2110);
#2110 = DEFINITIONAL_REPRESENTATION('',(#2111),#2115);
#2111 = LINE('',#2112,#2113);
#2112 = CARTESIAN_POINT('',(2.4,0.35));
#2113 = VECTOR('',#2114,1.);
#2114 = DIRECTION('',(0.,1.));
#2115 = ( GEOMETRIC_REPRESENTATION_CONTEXT(2) 
PARAMETRIC_REPRESENTATION_CONTEXT() REPRESENTATION_CONTEXT('2D SPACE',''
  ) );
#2116 = ORIENTED_EDGE('',*,*,#1779,.T.);
#2117 = ORIENTED_EDGE('',*,*,#560,.T.);
#2118 = ORIENTED_EDGE('',*,*,#2070,.F.);
#2119 = ADVANCED_FACE('',(#2120),#525,.F.);
#2120 = FACE_BOUND('',#2121,.F.);
#2121 = EDGE_LOOP('',(#2122,#2123,#2124,#2125));
#2122 = ORIENTED_EDGE('',*,*,#718,.F.);
#2123 = ORIENTED_EDGE('',*,*,#1645,.F.);
#2124 = ORIENTED_EDGE('',*,*,#1673,.T.);
#2125 = ORIENTED_EDGE('',*,*,#509,.F.);
#2126 = ADVANCED_FACE('',(#2127),#679,.T.);
#2127 = FACE_BOUND('',#2128,.T.);
#2128 = EDGE_LOOP('',(#2129,#2152,#2153,#2176));
#2129 = ORIENTED_EDGE('',*,*,#2130,.F.);
#2130 = EDGE_CURVE('',#664,#2131,#2133,.T.);
#2131 = VERTEX_POINT('',#2132);
#2132 = CARTESIAN_POINT('',(2.,12.4500001,8.55));
#2133 = SURFACE_CURVE('',#2134,(#2138,#2145),.PCURVE_S1.);
#2134 = LINE('',#2135,#2136);
#2135 = CARTESIAN_POINT('',(2.,12.4500001,-1.));
#2136 = VECTOR('',#2137,1.);
#2137 = DIRECTION('',(0.,0.,1.));
#2138 = PCURVE('',#679,#2139);
#2139 = DEFINITIONAL_REPRESENTATION('',(#2140),#2144);
#2140 = LINE('',#2141,#2142);
#2141 = CARTESIAN_POINT('',(0.,0.));
#2142 = VECTOR('',#2143,1.);
#2143 = DIRECTION('',(1.,0.));
#2144 = ( GEOMETRIC_REPRESENTATION_CONTEXT(2) 
PARAMETRIC_REPRESENTATION_CONTEXT() REPRESENTATION_CONTEXT('2D SPACE',''
  ) );
#2145 = PCURVE('',#2058,#2146);
#2146 = DEFINITIONAL_REPRESENTATION('',(#2147),#2151);
#2147 = LINE('',#2148,#2149);
#2148 = CARTESIAN_POINT('',(0.,0.));
#2149 = VECTOR('',#2150,1.);
#2150 = DIRECTION('',(1.,0.));
#2151 = ( GEOMETRIC_REPRESENTATION_CONTEXT(2) 
PARAMETRIC_REPRESENTATION_CONTEXT() REPRESENTATION_CONTEXT('2D SPACE',''
  ) );
#2152 = ORIENTED_EDGE('',*,*,#663,.F.);
#2153 = ORIENTED_EDGE('',*,*,#2154,.T.);
#2154 = EDGE_CURVE('',#641,#2155,#2157,.T.);
#2155 = VERTEX_POINT('',#2156);
#2156 = CARTESIAN_POINT('',(2.,18.5500001,8.55));
#2157 = SURFACE_CURVE('',#2158,(#2162,#2169),.PCURVE_S1.);
#2158 = LINE('',#2159,#2160);
#2159 = CARTESIAN_POINT('',(2.,18.5500001,-1.));
#2160 = VECTOR('',#2161,1.);
#2161 = DIRECTION('',(0.,0.,1.));
#2162 = PCURVE('',#679,#2163);
#2163 = DEFINITIONAL_REPRESENTATION('',(#2164),#2168);
#2164 = LINE('',#2165,#2166);
#2165 = CARTESIAN_POINT('',(0.,-6.1));
#2166 = VECTOR('',#2167,1.);
#2167 = DIRECTION('',(1.,0.));
#2168 = ( GEOMETRIC_REPRESENTATION_CONTEXT(2) 
PARAMETRIC_REPRESENTATION_CONTEXT() REPRESENTATION_CONTEXT('2D SPACE',''
  ) );
#2169 = PCURVE('',#1979,#2170);
#2170 = DEFINITIONAL_REPRESENTATION('',(#2171),#2175);
#2171 = LINE('',#2172,#2173);
#2172 = CARTESIAN_POINT('',(0.,0.));
#2173 = VECTOR('',#2174,1.);
#2174 = DIRECTION('',(1.,0.));
#2175 = ( GEOMETRIC_REPRESENTATION_CONTEXT(2) 
PARAMETRIC_REPRESENTATION_CONTEXT() REPRESENTATION_CONTEXT('2D SPACE',''
  ) );
#2176 = ORIENTED_EDGE('',*,*,#2177,.F.);
#2177 = EDGE_CURVE('',#2131,#2155,#2178,.T.);
#2178 = SURFACE_CURVE('',#2179,(#2183,#2190),.PCURVE_S1.);
#2179 = LINE('',#2180,#2181);
#2180 = CARTESIAN_POINT('',(2.,12.4500001,8.55));
#2181 = VECTOR('',#2182,1.);
#2182 = DIRECTION('',(0.,1.,0.));
#2183 = PCURVE('',#679,#2184);
#2184 = DEFINITIONAL_REPRESENTATION('',(#2185),#2189);
#2185 = LINE('',#2186,#2187);
#2186 = CARTESIAN_POINT('',(9.55,0.));
#2187 = VECTOR('',#2188,1.);
#2188 = DIRECTION('',(0.,-1.));
#2189 = ( GEOMETRIC_REPRESENTATION_CONTEXT(2) 
PARAMETRIC_REPRESENTATION_CONTEXT() REPRESENTATION_CONTEXT('2D SPACE',''
  ) );
#2190 = PCURVE('',#2191,#2196);
#2191 = PLANE('',#2192);
#2192 = AXIS2_PLACEMENT_3D('',#2193,#2194,#2195);
#2193 = CARTESIAN_POINT('',(2.,12.4500001,8.55));
#2194 = DIRECTION('',(0.,0.,1.));
#2195 = DIRECTION('',(1.,0.,0.));
#2196 = DEFINITIONAL_REPRESENTATION('',(#2197),#2201);
#2197 = LINE('',#2198,#2199);
#2198 = CARTESIAN_POINT('',(0.,0.));
#2199 = VECTOR('',#2200,1.);
#2200 = DIRECTION('',(0.,1.));
#2201 = ( GEOMETRIC_REPRESENTATION_CONTEXT(2) 
PARAMETRIC_REPRESENTATION_CONTEXT() REPRESENTATION_CONTEXT('2D SPACE',''
  ) );
#2202 = ADVANCED_FACE('',(#2203),#787,.F.);
#2203 = FACE_BOUND('',#2204,.T.);
#2204 = EDGE_LOOP('',(#2205,#2206,#2227,#2228));
#2205 = ORIENTED_EDGE('',*,*,#1718,.T.);
#2206 = ORIENTED_EDGE('',*,*,#2207,.T.);
#2207 = EDGE_CURVE('',#1719,#767,#2208,.T.);
#2208 = SEAM_CURVE('',#2209,(#2213,#2220),.PCURVE_S1.);
#2209 = LINE('',#2210,#2211);
#2210 = CARTESIAN_POINT('',(6.15,1.7500001,-0.5));
#2211 = VECTOR('',#2212,1.);
#2212 = DIRECTION('',(0.,0.,1.));
#2213 = PCURVE('',#787,#2214);
#2214 = DEFINITIONAL_REPRESENTATION('',(#2215),#2219);
#2215 = LINE('',#2216,#2217);
#2216 = CARTESIAN_POINT('',(-6.28318530718,0.));
#2217 = VECTOR('',#2218,1.);
#2218 = DIRECTION('',(-0.,-1.));
#2219 = ( GEOMETRIC_REPRESENTATION_CONTEXT(2) 
PARAMETRIC_REPRESENTATION_CONTEXT() REPRESENTATION_CONTEXT('2D SPACE',''
  ) );
#2220 = PCURVE('',#787,#2221);
#2221 = DEFINITIONAL_REPRESENTATION('',(#2222),#2226);
#2222 = LINE('',#2223,#2224);
#2223 = CARTESIAN_POINT('',(-0.,0.));
#2224 = VECTOR('',#2225,1.);
#2225 = DIRECTION('',(-0.,-1.));
#2226 = ( GEOMETRIC_REPRESENTATION_CONTEXT(2) 
PARAMETRIC_REPRESENTATION_CONTEXT() REPRESENTATION_CONTEXT('2D SPACE',''
  ) );
#2227 = ORIENTED_EDGE('',*,*,#766,.F.);
#2228 = ORIENTED_EDGE('',*,*,#2207,.F.);
#2229 = ADVANCED_FACE('',(#2230),#823,.F.);
#2230 = FACE_BOUND('',#2231,.F.);
#2231 = EDGE_LOOP('',(#2232,#2262,#2283,#2284));
#2232 = ORIENTED_EDGE('',*,*,#2233,.F.);
#2233 = EDGE_CURVE('',#2234,#2236,#2238,.T.);
#2234 = VERTEX_POINT('',#2235);
#2235 = CARTESIAN_POINT('',(6.105502929688,6.829999947412,3.6));
#2236 = VERTEX_POINT('',#2237);
#2237 = CARTESIAN_POINT('',(6.266000976562,6.731000923975,3.6));
#2238 = SURFACE_CURVE('',#2239,(#2243,#2250),.PCURVE_S1.);
#2239 = B_SPLINE_CURVE_WITH_KNOTS('',2,(#2240,#2241,#2242),
  .UNSPECIFIED.,.F.,.F.,(3,3),(0.,1.),.PIECEWISE_BEZIER_KNOTS.);
#2240 = CARTESIAN_POINT('',(6.105502929688,6.829999947412,3.6));
#2241 = CARTESIAN_POINT('',(6.201499023438,6.787997994287,3.6));
#2242 = CARTESIAN_POINT('',(6.266000976562,6.731000923975,3.6));
#2243 = PCURVE('',#823,#2244);
#2244 = DEFINITIONAL_REPRESENTATION('',(#2245),#2249);
#2245 = LINE('',#2246,#2247);
#2246 = CARTESIAN_POINT('',(0.,0.));
#2247 = VECTOR('',#2248,1.);
#2248 = DIRECTION('',(1.,0.));
#2249 = ( GEOMETRIC_REPRESENTATION_CONTEXT(2) 
PARAMETRIC_REPRESENTATION_CONTEXT() REPRESENTATION_CONTEXT('2D SPACE',''
  ) );
#2250 = PCURVE('',#2251,#2256);
#2251 = PLANE('',#2252);
#2252 = AXIS2_PLACEMENT_3D('',#2253,#2254,#2255);
#2253 = CARTESIAN_POINT('',(4.536499023438,5.749999947412,3.6));
#2254 = DIRECTION('',(0.,0.,1.));
#2255 = DIRECTION('',(1.,0.,0.));
#2256 = DEFINITIONAL_REPRESENTATION('',(#2257),#2261);
#2257 = B_SPLINE_CURVE_WITH_KNOTS('',2,(#2258,#2259,#2260),
  .UNSPECIFIED.,.F.,.F.,(3,3),(0.,1.),.PIECEWISE_BEZIER_KNOTS.);
#2258 = CARTESIAN_POINT('',(1.56900390625,1.08));
#2259 = CARTESIAN_POINT('',(1.665,1.037998046875));
#2260 = CARTESIAN_POINT('',(1.729501953125,0.981000976562));
#2261 = ( GEOMETRIC_REPRESENTATION_CONTEXT(2) 
PARAMETRIC_REPRESENTATION_CONTEXT() REPRESENTATION_CONTEXT('2D SPACE',''
  ) );
#2262 = ORIENTED_EDGE('',*,*,#2263,.T.);
#2263 = EDGE_CURVE('',#2234,#804,#2264,.T.);
#2264 = SURFACE_CURVE('',#2265,(#2269,#2276),.PCURVE_S1.);
#2265 = LINE('',#2266,#2267);
#2266 = CARTESIAN_POINT('',(6.105502929687,6.829999947412,3.6));
#2267 = VECTOR('',#2268,1.);
#2268 = DIRECTION('',(0.,0.,1.));
#2269 = PCURVE('',#823,#2270);
#2270 = DEFINITIONAL_REPRESENTATION('',(#2271),#2275);
#2271 = LINE('',#2272,#2273);
#2272 = CARTESIAN_POINT('',(0.,0.));
#2273 = VECTOR('',#2274,1.);
#2274 = DIRECTION('',(0.,-1.));
#2275 = ( GEOMETRIC_REPRESENTATION_CONTEXT(2) 
PARAMETRIC_REPRESENTATION_CONTEXT() REPRESENTATION_CONTEXT('2D SPACE',''
  ) );
#2276 = PCURVE('',#1602,#2277);
#2277 = DEFINITIONAL_REPRESENTATION('',(#2278),#2282);
#2278 = LINE('',#2279,#2280);
#2279 = CARTESIAN_POINT('',(1.,0.));
#2280 = VECTOR('',#2281,1.);
#2281 = DIRECTION('',(0.,-1.));
#2282 = ( GEOMETRIC_REPRESENTATION_CONTEXT(2) 
PARAMETRIC_REPRESENTATION_CONTEXT() REPRESENTATION_CONTEXT('2D SPACE',''
  ) );
#2283 = ORIENTED_EDGE('',*,*,#801,.F.);
#2284 = ORIENTED_EDGE('',*,*,#2285,.F.);
#2285 = EDGE_CURVE('',#2236,#802,#2286,.T.);
#2286 = SURFACE_CURVE('',#2287,(#2291,#2298),.PCURVE_S1.);
#2287 = LINE('',#2288,#2289);
#2288 = CARTESIAN_POINT('',(6.266000976562,6.731000923975,3.6));
#2289 = VECTOR('',#2290,1.);
#2290 = DIRECTION('',(0.,0.,1.));
#2291 = PCURVE('',#823,#2292);
#2292 = DEFINITIONAL_REPRESENTATION('',(#2293),#2297);
#2293 = LINE('',#2294,#2295);
#2294 = CARTESIAN_POINT('',(1.,0.));
#2295 = VECTOR('',#2296,1.);
#2296 = DIRECTION('',(0.,-1.));
#2297 = ( GEOMETRIC_REPRESENTATION_CONTEXT(2) 
PARAMETRIC_REPRESENTATION_CONTEXT() REPRESENTATION_CONTEXT('2D SPACE',''
  ) );
#2298 = PCURVE('',#859,#2299);
#2299 = DEFINITIONAL_REPRESENTATION('',(#2300),#2304);
#2300 = LINE('',#2301,#2302);
#2301 = CARTESIAN_POINT('',(0.,0.));
#2302 = VECTOR('',#2303,1.);
#2303 = DIRECTION('',(0.,-1.));
#2304 = ( GEOMETRIC_REPRESENTATION_CONTEXT(2) 
PARAMETRIC_REPRESENTATION_CONTEXT() REPRESENTATION_CONTEXT('2D SPACE',''
  ) );
#2305 = ADVANCED_FACE('',(#2306),#1602,.F.);
#2306 = FACE_BOUND('',#2307,.F.);
#2307 = EDGE_LOOP('',(#2308,#2331,#2352,#2353));
#2308 = ORIENTED_EDGE('',*,*,#2309,.F.);
#2309 = EDGE_CURVE('',#2310,#2234,#2312,.T.);
#2310 = VERTEX_POINT('',#2311);
#2311 = CARTESIAN_POINT('',(6.369501953125,7.042997994287,3.6));
#2312 = SURFACE_CURVE('',#2313,(#2317,#2324),.PCURVE_S1.);
#2313 = B_SPLINE_CURVE_WITH_KNOTS('',2,(#2314,#2315,#2316),
  .UNSPECIFIED.,.F.,.F.,(3,3),(0.,1.),.PIECEWISE_BEZIER_KNOTS.);
#2314 = CARTESIAN_POINT('',(6.369501953125,7.042997994287,3.6));
#2315 = CARTESIAN_POINT('',(6.288500976563,6.919999947412,3.6));
#2316 = CARTESIAN_POINT('',(6.105502929688,6.829999947412,3.6));
#2317 = PCURVE('',#1602,#2318);
#2318 = DEFINITIONAL_REPRESENTATION('',(#2319),#2323);
#2319 = LINE('',#2320,#2321);
#2320 = CARTESIAN_POINT('',(0.,0.));
#2321 = VECTOR('',#2322,1.);
#2322 = DIRECTION('',(1.,0.));
#2323 = ( GEOMETRIC_REPRESENTATION_CONTEXT(2) 
PARAMETRIC_REPRESENTATION_CONTEXT() REPRESENTATION_CONTEXT('2D SPACE',''
  ) );
#2324 = PCURVE('',#2251,#2325);
#2325 = DEFINITIONAL_REPRESENTATION('',(#2326),#2330);
#2326 = B_SPLINE_CURVE_WITH_KNOTS('',2,(#2327,#2328,#2329),
  .UNSPECIFIED.,.F.,.F.,(3,3),(0.,1.),.PIECEWISE_BEZIER_KNOTS.);
#2327 = CARTESIAN_POINT('',(1.833002929687,1.292998046875));
#2328 = CARTESIAN_POINT('',(1.752001953125,1.17));
#2329 = CARTESIAN_POINT('',(1.56900390625,1.08));
#2330 = ( GEOMETRIC_REPRESENTATION_CONTEXT(2) 
PARAMETRIC_REPRESENTATION_CONTEXT() REPRESENTATION_CONTEXT('2D SPACE',''
  ) );
#2331 = ORIENTED_EDGE('',*,*,#2332,.T.);
#2332 = EDGE_CURVE('',#2310,#1544,#2333,.T.);
#2333 = SURFACE_CURVE('',#2334,(#2338,#2345),.PCURVE_S1.);
#2334 = LINE('',#2335,#2336);
#2335 = CARTESIAN_POINT('',(6.369501953125,7.042997994287,3.6));
#2336 = VECTOR('',#2337,1.);
#2337 = DIRECTION('',(0.,0.,1.));
#2338 = PCURVE('',#1602,#2339);
#2339 = DEFINITIONAL_REPRESENTATION('',(#2340),#2344);
#2340 = LINE('',#2341,#2342);
#2341 = CARTESIAN_POINT('',(0.,0.));
#2342 = VECTOR('',#2343,1.);
#2343 = DIRECTION('',(0.,-1.));
#2344 = ( GEOMETRIC_REPRESENTATION_CONTEXT(2) 
PARAMETRIC_REPRESENTATION_CONTEXT() REPRESENTATION_CONTEXT('2D SPACE',''
  ) );
#2345 = PCURVE('',#1565,#2346);
#2346 = DEFINITIONAL_REPRESENTATION('',(#2347),#2351);
#2347 = LINE('',#2348,#2349);
#2348 = CARTESIAN_POINT('',(1.,0.));
#2349 = VECTOR('',#2350,1.);
#2350 = DIRECTION('',(0.,-1.));
#2351 = ( GEOMETRIC_REPRESENTATION_CONTEXT(2) 
PARAMETRIC_REPRESENTATION_CONTEXT() REPRESENTATION_CONTEXT('2D SPACE',''
  ) );
#2352 = ORIENTED_EDGE('',*,*,#1582,.F.);
#2353 = ORIENTED_EDGE('',*,*,#2263,.F.);
#2354 = ADVANCED_FACE('',(#2355),#1565,.F.);
#2355 = FACE_BOUND('',#2356,.F.);
#2356 = EDGE_LOOP('',(#2357,#2380,#2401,#2402));
#2357 = ORIENTED_EDGE('',*,*,#2358,.F.);
#2358 = EDGE_CURVE('',#2359,#2310,#2361,.T.);
#2359 = VERTEX_POINT('',#2360);
#2360 = CARTESIAN_POINT('',(6.450502929688,7.352001900537,3.6));
#2361 = SURFACE_CURVE('',#2362,(#2366,#2373),.PCURVE_S1.);
#2362 = B_SPLINE_CURVE_WITH_KNOTS('',2,(#2363,#2364,#2365),
  .UNSPECIFIED.,.F.,.F.,(3,3),(0.,1.),.PIECEWISE_BEZIER_KNOTS.);
#2363 = CARTESIAN_POINT('',(6.450502929688,7.352001900537,3.6));
#2364 = CARTESIAN_POINT('',(6.450502929688,7.165996041162,3.6));
#2365 = CARTESIAN_POINT('',(6.369501953125,7.042997994287,3.6));
#2366 = PCURVE('',#1565,#2367);
#2367 = DEFINITIONAL_REPRESENTATION('',(#2368),#2372);
#2368 = LINE('',#2369,#2370);
#2369 = CARTESIAN_POINT('',(0.,0.));
#2370 = VECTOR('',#2371,1.);
#2371 = DIRECTION('',(1.,0.));
#2372 = ( GEOMETRIC_REPRESENTATION_CONTEXT(2) 
PARAMETRIC_REPRESENTATION_CONTEXT() REPRESENTATION_CONTEXT('2D SPACE',''
  ) );
#2373 = PCURVE('',#2251,#2374);
#2374 = DEFINITIONAL_REPRESENTATION('',(#2375),#2379);
#2375 = B_SPLINE_CURVE_WITH_KNOTS('',2,(#2376,#2377,#2378),
  .UNSPECIFIED.,.F.,.F.,(3,3),(0.,1.),.PIECEWISE_BEZIER_KNOTS.);
#2376 = CARTESIAN_POINT('',(1.91400390625,1.602001953125));
#2377 = CARTESIAN_POINT('',(1.91400390625,1.41599609375));
#2378 = CARTESIAN_POINT('',(1.833002929687,1.292998046875));
#2379 = ( GEOMETRIC_REPRESENTATION_CONTEXT(2) 
PARAMETRIC_REPRESENTATION_CONTEXT() REPRESENTATION_CONTEXT('2D SPACE',''
  ) );
#2380 = ORIENTED_EDGE('',*,*,#2381,.T.);
#2381 = EDGE_CURVE('',#2359,#1493,#2382,.T.);
#2382 = SURFACE_CURVE('',#2383,(#2387,#2394),.PCURVE_S1.);
#2383 = LINE('',#2384,#2385);
#2384 = CARTESIAN_POINT('',(6.450502929687,7.352001900537,3.6));
#2385 = VECTOR('',#2386,1.);
#2386 = DIRECTION('',(0.,0.,1.));
#2387 = PCURVE('',#1565,#2388);
#2388 = DEFINITIONAL_REPRESENTATION('',(#2389),#2393);
#2389 = LINE('',#2390,#2391);
#2390 = CARTESIAN_POINT('',(0.,0.));
#2391 = VECTOR('',#2392,1.);
#2392 = DIRECTION('',(0.,-1.));
#2393 = ( GEOMETRIC_REPRESENTATION_CONTEXT(2) 
PARAMETRIC_REPRESENTATION_CONTEXT() REPRESENTATION_CONTEXT('2D SPACE',''
  ) );
#2394 = PCURVE('',#1522,#2395);
#2395 = DEFINITIONAL_REPRESENTATION('',(#2396),#2400);
#2396 = LINE('',#2397,#2398);
#2397 = CARTESIAN_POINT('',(1.,0.));
#2398 = VECTOR('',#2399,1.);
#2399 = DIRECTION('',(0.,-1.));
#2400 = ( GEOMETRIC_REPRESENTATION_CONTEXT(2) 
PARAMETRIC_REPRESENTATION_CONTEXT() REPRESENTATION_CONTEXT('2D SPACE',''
  ) );
#2401 = ORIENTED_EDGE('',*,*,#1543,.F.);
#2402 = ORIENTED_EDGE('',*,*,#2332,.F.);
#2403 = ADVANCED_FACE('',(#2404),#1522,.F.);
#2404 = FACE_BOUND('',#2405,.F.);
#2405 = EDGE_LOOP('',(#2406,#2429,#2450,#2451));
#2406 = ORIENTED_EDGE('',*,*,#2407,.F.);
#2407 = EDGE_CURVE('',#2408,#2359,#2410,.T.);
#2408 = VERTEX_POINT('',#2409);
#2409 = CARTESIAN_POINT('',(6.278002929688,7.7855028771,3.6));
#2410 = SURFACE_CURVE('',#2411,(#2415,#2422),.PCURVE_S1.);
#2411 = B_SPLINE_CURVE_WITH_KNOTS('',2,(#2412,#2413,#2414),
  .UNSPECIFIED.,.F.,.F.,(3,3),(0.,1.),.PIECEWISE_BEZIER_KNOTS.);
#2412 = CARTESIAN_POINT('',(6.278002929688,7.7855028771,3.6));
#2413 = CARTESIAN_POINT('',(6.450502929688,7.634003853662,3.6));
#2414 = CARTESIAN_POINT('',(6.450502929688,7.352001900537,3.6));
#2415 = PCURVE('',#1522,#2416);
#2416 = DEFINITIONAL_REPRESENTATION('',(#2417),#2421);
#2417 = LINE('',#2418,#2419);
#2418 = CARTESIAN_POINT('',(0.,0.));
#2419 = VECTOR('',#2420,1.);
#2420 = DIRECTION('',(1.,0.));
#2421 = ( GEOMETRIC_REPRESENTATION_CONTEXT(2) 
PARAMETRIC_REPRESENTATION_CONTEXT() REPRESENTATION_CONTEXT('2D SPACE',''
  ) );
#2422 = PCURVE('',#2251,#2423);
#2423 = DEFINITIONAL_REPRESENTATION('',(#2424),#2428);
#2424 = B_SPLINE_CURVE_WITH_KNOTS('',2,(#2425,#2426,#2427),
  .UNSPECIFIED.,.F.,.F.,(3,3),(0.,1.),.PIECEWISE_BEZIER_KNOTS.);
#2425 = CARTESIAN_POINT('',(1.74150390625,2.035502929687));
#2426 = CARTESIAN_POINT('',(1.91400390625,1.88400390625));
#2427 = CARTESIAN_POINT('',(1.91400390625,1.602001953125));
#2428 = ( GEOMETRIC_REPRESENTATION_CONTEXT(2) 
PARAMETRIC_REPRESENTATION_CONTEXT() REPRESENTATION_CONTEXT('2D SPACE',''
  ) );
#2429 = ORIENTED_EDGE('',*,*,#2430,.T.);
#2430 = EDGE_CURVE('',#2408,#1442,#2431,.T.);
#2431 = SURFACE_CURVE('',#2432,(#2436,#2443),.PCURVE_S1.);
#2432 = LINE('',#2433,#2434);
#2433 = CARTESIAN_POINT('',(6.278002929687,7.7855028771,3.6));
#2434 = VECTOR('',#2435,1.);
#2435 = DIRECTION('',(0.,0.,1.));
#2436 = PCURVE('',#1522,#2437);
#2437 = DEFINITIONAL_REPRESENTATION('',(#2438),#2442);
#2438 = LINE('',#2439,#2440);
#2439 = CARTESIAN_POINT('',(0.,0.));
#2440 = VECTOR('',#2441,1.);
#2441 = DIRECTION('',(0.,-1.));
#2442 = ( GEOMETRIC_REPRESENTATION_CONTEXT(2) 
PARAMETRIC_REPRESENTATION_CONTEXT() REPRESENTATION_CONTEXT('2D SPACE',''
  ) );
#2443 = PCURVE('',#1471,#2444);
#2444 = DEFINITIONAL_REPRESENTATION('',(#2445),#2449);
#2445 = LINE('',#2446,#2447);
#2446 = CARTESIAN_POINT('',(1.,0.));
#2447 = VECTOR('',#2448,1.);
#2448 = DIRECTION('',(0.,-1.));
#2449 = ( GEOMETRIC_REPRESENTATION_CONTEXT(2) 
PARAMETRIC_REPRESENTATION_CONTEXT() REPRESENTATION_CONTEXT('2D SPACE',''
  ) );
#2450 = ORIENTED_EDGE('',*,*,#1492,.F.);
#2451 = ORIENTED_EDGE('',*,*,#2381,.F.);
#2452 = ADVANCED_FACE('',(#2453),#1471,.F.);
#2453 = FACE_BOUND('',#2454,.F.);
#2454 = EDGE_LOOP('',(#2455,#2478,#2499,#2500));
#2455 = ORIENTED_EDGE('',*,*,#2456,.F.);
#2456 = EDGE_CURVE('',#2457,#2408,#2459,.T.);
#2457 = VERTEX_POINT('',#2458);
#2458 = CARTESIAN_POINT('',(5.784497070312,7.937001900537,3.6));
#2459 = SURFACE_CURVE('',#2460,(#2464,#2471),.PCURVE_S1.);
#2460 = B_SPLINE_CURVE_WITH_KNOTS('',2,(#2461,#2462,#2463),
  .UNSPECIFIED.,.F.,.F.,(3,3),(0.,1.),.PIECEWISE_BEZIER_KNOTS.);
#2461 = CARTESIAN_POINT('',(5.784497070312,7.937001900537,3.6));
#2462 = CARTESIAN_POINT('',(6.105502929688,7.937001900537,3.6));
#2463 = CARTESIAN_POINT('',(6.278002929688,7.7855028771,3.6));
#2464 = PCURVE('',#1471,#2465);
#2465 = DEFINITIONAL_REPRESENTATION('',(#2466),#2470);
#2466 = LINE('',#2467,#2468);
#2467 = CARTESIAN_POINT('',(0.,0.));
#2468 = VECTOR('',#2469,1.);
#2469 = DIRECTION('',(1.,0.));
#2470 = ( GEOMETRIC_REPRESENTATION_CONTEXT(2) 
PARAMETRIC_REPRESENTATION_CONTEXT() REPRESENTATION_CONTEXT('2D SPACE',''
  ) );
#2471 = PCURVE('',#2251,#2472);
#2472 = DEFINITIONAL_REPRESENTATION('',(#2473),#2477);
#2473 = B_SPLINE_CURVE_WITH_KNOTS('',2,(#2474,#2475,#2476),
  .UNSPECIFIED.,.F.,.F.,(3,3),(0.,1.),.PIECEWISE_BEZIER_KNOTS.);
#2474 = CARTESIAN_POINT('',(1.247998046875,2.187001953125));
#2475 = CARTESIAN_POINT('',(1.56900390625,2.187001953125));
#2476 = CARTESIAN_POINT('',(1.74150390625,2.035502929687));
#2477 = ( GEOMETRIC_REPRESENTATION_CONTEXT(2) 
PARAMETRIC_REPRESENTATION_CONTEXT() REPRESENTATION_CONTEXT('2D SPACE',''
  ) );
#2478 = ORIENTED_EDGE('',*,*,#2479,.T.);
#2479 = EDGE_CURVE('',#2457,#1414,#2480,.T.);
#2480 = SURFACE_CURVE('',#2481,(#2485,#2492),.PCURVE_S1.);
#2481 = LINE('',#2482,#2483);
#2482 = CARTESIAN_POINT('',(5.784497070312,7.937001900537,3.6));
#2483 = VECTOR('',#2484,1.);
#2484 = DIRECTION('',(0.,0.,1.));
#2485 = PCURVE('',#1471,#2486);
#2486 = DEFINITIONAL_REPRESENTATION('',(#2487),#2491);
#2487 = LINE('',#2488,#2489);
#2488 = CARTESIAN_POINT('',(0.,0.));
#2489 = VECTOR('',#2490,1.);
#2490 = DIRECTION('',(0.,-1.));
#2491 = ( GEOMETRIC_REPRESENTATION_CONTEXT(2) 
PARAMETRIC_REPRESENTATION_CONTEXT() REPRESENTATION_CONTEXT('2D SPACE',''
  ) );
#2492 = PCURVE('',#1429,#2493);
#2493 = DEFINITIONAL_REPRESENTATION('',(#2494),#2498);
#2494 = LINE('',#2495,#2496);
#2495 = CARTESIAN_POINT('',(1.007998046875,0.));
#2496 = VECTOR('',#2497,1.);
#2497 = DIRECTION('',(0.,-1.));
#2498 = ( GEOMETRIC_REPRESENTATION_CONTEXT(2) 
PARAMETRIC_REPRESENTATION_CONTEXT() REPRESENTATION_CONTEXT('2D SPACE',''
  ) );
#2499 = ORIENTED_EDGE('',*,*,#1441,.F.);
#2500 = ORIENTED_EDGE('',*,*,#2430,.F.);
#2501 = ADVANCED_FACE('',(#2502),#1429,.F.);
#2502 = FACE_BOUND('',#2503,.F.);
#2503 = EDGE_LOOP('',(#2504,#2527,#2548,#2549));
#2504 = ORIENTED_EDGE('',*,*,#2505,.F.);
#2505 = EDGE_CURVE('',#2506,#2457,#2508,.T.);
#2506 = VERTEX_POINT('',#2507);
#2507 = CARTESIAN_POINT('',(4.776499023437,7.937001900537,3.6));
#2508 = SURFACE_CURVE('',#2509,(#2513,#2520),.PCURVE_S1.);
#2509 = LINE('',#2510,#2511);
#2510 = CARTESIAN_POINT('',(4.776499023437,7.937001900537,3.6));
#2511 = VECTOR('',#2512,1.);
#2512 = DIRECTION('',(1.,0.,0.));
#2513 = PCURVE('',#1429,#2514);
#2514 = DEFINITIONAL_REPRESENTATION('',(#2515),#2519);
#2515 = LINE('',#2516,#2517);
#2516 = CARTESIAN_POINT('',(0.,0.));
#2517 = VECTOR('',#2518,1.);
#2518 = DIRECTION('',(1.,0.));
#2519 = ( GEOMETRIC_REPRESENTATION_CONTEXT(2) 
PARAMETRIC_REPRESENTATION_CONTEXT() REPRESENTATION_CONTEXT('2D SPACE',''
  ) );
#2520 = PCURVE('',#2251,#2521);
#2521 = DEFINITIONAL_REPRESENTATION('',(#2522),#2526);
#2522 = LINE('',#2523,#2524);
#2523 = CARTESIAN_POINT('',(0.24,2.187001953125));
#2524 = VECTOR('',#2525,1.);
#2525 = DIRECTION('',(1.,0.));
#2526 = ( GEOMETRIC_REPRESENTATION_CONTEXT(2) 
PARAMETRIC_REPRESENTATION_CONTEXT() REPRESENTATION_CONTEXT('2D SPACE',''
  ) );
#2527 = ORIENTED_EDGE('',*,*,#2528,.T.);
#2528 = EDGE_CURVE('',#2506,#1386,#2529,.T.);
#2529 = SURFACE_CURVE('',#2530,(#2534,#2541),.PCURVE_S1.);
#2530 = LINE('',#2531,#2532);
#2531 = CARTESIAN_POINT('',(4.776499023437,7.937001900537,3.6));
#2532 = VECTOR('',#2533,1.);
#2533 = DIRECTION('',(0.,0.,1.));
#2534 = PCURVE('',#1429,#2535);
#2535 = DEFINITIONAL_REPRESENTATION('',(#2536),#2540);
#2536 = LINE('',#2537,#2538);
#2537 = CARTESIAN_POINT('',(0.,0.));
#2538 = VECTOR('',#2539,1.);
#2539 = DIRECTION('',(0.,-1.));
#2540 = ( GEOMETRIC_REPRESENTATION_CONTEXT(2) 
PARAMETRIC_REPRESENTATION_CONTEXT() REPRESENTATION_CONTEXT('2D SPACE',''
  ) );
#2541 = PCURVE('',#1401,#2542);
#2542 = DEFINITIONAL_REPRESENTATION('',(#2543),#2547);
#2543 = LINE('',#2544,#2545);
#2544 = CARTESIAN_POINT('',(2.187001953125,0.));
#2545 = VECTOR('',#2546,1.);
#2546 = DIRECTION('',(0.,-1.));
#2547 = ( GEOMETRIC_REPRESENTATION_CONTEXT(2) 
PARAMETRIC_REPRESENTATION_CONTEXT() REPRESENTATION_CONTEXT('2D SPACE',''
  ) );
#2548 = ORIENTED_EDGE('',*,*,#1413,.F.);
#2549 = ORIENTED_EDGE('',*,*,#2479,.F.);
#2550 = ADVANCED_FACE('',(#2551),#1401,.F.);
#2551 = FACE_BOUND('',#2552,.F.);
#2552 = EDGE_LOOP('',(#2553,#2576,#2597,#2598));
#2553 = ORIENTED_EDGE('',*,*,#2554,.F.);
#2554 = EDGE_CURVE('',#2555,#2506,#2557,.T.);
#2555 = VERTEX_POINT('',#2556);
#2556 = CARTESIAN_POINT('',(4.776499023437,5.749999947412,3.6));
#2557 = SURFACE_CURVE('',#2558,(#2562,#2569),.PCURVE_S1.);
#2558 = LINE('',#2559,#2560);
#2559 = CARTESIAN_POINT('',(4.776499023437,5.749999947412,3.6));
#2560 = VECTOR('',#2561,1.);
#2561 = DIRECTION('',(0.,1.,0.));
#2562 = PCURVE('',#1401,#2563);
#2563 = DEFINITIONAL_REPRESENTATION('',(#2564),#2568);
#2564 = LINE('',#2565,#2566);
#2565 = CARTESIAN_POINT('',(0.,0.));
#2566 = VECTOR('',#2567,1.);
#2567 = DIRECTION('',(1.,0.));
#2568 = ( GEOMETRIC_REPRESENTATION_CONTEXT(2) 
PARAMETRIC_REPRESENTATION_CONTEXT() REPRESENTATION_CONTEXT('2D SPACE',''
  ) );
#2569 = PCURVE('',#2251,#2570);
#2570 = DEFINITIONAL_REPRESENTATION('',(#2571),#2575);
#2571 = LINE('',#2572,#2573);
#2572 = CARTESIAN_POINT('',(0.24,0.));
#2573 = VECTOR('',#2574,1.);
#2574 = DIRECTION('',(0.,1.));
#2575 = ( GEOMETRIC_REPRESENTATION_CONTEXT(2) 
PARAMETRIC_REPRESENTATION_CONTEXT() REPRESENTATION_CONTEXT('2D SPACE',''
  ) );
#2576 = ORIENTED_EDGE('',*,*,#2577,.T.);
#2577 = EDGE_CURVE('',#2555,#1358,#2578,.T.);
#2578 = SURFACE_CURVE('',#2579,(#2583,#2590),.PCURVE_S1.);
#2579 = LINE('',#2580,#2581);
#2580 = CARTESIAN_POINT('',(4.776499023437,5.749999947412,3.6));
#2581 = VECTOR('',#2582,1.);
#2582 = DIRECTION('',(0.,0.,1.));
#2583 = PCURVE('',#1401,#2584);
#2584 = DEFINITIONAL_REPRESENTATION('',(#2585),#2589);
#2585 = LINE('',#2586,#2587);
#2586 = CARTESIAN_POINT('',(0.,0.));
#2587 = VECTOR('',#2588,1.);
#2588 = DIRECTION('',(0.,-1.));
#2589 = ( GEOMETRIC_REPRESENTATION_CONTEXT(2) 
PARAMETRIC_REPRESENTATION_CONTEXT() REPRESENTATION_CONTEXT('2D SPACE',''
  ) );
#2590 = PCURVE('',#1373,#2591);
#2591 = DEFINITIONAL_REPRESENTATION('',(#2592),#2596);
#2592 = LINE('',#2593,#2594);
#2593 = CARTESIAN_POINT('',(0.27900390625,0.));
#2594 = VECTOR('',#2595,1.);
#2595 = DIRECTION('',(0.,-1.));
#2596 = ( GEOMETRIC_REPRESENTATION_CONTEXT(2) 
PARAMETRIC_REPRESENTATION_CONTEXT() REPRESENTATION_CONTEXT('2D SPACE',''
  ) );
#2597 = ORIENTED_EDGE('',*,*,#1385,.F.);
#2598 = ORIENTED_EDGE('',*,*,#2528,.F.);
#2599 = ADVANCED_FACE('',(#2600),#1373,.F.);
#2600 = FACE_BOUND('',#2601,.F.);
#2601 = EDGE_LOOP('',(#2602,#2625,#2646,#2647));
#2602 = ORIENTED_EDGE('',*,*,#2603,.F.);
#2603 = EDGE_CURVE('',#2604,#2555,#2606,.T.);
#2604 = VERTEX_POINT('',#2605);
#2605 = CARTESIAN_POINT('',(5.055502929688,5.749999947412,3.6));
#2606 = SURFACE_CURVE('',#2607,(#2611,#2618),.PCURVE_S1.);
#2607 = LINE('',#2608,#2609);
#2608 = CARTESIAN_POINT('',(5.055502929688,5.749999947412,3.6));
#2609 = VECTOR('',#2610,1.);
#2610 = DIRECTION('',(-1.,0.,0.));
#2611 = PCURVE('',#1373,#2612);
#2612 = DEFINITIONAL_REPRESENTATION('',(#2613),#2617);
#2613 = LINE('',#2614,#2615);
#2614 = CARTESIAN_POINT('',(-1.42108547152E-14,-0.));
#2615 = VECTOR('',#2616,1.);
#2616 = DIRECTION('',(1.,0.));
#2617 = ( GEOMETRIC_REPRESENTATION_CONTEXT(2) 
PARAMETRIC_REPRESENTATION_CONTEXT() REPRESENTATION_CONTEXT('2D SPACE',''
  ) );
#2618 = PCURVE('',#2251,#2619);
#2619 = DEFINITIONAL_REPRESENTATION('',(#2620),#2624);
#2620 = LINE('',#2621,#2622);
#2621 = CARTESIAN_POINT('',(0.51900390625,0.));
#2622 = VECTOR('',#2623,1.);
#2623 = DIRECTION('',(-1.,0.));
#2624 = ( GEOMETRIC_REPRESENTATION_CONTEXT(2) 
PARAMETRIC_REPRESENTATION_CONTEXT() REPRESENTATION_CONTEXT('2D SPACE',''
  ) );
#2625 = ORIENTED_EDGE('',*,*,#2626,.T.);
#2626 = EDGE_CURVE('',#2604,#1330,#2627,.T.);
#2627 = SURFACE_CURVE('',#2628,(#2632,#2639),.PCURVE_S1.);
#2628 = LINE('',#2629,#2630);
#2629 = CARTESIAN_POINT('',(5.055502929687,5.749999947412,3.6));
#2630 = VECTOR('',#2631,1.);
#2631 = DIRECTION('',(0.,0.,1.));
#2632 = PCURVE('',#1373,#2633);
#2633 = DEFINITIONAL_REPRESENTATION('',(#2634),#2638);
#2634 = LINE('',#2635,#2636);
#2635 = CARTESIAN_POINT('',(0.,-0.));
#2636 = VECTOR('',#2637,1.);
#2637 = DIRECTION('',(0.,-1.));
#2638 = ( GEOMETRIC_REPRESENTATION_CONTEXT(2) 
PARAMETRIC_REPRESENTATION_CONTEXT() REPRESENTATION_CONTEXT('2D SPACE',''
  ) );
#2639 = PCURVE('',#1345,#2640);
#2640 = DEFINITIONAL_REPRESENTATION('',(#2641),#2645);
#2641 = LINE('',#2642,#2643);
#2642 = CARTESIAN_POINT('',(0.942001953125,0.));
#2643 = VECTOR('',#2644,1.);
#2644 = DIRECTION('',(0.,-1.));
#2645 = ( GEOMETRIC_REPRESENTATION_CONTEXT(2) 
PARAMETRIC_REPRESENTATION_CONTEXT() REPRESENTATION_CONTEXT('2D SPACE',''
  ) );
#2646 = ORIENTED_EDGE('',*,*,#1357,.F.);
#2647 = ORIENTED_EDGE('',*,*,#2577,.F.);
#2648 = ADVANCED_FACE('',(#2649),#1345,.F.);
#2649 = FACE_BOUND('',#2650,.F.);
#2650 = EDGE_LOOP('',(#2651,#2674,#2695,#2696));
#2651 = ORIENTED_EDGE('',*,*,#2652,.F.);
#2652 = EDGE_CURVE('',#2653,#2604,#2655,.T.);
#2653 = VERTEX_POINT('',#2654);
#2654 = CARTESIAN_POINT('',(5.055502929688,6.692001900537,3.6));
#2655 = SURFACE_CURVE('',#2656,(#2660,#2667),.PCURVE_S1.);
#2656 = LINE('',#2657,#2658);
#2657 = CARTESIAN_POINT('',(5.055502929688,6.692001900537,3.6));
#2658 = VECTOR('',#2659,1.);
#2659 = DIRECTION('',(0.,-1.,0.));
#2660 = PCURVE('',#1345,#2661);
#2661 = DEFINITIONAL_REPRESENTATION('',(#2662),#2666);
#2662 = LINE('',#2663,#2664);
#2663 = CARTESIAN_POINT('',(0.,0.));
#2664 = VECTOR('',#2665,1.);
#2665 = DIRECTION('',(1.,0.));
#2666 = ( GEOMETRIC_REPRESENTATION_CONTEXT(2) 
PARAMETRIC_REPRESENTATION_CONTEXT() REPRESENTATION_CONTEXT('2D SPACE',''
  ) );
#2667 = PCURVE('',#2251,#2668);
#2668 = DEFINITIONAL_REPRESENTATION('',(#2669),#2673);
#2669 = LINE('',#2670,#2671);
#2670 = CARTESIAN_POINT('',(0.51900390625,0.942001953125));
#2671 = VECTOR('',#2672,1.);
#2672 = DIRECTION('',(0.,-1.));
#2673 = ( GEOMETRIC_REPRESENTATION_CONTEXT(2) 
PARAMETRIC_REPRESENTATION_CONTEXT() REPRESENTATION_CONTEXT('2D SPACE',''
  ) );
#2674 = ORIENTED_EDGE('',*,*,#2675,.T.);
#2675 = EDGE_CURVE('',#2653,#1302,#2676,.T.);
#2676 = SURFACE_CURVE('',#2677,(#2681,#2688),.PCURVE_S1.);
#2677 = LINE('',#2678,#2679);
#2678 = CARTESIAN_POINT('',(5.055502929687,6.692001900537,3.6));
#2679 = VECTOR('',#2680,1.);
#2680 = DIRECTION('',(0.,0.,1.));
#2681 = PCURVE('',#1345,#2682);
#2682 = DEFINITIONAL_REPRESENTATION('',(#2683),#2687);
#2683 = LINE('',#2684,#2685);
#2684 = CARTESIAN_POINT('',(0.,0.));
#2685 = VECTOR('',#2686,1.);
#2686 = DIRECTION('',(0.,-1.));
#2687 = ( GEOMETRIC_REPRESENTATION_CONTEXT(2) 
PARAMETRIC_REPRESENTATION_CONTEXT() REPRESENTATION_CONTEXT('2D SPACE',''
  ) );
#2688 = PCURVE('',#1317,#2689);
#2689 = DEFINITIONAL_REPRESENTATION('',(#2690),#2694);
#2690 = LINE('',#2691,#2692);
#2691 = CARTESIAN_POINT('',(0.72,0.));
#2692 = VECTOR('',#2693,1.);
#2693 = DIRECTION('',(0.,-1.));
#2694 = ( GEOMETRIC_REPRESENTATION_CONTEXT(2) 
PARAMETRIC_REPRESENTATION_CONTEXT() REPRESENTATION_CONTEXT('2D SPACE',''
  ) );
#2695 = ORIENTED_EDGE('',*,*,#1329,.F.);
#2696 = ORIENTED_EDGE('',*,*,#2626,.F.);
#2697 = ADVANCED_FACE('',(#2698),#1317,.F.);
#2698 = FACE_BOUND('',#2699,.F.);
#2699 = EDGE_LOOP('',(#2700,#2723,#2744,#2745));
#2700 = ORIENTED_EDGE('',*,*,#2701,.F.);
#2701 = EDGE_CURVE('',#2702,#2653,#2704,.T.);
#2702 = VERTEX_POINT('',#2703);
#2703 = CARTESIAN_POINT('',(5.775502929688,6.692001900537,3.6));
#2704 = SURFACE_CURVE('',#2705,(#2709,#2716),.PCURVE_S1.);
#2705 = LINE('',#2706,#2707);
#2706 = CARTESIAN_POINT('',(5.775502929688,6.692001900537,3.6));
#2707 = VECTOR('',#2708,1.);
#2708 = DIRECTION('',(-1.,0.,0.));
#2709 = PCURVE('',#1317,#2710);
#2710 = DEFINITIONAL_REPRESENTATION('',(#2711),#2715);
#2711 = LINE('',#2712,#2713);
#2712 = CARTESIAN_POINT('',(-1.42108547152E-14,-0.));
#2713 = VECTOR('',#2714,1.);
#2714 = DIRECTION('',(1.,0.));
#2715 = ( GEOMETRIC_REPRESENTATION_CONTEXT(2) 
PARAMETRIC_REPRESENTATION_CONTEXT() REPRESENTATION_CONTEXT('2D SPACE',''
  ) );
#2716 = PCURVE('',#2251,#2717);
#2717 = DEFINITIONAL_REPRESENTATION('',(#2718),#2722);
#2718 = LINE('',#2719,#2720);
#2719 = CARTESIAN_POINT('',(1.23900390625,0.942001953125));
#2720 = VECTOR('',#2721,1.);
#2721 = DIRECTION('',(-1.,0.));
#2722 = ( GEOMETRIC_REPRESENTATION_CONTEXT(2) 
PARAMETRIC_REPRESENTATION_CONTEXT() REPRESENTATION_CONTEXT('2D SPACE',''
  ) );
#2723 = ORIENTED_EDGE('',*,*,#2724,.T.);
#2724 = EDGE_CURVE('',#2702,#1263,#2725,.T.);
#2725 = SURFACE_CURVE('',#2726,(#2730,#2737),.PCURVE_S1.);
#2726 = LINE('',#2727,#2728);
#2727 = CARTESIAN_POINT('',(5.775502929687,6.692001900537,3.6));
#2728 = VECTOR('',#2729,1.);
#2729 = DIRECTION('',(0.,0.,1.));
#2730 = PCURVE('',#1317,#2731);
#2731 = DEFINITIONAL_REPRESENTATION('',(#2732),#2736);
#2732 = LINE('',#2733,#2734);
#2733 = CARTESIAN_POINT('',(0.,-0.));
#2734 = VECTOR('',#2735,1.);
#2735 = DIRECTION('',(0.,-1.));
#2736 = ( GEOMETRIC_REPRESENTATION_CONTEXT(2) 
PARAMETRIC_REPRESENTATION_CONTEXT() REPRESENTATION_CONTEXT('2D SPACE',''
  ) );
#2737 = PCURVE('',#1284,#2738);
#2738 = DEFINITIONAL_REPRESENTATION('',(#2739),#2743);
#2739 = LINE('',#2740,#2741);
#2740 = CARTESIAN_POINT('',(1.,0.));
#2741 = VECTOR('',#2742,1.);
#2742 = DIRECTION('',(0.,-1.));
#2743 = ( GEOMETRIC_REPRESENTATION_CONTEXT(2) 
PARAMETRIC_REPRESENTATION_CONTEXT() REPRESENTATION_CONTEXT('2D SPACE',''
  ) );
#2744 = ORIENTED_EDGE('',*,*,#1301,.F.);
#2745 = ORIENTED_EDGE('',*,*,#2675,.F.);
#2746 = ADVANCED_FACE('',(#2747),#1284,.F.);
#2747 = FACE_BOUND('',#2748,.F.);
#2748 = EDGE_LOOP('',(#2749,#2772,#2793,#2794));
#2749 = ORIENTED_EDGE('',*,*,#2750,.F.);
#2750 = EDGE_CURVE('',#2751,#2702,#2753,.T.);
#2751 = VERTEX_POINT('',#2752);
#2752 = CARTESIAN_POINT('',(6.048500976562,6.597499947412,3.6));
#2753 = SURFACE_CURVE('',#2754,(#2758,#2765),.PCURVE_S1.);
#2754 = B_SPLINE_CURVE_WITH_KNOTS('',2,(#2755,#2756,#2757),
  .UNSPECIFIED.,.F.,.F.,(3,3),(0.,1.),.PIECEWISE_BEZIER_KNOTS.);
#2755 = CARTESIAN_POINT('',(6.048500976562,6.597499947412,3.6));
#2756 = CARTESIAN_POINT('',(5.961499023437,6.692001900537,3.6));
#2757 = CARTESIAN_POINT('',(5.775502929688,6.692001900537,3.6));
#2758 = PCURVE('',#1284,#2759);
#2759 = DEFINITIONAL_REPRESENTATION('',(#2760),#2764);
#2760 = LINE('',#2761,#2762);
#2761 = CARTESIAN_POINT('',(0.,0.));
#2762 = VECTOR('',#2763,1.);
#2763 = DIRECTION('',(1.,0.));
#2764 = ( GEOMETRIC_REPRESENTATION_CONTEXT(2) 
PARAMETRIC_REPRESENTATION_CONTEXT() REPRESENTATION_CONTEXT('2D SPACE',''
  ) );
#2765 = PCURVE('',#2251,#2766);
#2766 = DEFINITIONAL_REPRESENTATION('',(#2767),#2771);
#2767 = B_SPLINE_CURVE_WITH_KNOTS('',2,(#2768,#2769,#2770),
  .UNSPECIFIED.,.F.,.F.,(3,3),(0.,1.),.PIECEWISE_BEZIER_KNOTS.);
#2768 = CARTESIAN_POINT('',(1.512001953125,0.8475));
#2769 = CARTESIAN_POINT('',(1.425,0.942001953125));
#2770 = CARTESIAN_POINT('',(1.23900390625,0.942001953125));
#2771 = ( GEOMETRIC_REPRESENTATION_CONTEXT(2) 
PARAMETRIC_REPRESENTATION_CONTEXT() REPRESENTATION_CONTEXT('2D SPACE',''
  ) );
#2772 = ORIENTED_EDGE('',*,*,#2773,.T.);
#2773 = EDGE_CURVE('',#2751,#1224,#2774,.T.);
#2774 = SURFACE_CURVE('',#2775,(#2779,#2786),.PCURVE_S1.);
#2775 = LINE('',#2776,#2777);
#2776 = CARTESIAN_POINT('',(6.048500976562,6.597499947412,3.6));
#2777 = VECTOR('',#2778,1.);
#2778 = DIRECTION('',(0.,0.,1.));
#2779 = PCURVE('',#1284,#2780);
#2780 = DEFINITIONAL_REPRESENTATION('',(#2781),#2785);
#2781 = LINE('',#2782,#2783);
#2782 = CARTESIAN_POINT('',(0.,0.));
#2783 = VECTOR('',#2784,1.);
#2784 = DIRECTION('',(0.,-1.));
#2785 = ( GEOMETRIC_REPRESENTATION_CONTEXT(2) 
PARAMETRIC_REPRESENTATION_CONTEXT() REPRESENTATION_CONTEXT('2D SPACE',''
  ) );
#2786 = PCURVE('',#1245,#2787);
#2787 = DEFINITIONAL_REPRESENTATION('',(#2788),#2792);
#2788 = LINE('',#2789,#2790);
#2789 = CARTESIAN_POINT('',(1.,0.));
#2790 = VECTOR('',#2791,1.);
#2791 = DIRECTION('',(0.,-1.));
#2792 = ( GEOMETRIC_REPRESENTATION_CONTEXT(2) 
PARAMETRIC_REPRESENTATION_CONTEXT() REPRESENTATION_CONTEXT('2D SPACE',''
  ) );
#2793 = ORIENTED_EDGE('',*,*,#1262,.F.);
#2794 = ORIENTED_EDGE('',*,*,#2724,.F.);
#2795 = ADVANCED_FACE('',(#2796),#1245,.F.);
#2796 = FACE_BOUND('',#2797,.F.);
#2797 = EDGE_LOOP('',(#2798,#2821,#2842,#2843));
#2798 = ORIENTED_EDGE('',*,*,#2799,.F.);
#2799 = EDGE_CURVE('',#2800,#2751,#2802,.T.);
#2800 = VERTEX_POINT('',#2801);
#2801 = CARTESIAN_POINT('',(6.135502929688,6.302001900537,3.6));
#2802 = SURFACE_CURVE('',#2803,(#2807,#2814),.PCURVE_S1.);
#2803 = B_SPLINE_CURVE_WITH_KNOTS('',2,(#2804,#2805,#2806),
  .UNSPECIFIED.,.F.,.F.,(3,3),(0.,1.),.PIECEWISE_BEZIER_KNOTS.);
#2804 = CARTESIAN_POINT('',(6.135502929688,6.302001900537,3.6));
#2805 = CARTESIAN_POINT('',(6.135502929688,6.502997994287,3.6));
#2806 = CARTESIAN_POINT('',(6.048500976562,6.597499947412,3.6));
#2807 = PCURVE('',#1245,#2808);
#2808 = DEFINITIONAL_REPRESENTATION('',(#2809),#2813);
#2809 = LINE('',#2810,#2811);
#2810 = CARTESIAN_POINT('',(0.,0.));
#2811 = VECTOR('',#2812,1.);
#2812 = DIRECTION('',(1.,0.));
#2813 = ( GEOMETRIC_REPRESENTATION_CONTEXT(2) 
PARAMETRIC_REPRESENTATION_CONTEXT() REPRESENTATION_CONTEXT('2D SPACE',''
  ) );
#2814 = PCURVE('',#2251,#2815);
#2815 = DEFINITIONAL_REPRESENTATION('',(#2816),#2820);
#2816 = B_SPLINE_CURVE_WITH_KNOTS('',2,(#2817,#2818,#2819),
  .UNSPECIFIED.,.F.,.F.,(3,3),(0.,1.),.PIECEWISE_BEZIER_KNOTS.);
#2817 = CARTESIAN_POINT('',(1.59900390625,0.552001953125));
#2818 = CARTESIAN_POINT('',(1.59900390625,0.752998046875));
#2819 = CARTESIAN_POINT('',(1.512001953125,0.8475));
#2820 = ( GEOMETRIC_REPRESENTATION_CONTEXT(2) 
PARAMETRIC_REPRESENTATION_CONTEXT() REPRESENTATION_CONTEXT('2D SPACE',''
  ) );
#2821 = ORIENTED_EDGE('',*,*,#2822,.T.);
#2822 = EDGE_CURVE('',#2800,#1196,#2823,.T.);
#2823 = SURFACE_CURVE('',#2824,(#2828,#2835),.PCURVE_S1.);
#2824 = LINE('',#2825,#2826);
#2825 = CARTESIAN_POINT('',(6.135502929687,6.302001900537,3.6));
#2826 = VECTOR('',#2827,1.);
#2827 = DIRECTION('',(0.,0.,1.));
#2828 = PCURVE('',#1245,#2829);
#2829 = DEFINITIONAL_REPRESENTATION('',(#2830),#2834);
#2830 = LINE('',#2831,#2832);
#2831 = CARTESIAN_POINT('',(0.,0.));
#2832 = VECTOR('',#2833,1.);
#2833 = DIRECTION('',(0.,-1.));
#2834 = ( GEOMETRIC_REPRESENTATION_CONTEXT(2) 
PARAMETRIC_REPRESENTATION_CONTEXT() REPRESENTATION_CONTEXT('2D SPACE',''
  ) );
#2835 = PCURVE('',#1211,#2836);
#2836 = DEFINITIONAL_REPRESENTATION('',(#2837),#2841);
#2837 = LINE('',#2838,#2839);
#2838 = CARTESIAN_POINT('',(0.195,0.));
#2839 = VECTOR('',#2840,1.);
#2840 = DIRECTION('',(0.,-1.));
#2841 = ( GEOMETRIC_REPRESENTATION_CONTEXT(2) 
PARAMETRIC_REPRESENTATION_CONTEXT() REPRESENTATION_CONTEXT('2D SPACE',''
  ) );
#2842 = ORIENTED_EDGE('',*,*,#1223,.F.);
#2843 = ORIENTED_EDGE('',*,*,#2773,.F.);
#2844 = ADVANCED_FACE('',(#2845),#1211,.F.);
#2845 = FACE_BOUND('',#2846,.F.);
#2846 = EDGE_LOOP('',(#2847,#2870,#2891,#2892));
#2847 = ORIENTED_EDGE('',*,*,#2848,.F.);
#2848 = EDGE_CURVE('',#2849,#2800,#2851,.T.);
#2849 = VERTEX_POINT('',#2850);
#2850 = CARTESIAN_POINT('',(6.135502929688,6.107001900537,3.6));
#2851 = SURFACE_CURVE('',#2852,(#2856,#2863),.PCURVE_S1.);
#2852 = LINE('',#2853,#2854);
#2853 = CARTESIAN_POINT('',(6.135502929688,6.107001900537,3.6));
#2854 = VECTOR('',#2855,1.);
#2855 = DIRECTION('',(0.,1.,0.));
#2856 = PCURVE('',#1211,#2857);
#2857 = DEFINITIONAL_REPRESENTATION('',(#2858),#2862);
#2858 = LINE('',#2859,#2860);
#2859 = CARTESIAN_POINT('',(1.42108547152E-14,0.));
#2860 = VECTOR('',#2861,1.);
#2861 = DIRECTION('',(1.,0.));
#2862 = ( GEOMETRIC_REPRESENTATION_CONTEXT(2) 
PARAMETRIC_REPRESENTATION_CONTEXT() REPRESENTATION_CONTEXT('2D SPACE',''
  ) );
#2863 = PCURVE('',#2251,#2864);
#2864 = DEFINITIONAL_REPRESENTATION('',(#2865),#2869);
#2865 = LINE('',#2866,#2867);
#2866 = CARTESIAN_POINT('',(1.59900390625,0.357001953125));
#2867 = VECTOR('',#2868,1.);
#2868 = DIRECTION('',(0.,1.));
#2869 = ( GEOMETRIC_REPRESENTATION_CONTEXT(2) 
PARAMETRIC_REPRESENTATION_CONTEXT() REPRESENTATION_CONTEXT('2D SPACE',''
  ) );
#2870 = ORIENTED_EDGE('',*,*,#2871,.T.);
#2871 = EDGE_CURVE('',#2849,#1157,#2872,.T.);
#2872 = SURFACE_CURVE('',#2873,(#2877,#2884),.PCURVE_S1.);
#2873 = LINE('',#2874,#2875);
#2874 = CARTESIAN_POINT('',(6.135502929687,6.107001900537,3.6));
#2875 = VECTOR('',#2876,1.);
#2876 = DIRECTION('',(0.,0.,1.));
#2877 = PCURVE('',#1211,#2878);
#2878 = DEFINITIONAL_REPRESENTATION('',(#2879),#2883);
#2879 = LINE('',#2880,#2881);
#2880 = CARTESIAN_POINT('',(0.,0.));
#2881 = VECTOR('',#2882,1.);
#2882 = DIRECTION('',(0.,-1.));
#2883 = ( GEOMETRIC_REPRESENTATION_CONTEXT(2) 
PARAMETRIC_REPRESENTATION_CONTEXT() REPRESENTATION_CONTEXT('2D SPACE',''
  ) );
#2884 = PCURVE('',#1178,#2885);
#2885 = DEFINITIONAL_REPRESENTATION('',(#2886),#2890);
#2886 = LINE('',#2887,#2888);
#2887 = CARTESIAN_POINT('',(1.,0.));
#2888 = VECTOR('',#2889,1.);
#2889 = DIRECTION('',(0.,-1.));
#2890 = ( GEOMETRIC_REPRESENTATION_CONTEXT(2) 
PARAMETRIC_REPRESENTATION_CONTEXT() REPRESENTATION_CONTEXT('2D SPACE',''
  ) );
#2891 = ORIENTED_EDGE('',*,*,#1195,.F.);
#2892 = ORIENTED_EDGE('',*,*,#2822,.F.);
#2893 = ADVANCED_FACE('',(#2894),#1178,.F.);
#2894 = FACE_BOUND('',#2895,.F.);
#2895 = EDGE_LOOP('',(#2896,#2919,#2940,#2941));
#2896 = ORIENTED_EDGE('',*,*,#2897,.F.);
#2897 = EDGE_CURVE('',#2898,#2849,#2900,.T.);
#2898 = VERTEX_POINT('',#2899);
#2899 = CARTESIAN_POINT('',(6.195502929688,5.749999947412,3.6));
#2900 = SURFACE_CURVE('',#2901,(#2905,#2912),.PCURVE_S1.);
#2901 = B_SPLINE_CURVE_WITH_KNOTS('',2,(#2902,#2903,#2904),
  .UNSPECIFIED.,.F.,.F.,(3,3),(0.,1.),.PIECEWISE_BEZIER_KNOTS.);
#2902 = CARTESIAN_POINT('',(6.195502929688,5.749999947412,3.6));
#2903 = CARTESIAN_POINT('',(6.135502929688,5.887997994287,3.6));
#2904 = CARTESIAN_POINT('',(6.135502929688,6.107001900537,3.6));
#2905 = PCURVE('',#1178,#2906);
#2906 = DEFINITIONAL_REPRESENTATION('',(#2907),#2911);
#2907 = LINE('',#2908,#2909);
#2908 = CARTESIAN_POINT('',(0.,0.));
#2909 = VECTOR('',#2910,1.);
#2910 = DIRECTION('',(1.,0.));
#2911 = ( GEOMETRIC_REPRESENTATION_CONTEXT(2) 
PARAMETRIC_REPRESENTATION_CONTEXT() REPRESENTATION_CONTEXT('2D SPACE',''
  ) );
#2912 = PCURVE('',#2251,#2913);
#2913 = DEFINITIONAL_REPRESENTATION('',(#2914),#2918);
#2914 = B_SPLINE_CURVE_WITH_KNOTS('',2,(#2915,#2916,#2917),
  .UNSPECIFIED.,.F.,.F.,(3,3),(0.,1.),.PIECEWISE_BEZIER_KNOTS.);
#2915 = CARTESIAN_POINT('',(1.65900390625,0.));
#2916 = CARTESIAN_POINT('',(1.59900390625,0.137998046875));
#2917 = CARTESIAN_POINT('',(1.59900390625,0.357001953125));
#2918 = ( GEOMETRIC_REPRESENTATION_CONTEXT(2) 
PARAMETRIC_REPRESENTATION_CONTEXT() REPRESENTATION_CONTEXT('2D SPACE',''
  ) );
#2919 = ORIENTED_EDGE('',*,*,#2920,.T.);
#2920 = EDGE_CURVE('',#2898,#1129,#2921,.T.);
#2921 = SURFACE_CURVE('',#2922,(#2926,#2933),.PCURVE_S1.);
#2922 = LINE('',#2923,#2924);
#2923 = CARTESIAN_POINT('',(6.195502929687,5.749999947412,3.6));
#2924 = VECTOR('',#2925,1.);
#2925 = DIRECTION('',(0.,0.,1.));
#2926 = PCURVE('',#1178,#2927);
#2927 = DEFINITIONAL_REPRESENTATION('',(#2928),#2932);
#2928 = LINE('',#2929,#2930);
#2929 = CARTESIAN_POINT('',(0.,0.));
#2930 = VECTOR('',#2931,1.);
#2931 = DIRECTION('',(0.,-1.));
#2932 = ( GEOMETRIC_REPRESENTATION_CONTEXT(2) 
PARAMETRIC_REPRESENTATION_CONTEXT() REPRESENTATION_CONTEXT('2D SPACE',''
  ) );
#2933 = PCURVE('',#1144,#2934);
#2934 = DEFINITIONAL_REPRESENTATION('',(#2935),#2939);
#2935 = LINE('',#2936,#2937);
#2936 = CARTESIAN_POINT('',(0.338994140625,0.));
#2937 = VECTOR('',#2938,1.);
#2938 = DIRECTION('',(0.,-1.));
#2939 = ( GEOMETRIC_REPRESENTATION_CONTEXT(2) 
PARAMETRIC_REPRESENTATION_CONTEXT() REPRESENTATION_CONTEXT('2D SPACE',''
  ) );
#2940 = ORIENTED_EDGE('',*,*,#1156,.F.);
#2941 = ORIENTED_EDGE('',*,*,#2871,.F.);
#2942 = ADVANCED_FACE('',(#2943),#1144,.F.);
#2943 = FACE_BOUND('',#2944,.F.);
#2944 = EDGE_LOOP('',(#2945,#2968,#2989,#2990));
#2945 = ORIENTED_EDGE('',*,*,#2946,.F.);
#2946 = EDGE_CURVE('',#2947,#2898,#2949,.T.);
#2947 = VERTEX_POINT('',#2948);
#2948 = CARTESIAN_POINT('',(6.534497070312,5.749999947412,3.6));
#2949 = SURFACE_CURVE('',#2950,(#2954,#2961),.PCURVE_S1.);
#2950 = LINE('',#2951,#2952);
#2951 = CARTESIAN_POINT('',(6.534497070312,5.749999947412,3.6));
#2952 = VECTOR('',#2953,1.);
#2953 = DIRECTION('',(-1.,0.,0.));
#2954 = PCURVE('',#1144,#2955);
#2955 = DEFINITIONAL_REPRESENTATION('',(#2956),#2960);
#2956 = LINE('',#2957,#2958);
#2957 = CARTESIAN_POINT('',(0.,-0.));
#2958 = VECTOR('',#2959,1.);
#2959 = DIRECTION('',(1.,0.));
#2960 = ( GEOMETRIC_REPRESENTATION_CONTEXT(2) 
PARAMETRIC_REPRESENTATION_CONTEXT() REPRESENTATION_CONTEXT('2D SPACE',''
  ) );
#2961 = PCURVE('',#2251,#2962);
#2962 = DEFINITIONAL_REPRESENTATION('',(#2963),#2967);
#2963 = LINE('',#2964,#2965);
#2964 = CARTESIAN_POINT('',(1.997998046875,0.));
#2965 = VECTOR('',#2966,1.);
#2966 = DIRECTION('',(-1.,0.));
#2967 = ( GEOMETRIC_REPRESENTATION_CONTEXT(2) 
PARAMETRIC_REPRESENTATION_CONTEXT() REPRESENTATION_CONTEXT('2D SPACE',''
  ) );
#2968 = ORIENTED_EDGE('',*,*,#2969,.T.);
#2969 = EDGE_CURVE('',#2947,#1101,#2970,.T.);
#2970 = SURFACE_CURVE('',#2971,(#2975,#2982),.PCURVE_S1.);
#2971 = LINE('',#2972,#2973);
#2972 = CARTESIAN_POINT('',(6.534497070312,5.749999947412,3.6));
#2973 = VECTOR('',#2974,1.);
#2974 = DIRECTION('',(0.,0.,1.));
#2975 = PCURVE('',#1144,#2976);
#2976 = DEFINITIONAL_REPRESENTATION('',(#2977),#2981);
#2977 = LINE('',#2978,#2979);
#2978 = CARTESIAN_POINT('',(0.,-0.));
#2979 = VECTOR('',#2980,1.);
#2980 = DIRECTION('',(0.,-1.));
#2981 = ( GEOMETRIC_REPRESENTATION_CONTEXT(2) 
PARAMETRIC_REPRESENTATION_CONTEXT() REPRESENTATION_CONTEXT('2D SPACE',''
  ) );
#2982 = PCURVE('',#1116,#2983);
#2983 = DEFINITIONAL_REPRESENTATION('',(#2984),#2988);
#2984 = LINE('',#2985,#2986);
#2985 = CARTESIAN_POINT('',(6.900390625E-02,0.));
#2986 = VECTOR('',#2987,1.);
#2987 = DIRECTION('',(0.,-1.));
#2988 = ( GEOMETRIC_REPRESENTATION_CONTEXT(2) 
PARAMETRIC_REPRESENTATION_CONTEXT() REPRESENTATION_CONTEXT('2D SPACE',''
  ) );
#2989 = ORIENTED_EDGE('',*,*,#1128,.F.);
#2990 = ORIENTED_EDGE('',*,*,#2920,.F.);
#2991 = ADVANCED_FACE('',(#2992),#1116,.F.);
#2992 = FACE_BOUND('',#2993,.F.);
#2993 = EDGE_LOOP('',(#2994,#3017,#3038,#3039));
#2994 = ORIENTED_EDGE('',*,*,#2995,.F.);
#2995 = EDGE_CURVE('',#2996,#2947,#2998,.T.);
#2996 = VERTEX_POINT('',#2997);
#2997 = CARTESIAN_POINT('',(6.534497070312,5.819003853662,3.6));
#2998 = SURFACE_CURVE('',#2999,(#3003,#3010),.PCURVE_S1.);
#2999 = LINE('',#3000,#3001);
#3000 = CARTESIAN_POINT('',(6.534497070312,5.819003853662,3.6));
#3001 = VECTOR('',#3002,1.);
#3002 = DIRECTION('',(0.,-1.,0.));
#3003 = PCURVE('',#1116,#3004);
#3004 = DEFINITIONAL_REPRESENTATION('',(#3005),#3009);
#3005 = LINE('',#3006,#3007);
#3006 = CARTESIAN_POINT('',(0.,0.));
#3007 = VECTOR('',#3008,1.);
#3008 = DIRECTION('',(1.,0.));
#3009 = ( GEOMETRIC_REPRESENTATION_CONTEXT(2) 
PARAMETRIC_REPRESENTATION_CONTEXT() REPRESENTATION_CONTEXT('2D SPACE',''
  ) );
#3010 = PCURVE('',#2251,#3011);
#3011 = DEFINITIONAL_REPRESENTATION('',(#3012),#3016);
#3012 = LINE('',#3013,#3014);
#3013 = CARTESIAN_POINT('',(1.997998046875,6.900390625E-02));
#3014 = VECTOR('',#3015,1.);
#3015 = DIRECTION('',(0.,-1.));
#3016 = ( GEOMETRIC_REPRESENTATION_CONTEXT(2) 
PARAMETRIC_REPRESENTATION_CONTEXT() REPRESENTATION_CONTEXT('2D SPACE',''
  ) );
#3017 = ORIENTED_EDGE('',*,*,#3018,.T.);
#3018 = EDGE_CURVE('',#2996,#1056,#3019,.T.);
#3019 = SURFACE_CURVE('',#3020,(#3024,#3031),.PCURVE_S1.);
#3020 = LINE('',#3021,#3022);
#3021 = CARTESIAN_POINT('',(6.534497070312,5.819003853662,3.6));
#3022 = VECTOR('',#3023,1.);
#3023 = DIRECTION('',(0.,0.,1.));
#3024 = PCURVE('',#1116,#3025);
#3025 = DEFINITIONAL_REPRESENTATION('',(#3026),#3030);
#3026 = LINE('',#3027,#3028);
#3027 = CARTESIAN_POINT('',(0.,0.));
#3028 = VECTOR('',#3029,1.);
#3029 = DIRECTION('',(0.,-1.));
#3030 = ( GEOMETRIC_REPRESENTATION_CONTEXT(2) 
PARAMETRIC_REPRESENTATION_CONTEXT() REPRESENTATION_CONTEXT('2D SPACE',''
  ) );
#3031 = PCURVE('',#1081,#3032);
#3032 = DEFINITIONAL_REPRESENTATION('',(#3033),#3037);
#3033 = LINE('',#3034,#3035);
#3034 = CARTESIAN_POINT('',(1.,0.));
#3035 = VECTOR('',#3036,1.);
#3036 = DIRECTION('',(0.,-1.));
#3037 = ( GEOMETRIC_REPRESENTATION_CONTEXT(2) 
PARAMETRIC_REPRESENTATION_CONTEXT() REPRESENTATION_CONTEXT('2D SPACE',''
  ) );
#3038 = ORIENTED_EDGE('',*,*,#1100,.F.);
#3039 = ORIENTED_EDGE('',*,*,#2969,.F.);
#3040 = ADVANCED_FACE('',(#3041),#1081,.F.);
#3041 = FACE_BOUND('',#3042,.F.);
#3042 = EDGE_LOOP('',(#3043,#3066,#3087,#3088));
#3043 = ORIENTED_EDGE('',*,*,#3044,.F.);
#3044 = EDGE_CURVE('',#3045,#2996,#3047,.T.);
#3045 = VERTEX_POINT('',#3046);
#3046 = CARTESIAN_POINT('',(6.429497070312,5.956997017725,3.6));
#3047 = SURFACE_CURVE('',#3048,(#3052,#3059),.PCURVE_S1.);
#3048 = B_SPLINE_CURVE_WITH_KNOTS('',2,(#3049,#3050,#3051),
  .UNSPECIFIED.,.F.,.F.,(3,3),(0.,1.),.PIECEWISE_BEZIER_KNOTS.);
#3049 = CARTESIAN_POINT('',(6.429497070312,5.956997017725,3.6));
#3050 = CARTESIAN_POINT('',(6.456499023438,5.872997994287,3.6));
#3051 = CARTESIAN_POINT('',(6.534497070312,5.819003853662,3.6));
#3052 = PCURVE('',#1081,#3053);
#3053 = DEFINITIONAL_REPRESENTATION('',(#3054),#3058);
#3054 = LINE('',#3055,#3056);
#3055 = CARTESIAN_POINT('',(0.,0.));
#3056 = VECTOR('',#3057,1.);
#3057 = DIRECTION('',(1.,0.));
#3058 = ( GEOMETRIC_REPRESENTATION_CONTEXT(2) 
PARAMETRIC_REPRESENTATION_CONTEXT() REPRESENTATION_CONTEXT('2D SPACE',''
  ) );
#3059 = PCURVE('',#2251,#3060);
#3060 = DEFINITIONAL_REPRESENTATION('',(#3061),#3065);
#3061 = B_SPLINE_CURVE_WITH_KNOTS('',2,(#3062,#3063,#3064),
  .UNSPECIFIED.,.F.,.F.,(3,3),(0.,1.),.PIECEWISE_BEZIER_KNOTS.);
#3062 = CARTESIAN_POINT('',(1.892998046875,0.206997070312));
#3063 = CARTESIAN_POINT('',(1.92,0.122998046875));
#3064 = CARTESIAN_POINT('',(1.997998046875,6.900390625E-02));
#3065 = ( GEOMETRIC_REPRESENTATION_CONTEXT(2) 
PARAMETRIC_REPRESENTATION_CONTEXT() REPRESENTATION_CONTEXT('2D SPACE',''
  ) );
#3066 = ORIENTED_EDGE('',*,*,#3067,.T.);
#3067 = EDGE_CURVE('',#3045,#1020,#3068,.T.);
#3068 = SURFACE_CURVE('',#3069,(#3073,#3080),.PCURVE_S1.);
#3069 = LINE('',#3070,#3071);
#3070 = CARTESIAN_POINT('',(6.429497070312,5.956997017725,3.6));
#3071 = VECTOR('',#3072,1.);
#3072 = DIRECTION('',(0.,0.,1.));
#3073 = PCURVE('',#1081,#3074);
#3074 = DEFINITIONAL_REPRESENTATION('',(#3075),#3079);
#3075 = LINE('',#3076,#3077);
#3076 = CARTESIAN_POINT('',(0.,0.));
#3077 = VECTOR('',#3078,1.);
#3078 = DIRECTION('',(0.,-1.));
#3079 = ( GEOMETRIC_REPRESENTATION_CONTEXT(2) 
PARAMETRIC_REPRESENTATION_CONTEXT() REPRESENTATION_CONTEXT('2D SPACE',''
  ) );
#3080 = PCURVE('',#1039,#3081);
#3081 = DEFINITIONAL_REPRESENTATION('',(#3082),#3086);
#3082 = LINE('',#3083,#3084);
#3083 = CARTESIAN_POINT('',(1.,0.));
#3084 = VECTOR('',#3085,1.);
#3085 = DIRECTION('',(0.,-1.));
#3086 = ( GEOMETRIC_REPRESENTATION_CONTEXT(2) 
PARAMETRIC_REPRESENTATION_CONTEXT() REPRESENTATION_CONTEXT('2D SPACE',''
  ) );
#3087 = ORIENTED_EDGE('',*,*,#1055,.F.);
#3088 = ORIENTED_EDGE('',*,*,#3018,.F.);
#3089 = ADVANCED_FACE('',(#3090),#1039,.F.);
#3090 = FACE_BOUND('',#3091,.F.);
#3091 = EDGE_LOOP('',(#3092,#3115,#3136,#3137));
#3092 = ORIENTED_EDGE('',*,*,#3093,.F.);
#3093 = EDGE_CURVE('',#3094,#3045,#3096,.T.);
#3094 = VERTEX_POINT('',#3095);
#3095 = CARTESIAN_POINT('',(6.402495117187,6.164003853662,3.6));
#3096 = SURFACE_CURVE('',#3097,(#3101,#3108),.PCURVE_S1.);
#3097 = B_SPLINE_CURVE_WITH_KNOTS('',2,(#3098,#3099,#3100),
  .UNSPECIFIED.,.F.,.F.,(3,3),(0.,1.),.PIECEWISE_BEZIER_KNOTS.);
#3098 = CARTESIAN_POINT('',(6.402495117187,6.164003853662,3.6));
#3099 = CARTESIAN_POINT('',(6.402495117187,6.040996041162,3.6));
#3100 = CARTESIAN_POINT('',(6.429497070312,5.956997017725,3.6));
#3101 = PCURVE('',#1039,#3102);
#3102 = DEFINITIONAL_REPRESENTATION('',(#3103),#3107);
#3103 = LINE('',#3104,#3105);
#3104 = CARTESIAN_POINT('',(0.,0.));
#3105 = VECTOR('',#3106,1.);
#3106 = DIRECTION('',(1.,0.));
#3107 = ( GEOMETRIC_REPRESENTATION_CONTEXT(2) 
PARAMETRIC_REPRESENTATION_CONTEXT() REPRESENTATION_CONTEXT('2D SPACE',''
  ) );
#3108 = PCURVE('',#2251,#3109);
#3109 = DEFINITIONAL_REPRESENTATION('',(#3110),#3114);
#3110 = B_SPLINE_CURVE_WITH_KNOTS('',2,(#3111,#3112,#3113),
  .UNSPECIFIED.,.F.,.F.,(3,3),(0.,1.),.PIECEWISE_BEZIER_KNOTS.);
#3111 = CARTESIAN_POINT('',(1.86599609375,0.41400390625));
#3112 = CARTESIAN_POINT('',(1.86599609375,0.29099609375));
#3113 = CARTESIAN_POINT('',(1.892998046875,0.206997070312));
#3114 = ( GEOMETRIC_REPRESENTATION_CONTEXT(2) 
PARAMETRIC_REPRESENTATION_CONTEXT() REPRESENTATION_CONTEXT('2D SPACE',''
  ) );
#3115 = ORIENTED_EDGE('',*,*,#3116,.T.);
#3116 = EDGE_CURVE('',#3094,#984,#3117,.T.);
#3117 = SURFACE_CURVE('',#3118,(#3122,#3129),.PCURVE_S1.);
#3118 = LINE('',#3119,#3120);
#3119 = CARTESIAN_POINT('',(6.402495117187,6.164003853662,3.6));
#3120 = VECTOR('',#3121,1.);
#3121 = DIRECTION('',(0.,0.,1.));
#3122 = PCURVE('',#1039,#3123);
#3123 = DEFINITIONAL_REPRESENTATION('',(#3124),#3128);
#3124 = LINE('',#3125,#3126);
#3125 = CARTESIAN_POINT('',(0.,0.));
#3126 = VECTOR('',#3127,1.);
#3127 = DIRECTION('',(0.,-1.));
#3128 = ( GEOMETRIC_REPRESENTATION_CONTEXT(2) 
PARAMETRIC_REPRESENTATION_CONTEXT() REPRESENTATION_CONTEXT('2D SPACE',''
  ) );
#3129 = PCURVE('',#1003,#3130);
#3130 = DEFINITIONAL_REPRESENTATION('',(#3131),#3135);
#3131 = LINE('',#3132,#3133);
#3132 = CARTESIAN_POINT('',(1.,0.));
#3133 = VECTOR('',#3134,1.);
#3134 = DIRECTION('',(0.,-1.));
#3135 = ( GEOMETRIC_REPRESENTATION_CONTEXT(2) 
PARAMETRIC_REPRESENTATION_CONTEXT() REPRESENTATION_CONTEXT('2D SPACE',''
  ) );
#3136 = ORIENTED_EDGE('',*,*,#1019,.F.);
#3137 = ORIENTED_EDGE('',*,*,#3067,.F.);
#3138 = ADVANCED_FACE('',(#3139),#1003,.F.);
#3139 = FACE_BOUND('',#3140,.F.);
#3140 = EDGE_LOOP('',(#3141,#3164,#3185,#3186));
#3141 = ORIENTED_EDGE('',*,*,#3142,.F.);
#3142 = EDGE_CURVE('',#3143,#3094,#3145,.T.);
#3143 = VERTEX_POINT('',#3144);
#3144 = CARTESIAN_POINT('',(6.403999023438,6.23899897085,3.6));
#3145 = SURFACE_CURVE('',#3146,(#3150,#3157),.PCURVE_S1.);
#3146 = B_SPLINE_CURVE_WITH_KNOTS('',2,(#3147,#3148,#3149),
  .UNSPECIFIED.,.F.,.F.,(3,3),(0.,1.),.PIECEWISE_BEZIER_KNOTS.);
#3147 = CARTESIAN_POINT('',(6.403999023438,6.23899897085,3.6));
#3148 = CARTESIAN_POINT('',(6.402495117187,6.187997994287,3.6));
#3149 = CARTESIAN_POINT('',(6.402495117187,6.164003853662,3.6));
#3150 = PCURVE('',#1003,#3151);
#3151 = DEFINITIONAL_REPRESENTATION('',(#3152),#3156);
#3152 = LINE('',#3153,#3154);
#3153 = CARTESIAN_POINT('',(0.,0.));
#3154 = VECTOR('',#3155,1.);
#3155 = DIRECTION('',(1.,0.));
#3156 = ( GEOMETRIC_REPRESENTATION_CONTEXT(2) 
PARAMETRIC_REPRESENTATION_CONTEXT() REPRESENTATION_CONTEXT('2D SPACE',''
  ) );
#3157 = PCURVE('',#2251,#3158);
#3158 = DEFINITIONAL_REPRESENTATION('',(#3159),#3163);
#3159 = B_SPLINE_CURVE_WITH_KNOTS('',2,(#3160,#3161,#3162),
  .UNSPECIFIED.,.F.,.F.,(3,3),(0.,1.),.PIECEWISE_BEZIER_KNOTS.);
#3160 = CARTESIAN_POINT('',(1.8675,0.488999023438));
#3161 = CARTESIAN_POINT('',(1.86599609375,0.437998046875));
#3162 = CARTESIAN_POINT('',(1.86599609375,0.41400390625));
#3163 = ( GEOMETRIC_REPRESENTATION_CONTEXT(2) 
PARAMETRIC_REPRESENTATION_CONTEXT() REPRESENTATION_CONTEXT('2D SPACE',''
  ) );
#3164 = ORIENTED_EDGE('',*,*,#3165,.T.);
#3165 = EDGE_CURVE('',#3143,#948,#3166,.T.);
#3166 = SURFACE_CURVE('',#3167,(#3171,#3178),.PCURVE_S1.);
#3167 = LINE('',#3168,#3169);
#3168 = CARTESIAN_POINT('',(6.403999023437,6.23899897085,3.6));
#3169 = VECTOR('',#3170,1.);
#3170 = DIRECTION('',(0.,0.,1.));
#3171 = PCURVE('',#1003,#3172);
#3172 = DEFINITIONAL_REPRESENTATION('',(#3173),#3177);
#3173 = LINE('',#3174,#3175);
#3174 = CARTESIAN_POINT('',(0.,0.));
#3175 = VECTOR('',#3176,1.);
#3176 = DIRECTION('',(0.,-1.));
#3177 = ( GEOMETRIC_REPRESENTATION_CONTEXT(2) 
PARAMETRIC_REPRESENTATION_CONTEXT() REPRESENTATION_CONTEXT('2D SPACE',''
  ) );
#3178 = PCURVE('',#967,#3179);
#3179 = DEFINITIONAL_REPRESENTATION('',(#3180),#3184);
#3180 = LINE('',#3181,#3182);
#3181 = CARTESIAN_POINT('',(1.,0.));
#3182 = VECTOR('',#3183,1.);
#3183 = DIRECTION('',(0.,-1.));
#3184 = ( GEOMETRIC_REPRESENTATION_CONTEXT(2) 
PARAMETRIC_REPRESENTATION_CONTEXT() REPRESENTATION_CONTEXT('2D SPACE',''
  ) );
#3185 = ORIENTED_EDGE('',*,*,#983,.F.);
#3186 = ORIENTED_EDGE('',*,*,#3116,.F.);
#3187 = ADVANCED_FACE('',(#3188),#967,.F.);
#3188 = FACE_BOUND('',#3189,.F.);
#3189 = EDGE_LOOP('',(#3190,#3213,#3234,#3235));
#3190 = ORIENTED_EDGE('',*,*,#3191,.F.);
#3191 = EDGE_CURVE('',#3192,#3143,#3194,.T.);
#3192 = VERTEX_POINT('',#3193);
#3193 = CARTESIAN_POINT('',(6.405502929688,6.317001900537,3.6));
#3194 = SURFACE_CURVE('',#3195,(#3199,#3206),.PCURVE_S1.);
#3195 = B_SPLINE_CURVE_WITH_KNOTS('',2,(#3196,#3197,#3198),
  .UNSPECIFIED.,.F.,.F.,(3,3),(0.,1.),.PIECEWISE_BEZIER_KNOTS.);
#3196 = CARTESIAN_POINT('',(6.405502929688,6.317001900537,3.6));
#3197 = CARTESIAN_POINT('',(6.405502929688,6.289999947412,3.6));
#3198 = CARTESIAN_POINT('',(6.403999023438,6.23899897085,3.6));
#3199 = PCURVE('',#967,#3200);
#3200 = DEFINITIONAL_REPRESENTATION('',(#3201),#3205);
#3201 = LINE('',#3202,#3203);
#3202 = CARTESIAN_POINT('',(0.,0.));
#3203 = VECTOR('',#3204,1.);
#3204 = DIRECTION('',(1.,0.));
#3205 = ( GEOMETRIC_REPRESENTATION_CONTEXT(2) 
PARAMETRIC_REPRESENTATION_CONTEXT() REPRESENTATION_CONTEXT('2D SPACE',''
  ) );
#3206 = PCURVE('',#2251,#3207);
#3207 = DEFINITIONAL_REPRESENTATION('',(#3208),#3212);
#3208 = B_SPLINE_CURVE_WITH_KNOTS('',2,(#3209,#3210,#3211),
  .UNSPECIFIED.,.F.,.F.,(3,3),(0.,1.),.PIECEWISE_BEZIER_KNOTS.);
#3209 = CARTESIAN_POINT('',(1.86900390625,0.567001953125));
#3210 = CARTESIAN_POINT('',(1.86900390625,0.54));
#3211 = CARTESIAN_POINT('',(1.8675,0.488999023438));
#3212 = ( GEOMETRIC_REPRESENTATION_CONTEXT(2) 
PARAMETRIC_REPRESENTATION_CONTEXT() REPRESENTATION_CONTEXT('2D SPACE',''
  ) );
#3213 = ORIENTED_EDGE('',*,*,#3214,.T.);
#3214 = EDGE_CURVE('',#3192,#912,#3215,.T.);
#3215 = SURFACE_CURVE('',#3216,(#3220,#3227),.PCURVE_S1.);
#3216 = LINE('',#3217,#3218);
#3217 = CARTESIAN_POINT('',(6.405502929688,6.317001900537,3.6));
#3218 = VECTOR('',#3219,1.);
#3219 = DIRECTION('',(0.,0.,1.));
#3220 = PCURVE('',#967,#3221);
#3221 = DEFINITIONAL_REPRESENTATION('',(#3222),#3226);
#3222 = LINE('',#3223,#3224);
#3223 = CARTESIAN_POINT('',(0.,0.));
#3224 = VECTOR('',#3225,1.);
#3225 = DIRECTION('',(0.,-1.));
#3226 = ( GEOMETRIC_REPRESENTATION_CONTEXT(2) 
PARAMETRIC_REPRESENTATION_CONTEXT() REPRESENTATION_CONTEXT('2D SPACE',''
  ) );
#3227 = PCURVE('',#931,#3228);
#3228 = DEFINITIONAL_REPRESENTATION('',(#3229),#3233);
#3229 = LINE('',#3230,#3231);
#3230 = CARTESIAN_POINT('',(1.,0.));
#3231 = VECTOR('',#3232,1.);
#3232 = DIRECTION('',(0.,-1.));
#3233 = ( GEOMETRIC_REPRESENTATION_CONTEXT(2) 
PARAMETRIC_REPRESENTATION_CONTEXT() REPRESENTATION_CONTEXT('2D SPACE',''
  ) );
#3234 = ORIENTED_EDGE('',*,*,#947,.F.);
#3235 = ORIENTED_EDGE('',*,*,#3165,.F.);
#3236 = ADVANCED_FACE('',(#3237),#931,.F.);
#3237 = FACE_BOUND('',#3238,.F.);
#3238 = EDGE_LOOP('',(#3239,#3262,#3283,#3284));
#3239 = ORIENTED_EDGE('',*,*,#3240,.F.);
#3240 = EDGE_CURVE('',#3241,#3192,#3243,.T.);
#3241 = VERTEX_POINT('',#3242);
#3242 = CARTESIAN_POINT('',(6.396499023437,6.467001900537,3.6));
#3243 = SURFACE_CURVE('',#3244,(#3248,#3255),.PCURVE_S1.);
#3244 = B_SPLINE_CURVE_WITH_KNOTS('',2,(#3245,#3246,#3247),
  .UNSPECIFIED.,.F.,.F.,(3,3),(0.,1.),.PIECEWISE_BEZIER_KNOTS.);
#3245 = CARTESIAN_POINT('',(6.396499023437,6.467001900537,3.6));
#3246 = CARTESIAN_POINT('',(6.405502929688,6.404003853662,3.6));
#3247 = CARTESIAN_POINT('',(6.405502929688,6.317001900537,3.6));
#3248 = PCURVE('',#931,#3249);
#3249 = DEFINITIONAL_REPRESENTATION('',(#3250),#3254);
#3250 = LINE('',#3251,#3252);
#3251 = CARTESIAN_POINT('',(0.,0.));
#3252 = VECTOR('',#3253,1.);
#3253 = DIRECTION('',(1.,0.));
#3254 = ( GEOMETRIC_REPRESENTATION_CONTEXT(2) 
PARAMETRIC_REPRESENTATION_CONTEXT() REPRESENTATION_CONTEXT('2D SPACE',''
  ) );
#3255 = PCURVE('',#2251,#3256);
#3256 = DEFINITIONAL_REPRESENTATION('',(#3257),#3261);
#3257 = B_SPLINE_CURVE_WITH_KNOTS('',2,(#3258,#3259,#3260),
  .UNSPECIFIED.,.F.,.F.,(3,3),(0.,1.),.PIECEWISE_BEZIER_KNOTS.);
#3258 = CARTESIAN_POINT('',(1.86,0.717001953125));
#3259 = CARTESIAN_POINT('',(1.86900390625,0.65400390625));
#3260 = CARTESIAN_POINT('',(1.86900390625,0.567001953125));
#3261 = ( GEOMETRIC_REPRESENTATION_CONTEXT(2) 
PARAMETRIC_REPRESENTATION_CONTEXT() REPRESENTATION_CONTEXT('2D SPACE',''
  ) );
#3262 = ORIENTED_EDGE('',*,*,#3263,.T.);
#3263 = EDGE_CURVE('',#3241,#876,#3264,.T.);
#3264 = SURFACE_CURVE('',#3265,(#3269,#3276),.PCURVE_S1.);
#3265 = LINE('',#3266,#3267);
#3266 = CARTESIAN_POINT('',(6.396499023437,6.467001900537,3.6));
#3267 = VECTOR('',#3268,1.);
#3268 = DIRECTION('',(0.,0.,1.));
#3269 = PCURVE('',#931,#3270);
#3270 = DEFINITIONAL_REPRESENTATION('',(#3271),#3275);
#3271 = LINE('',#3272,#3273);
#3272 = CARTESIAN_POINT('',(0.,0.));
#3273 = VECTOR('',#3274,1.);
#3274 = DIRECTION('',(0.,-1.));
#3275 = ( GEOMETRIC_REPRESENTATION_CONTEXT(2) 
PARAMETRIC_REPRESENTATION_CONTEXT() REPRESENTATION_CONTEXT('2D SPACE',''
  ) );
#3276 = PCURVE('',#895,#3277);
#3277 = DEFINITIONAL_REPRESENTATION('',(#3278),#3282);
#3278 = LINE('',#3279,#3280);
#3279 = CARTESIAN_POINT('',(1.,0.));
#3280 = VECTOR('',#3281,1.);
#3281 = DIRECTION('',(0.,-1.));
#3282 = ( GEOMETRIC_REPRESENTATION_CONTEXT(2) 
PARAMETRIC_REPRESENTATION_CONTEXT() REPRESENTATION_CONTEXT('2D SPACE',''
  ) );
#3283 = ORIENTED_EDGE('',*,*,#911,.F.);
#3284 = ORIENTED_EDGE('',*,*,#3214,.F.);
#3285 = ADVANCED_FACE('',(#3286),#895,.F.);
#3286 = FACE_BOUND('',#3287,.F.);
#3287 = EDGE_LOOP('',(#3288,#3311,#3332,#3333));
#3288 = ORIENTED_EDGE('',*,*,#3289,.F.);
#3289 = EDGE_CURVE('',#3290,#3241,#3292,.T.);
#3290 = VERTEX_POINT('',#3291);
#3291 = CARTESIAN_POINT('',(6.358999023438,6.602001900537,3.6));
#3292 = SURFACE_CURVE('',#3293,(#3297,#3304),.PCURVE_S1.);
#3293 = B_SPLINE_CURVE_WITH_KNOTS('',2,(#3294,#3295,#3296),
  .UNSPECIFIED.,.F.,.F.,(3,3),(0.,1.),.PIECEWISE_BEZIER_KNOTS.);
#3294 = CARTESIAN_POINT('',(6.358999023438,6.602001900537,3.6));
#3295 = CARTESIAN_POINT('',(6.387495117187,6.529999947412,3.6));
#3296 = CARTESIAN_POINT('',(6.396499023437,6.467001900537,3.6));
#3297 = PCURVE('',#895,#3298);
#3298 = DEFINITIONAL_REPRESENTATION('',(#3299),#3303);
#3299 = LINE('',#3300,#3301);
#3300 = CARTESIAN_POINT('',(0.,0.));
#3301 = VECTOR('',#3302,1.);
#3302 = DIRECTION('',(1.,0.));
#3303 = ( GEOMETRIC_REPRESENTATION_CONTEXT(2) 
PARAMETRIC_REPRESENTATION_CONTEXT() REPRESENTATION_CONTEXT('2D SPACE',''
  ) );
#3304 = PCURVE('',#2251,#3305);
#3305 = DEFINITIONAL_REPRESENTATION('',(#3306),#3310);
#3306 = B_SPLINE_CURVE_WITH_KNOTS('',2,(#3307,#3308,#3309),
  .UNSPECIFIED.,.F.,.F.,(3,3),(0.,1.),.PIECEWISE_BEZIER_KNOTS.);
#3307 = CARTESIAN_POINT('',(1.8225,0.852001953125));
#3308 = CARTESIAN_POINT('',(1.85099609375,0.78));
#3309 = CARTESIAN_POINT('',(1.86,0.717001953125));
#3310 = ( GEOMETRIC_REPRESENTATION_CONTEXT(2) 
PARAMETRIC_REPRESENTATION_CONTEXT() REPRESENTATION_CONTEXT('2D SPACE',''
  ) );
#3311 = ORIENTED_EDGE('',*,*,#3312,.T.);
#3312 = EDGE_CURVE('',#3290,#840,#3313,.T.);
#3313 = SURFACE_CURVE('',#3314,(#3318,#3325),.PCURVE_S1.);
#3314 = LINE('',#3315,#3316);
#3315 = CARTESIAN_POINT('',(6.358999023437,6.602001900537,3.6));
#3316 = VECTOR('',#3317,1.);
#3317 = DIRECTION('',(0.,0.,1.));
#3318 = PCURVE('',#895,#3319);
#3319 = DEFINITIONAL_REPRESENTATION('',(#3320),#3324);
#3320 = LINE('',#3321,#3322);
#3321 = CARTESIAN_POINT('',(0.,0.));
#3322 = VECTOR('',#3323,1.);
#3323 = DIRECTION('',(0.,-1.));
#3324 = ( GEOMETRIC_REPRESENTATION_CONTEXT(2) 
PARAMETRIC_REPRESENTATION_CONTEXT() REPRESENTATION_CONTEXT('2D SPACE',''
  ) );
#3325 = PCURVE('',#859,#3326);
#3326 = DEFINITIONAL_REPRESENTATION('',(#3327),#3331);
#3327 = LINE('',#3328,#3329);
#3328 = CARTESIAN_POINT('',(1.,0.));
#3329 = VECTOR('',#3330,1.);
#3330 = DIRECTION('',(0.,-1.));
#3331 = ( GEOMETRIC_REPRESENTATION_CONTEXT(2) 
PARAMETRIC_REPRESENTATION_CONTEXT() REPRESENTATION_CONTEXT('2D SPACE',''
  ) );
#3332 = ORIENTED_EDGE('',*,*,#875,.F.);
#3333 = ORIENTED_EDGE('',*,*,#3263,.F.);
#3334 = ADVANCED_FACE('',(#3335),#859,.F.);
#3335 = FACE_BOUND('',#3336,.F.);
#3336 = EDGE_LOOP('',(#3337,#3358,#3359,#3360));
#3337 = ORIENTED_EDGE('',*,*,#3338,.F.);
#3338 = EDGE_CURVE('',#2236,#3290,#3339,.T.);
#3339 = SURFACE_CURVE('',#3340,(#3344,#3351),.PCURVE_S1.);
#3340 = B_SPLINE_CURVE_WITH_KNOTS('',2,(#3341,#3342,#3343),
  .UNSPECIFIED.,.F.,.F.,(3,3),(0.,1.),.PIECEWISE_BEZIER_KNOTS.);
#3341 = CARTESIAN_POINT('',(6.266000976562,6.731000923975,3.6));
#3342 = CARTESIAN_POINT('',(6.330502929687,6.674003853662,3.6));
#3343 = CARTESIAN_POINT('',(6.358999023438,6.602001900537,3.6));
#3344 = PCURVE('',#859,#3345);
#3345 = DEFINITIONAL_REPRESENTATION('',(#3346),#3350);
#3346 = LINE('',#3347,#3348);
#3347 = CARTESIAN_POINT('',(0.,0.));
#3348 = VECTOR('',#3349,1.);
#3349 = DIRECTION('',(1.,0.));
#3350 = ( GEOMETRIC_REPRESENTATION_CONTEXT(2) 
PARAMETRIC_REPRESENTATION_CONTEXT() REPRESENTATION_CONTEXT('2D SPACE',''
  ) );
#3351 = PCURVE('',#2251,#3352);
#3352 = DEFINITIONAL_REPRESENTATION('',(#3353),#3357);
#3353 = B_SPLINE_CURVE_WITH_KNOTS('',2,(#3354,#3355,#3356),
  .UNSPECIFIED.,.F.,.F.,(3,3),(0.,1.),.PIECEWISE_BEZIER_KNOTS.);
#3354 = CARTESIAN_POINT('',(1.729501953125,0.981000976562));
#3355 = CARTESIAN_POINT('',(1.79400390625,0.92400390625));
#3356 = CARTESIAN_POINT('',(1.8225,0.852001953125));
#3357 = ( GEOMETRIC_REPRESENTATION_CONTEXT(2) 
PARAMETRIC_REPRESENTATION_CONTEXT() REPRESENTATION_CONTEXT('2D SPACE',''
  ) );
#3358 = ORIENTED_EDGE('',*,*,#2285,.T.);
#3359 = ORIENTED_EDGE('',*,*,#839,.F.);
#3360 = ORIENTED_EDGE('',*,*,#3312,.F.);
#3361 = ADVANCED_FACE('',(#3362),#1761,.F.);
#3362 = FACE_BOUND('',#3363,.T.);
#3363 = EDGE_LOOP('',(#3364,#3365,#3388,#3415));
#3364 = ORIENTED_EDGE('',*,*,#1744,.T.);
#3365 = ORIENTED_EDGE('',*,*,#3366,.T.);
#3366 = EDGE_CURVE('',#1745,#3367,#3369,.T.);
#3367 = VERTEX_POINT('',#3368);
#3368 = CARTESIAN_POINT('',(6.15,19.2500001,4.5));
#3369 = SEAM_CURVE('',#3370,(#3374,#3381),.PCURVE_S1.);
#3370 = LINE('',#3371,#3372);
#3371 = CARTESIAN_POINT('',(6.15,19.2500001,-0.5));
#3372 = VECTOR('',#3373,1.);
#3373 = DIRECTION('',(0.,0.,1.));
#3374 = PCURVE('',#1761,#3375);
#3375 = DEFINITIONAL_REPRESENTATION('',(#3376),#3380);
#3376 = LINE('',#3377,#3378);
#3377 = CARTESIAN_POINT('',(-6.28318530718,0.));
#3378 = VECTOR('',#3379,1.);
#3379 = DIRECTION('',(-0.,-1.));
#3380 = ( GEOMETRIC_REPRESENTATION_CONTEXT(2) 
PARAMETRIC_REPRESENTATION_CONTEXT() REPRESENTATION_CONTEXT('2D SPACE',''
  ) );
#3381 = PCURVE('',#1761,#3382);
#3382 = DEFINITIONAL_REPRESENTATION('',(#3383),#3387);
#3383 = LINE('',#3384,#3385);
#3384 = CARTESIAN_POINT('',(-0.,0.));
#3385 = VECTOR('',#3386,1.);
#3386 = DIRECTION('',(-0.,-1.));
#3387 = ( GEOMETRIC_REPRESENTATION_CONTEXT(2) 
PARAMETRIC_REPRESENTATION_CONTEXT() REPRESENTATION_CONTEXT('2D SPACE',''
  ) );
#3388 = ORIENTED_EDGE('',*,*,#3389,.T.);
#3389 = EDGE_CURVE('',#3367,#3367,#3390,.T.);
#3390 = SURFACE_CURVE('',#3391,(#3396,#3403),.PCURVE_S1.);
#3391 = CIRCLE('',#3392,0.55);
#3392 = AXIS2_PLACEMENT_3D('',#3393,#3394,#3395);
#3393 = CARTESIAN_POINT('',(5.6,19.2500001,4.5));
#3394 = DIRECTION('',(0.,0.,1.));
#3395 = DIRECTION('',(1.,0.,0.));
#3396 = PCURVE('',#1761,#3397);
#3397 = DEFINITIONAL_REPRESENTATION('',(#3398),#3402);
#3398 = LINE('',#3399,#3400);
#3399 = CARTESIAN_POINT('',(-0.,-5.));
#3400 = VECTOR('',#3401,1.);
#3401 = DIRECTION('',(-1.,0.));
#3402 = ( GEOMETRIC_REPRESENTATION_CONTEXT(2) 
PARAMETRIC_REPRESENTATION_CONTEXT() REPRESENTATION_CONTEXT('2D SPACE',''
  ) );
#3403 = PCURVE('',#3404,#3409);
#3404 = PLANE('',#3405);
#3405 = AXIS2_PLACEMENT_3D('',#3406,#3407,#3408);
#3406 = CARTESIAN_POINT('',(5.6,19.2500001,4.5));
#3407 = DIRECTION('',(0.,0.,1.));
#3408 = DIRECTION('',(1.,0.,-0.));
#3409 = DEFINITIONAL_REPRESENTATION('',(#3410),#3414);
#3410 = CIRCLE('',#3411,0.55);
#3411 = AXIS2_PLACEMENT_2D('',#3412,#3413);
#3412 = CARTESIAN_POINT('',(0.,0.));
#3413 = DIRECTION('',(1.,0.));
#3414 = ( GEOMETRIC_REPRESENTATION_CONTEXT(2) 
PARAMETRIC_REPRESENTATION_CONTEXT() REPRESENTATION_CONTEXT('2D SPACE',''
  ) );
#3415 = ORIENTED_EDGE('',*,*,#3366,.F.);
#3416 = ADVANCED_FACE('',(#3417),#1818,.F.);
#3417 = FACE_BOUND('',#3418,.F.);
#3418 = EDGE_LOOP('',(#3419,#3442,#3443,#3466,#3494,#3515,#3516,#3539));
#3419 = ORIENTED_EDGE('',*,*,#3420,.F.);
#3420 = EDGE_CURVE('',#1780,#3421,#3423,.T.);
#3421 = VERTEX_POINT('',#3422);
#3422 = CARTESIAN_POINT('',(2.7,12.4500001,8.55));
#3423 = SURFACE_CURVE('',#3424,(#3428,#3435),.PCURVE_S1.);
#3424 = LINE('',#3425,#3426);
#3425 = CARTESIAN_POINT('',(2.7,12.4500001,-1.));
#3426 = VECTOR('',#3427,1.);
#3427 = DIRECTION('',(0.,0.,1.));
#3428 = PCURVE('',#1818,#3429);
#3429 = DEFINITIONAL_REPRESENTATION('',(#3430),#3434);
#3430 = LINE('',#3431,#3432);
#3431 = CARTESIAN_POINT('',(0.,0.));
#3432 = VECTOR('',#3433,1.);
#3433 = DIRECTION('',(1.,0.));
#3434 = ( GEOMETRIC_REPRESENTATION_CONTEXT(2) 
PARAMETRIC_REPRESENTATION_CONTEXT() REPRESENTATION_CONTEXT('2D SPACE',''
  ) );
#3435 = PCURVE('',#2058,#3436);
#3436 = DEFINITIONAL_REPRESENTATION('',(#3437),#3441);
#3437 = LINE('',#3438,#3439);
#3438 = CARTESIAN_POINT('',(0.,0.7));
#3439 = VECTOR('',#3440,1.);
#3440 = DIRECTION('',(1.,0.));
#3441 = ( GEOMETRIC_REPRESENTATION_CONTEXT(2) 
PARAMETRIC_REPRESENTATION_CONTEXT() REPRESENTATION_CONTEXT('2D SPACE',''
  ) );
#3442 = ORIENTED_EDGE('',*,*,#1802,.F.);
#3443 = ORIENTED_EDGE('',*,*,#3444,.T.);
#3444 = EDGE_CURVE('',#1803,#3445,#3447,.T.);
#3445 = VERTEX_POINT('',#3446);
#3446 = CARTESIAN_POINT('',(2.7,12.7500001,8.));
#3447 = SURFACE_CURVE('',#3448,(#3452,#3459),.PCURVE_S1.);
#3448 = LINE('',#3449,#3450);
#3449 = CARTESIAN_POINT('',(2.7,12.7500001,-1.));
#3450 = VECTOR('',#3451,1.);
#3451 = DIRECTION('',(0.,0.,1.));
#3452 = PCURVE('',#1818,#3453);
#3453 = DEFINITIONAL_REPRESENTATION('',(#3454),#3458);
#3454 = LINE('',#3455,#3456);
#3455 = CARTESIAN_POINT('',(0.,-0.3));
#3456 = VECTOR('',#3457,1.);
#3457 = DIRECTION('',(1.,0.));
#3458 = ( GEOMETRIC_REPRESENTATION_CONTEXT(2) 
PARAMETRIC_REPRESENTATION_CONTEXT() REPRESENTATION_CONTEXT('2D SPACE',''
  ) );
#3459 = PCURVE('',#1846,#3460);
#3460 = DEFINITIONAL_REPRESENTATION('',(#3461),#3465);
#3461 = LINE('',#3462,#3463);
#3462 = CARTESIAN_POINT('',(0.,0.35));
#3463 = VECTOR('',#3464,1.);
#3464 = DIRECTION('',(1.,0.));
#3465 = ( GEOMETRIC_REPRESENTATION_CONTEXT(2) 
PARAMETRIC_REPRESENTATION_CONTEXT() REPRESENTATION_CONTEXT('2D SPACE',''
  ) );
#3466 = ORIENTED_EDGE('',*,*,#3467,.F.);
#3467 = EDGE_CURVE('',#3468,#3445,#3470,.T.);
#3468 = VERTEX_POINT('',#3469);
#3469 = CARTESIAN_POINT('',(2.7,18.2500001,8.));
#3470 = SURFACE_CURVE('',#3471,(#3475,#3482),.PCURVE_S1.);
#3471 = LINE('',#3472,#3473);
#3472 = CARTESIAN_POINT('',(2.7,12.6000001,8.));
#3473 = VECTOR('',#3474,1.);
#3474 = DIRECTION('',(0.,-1.,0.));
#3475 = PCURVE('',#1818,#3476);
#3476 = DEFINITIONAL_REPRESENTATION('',(#3477),#3481);
#3477 = LINE('',#3478,#3479);
#3478 = CARTESIAN_POINT('',(9.,-0.15));
#3479 = VECTOR('',#3480,1.);
#3480 = DIRECTION('',(0.,1.));
#3481 = ( GEOMETRIC_REPRESENTATION_CONTEXT(2) 
PARAMETRIC_REPRESENTATION_CONTEXT() REPRESENTATION_CONTEXT('2D SPACE',''
  ) );
#3482 = PCURVE('',#3483,#3488);
#3483 = PLANE('',#3484);
#3484 = AXIS2_PLACEMENT_3D('',#3485,#3486,#3487);
#3485 = CARTESIAN_POINT('',(2.35,12.7500001,8.));
#3486 = DIRECTION('',(0.,0.,1.));
#3487 = DIRECTION('',(1.,0.,0.));
#3488 = DEFINITIONAL_REPRESENTATION('',(#3489),#3493);
#3489 = LINE('',#3490,#3491);
#3490 = CARTESIAN_POINT('',(0.35,-0.15));
#3491 = VECTOR('',#3492,1.);
#3492 = DIRECTION('',(0.,-1.));
#3493 = ( GEOMETRIC_REPRESENTATION_CONTEXT(2) 
PARAMETRIC_REPRESENTATION_CONTEXT() REPRESENTATION_CONTEXT('2D SPACE',''
  ) );
#3494 = ORIENTED_EDGE('',*,*,#3495,.F.);
#3495 = EDGE_CURVE('',#1887,#3468,#3496,.T.);
#3496 = SURFACE_CURVE('',#3497,(#3501,#3508),.PCURVE_S1.);
#3497 = LINE('',#3498,#3499);
#3498 = CARTESIAN_POINT('',(2.7,18.2500001,-1.));
#3499 = VECTOR('',#3500,1.);
#3500 = DIRECTION('',(0.,0.,1.));
#3501 = PCURVE('',#1818,#3502);
#3502 = DEFINITIONAL_REPRESENTATION('',(#3503),#3507);
#3503 = LINE('',#3504,#3505);
#3504 = CARTESIAN_POINT('',(0.,-5.8));
#3505 = VECTOR('',#3506,1.);
#3506 = DIRECTION('',(1.,0.));
#3507 = ( GEOMETRIC_REPRESENTATION_CONTEXT(2) 
PARAMETRIC_REPRESENTATION_CONTEXT() REPRESENTATION_CONTEXT('2D SPACE',''
  ) );
#3508 = PCURVE('',#1902,#3509);
#3509 = DEFINITIONAL_REPRESENTATION('',(#3510),#3514);
#3510 = LINE('',#3511,#3512);
#3511 = CARTESIAN_POINT('',(0.,0.35));
#3512 = VECTOR('',#3513,1.);
#3513 = DIRECTION('',(1.,0.));
#3514 = ( GEOMETRIC_REPRESENTATION_CONTEXT(2) 
PARAMETRIC_REPRESENTATION_CONTEXT() REPRESENTATION_CONTEXT('2D SPACE',''
  ) );
#3515 = ORIENTED_EDGE('',*,*,#1914,.F.);
#3516 = ORIENTED_EDGE('',*,*,#3517,.T.);
#3517 = EDGE_CURVE('',#1915,#3518,#3520,.T.);
#3518 = VERTEX_POINT('',#3519);
#3519 = CARTESIAN_POINT('',(2.7,18.5500001,8.55));
#3520 = SURFACE_CURVE('',#3521,(#3525,#3532),.PCURVE_S1.);
#3521 = LINE('',#3522,#3523);
#3522 = CARTESIAN_POINT('',(2.7,18.5500001,-1.));
#3523 = VECTOR('',#3524,1.);
#3524 = DIRECTION('',(0.,0.,1.));
#3525 = PCURVE('',#1818,#3526);
#3526 = DEFINITIONAL_REPRESENTATION('',(#3527),#3531);
#3527 = LINE('',#3528,#3529);
#3528 = CARTESIAN_POINT('',(0.,-6.1));
#3529 = VECTOR('',#3530,1.);
#3530 = DIRECTION('',(1.,0.));
#3531 = ( GEOMETRIC_REPRESENTATION_CONTEXT(2) 
PARAMETRIC_REPRESENTATION_CONTEXT() REPRESENTATION_CONTEXT('2D SPACE',''
  ) );
#3532 = PCURVE('',#1979,#3533);
#3533 = DEFINITIONAL_REPRESENTATION('',(#3534),#3538);
#3534 = LINE('',#3535,#3536);
#3535 = CARTESIAN_POINT('',(0.,0.7));
#3536 = VECTOR('',#3537,1.);
#3537 = DIRECTION('',(1.,0.));
#3538 = ( GEOMETRIC_REPRESENTATION_CONTEXT(2) 
PARAMETRIC_REPRESENTATION_CONTEXT() REPRESENTATION_CONTEXT('2D SPACE',''
  ) );
#3539 = ORIENTED_EDGE('',*,*,#3540,.F.);
#3540 = EDGE_CURVE('',#3421,#3518,#3541,.T.);
#3541 = SURFACE_CURVE('',#3542,(#3546,#3553),.PCURVE_S1.);
#3542 = LINE('',#3543,#3544);
#3543 = CARTESIAN_POINT('',(2.7,12.4500001,8.55));
#3544 = VECTOR('',#3545,1.);
#3545 = DIRECTION('',(0.,1.,0.));
#3546 = PCURVE('',#1818,#3547);
#3547 = DEFINITIONAL_REPRESENTATION('',(#3548),#3552);
#3548 = LINE('',#3549,#3550);
#3549 = CARTESIAN_POINT('',(9.55,0.));
#3550 = VECTOR('',#3551,1.);
#3551 = DIRECTION('',(0.,-1.));
#3552 = ( GEOMETRIC_REPRESENTATION_CONTEXT(2) 
PARAMETRIC_REPRESENTATION_CONTEXT() REPRESENTATION_CONTEXT('2D SPACE',''
  ) );
#3553 = PCURVE('',#2191,#3554);
#3554 = DEFINITIONAL_REPRESENTATION('',(#3555),#3559);
#3555 = LINE('',#3556,#3557);
#3556 = CARTESIAN_POINT('',(0.7,0.));
#3557 = VECTOR('',#3558,1.);
#3558 = DIRECTION('',(0.,1.));
#3559 = ( GEOMETRIC_REPRESENTATION_CONTEXT(2) 
PARAMETRIC_REPRESENTATION_CONTEXT() REPRESENTATION_CONTEXT('2D SPACE',''
  ) );
#3560 = ADVANCED_FACE('',(#3561),#1902,.F.);
#3561 = FACE_BOUND('',#3562,.F.);
#3562 = EDGE_LOOP('',(#3563,#3586,#3587,#3588));
#3563 = ORIENTED_EDGE('',*,*,#3564,.F.);
#3564 = EDGE_CURVE('',#1859,#3565,#3567,.T.);
#3565 = VERTEX_POINT('',#3566);
#3566 = CARTESIAN_POINT('',(3.89,18.2500001,8.));
#3567 = SURFACE_CURVE('',#3568,(#3572,#3579),.PCURVE_S1.);
#3568 = LINE('',#3569,#3570);
#3569 = CARTESIAN_POINT('',(3.89,18.2500001,-1.));
#3570 = VECTOR('',#3571,1.);
#3571 = DIRECTION('',(0.,0.,1.));
#3572 = PCURVE('',#1902,#3573);
#3573 = DEFINITIONAL_REPRESENTATION('',(#3574),#3578);
#3574 = LINE('',#3575,#3576);
#3575 = CARTESIAN_POINT('',(0.,1.54));
#3576 = VECTOR('',#3577,1.);
#3577 = DIRECTION('',(1.,0.));
#3578 = ( GEOMETRIC_REPRESENTATION_CONTEXT(2) 
PARAMETRIC_REPRESENTATION_CONTEXT() REPRESENTATION_CONTEXT('2D SPACE',''
  ) );
#3579 = PCURVE('',#1874,#3580);
#3580 = DEFINITIONAL_REPRESENTATION('',(#3581),#3585);
#3581 = LINE('',#3582,#3583);
#3582 = CARTESIAN_POINT('',(0.,-5.5));
#3583 = VECTOR('',#3584,1.);
#3584 = DIRECTION('',(1.,0.));
#3585 = ( GEOMETRIC_REPRESENTATION_CONTEXT(2) 
PARAMETRIC_REPRESENTATION_CONTEXT() REPRESENTATION_CONTEXT('2D SPACE',''
  ) );
#3586 = ORIENTED_EDGE('',*,*,#1886,.F.);
#3587 = ORIENTED_EDGE('',*,*,#3495,.T.);
#3588 = ORIENTED_EDGE('',*,*,#3589,.T.);
#3589 = EDGE_CURVE('',#3468,#3565,#3590,.T.);
#3590 = SURFACE_CURVE('',#3591,(#3595,#3602),.PCURVE_S1.);
#3591 = LINE('',#3592,#3593);
#3592 = CARTESIAN_POINT('',(2.35,18.2500001,8.));
#3593 = VECTOR('',#3594,1.);
#3594 = DIRECTION('',(1.,0.,0.));
#3595 = PCURVE('',#1902,#3596);
#3596 = DEFINITIONAL_REPRESENTATION('',(#3597),#3601);
#3597 = LINE('',#3598,#3599);
#3598 = CARTESIAN_POINT('',(9.,0.));
#3599 = VECTOR('',#3600,1.);
#3600 = DIRECTION('',(0.,1.));
#3601 = ( GEOMETRIC_REPRESENTATION_CONTEXT(2) 
PARAMETRIC_REPRESENTATION_CONTEXT() REPRESENTATION_CONTEXT('2D SPACE',''
  ) );
#3602 = PCURVE('',#3483,#3603);
#3603 = DEFINITIONAL_REPRESENTATION('',(#3604),#3608);
#3604 = LINE('',#3605,#3606);
#3605 = CARTESIAN_POINT('',(0.,5.5));
#3606 = VECTOR('',#3607,1.);
#3607 = DIRECTION('',(1.,0.));
#3608 = ( GEOMETRIC_REPRESENTATION_CONTEXT(2) 
PARAMETRIC_REPRESENTATION_CONTEXT() REPRESENTATION_CONTEXT('2D SPACE',''
  ) );
#3609 = ADVANCED_FACE('',(#3610),#1874,.F.);
#3610 = FACE_BOUND('',#3611,.F.);
#3611 = EDGE_LOOP('',(#3612,#3635,#3636,#3637));
#3612 = ORIENTED_EDGE('',*,*,#3613,.F.);
#3613 = EDGE_CURVE('',#1831,#3614,#3616,.T.);
#3614 = VERTEX_POINT('',#3615);
#3615 = CARTESIAN_POINT('',(3.89,12.7500001,8.));
#3616 = SURFACE_CURVE('',#3617,(#3621,#3628),.PCURVE_S1.);
#3617 = LINE('',#3618,#3619);
#3618 = CARTESIAN_POINT('',(3.89,12.7500001,-1.));
#3619 = VECTOR('',#3620,1.);
#3620 = DIRECTION('',(0.,0.,1.));
#3621 = PCURVE('',#1874,#3622);
#3622 = DEFINITIONAL_REPRESENTATION('',(#3623),#3627);
#3623 = LINE('',#3624,#3625);
#3624 = CARTESIAN_POINT('',(0.,0.));
#3625 = VECTOR('',#3626,1.);
#3626 = DIRECTION('',(1.,0.));
#3627 = ( GEOMETRIC_REPRESENTATION_CONTEXT(2) 
PARAMETRIC_REPRESENTATION_CONTEXT() REPRESENTATION_CONTEXT('2D SPACE',''
  ) );
#3628 = PCURVE('',#1846,#3629);
#3629 = DEFINITIONAL_REPRESENTATION('',(#3630),#3634);
#3630 = LINE('',#3631,#3632);
#3631 = CARTESIAN_POINT('',(0.,1.54));
#3632 = VECTOR('',#3633,1.);
#3633 = DIRECTION('',(1.,0.));
#3634 = ( GEOMETRIC_REPRESENTATION_CONTEXT(2) 
PARAMETRIC_REPRESENTATION_CONTEXT() REPRESENTATION_CONTEXT('2D SPACE',''
  ) );
#3635 = ORIENTED_EDGE('',*,*,#1858,.F.);
#3636 = ORIENTED_EDGE('',*,*,#3564,.T.);
#3637 = ORIENTED_EDGE('',*,*,#3638,.F.);
#3638 = EDGE_CURVE('',#3614,#3565,#3639,.T.);
#3639 = SURFACE_CURVE('',#3640,(#3644,#3651),.PCURVE_S1.);
#3640 = LINE('',#3641,#3642);
#3641 = CARTESIAN_POINT('',(3.89,12.7500001,8.));
#3642 = VECTOR('',#3643,1.);
#3643 = DIRECTION('',(0.,1.,0.));
#3644 = PCURVE('',#1874,#3645);
#3645 = DEFINITIONAL_REPRESENTATION('',(#3646),#3650);
#3646 = LINE('',#3647,#3648);
#3647 = CARTESIAN_POINT('',(9.,0.));
#3648 = VECTOR('',#3649,1.);
#3649 = DIRECTION('',(0.,-1.));
#3650 = ( GEOMETRIC_REPRESENTATION_CONTEXT(2) 
PARAMETRIC_REPRESENTATION_CONTEXT() REPRESENTATION_CONTEXT('2D SPACE',''
  ) );
#3651 = PCURVE('',#3483,#3652);
#3652 = DEFINITIONAL_REPRESENTATION('',(#3653),#3657);
#3653 = LINE('',#3654,#3655);
#3654 = CARTESIAN_POINT('',(1.54,0.));
#3655 = VECTOR('',#3656,1.);
#3656 = DIRECTION('',(0.,1.));
#3657 = ( GEOMETRIC_REPRESENTATION_CONTEXT(2) 
PARAMETRIC_REPRESENTATION_CONTEXT() REPRESENTATION_CONTEXT('2D SPACE',''
  ) );
#3658 = ADVANCED_FACE('',(#3659),#1846,.T.);
#3659 = FACE_BOUND('',#3660,.T.);
#3660 = EDGE_LOOP('',(#3661,#3662,#3663,#3664));
#3661 = ORIENTED_EDGE('',*,*,#3613,.F.);
#3662 = ORIENTED_EDGE('',*,*,#1830,.F.);
#3663 = ORIENTED_EDGE('',*,*,#3444,.T.);
#3664 = ORIENTED_EDGE('',*,*,#3665,.T.);
#3665 = EDGE_CURVE('',#3445,#3614,#3666,.T.);
#3666 = SURFACE_CURVE('',#3667,(#3671,#3678),.PCURVE_S1.);
#3667 = LINE('',#3668,#3669);
#3668 = CARTESIAN_POINT('',(2.35,12.7500001,8.));
#3669 = VECTOR('',#3670,1.);
#3670 = DIRECTION('',(1.,0.,0.));
#3671 = PCURVE('',#1846,#3672);
#3672 = DEFINITIONAL_REPRESENTATION('',(#3673),#3677);
#3673 = LINE('',#3674,#3675);
#3674 = CARTESIAN_POINT('',(9.,0.));
#3675 = VECTOR('',#3676,1.);
#3676 = DIRECTION('',(0.,1.));
#3677 = ( GEOMETRIC_REPRESENTATION_CONTEXT(2) 
PARAMETRIC_REPRESENTATION_CONTEXT() REPRESENTATION_CONTEXT('2D SPACE',''
  ) );
#3678 = PCURVE('',#3483,#3679);
#3679 = DEFINITIONAL_REPRESENTATION('',(#3680),#3684);
#3680 = LINE('',#3681,#3682);
#3681 = CARTESIAN_POINT('',(0.,0.));
#3682 = VECTOR('',#3683,1.);
#3683 = DIRECTION('',(1.,0.));
#3684 = ( GEOMETRIC_REPRESENTATION_CONTEXT(2) 
PARAMETRIC_REPRESENTATION_CONTEXT() REPRESENTATION_CONTEXT('2D SPACE',''
  ) );
#3685 = ADVANCED_FACE('',(#3686),#1979,.F.);
#3686 = FACE_BOUND('',#3687,.F.);
#3687 = EDGE_LOOP('',(#3688,#3689,#3690,#3691,#3692));
#3688 = ORIENTED_EDGE('',*,*,#3517,.F.);
#3689 = ORIENTED_EDGE('',*,*,#1963,.F.);
#3690 = ORIENTED_EDGE('',*,*,#2017,.T.);
#3691 = ORIENTED_EDGE('',*,*,#2154,.T.);
#3692 = ORIENTED_EDGE('',*,*,#3693,.T.);
#3693 = EDGE_CURVE('',#2155,#3518,#3694,.T.);
#3694 = SURFACE_CURVE('',#3695,(#3699,#3706),.PCURVE_S1.);
#3695 = LINE('',#3696,#3697);
#3696 = CARTESIAN_POINT('',(2.,18.5500001,8.55));
#3697 = VECTOR('',#3698,1.);
#3698 = DIRECTION('',(1.,0.,0.));
#3699 = PCURVE('',#1979,#3700);
#3700 = DEFINITIONAL_REPRESENTATION('',(#3701),#3705);
#3701 = LINE('',#3702,#3703);
#3702 = CARTESIAN_POINT('',(9.55,0.));
#3703 = VECTOR('',#3704,1.);
#3704 = DIRECTION('',(0.,1.));
#3705 = ( GEOMETRIC_REPRESENTATION_CONTEXT(2) 
PARAMETRIC_REPRESENTATION_CONTEXT() REPRESENTATION_CONTEXT('2D SPACE',''
  ) );
#3706 = PCURVE('',#2191,#3707);
#3707 = DEFINITIONAL_REPRESENTATION('',(#3708),#3712);
#3708 = LINE('',#3709,#3710);
#3709 = CARTESIAN_POINT('',(0.,6.1));
#3710 = VECTOR('',#3711,1.);
#3711 = DIRECTION('',(1.,0.));
#3712 = ( GEOMETRIC_REPRESENTATION_CONTEXT(2) 
PARAMETRIC_REPRESENTATION_CONTEXT() REPRESENTATION_CONTEXT('2D SPACE',''
  ) );
#3713 = ADVANCED_FACE('',(#3714),#2058,.T.);
#3714 = FACE_BOUND('',#3715,.T.);
#3715 = EDGE_LOOP('',(#3716,#3717,#3718,#3719,#3720));
#3716 = ORIENTED_EDGE('',*,*,#3420,.F.);
#3717 = ORIENTED_EDGE('',*,*,#2096,.F.);
#3718 = ORIENTED_EDGE('',*,*,#2042,.T.);
#3719 = ORIENTED_EDGE('',*,*,#2130,.T.);
#3720 = ORIENTED_EDGE('',*,*,#3721,.T.);
#3721 = EDGE_CURVE('',#2131,#3421,#3722,.T.);
#3722 = SURFACE_CURVE('',#3723,(#3727,#3734),.PCURVE_S1.);
#3723 = LINE('',#3724,#3725);
#3724 = CARTESIAN_POINT('',(2.,12.4500001,8.55));
#3725 = VECTOR('',#3726,1.);
#3726 = DIRECTION('',(1.,0.,0.));
#3727 = PCURVE('',#2058,#3728);
#3728 = DEFINITIONAL_REPRESENTATION('',(#3729),#3733);
#3729 = LINE('',#3730,#3731);
#3730 = CARTESIAN_POINT('',(9.55,0.));
#3731 = VECTOR('',#3732,1.);
#3732 = DIRECTION('',(0.,1.));
#3733 = ( GEOMETRIC_REPRESENTATION_CONTEXT(2) 
PARAMETRIC_REPRESENTATION_CONTEXT() REPRESENTATION_CONTEXT('2D SPACE',''
  ) );
#3734 = PCURVE('',#2191,#3735);
#3735 = DEFINITIONAL_REPRESENTATION('',(#3736),#3740);
#3736 = LINE('',#3737,#3738);
#3737 = CARTESIAN_POINT('',(0.,0.));
#3738 = VECTOR('',#3739,1.);
#3739 = DIRECTION('',(1.,0.));
#3740 = ( GEOMETRIC_REPRESENTATION_CONTEXT(2) 
PARAMETRIC_REPRESENTATION_CONTEXT() REPRESENTATION_CONTEXT('2D SPACE',''
  ) );
#3741 = ADVANCED_FACE('',(#3742),#2191,.F.);
#3742 = FACE_BOUND('',#3743,.F.);
#3743 = EDGE_LOOP('',(#3744,#3745,#3746,#3747));
#3744 = ORIENTED_EDGE('',*,*,#2177,.F.);
#3745 = ORIENTED_EDGE('',*,*,#3721,.T.);
#3746 = ORIENTED_EDGE('',*,*,#3540,.T.);
#3747 = ORIENTED_EDGE('',*,*,#3693,.F.);
#3748 = ADVANCED_FACE('',(#3749,#3774),#2251,.T.);
#3749 = FACE_BOUND('',#3750,.F.);
#3750 = EDGE_LOOP('',(#3751,#3752,#3753,#3754,#3755,#3756,#3757,#3758,
    #3759,#3760,#3761,#3762,#3763,#3764,#3765,#3766,#3767,#3768,#3769,
    #3770,#3771,#3772,#3773));
#3751 = ORIENTED_EDGE('',*,*,#2233,.T.);
#3752 = ORIENTED_EDGE('',*,*,#3338,.T.);
#3753 = ORIENTED_EDGE('',*,*,#3289,.T.);
#3754 = ORIENTED_EDGE('',*,*,#3240,.T.);
#3755 = ORIENTED_EDGE('',*,*,#3191,.T.);
#3756 = ORIENTED_EDGE('',*,*,#3142,.T.);
#3757 = ORIENTED_EDGE('',*,*,#3093,.T.);
#3758 = ORIENTED_EDGE('',*,*,#3044,.T.);
#3759 = ORIENTED_EDGE('',*,*,#2995,.T.);
#3760 = ORIENTED_EDGE('',*,*,#2946,.T.);
#3761 = ORIENTED_EDGE('',*,*,#2897,.T.);
#3762 = ORIENTED_EDGE('',*,*,#2848,.T.);
#3763 = ORIENTED_EDGE('',*,*,#2799,.T.);
#3764 = ORIENTED_EDGE('',*,*,#2750,.T.);
#3765 = ORIENTED_EDGE('',*,*,#2701,.T.);
#3766 = ORIENTED_EDGE('',*,*,#2652,.T.);
#3767 = ORIENTED_EDGE('',*,*,#2603,.T.);
#3768 = ORIENTED_EDGE('',*,*,#2554,.T.);
#3769 = ORIENTED_EDGE('',*,*,#2505,.T.);
#3770 = ORIENTED_EDGE('',*,*,#2456,.T.);
#3771 = ORIENTED_EDGE('',*,*,#2407,.T.);
#3772 = ORIENTED_EDGE('',*,*,#2358,.T.);
#3773 = ORIENTED_EDGE('',*,*,#2309,.T.);
#3774 = FACE_BOUND('',#3775,.F.);
#3775 = EDGE_LOOP('',(#3776,#3808,#3838,#3866,#3894,#3922,#3952));
#3776 = ORIENTED_EDGE('',*,*,#3777,.T.);
#3777 = EDGE_CURVE('',#3778,#3780,#3782,.T.);
#3778 = VERTEX_POINT('',#3779);
#3779 = CARTESIAN_POINT('',(6.159497070312,7.312997994287,3.6));
#3780 = VERTEX_POINT('',#3781);
#3781 = CARTESIAN_POINT('',(6.045498046875,7.609999947412,3.6));
#3782 = SURFACE_CURVE('',#3783,(#3787,#3794),.PCURVE_S1.);
#3783 = B_SPLINE_CURVE_WITH_KNOTS('',2,(#3784,#3785,#3786),
  .UNSPECIFIED.,.F.,.F.,(3,3),(0.,1.),.PIECEWISE_BEZIER_KNOTS.);
#3784 = CARTESIAN_POINT('',(6.159497070312,7.312997994287,3.6));
#3785 = CARTESIAN_POINT('',(6.159497070312,7.529003853662,3.6));
#3786 = CARTESIAN_POINT('',(6.045498046875,7.609999947412,3.6));
#3787 = PCURVE('',#2251,#3788);
#3788 = DEFINITIONAL_REPRESENTATION('',(#3789),#3793);
#3789 = B_SPLINE_CURVE_WITH_KNOTS('',2,(#3790,#3791,#3792),
  .UNSPECIFIED.,.F.,.F.,(3,3),(0.,1.),.PIECEWISE_BEZIER_KNOTS.);
#3790 = CARTESIAN_POINT('',(1.622998046875,1.562998046875));
#3791 = CARTESIAN_POINT('',(1.622998046875,1.77900390625));
#3792 = CARTESIAN_POINT('',(1.508999023437,1.86));
#3793 = ( GEOMETRIC_REPRESENTATION_CONTEXT(2) 
PARAMETRIC_REPRESENTATION_CONTEXT() REPRESENTATION_CONTEXT('2D SPACE',''
  ) );
#3794 = PCURVE('',#3795,#3802);
#3795 = SURFACE_OF_LINEAR_EXTRUSION('',#3796,#3800);
#3796 = B_SPLINE_CURVE_WITH_KNOTS('',2,(#3797,#3798,#3799),
  .UNSPECIFIED.,.F.,.F.,(3,3),(0.,1.),.PIECEWISE_BEZIER_KNOTS.);
#3797 = CARTESIAN_POINT('',(6.159497070312,7.312997994287,3.6));
#3798 = CARTESIAN_POINT('',(6.159497070312,7.529003853662,3.6));
#3799 = CARTESIAN_POINT('',(6.045498046875,7.609999947412,3.6));
#3800 = VECTOR('',#3801,1.);
#3801 = DIRECTION('',(-0.,-0.,-1.));
#3802 = DEFINITIONAL_REPRESENTATION('',(#3803),#3807);
#3803 = LINE('',#3804,#3805);
#3804 = CARTESIAN_POINT('',(0.,0.));
#3805 = VECTOR('',#3806,1.);
#3806 = DIRECTION('',(1.,0.));
#3807 = ( GEOMETRIC_REPRESENTATION_CONTEXT(2) 
PARAMETRIC_REPRESENTATION_CONTEXT() REPRESENTATION_CONTEXT('2D SPACE',''
  ) );
#3808 = ORIENTED_EDGE('',*,*,#3809,.T.);
#3809 = EDGE_CURVE('',#3780,#3810,#3812,.T.);
#3810 = VERTEX_POINT('',#3811);
#3811 = CARTESIAN_POINT('',(5.730502929688,7.690996041162,3.6));
#3812 = SURFACE_CURVE('',#3813,(#3817,#3824),.PCURVE_S1.);
#3813 = B_SPLINE_CURVE_WITH_KNOTS('',2,(#3814,#3815,#3816),
  .UNSPECIFIED.,.F.,.F.,(3,3),(0.,1.),.PIECEWISE_BEZIER_KNOTS.);
#3814 = CARTESIAN_POINT('',(6.045498046875,7.609999947412,3.6));
#3815 = CARTESIAN_POINT('',(5.931499023437,7.690996041162,3.6));
#3816 = CARTESIAN_POINT('',(5.730502929688,7.690996041162,3.6));
#3817 = PCURVE('',#2251,#3818);
#3818 = DEFINITIONAL_REPRESENTATION('',(#3819),#3823);
#3819 = B_SPLINE_CURVE_WITH_KNOTS('',2,(#3820,#3821,#3822),
  .UNSPECIFIED.,.F.,.F.,(3,3),(0.,1.),.PIECEWISE_BEZIER_KNOTS.);
#3820 = CARTESIAN_POINT('',(1.508999023437,1.86));
#3821 = CARTESIAN_POINT('',(1.395,1.94099609375));
#3822 = CARTESIAN_POINT('',(1.19400390625,1.94099609375));
#3823 = ( GEOMETRIC_REPRESENTATION_CONTEXT(2) 
PARAMETRIC_REPRESENTATION_CONTEXT() REPRESENTATION_CONTEXT('2D SPACE',''
  ) );
#3824 = PCURVE('',#3825,#3832);
#3825 = SURFACE_OF_LINEAR_EXTRUSION('',#3826,#3830);
#3826 = B_SPLINE_CURVE_WITH_KNOTS('',2,(#3827,#3828,#3829),
  .UNSPECIFIED.,.F.,.F.,(3,3),(0.,1.),.PIECEWISE_BEZIER_KNOTS.);
#3827 = CARTESIAN_POINT('',(6.045498046875,7.609999947412,3.6));
#3828 = CARTESIAN_POINT('',(5.931499023437,7.690996041162,3.6));
#3829 = CARTESIAN_POINT('',(5.730502929687,7.690996041162,3.6));
#3830 = VECTOR('',#3831,1.);
#3831 = DIRECTION('',(-0.,-0.,-1.));
#3832 = DEFINITIONAL_REPRESENTATION('',(#3833),#3837);
#3833 = LINE('',#3834,#3835);
#3834 = CARTESIAN_POINT('',(0.,0.));
#3835 = VECTOR('',#3836,1.);
#3836 = DIRECTION('',(1.,0.));
#3837 = ( GEOMETRIC_REPRESENTATION_CONTEXT(2) 
PARAMETRIC_REPRESENTATION_CONTEXT() REPRESENTATION_CONTEXT('2D SPACE',''
  ) );
#3838 = ORIENTED_EDGE('',*,*,#3839,.T.);
#3839 = EDGE_CURVE('',#3810,#3840,#3842,.T.);
#3840 = VERTEX_POINT('',#3841);
#3841 = CARTESIAN_POINT('',(5.055502929688,7.690996041162,3.6));
#3842 = SURFACE_CURVE('',#3843,(#3847,#3854),.PCURVE_S1.);
#3843 = LINE('',#3844,#3845);
#3844 = CARTESIAN_POINT('',(5.730502929688,7.690996041162,3.6));
#3845 = VECTOR('',#3846,1.);
#3846 = DIRECTION('',(-1.,0.,0.));
#3847 = PCURVE('',#2251,#3848);
#3848 = DEFINITIONAL_REPRESENTATION('',(#3849),#3853);
#3849 = LINE('',#3850,#3851);
#3850 = CARTESIAN_POINT('',(1.19400390625,1.94099609375));
#3851 = VECTOR('',#3852,1.);
#3852 = DIRECTION('',(-1.,0.));
#3853 = ( GEOMETRIC_REPRESENTATION_CONTEXT(2) 
PARAMETRIC_REPRESENTATION_CONTEXT() REPRESENTATION_CONTEXT('2D SPACE',''
  ) );
#3854 = PCURVE('',#3855,#3860);
#3855 = PLANE('',#3856);
#3856 = AXIS2_PLACEMENT_3D('',#3857,#3858,#3859);
#3857 = CARTESIAN_POINT('',(5.730502929687,7.690996041162,3.6));
#3858 = DIRECTION('',(0.,-1.,0.));
#3859 = DIRECTION('',(-1.,0.,0.));
#3860 = DEFINITIONAL_REPRESENTATION('',(#3861),#3865);
#3861 = LINE('',#3862,#3863);
#3862 = CARTESIAN_POINT('',(-1.42108547152E-14,-0.));
#3863 = VECTOR('',#3864,1.);
#3864 = DIRECTION('',(1.,0.));
#3865 = ( GEOMETRIC_REPRESENTATION_CONTEXT(2) 
PARAMETRIC_REPRESENTATION_CONTEXT() REPRESENTATION_CONTEXT('2D SPACE',''
  ) );
#3866 = ORIENTED_EDGE('',*,*,#3867,.T.);
#3867 = EDGE_CURVE('',#3840,#3868,#3870,.T.);
#3868 = VERTEX_POINT('',#3869);
#3869 = CARTESIAN_POINT('',(5.055502929688,6.937997994287,3.6));
#3870 = SURFACE_CURVE('',#3871,(#3875,#3882),.PCURVE_S1.);
#3871 = LINE('',#3872,#3873);
#3872 = CARTESIAN_POINT('',(5.055502929688,7.690996041162,3.6));
#3873 = VECTOR('',#3874,1.);
#3874 = DIRECTION('',(0.,-1.,0.));
#3875 = PCURVE('',#2251,#3876);
#3876 = DEFINITIONAL_REPRESENTATION('',(#3877),#3881);
#3877 = LINE('',#3878,#3879);
#3878 = CARTESIAN_POINT('',(0.51900390625,1.94099609375));
#3879 = VECTOR('',#3880,1.);
#3880 = DIRECTION('',(0.,-1.));
#3881 = ( GEOMETRIC_REPRESENTATION_CONTEXT(2) 
PARAMETRIC_REPRESENTATION_CONTEXT() REPRESENTATION_CONTEXT('2D SPACE',''
  ) );
#3882 = PCURVE('',#3883,#3888);
#3883 = PLANE('',#3884);
#3884 = AXIS2_PLACEMENT_3D('',#3885,#3886,#3887);
#3885 = CARTESIAN_POINT('',(5.055502929687,7.690996041162,3.6));
#3886 = DIRECTION('',(1.,0.,0.));
#3887 = DIRECTION('',(0.,-1.,0.));
#3888 = DEFINITIONAL_REPRESENTATION('',(#3889),#3893);
#3889 = LINE('',#3890,#3891);
#3890 = CARTESIAN_POINT('',(0.,0.));
#3891 = VECTOR('',#3892,1.);
#3892 = DIRECTION('',(1.,0.));
#3893 = ( GEOMETRIC_REPRESENTATION_CONTEXT(2) 
PARAMETRIC_REPRESENTATION_CONTEXT() REPRESENTATION_CONTEXT('2D SPACE',''
  ) );
#3894 = ORIENTED_EDGE('',*,*,#3895,.T.);
#3895 = EDGE_CURVE('',#3868,#3896,#3898,.T.);
#3896 = VERTEX_POINT('',#3897);
#3897 = CARTESIAN_POINT('',(5.730502929688,6.937997994287,3.6));
#3898 = SURFACE_CURVE('',#3899,(#3903,#3910),.PCURVE_S1.);
#3899 = LINE('',#3900,#3901);
#3900 = CARTESIAN_POINT('',(5.055502929688,6.937997994287,3.6));
#3901 = VECTOR('',#3902,1.);
#3902 = DIRECTION('',(1.,0.,0.));
#3903 = PCURVE('',#2251,#3904);
#3904 = DEFINITIONAL_REPRESENTATION('',(#3905),#3909);
#3905 = LINE('',#3906,#3907);
#3906 = CARTESIAN_POINT('',(0.51900390625,1.187998046875));
#3907 = VECTOR('',#3908,1.);
#3908 = DIRECTION('',(1.,0.));
#3909 = ( GEOMETRIC_REPRESENTATION_CONTEXT(2) 
PARAMETRIC_REPRESENTATION_CONTEXT() REPRESENTATION_CONTEXT('2D SPACE',''
  ) );
#3910 = PCURVE('',#3911,#3916);
#3911 = PLANE('',#3912);
#3912 = AXIS2_PLACEMENT_3D('',#3913,#3914,#3915);
#3913 = CARTESIAN_POINT('',(5.055502929687,6.937997994287,3.6));
#3914 = DIRECTION('',(0.,1.,0.));
#3915 = DIRECTION('',(1.,0.,0.));
#3916 = DEFINITIONAL_REPRESENTATION('',(#3917),#3921);
#3917 = LINE('',#3918,#3919);
#3918 = CARTESIAN_POINT('',(1.42108547152E-14,0.));
#3919 = VECTOR('',#3920,1.);
#3920 = DIRECTION('',(1.,0.));
#3921 = ( GEOMETRIC_REPRESENTATION_CONTEXT(2) 
PARAMETRIC_REPRESENTATION_CONTEXT() REPRESENTATION_CONTEXT('2D SPACE',''
  ) );
#3922 = ORIENTED_EDGE('',*,*,#3923,.T.);
#3923 = EDGE_CURVE('',#3896,#3924,#3926,.T.);
#3924 = VERTEX_POINT('',#3925);
#3925 = CARTESIAN_POINT('',(6.05599609375,7.027997994287,3.6));
#3926 = SURFACE_CURVE('',#3927,(#3931,#3938),.PCURVE_S1.);
#3927 = B_SPLINE_CURVE_WITH_KNOTS('',2,(#3928,#3929,#3930),
  .UNSPECIFIED.,.F.,.F.,(3,3),(0.,1.),.PIECEWISE_BEZIER_KNOTS.);
#3928 = CARTESIAN_POINT('',(5.730502929688,6.937997994287,3.6));
#3929 = CARTESIAN_POINT('',(5.952495117187,6.937997994287,3.6));
#3930 = CARTESIAN_POINT('',(6.05599609375,7.027997994287,3.6));
#3931 = PCURVE('',#2251,#3932);
#3932 = DEFINITIONAL_REPRESENTATION('',(#3933),#3937);
#3933 = B_SPLINE_CURVE_WITH_KNOTS('',2,(#3934,#3935,#3936),
  .UNSPECIFIED.,.F.,.F.,(3,3),(0.,1.),.PIECEWISE_BEZIER_KNOTS.);
#3934 = CARTESIAN_POINT('',(1.19400390625,1.187998046875));
#3935 = CARTESIAN_POINT('',(1.41599609375,1.187998046875));
#3936 = CARTESIAN_POINT('',(1.519497070312,1.277998046875));
#3937 = ( GEOMETRIC_REPRESENTATION_CONTEXT(2) 
PARAMETRIC_REPRESENTATION_CONTEXT() REPRESENTATION_CONTEXT('2D SPACE',''
  ) );
#3938 = PCURVE('',#3939,#3946);
#3939 = SURFACE_OF_LINEAR_EXTRUSION('',#3940,#3944);
#3940 = B_SPLINE_CURVE_WITH_KNOTS('',2,(#3941,#3942,#3943),
  .UNSPECIFIED.,.F.,.F.,(3,3),(0.,1.),.PIECEWISE_BEZIER_KNOTS.);
#3941 = CARTESIAN_POINT('',(5.730502929687,6.937997994287,3.6));
#3942 = CARTESIAN_POINT('',(5.952495117187,6.937997994287,3.6));
#3943 = CARTESIAN_POINT('',(6.05599609375,7.027997994287,3.6));
#3944 = VECTOR('',#3945,1.);
#3945 = DIRECTION('',(-0.,-0.,-1.));
#3946 = DEFINITIONAL_REPRESENTATION('',(#3947),#3951);
#3947 = LINE('',#3948,#3949);
#3948 = CARTESIAN_POINT('',(0.,0.));
#3949 = VECTOR('',#3950,1.);
#3950 = DIRECTION('',(1.,0.));
#3951 = ( GEOMETRIC_REPRESENTATION_CONTEXT(2) 
PARAMETRIC_REPRESENTATION_CONTEXT() REPRESENTATION_CONTEXT('2D SPACE',''
  ) );
#3952 = ORIENTED_EDGE('',*,*,#3953,.T.);
#3953 = EDGE_CURVE('',#3924,#3778,#3954,.T.);
#3954 = SURFACE_CURVE('',#3955,(#3959,#3966),.PCURVE_S1.);
#3955 = B_SPLINE_CURVE_WITH_KNOTS('',2,(#3956,#3957,#3958),
  .UNSPECIFIED.,.F.,.F.,(3,3),(0.,1.),.PIECEWISE_BEZIER_KNOTS.);
#3956 = CARTESIAN_POINT('',(6.05599609375,7.027997994287,3.6));
#3957 = CARTESIAN_POINT('',(6.159497070312,7.117997994287,3.6));
#3958 = CARTESIAN_POINT('',(6.159497070312,7.312997994287,3.6));
#3959 = PCURVE('',#2251,#3960);
#3960 = DEFINITIONAL_REPRESENTATION('',(#3961),#3965);
#3961 = B_SPLINE_CURVE_WITH_KNOTS('',2,(#3962,#3963,#3964),
  .UNSPECIFIED.,.F.,.F.,(3,3),(0.,1.),.PIECEWISE_BEZIER_KNOTS.);
#3962 = CARTESIAN_POINT('',(1.519497070312,1.277998046875));
#3963 = CARTESIAN_POINT('',(1.622998046875,1.367998046875));
#3964 = CARTESIAN_POINT('',(1.622998046875,1.562998046875));
#3965 = ( GEOMETRIC_REPRESENTATION_CONTEXT(2) 
PARAMETRIC_REPRESENTATION_CONTEXT() REPRESENTATION_CONTEXT('2D SPACE',''
  ) );
#3966 = PCURVE('',#3967,#3974);
#3967 = SURFACE_OF_LINEAR_EXTRUSION('',#3968,#3972);
#3968 = B_SPLINE_CURVE_WITH_KNOTS('',2,(#3969,#3970,#3971),
  .UNSPECIFIED.,.F.,.F.,(3,3),(0.,1.),.PIECEWISE_BEZIER_KNOTS.);
#3969 = CARTESIAN_POINT('',(6.05599609375,7.027997994287,3.6));
#3970 = CARTESIAN_POINT('',(6.159497070312,7.117997994287,3.6));
#3971 = CARTESIAN_POINT('',(6.159497070312,7.312997994287,3.6));
#3972 = VECTOR('',#3973,1.);
#3973 = DIRECTION('',(-0.,-0.,-1.));
#3974 = DEFINITIONAL_REPRESENTATION('',(#3975),#3979);
#3975 = LINE('',#3976,#3977);
#3976 = CARTESIAN_POINT('',(0.,0.));
#3977 = VECTOR('',#3978,1.);
#3978 = DIRECTION('',(1.,0.));
#3979 = ( GEOMETRIC_REPRESENTATION_CONTEXT(2) 
PARAMETRIC_REPRESENTATION_CONTEXT() REPRESENTATION_CONTEXT('2D SPACE',''
  ) );
#3980 = ADVANCED_FACE('',(#3981),#3404,.F.);
#3981 = FACE_BOUND('',#3982,.F.);
#3982 = EDGE_LOOP('',(#3983));
#3983 = ORIENTED_EDGE('',*,*,#3389,.T.);
#3984 = ADVANCED_FACE('',(#3985),#3483,.F.);
#3985 = FACE_BOUND('',#3986,.F.);
#3986 = EDGE_LOOP('',(#3987,#3988,#3989,#3990));
#3987 = ORIENTED_EDGE('',*,*,#3589,.F.);
#3988 = ORIENTED_EDGE('',*,*,#3467,.T.);
#3989 = ORIENTED_EDGE('',*,*,#3665,.T.);
#3990 = ORIENTED_EDGE('',*,*,#3638,.T.);
#3991 = ADVANCED_FACE('',(#3992),#3795,.F.);
#3992 = FACE_BOUND('',#3993,.F.);
#3993 = EDGE_LOOP('',(#3994,#3995,#4018,#4067));
#3994 = ORIENTED_EDGE('',*,*,#3777,.F.);
#3995 = ORIENTED_EDGE('',*,*,#3996,.T.);
#3996 = EDGE_CURVE('',#3778,#3997,#3999,.T.);
#3997 = VERTEX_POINT('',#3998);
#3998 = CARTESIAN_POINT('',(6.159497070312,7.312997994287,4.));
#3999 = SURFACE_CURVE('',#4000,(#4004,#4011),.PCURVE_S1.);
#4000 = LINE('',#4001,#4002);
#4001 = CARTESIAN_POINT('',(6.159497070312,7.312997994287,3.6));
#4002 = VECTOR('',#4003,1.);
#4003 = DIRECTION('',(0.,0.,1.));
#4004 = PCURVE('',#3795,#4005);
#4005 = DEFINITIONAL_REPRESENTATION('',(#4006),#4010);
#4006 = LINE('',#4007,#4008);
#4007 = CARTESIAN_POINT('',(0.,0.));
#4008 = VECTOR('',#4009,1.);
#4009 = DIRECTION('',(0.,-1.));
#4010 = ( GEOMETRIC_REPRESENTATION_CONTEXT(2) 
PARAMETRIC_REPRESENTATION_CONTEXT() REPRESENTATION_CONTEXT('2D SPACE',''
  ) );
#4011 = PCURVE('',#3967,#4012);
#4012 = DEFINITIONAL_REPRESENTATION('',(#4013),#4017);
#4013 = LINE('',#4014,#4015);
#4014 = CARTESIAN_POINT('',(1.,0.));
#4015 = VECTOR('',#4016,1.);
#4016 = DIRECTION('',(0.,-1.));
#4017 = ( GEOMETRIC_REPRESENTATION_CONTEXT(2) 
PARAMETRIC_REPRESENTATION_CONTEXT() REPRESENTATION_CONTEXT('2D SPACE',''
  ) );
#4018 = ORIENTED_EDGE('',*,*,#4019,.F.);
#4019 = EDGE_CURVE('',#4020,#3997,#4022,.T.);
#4020 = VERTEX_POINT('',#4021);
#4021 = CARTESIAN_POINT('',(6.045498046875,7.609999947412,4.));
#4022 = SURFACE_CURVE('',#4023,(#4034,#4048),.PCURVE_S1.);
#4023 = B_SPLINE_CURVE_WITH_KNOTS('',5,(#4024,#4025,#4026,#4027,#4028,
    #4029,#4030,#4031,#4032,#4033),.UNSPECIFIED.,.F.,.F.,(6,4,6),(0.,
    6.499958431883E-02,1.),.UNSPECIFIED.);
#4024 = CARTESIAN_POINT('',(6.045498046875,7.609999947412,4.));
#4025 = CARTESIAN_POINT('',(6.048507114944,7.607862010156,4.));
#4026 = CARTESIAN_POINT('',(6.051466921237,7.605665012801,4.));
#4027 = CARTESIAN_POINT('',(6.054377314382,7.603409015416,4.));
#4028 = CARTESIAN_POINT('',(6.057238159502,7.601094098003,4.));
#4029 = CARTESIAN_POINT('',(6.100487339476,7.564574825919,4.));
#4030 = CARTESIAN_POINT('',(6.130658000404,7.518249639263,4.));
#4031 = CARTESIAN_POINT('',(6.15016446898,7.460062328242,4.));
#4032 = CARTESIAN_POINT('',(6.159497070312,7.391172901278,4.));
#4033 = CARTESIAN_POINT('',(6.159497070312,7.312997994287,4.));
#4034 = PCURVE('',#3795,#4035);
#4035 = DEFINITIONAL_REPRESENTATION('',(#4036),#4047);
#4036 = B_SPLINE_CURVE_WITH_KNOTS('',5,(#4037,#4038,#4039,#4040,#4041,
    #4042,#4043,#4044,#4045,#4046),.UNSPECIFIED.,.F.,.F.,(6,4,6),(0.,
    6.499958431883E-02,1.),.UNSPECIFIED.);
#4037 = CARTESIAN_POINT('',(1.,-0.4));
#4038 = CARTESIAN_POINT('',(0.986802219976,-0.4));
#4039 = CARTESIAN_POINT('',(0.973602775491,-0.4));
#4040 = CARTESIAN_POINT('',(0.960402220562,-0.4));
#4041 = CARTESIAN_POINT('',(0.947201110119,-0.4));
#4042 = CARTESIAN_POINT('',(0.744105809467,-0.4));
#4043 = CARTESIAN_POINT('',(0.55416537971,-0.4));
#4044 = CARTESIAN_POINT('',(0.366001629057,-0.4));
#4045 = CARTESIAN_POINT('',(0.180955524116,-0.4));
#4046 = CARTESIAN_POINT('',(0.,-0.4));
#4047 = ( GEOMETRIC_REPRESENTATION_CONTEXT(2) 
PARAMETRIC_REPRESENTATION_CONTEXT() REPRESENTATION_CONTEXT('2D SPACE',''
  ) );
#4048 = PCURVE('',#4049,#4054);
#4049 = PLANE('',#4050);
#4050 = AXIS2_PLACEMENT_3D('',#4051,#4052,#4053);
#4051 = CARTESIAN_POINT('',(4.1,9.999999406318E-08,4.));
#4052 = DIRECTION('',(0.,0.,1.));
#4053 = DIRECTION('',(1.,0.,0.));
#4054 = DEFINITIONAL_REPRESENTATION('',(#4055),#4066);
#4055 = B_SPLINE_CURVE_WITH_KNOTS('',5,(#4056,#4057,#4058,#4059,#4060,
    #4061,#4062,#4063,#4064,#4065),.UNSPECIFIED.,.F.,.F.,(6,4,6),(0.,
    6.499958431883E-02,1.),.UNSPECIFIED.);
#4056 = CARTESIAN_POINT('',(1.945498046875,7.609999847412));
#4057 = CARTESIAN_POINT('',(1.948507114944,7.607861910156));
#4058 = CARTESIAN_POINT('',(1.951466921237,7.605664912801));
#4059 = CARTESIAN_POINT('',(1.954377314382,7.603408915416));
#4060 = CARTESIAN_POINT('',(1.957238159502,7.601093998003));
#4061 = CARTESIAN_POINT('',(2.000487339476,7.564574725919));
#4062 = CARTESIAN_POINT('',(2.030658000404,7.518249539263));
#4063 = CARTESIAN_POINT('',(2.05016446898,7.460062228242));
#4064 = CARTESIAN_POINT('',(2.059497070313,7.391172801278));
#4065 = CARTESIAN_POINT('',(2.059497070313,7.312997894287));
#4066 = ( GEOMETRIC_REPRESENTATION_CONTEXT(2) 
PARAMETRIC_REPRESENTATION_CONTEXT() REPRESENTATION_CONTEXT('2D SPACE',''
  ) );
#4067 = ORIENTED_EDGE('',*,*,#4068,.F.);
#4068 = EDGE_CURVE('',#3780,#4020,#4069,.T.);
#4069 = SURFACE_CURVE('',#4070,(#4074,#4081),.PCURVE_S1.);
#4070 = LINE('',#4071,#4072);
#4071 = CARTESIAN_POINT('',(6.045498046875,7.609999947412,3.6));
#4072 = VECTOR('',#4073,1.);
#4073 = DIRECTION('',(0.,0.,1.));
#4074 = PCURVE('',#3795,#4075);
#4075 = DEFINITIONAL_REPRESENTATION('',(#4076),#4080);
#4076 = LINE('',#4077,#4078);
#4077 = CARTESIAN_POINT('',(1.,0.));
#4078 = VECTOR('',#4079,1.);
#4079 = DIRECTION('',(0.,-1.));
#4080 = ( GEOMETRIC_REPRESENTATION_CONTEXT(2) 
PARAMETRIC_REPRESENTATION_CONTEXT() REPRESENTATION_CONTEXT('2D SPACE',''
  ) );
#4081 = PCURVE('',#3825,#4082);
#4082 = DEFINITIONAL_REPRESENTATION('',(#4083),#4087);
#4083 = LINE('',#4084,#4085);
#4084 = CARTESIAN_POINT('',(0.,0.));
#4085 = VECTOR('',#4086,1.);
#4086 = DIRECTION('',(0.,-1.));
#4087 = ( GEOMETRIC_REPRESENTATION_CONTEXT(2) 
PARAMETRIC_REPRESENTATION_CONTEXT() REPRESENTATION_CONTEXT('2D SPACE',''
  ) );
#4088 = ADVANCED_FACE('',(#4089),#3825,.F.);
#4089 = FACE_BOUND('',#4090,.F.);
#4090 = EDGE_LOOP('',(#4091,#4092,#4093,#4125));
#4091 = ORIENTED_EDGE('',*,*,#3809,.F.);
#4092 = ORIENTED_EDGE('',*,*,#4068,.T.);
#4093 = ORIENTED_EDGE('',*,*,#4094,.F.);
#4094 = EDGE_CURVE('',#4095,#4020,#4097,.T.);
#4095 = VERTEX_POINT('',#4096);
#4096 = CARTESIAN_POINT('',(5.730502929687,7.690996041162,4.));
#4097 = SURFACE_CURVE('',#4098,(#4105,#4115),.PCURVE_S1.);
#4098 = B_SPLINE_CURVE_WITH_KNOTS('',5,(#4099,#4100,#4101,#4102,#4103,
    #4104),.UNSPECIFIED.,.F.,.F.,(6,6),(0.,1.),
  .PIECEWISE_BEZIER_KNOTS.);
#4099 = CARTESIAN_POINT('',(5.730502929687,7.690996041162,4.));
#4100 = CARTESIAN_POINT('',(5.809106245511,7.690996041162,4.));
#4101 = CARTESIAN_POINT('',(5.880557978453,7.683253971955,4.));
#4102 = CARTESIAN_POINT('',(5.944135113302,7.667311968695,4.));
#4103 = CARTESIAN_POINT('',(5.99922448298,7.642877228343,4.));
#4104 = CARTESIAN_POINT('',(6.045498046875,7.609999947412,4.));
#4105 = PCURVE('',#3825,#4106);
#4106 = DEFINITIONAL_REPRESENTATION('',(#4107),#4114);
#4107 = B_SPLINE_CURVE_WITH_KNOTS('',5,(#4108,#4109,#4110,#4111,#4112,
    #4113),.UNSPECIFIED.,.F.,.F.,(6,6),(0.,1.),
  .PIECEWISE_BEZIER_KNOTS.);
#4108 = CARTESIAN_POINT('',(1.,-0.4));
#4109 = CARTESIAN_POINT('',(0.804465563592,-0.4));
#4110 = CARTESIAN_POINT('',(0.606035314842,-0.4));
#4111 = CARTESIAN_POINT('',(0.405284457213,-0.4));
#4112 = CARTESIAN_POINT('',(0.202955966197,-0.4));
#4113 = CARTESIAN_POINT('',(0.,-0.4));
#4114 = ( GEOMETRIC_REPRESENTATION_CONTEXT(2) 
PARAMETRIC_REPRESENTATION_CONTEXT() REPRESENTATION_CONTEXT('2D SPACE',''
  ) );
#4115 = PCURVE('',#4049,#4116);
#4116 = DEFINITIONAL_REPRESENTATION('',(#4117),#4124);
#4117 = B_SPLINE_CURVE_WITH_KNOTS('',5,(#4118,#4119,#4120,#4121,#4122,
    #4123),.UNSPECIFIED.,.F.,.F.,(6,6),(0.,1.),
  .PIECEWISE_BEZIER_KNOTS.);
#4118 = CARTESIAN_POINT('',(1.630502929687,7.690995941162));
#4119 = CARTESIAN_POINT('',(1.709106245511,7.690995941162));
#4120 = CARTESIAN_POINT('',(1.780557978453,7.683253871955));
#4121 = CARTESIAN_POINT('',(1.844135113302,7.667311868695));
#4122 = CARTESIAN_POINT('',(1.89922448298,7.642877128343));
#4123 = CARTESIAN_POINT('',(1.945498046875,7.609999847412));
#4124 = ( GEOMETRIC_REPRESENTATION_CONTEXT(2) 
PARAMETRIC_REPRESENTATION_CONTEXT() REPRESENTATION_CONTEXT('2D SPACE',''
  ) );
#4125 = ORIENTED_EDGE('',*,*,#4126,.F.);
#4126 = EDGE_CURVE('',#3810,#4095,#4127,.T.);
#4127 = SURFACE_CURVE('',#4128,(#4132,#4139),.PCURVE_S1.);
#4128 = LINE('',#4129,#4130);
#4129 = CARTESIAN_POINT('',(5.730502929687,7.690996041162,3.6));
#4130 = VECTOR('',#4131,1.);
#4131 = DIRECTION('',(0.,0.,1.));
#4132 = PCURVE('',#3825,#4133);
#4133 = DEFINITIONAL_REPRESENTATION('',(#4134),#4138);
#4134 = LINE('',#4135,#4136);
#4135 = CARTESIAN_POINT('',(1.,0.));
#4136 = VECTOR('',#4137,1.);
#4137 = DIRECTION('',(0.,-1.));
#4138 = ( GEOMETRIC_REPRESENTATION_CONTEXT(2) 
PARAMETRIC_REPRESENTATION_CONTEXT() REPRESENTATION_CONTEXT('2D SPACE',''
  ) );
#4139 = PCURVE('',#3855,#4140);
#4140 = DEFINITIONAL_REPRESENTATION('',(#4141),#4145);
#4141 = LINE('',#4142,#4143);
#4142 = CARTESIAN_POINT('',(0.,-0.));
#4143 = VECTOR('',#4144,1.);
#4144 = DIRECTION('',(0.,-1.));
#4145 = ( GEOMETRIC_REPRESENTATION_CONTEXT(2) 
PARAMETRIC_REPRESENTATION_CONTEXT() REPRESENTATION_CONTEXT('2D SPACE',''
  ) );
#4146 = ADVANCED_FACE('',(#4147),#3855,.F.);
#4147 = FACE_BOUND('',#4148,.F.);
#4148 = EDGE_LOOP('',(#4149,#4150,#4151,#4174));
#4149 = ORIENTED_EDGE('',*,*,#3839,.F.);
#4150 = ORIENTED_EDGE('',*,*,#4126,.T.);
#4151 = ORIENTED_EDGE('',*,*,#4152,.F.);
#4152 = EDGE_CURVE('',#4153,#4095,#4155,.T.);
#4153 = VERTEX_POINT('',#4154);
#4154 = CARTESIAN_POINT('',(5.055502929687,7.690996041162,4.));
#4155 = SURFACE_CURVE('',#4156,(#4160,#4167),.PCURVE_S1.);
#4156 = LINE('',#4157,#4158);
#4157 = CARTESIAN_POINT('',(4.915251464844,7.690996041162,4.));
#4158 = VECTOR('',#4159,1.);
#4159 = DIRECTION('',(1.,0.,-0.));
#4160 = PCURVE('',#3855,#4161);
#4161 = DEFINITIONAL_REPRESENTATION('',(#4162),#4166);
#4162 = LINE('',#4163,#4164);
#4163 = CARTESIAN_POINT('',(0.815251464844,-0.4));
#4164 = VECTOR('',#4165,1.);
#4165 = DIRECTION('',(-1.,-0.));
#4166 = ( GEOMETRIC_REPRESENTATION_CONTEXT(2) 
PARAMETRIC_REPRESENTATION_CONTEXT() REPRESENTATION_CONTEXT('2D SPACE',''
  ) );
#4167 = PCURVE('',#4049,#4168);
#4168 = DEFINITIONAL_REPRESENTATION('',(#4169),#4173);
#4169 = LINE('',#4170,#4171);
#4170 = CARTESIAN_POINT('',(0.815251464844,7.690995941162));
#4171 = VECTOR('',#4172,1.);
#4172 = DIRECTION('',(1.,0.));
#4173 = ( GEOMETRIC_REPRESENTATION_CONTEXT(2) 
PARAMETRIC_REPRESENTATION_CONTEXT() REPRESENTATION_CONTEXT('2D SPACE',''
  ) );
#4174 = ORIENTED_EDGE('',*,*,#4175,.F.);
#4175 = EDGE_CURVE('',#3840,#4153,#4176,.T.);
#4176 = SURFACE_CURVE('',#4177,(#4181,#4188),.PCURVE_S1.);
#4177 = LINE('',#4178,#4179);
#4178 = CARTESIAN_POINT('',(5.055502929687,7.690996041162,3.6));
#4179 = VECTOR('',#4180,1.);
#4180 = DIRECTION('',(0.,0.,1.));
#4181 = PCURVE('',#3855,#4182);
#4182 = DEFINITIONAL_REPRESENTATION('',(#4183),#4187);
#4183 = LINE('',#4184,#4185);
#4184 = CARTESIAN_POINT('',(0.675,0.));
#4185 = VECTOR('',#4186,1.);
#4186 = DIRECTION('',(0.,-1.));
#4187 = ( GEOMETRIC_REPRESENTATION_CONTEXT(2) 
PARAMETRIC_REPRESENTATION_CONTEXT() REPRESENTATION_CONTEXT('2D SPACE',''
  ) );
#4188 = PCURVE('',#3883,#4189);
#4189 = DEFINITIONAL_REPRESENTATION('',(#4190),#4194);
#4190 = LINE('',#4191,#4192);
#4191 = CARTESIAN_POINT('',(0.,0.));
#4192 = VECTOR('',#4193,1.);
#4193 = DIRECTION('',(0.,-1.));
#4194 = ( GEOMETRIC_REPRESENTATION_CONTEXT(2) 
PARAMETRIC_REPRESENTATION_CONTEXT() REPRESENTATION_CONTEXT('2D SPACE',''
  ) );
#4195 = ADVANCED_FACE('',(#4196),#3883,.F.);
#4196 = FACE_BOUND('',#4197,.F.);
#4197 = EDGE_LOOP('',(#4198,#4199,#4200,#4223));
#4198 = ORIENTED_EDGE('',*,*,#3867,.F.);
#4199 = ORIENTED_EDGE('',*,*,#4175,.T.);
#4200 = ORIENTED_EDGE('',*,*,#4201,.F.);
#4201 = EDGE_CURVE('',#4202,#4153,#4204,.T.);
#4202 = VERTEX_POINT('',#4203);
#4203 = CARTESIAN_POINT('',(5.055502929687,6.937997994287,4.));
#4204 = SURFACE_CURVE('',#4205,(#4209,#4216),.PCURVE_S1.);
#4205 = LINE('',#4206,#4207);
#4206 = CARTESIAN_POINT('',(5.055502929687,3.845498070581,4.));
#4207 = VECTOR('',#4208,1.);
#4208 = DIRECTION('',(0.,1.,0.));
#4209 = PCURVE('',#3883,#4210);
#4210 = DEFINITIONAL_REPRESENTATION('',(#4211),#4215);
#4211 = LINE('',#4212,#4213);
#4212 = CARTESIAN_POINT('',(3.845497970581,-0.4));
#4213 = VECTOR('',#4214,1.);
#4214 = DIRECTION('',(-1.,0.));
#4215 = ( GEOMETRIC_REPRESENTATION_CONTEXT(2) 
PARAMETRIC_REPRESENTATION_CONTEXT() REPRESENTATION_CONTEXT('2D SPACE',''
  ) );
#4216 = PCURVE('',#4049,#4217);
#4217 = DEFINITIONAL_REPRESENTATION('',(#4218),#4222);
#4218 = LINE('',#4219,#4220);
#4219 = CARTESIAN_POINT('',(0.955502929687,3.845497970581));
#4220 = VECTOR('',#4221,1.);
#4221 = DIRECTION('',(0.,1.));
#4222 = ( GEOMETRIC_REPRESENTATION_CONTEXT(2) 
PARAMETRIC_REPRESENTATION_CONTEXT() REPRESENTATION_CONTEXT('2D SPACE',''
  ) );
#4223 = ORIENTED_EDGE('',*,*,#4224,.F.);
#4224 = EDGE_CURVE('',#3868,#4202,#4225,.T.);
#4225 = SURFACE_CURVE('',#4226,(#4230,#4237),.PCURVE_S1.);
#4226 = LINE('',#4227,#4228);
#4227 = CARTESIAN_POINT('',(5.055502929687,6.937997994287,3.6));
#4228 = VECTOR('',#4229,1.);
#4229 = DIRECTION('',(0.,0.,1.));
#4230 = PCURVE('',#3883,#4231);
#4231 = DEFINITIONAL_REPRESENTATION('',(#4232),#4236);
#4232 = LINE('',#4233,#4234);
#4233 = CARTESIAN_POINT('',(0.752998046875,0.));
#4234 = VECTOR('',#4235,1.);
#4235 = DIRECTION('',(0.,-1.));
#4236 = ( GEOMETRIC_REPRESENTATION_CONTEXT(2) 
PARAMETRIC_REPRESENTATION_CONTEXT() REPRESENTATION_CONTEXT('2D SPACE',''
  ) );
#4237 = PCURVE('',#3911,#4238);
#4238 = DEFINITIONAL_REPRESENTATION('',(#4239),#4243);
#4239 = LINE('',#4240,#4241);
#4240 = CARTESIAN_POINT('',(0.,0.));
#4241 = VECTOR('',#4242,1.);
#4242 = DIRECTION('',(0.,-1.));
#4243 = ( GEOMETRIC_REPRESENTATION_CONTEXT(2) 
PARAMETRIC_REPRESENTATION_CONTEXT() REPRESENTATION_CONTEXT('2D SPACE',''
  ) );
#4244 = ADVANCED_FACE('',(#4245),#3911,.F.);
#4245 = FACE_BOUND('',#4246,.F.);
#4246 = EDGE_LOOP('',(#4247,#4248,#4249,#4272));
#4247 = ORIENTED_EDGE('',*,*,#3895,.F.);
#4248 = ORIENTED_EDGE('',*,*,#4224,.T.);
#4249 = ORIENTED_EDGE('',*,*,#4250,.F.);
#4250 = EDGE_CURVE('',#4251,#4202,#4253,.T.);
#4251 = VERTEX_POINT('',#4252);
#4252 = CARTESIAN_POINT('',(5.730502929687,6.937997994287,4.));
#4253 = SURFACE_CURVE('',#4254,(#4258,#4265),.PCURVE_S1.);
#4254 = LINE('',#4255,#4256);
#4255 = CARTESIAN_POINT('',(4.577751464844,6.937997994287,4.));
#4256 = VECTOR('',#4257,1.);
#4257 = DIRECTION('',(-1.,0.,0.));
#4258 = PCURVE('',#3911,#4259);
#4259 = DEFINITIONAL_REPRESENTATION('',(#4260),#4264);
#4260 = LINE('',#4261,#4262);
#4261 = CARTESIAN_POINT('',(-0.477751464844,-0.4));
#4262 = VECTOR('',#4263,1.);
#4263 = DIRECTION('',(-1.,0.));
#4264 = ( GEOMETRIC_REPRESENTATION_CONTEXT(2) 
PARAMETRIC_REPRESENTATION_CONTEXT() REPRESENTATION_CONTEXT('2D SPACE',''
  ) );
#4265 = PCURVE('',#4049,#4266);
#4266 = DEFINITIONAL_REPRESENTATION('',(#4267),#4271);
#4267 = LINE('',#4268,#4269);
#4268 = CARTESIAN_POINT('',(0.477751464844,6.937997894287));
#4269 = VECTOR('',#4270,1.);
#4270 = DIRECTION('',(-1.,0.));
#4271 = ( GEOMETRIC_REPRESENTATION_CONTEXT(2) 
PARAMETRIC_REPRESENTATION_CONTEXT() REPRESENTATION_CONTEXT('2D SPACE',''
  ) );
#4272 = ORIENTED_EDGE('',*,*,#4273,.F.);
#4273 = EDGE_CURVE('',#3896,#4251,#4274,.T.);
#4274 = SURFACE_CURVE('',#4275,(#4279,#4286),.PCURVE_S1.);
#4275 = LINE('',#4276,#4277);
#4276 = CARTESIAN_POINT('',(5.730502929687,6.937997994287,3.6));
#4277 = VECTOR('',#4278,1.);
#4278 = DIRECTION('',(0.,0.,1.));
#4279 = PCURVE('',#3911,#4280);
#4280 = DEFINITIONAL_REPRESENTATION('',(#4281),#4285);
#4281 = LINE('',#4282,#4283);
#4282 = CARTESIAN_POINT('',(0.675,0.));
#4283 = VECTOR('',#4284,1.);
#4284 = DIRECTION('',(0.,-1.));
#4285 = ( GEOMETRIC_REPRESENTATION_CONTEXT(2) 
PARAMETRIC_REPRESENTATION_CONTEXT() REPRESENTATION_CONTEXT('2D SPACE',''
  ) );
#4286 = PCURVE('',#3939,#4287);
#4287 = DEFINITIONAL_REPRESENTATION('',(#4288),#4292);
#4288 = LINE('',#4289,#4290);
#4289 = CARTESIAN_POINT('',(0.,0.));
#4290 = VECTOR('',#4291,1.);
#4291 = DIRECTION('',(0.,-1.));
#4292 = ( GEOMETRIC_REPRESENTATION_CONTEXT(2) 
PARAMETRIC_REPRESENTATION_CONTEXT() REPRESENTATION_CONTEXT('2D SPACE',''
  ) );
#4293 = ADVANCED_FACE('',(#4294),#3939,.F.);
#4294 = FACE_BOUND('',#4295,.F.);
#4295 = EDGE_LOOP('',(#4296,#4297,#4298,#4330));
#4296 = ORIENTED_EDGE('',*,*,#3923,.F.);
#4297 = ORIENTED_EDGE('',*,*,#4273,.T.);
#4298 = ORIENTED_EDGE('',*,*,#4299,.F.);
#4299 = EDGE_CURVE('',#4300,#4251,#4302,.T.);
#4300 = VERTEX_POINT('',#4301);
#4301 = CARTESIAN_POINT('',(6.05599609375,7.027997994287,4.));
#4302 = SURFACE_CURVE('',#4303,(#4310,#4320),.PCURVE_S1.);
#4303 = B_SPLINE_CURVE_WITH_KNOTS('',5,(#4304,#4305,#4306,#4307,#4308,
    #4309),.UNSPECIFIED.,.F.,.F.,(6,6),(0.,1.),
  .PIECEWISE_BEZIER_KNOTS.);
#4304 = CARTESIAN_POINT('',(6.05599609375,7.027997994287,4.));
#4305 = CARTESIAN_POINT('',(6.013722234423,6.991238463452,4.));
#4306 = CARTESIAN_POINT('',(5.959254918488,6.96400355237,4.));
#4307 = CARTESIAN_POINT('',(5.893107300674,6.946426308346,4.));
#4308 = CARTESIAN_POINT('',(5.816430766343,6.937997994287,4.));
#4309 = CARTESIAN_POINT('',(5.730502929687,6.937997994287,4.));
#4310 = PCURVE('',#3939,#4311);
#4311 = DEFINITIONAL_REPRESENTATION('',(#4312),#4319);
#4312 = B_SPLINE_CURVE_WITH_KNOTS('',5,(#4313,#4314,#4315,#4316,#4317,
    #4318),.UNSPECIFIED.,.F.,.F.,(6,6),(0.,1.),
  .PIECEWISE_BEZIER_KNOTS.);
#4313 = CARTESIAN_POINT('',(1.,-0.4));
#4314 = CARTESIAN_POINT('',(0.795780384248,-0.4));
#4315 = CARTESIAN_POINT('',(0.592340891887,-0.4));
#4316 = CARTESIAN_POINT('',(0.39123184929,-0.4));
#4317 = CARTESIAN_POINT('',(0.193537974519,-0.4));
#4318 = CARTESIAN_POINT('',(0.,-0.4));
#4319 = ( GEOMETRIC_REPRESENTATION_CONTEXT(2) 
PARAMETRIC_REPRESENTATION_CONTEXT() REPRESENTATION_CONTEXT('2D SPACE',''
  ) );
#4320 = PCURVE('',#4049,#4321);
#4321 = DEFINITIONAL_REPRESENTATION('',(#4322),#4329);
#4322 = B_SPLINE_CURVE_WITH_KNOTS('',5,(#4323,#4324,#4325,#4326,#4327,
    #4328),.UNSPECIFIED.,.F.,.F.,(6,6),(0.,1.),
  .PIECEWISE_BEZIER_KNOTS.);
#4323 = CARTESIAN_POINT('',(1.95599609375,7.027997894287));
#4324 = CARTESIAN_POINT('',(1.913722234423,6.991238363452));
#4325 = CARTESIAN_POINT('',(1.859254918488,6.96400345237));
#4326 = CARTESIAN_POINT('',(1.793107300674,6.946426208346));
#4327 = CARTESIAN_POINT('',(1.716430766343,6.937997894287));
#4328 = CARTESIAN_POINT('',(1.630502929687,6.937997894287));
#4329 = ( GEOMETRIC_REPRESENTATION_CONTEXT(2) 
PARAMETRIC_REPRESENTATION_CONTEXT() REPRESENTATION_CONTEXT('2D SPACE',''
  ) );
#4330 = ORIENTED_EDGE('',*,*,#4331,.F.);
#4331 = EDGE_CURVE('',#3924,#4300,#4332,.T.);
#4332 = SURFACE_CURVE('',#4333,(#4337,#4344),.PCURVE_S1.);
#4333 = LINE('',#4334,#4335);
#4334 = CARTESIAN_POINT('',(6.05599609375,7.027997994287,3.6));
#4335 = VECTOR('',#4336,1.);
#4336 = DIRECTION('',(0.,0.,1.));
#4337 = PCURVE('',#3939,#4338);
#4338 = DEFINITIONAL_REPRESENTATION('',(#4339),#4343);
#4339 = LINE('',#4340,#4341);
#4340 = CARTESIAN_POINT('',(1.,0.));
#4341 = VECTOR('',#4342,1.);
#4342 = DIRECTION('',(0.,-1.));
#4343 = ( GEOMETRIC_REPRESENTATION_CONTEXT(2) 
PARAMETRIC_REPRESENTATION_CONTEXT() REPRESENTATION_CONTEXT('2D SPACE',''
  ) );
#4344 = PCURVE('',#3967,#4345);
#4345 = DEFINITIONAL_REPRESENTATION('',(#4346),#4350);
#4346 = LINE('',#4347,#4348);
#4347 = CARTESIAN_POINT('',(0.,0.));
#4348 = VECTOR('',#4349,1.);
#4349 = DIRECTION('',(0.,-1.));
#4350 = ( GEOMETRIC_REPRESENTATION_CONTEXT(2) 
PARAMETRIC_REPRESENTATION_CONTEXT() REPRESENTATION_CONTEXT('2D SPACE',''
  ) );
#4351 = ADVANCED_FACE('',(#4352),#3967,.F.);
#4352 = FACE_BOUND('',#4353,.F.);
#4353 = EDGE_LOOP('',(#4354,#4355,#4356,#4386));
#4354 = ORIENTED_EDGE('',*,*,#3953,.F.);
#4355 = ORIENTED_EDGE('',*,*,#4331,.T.);
#4356 = ORIENTED_EDGE('',*,*,#4357,.F.);
#4357 = EDGE_CURVE('',#3997,#4300,#4358,.T.);
#4358 = SURFACE_CURVE('',#4359,(#4366,#4376),.PCURVE_S1.);
#4359 = B_SPLINE_CURVE_WITH_KNOTS('',5,(#4360,#4361,#4362,#4363,#4364,
    #4365),.UNSPECIFIED.,.F.,.F.,(6,6),(0.,1.),
  .PIECEWISE_BEZIER_KNOTS.);
#4360 = CARTESIAN_POINT('',(6.159497070312,7.312997994287,4.));
#4361 = CARTESIAN_POINT('',(6.159497070312,7.236819269767,4.));
#4362 = CARTESIAN_POINT('',(6.149624625497,7.169315049645,4.));
#4363 = CARTESIAN_POINT('',(6.129185009575,7.111570333697,4.));
#4364 = CARTESIAN_POINT('',(6.097850918371,7.064393150555,4.));
#4365 = CARTESIAN_POINT('',(6.05599609375,7.027997994287,4.));
#4366 = PCURVE('',#3967,#4367);
#4367 = DEFINITIONAL_REPRESENTATION('',(#4368),#4375);
#4368 = B_SPLINE_CURVE_WITH_KNOTS('',5,(#4369,#4370,#4371,#4372,#4373,
    #4374),.UNSPECIFIED.,.F.,.F.,(6,6),(0.,1.),
  .PIECEWISE_BEZIER_KNOTS.);
#4369 = CARTESIAN_POINT('',(1.,-0.4));
#4370 = CARTESIAN_POINT('',(0.804669937129,-0.4));
#4371 = CARTESIAN_POINT('',(0.605901605466,-0.4));
#4372 = CARTESIAN_POINT('',(0.404669906648,-0.4));
#4373 = CARTESIAN_POINT('',(0.202195312602,-0.4));
#4374 = CARTESIAN_POINT('',(0.,-0.4));
#4375 = ( GEOMETRIC_REPRESENTATION_CONTEXT(2) 
PARAMETRIC_REPRESENTATION_CONTEXT() REPRESENTATION_CONTEXT('2D SPACE',''
  ) );
#4376 = PCURVE('',#4049,#4377);
#4377 = DEFINITIONAL_REPRESENTATION('',(#4378),#4385);
#4378 = B_SPLINE_CURVE_WITH_KNOTS('',5,(#4379,#4380,#4381,#4382,#4383,
    #4384),.UNSPECIFIED.,.F.,.F.,(6,6),(0.,1.),
  .PIECEWISE_BEZIER_KNOTS.);
#4379 = CARTESIAN_POINT('',(2.059497070313,7.312997894287));
#4380 = CARTESIAN_POINT('',(2.059497070313,7.236819169767));
#4381 = CARTESIAN_POINT('',(2.049624625497,7.169314949645));
#4382 = CARTESIAN_POINT('',(2.029185009575,7.111570233697));
#4383 = CARTESIAN_POINT('',(1.997850918371,7.064393050555));
#4384 = CARTESIAN_POINT('',(1.95599609375,7.027997894287));
#4385 = ( GEOMETRIC_REPRESENTATION_CONTEXT(2) 
PARAMETRIC_REPRESENTATION_CONTEXT() REPRESENTATION_CONTEXT('2D SPACE',''
  ) );
#4386 = ORIENTED_EDGE('',*,*,#3996,.F.);
#4387 = ADVANCED_FACE('',(#4388),#4049,.T.);
#4388 = FACE_BOUND('',#4389,.T.);
#4389 = EDGE_LOOP('',(#4390,#4391,#4392,#4393,#4394,#4395,#4396));
#4390 = ORIENTED_EDGE('',*,*,#4019,.F.);
#4391 = ORIENTED_EDGE('',*,*,#4094,.F.);
#4392 = ORIENTED_EDGE('',*,*,#4152,.F.);
#4393 = ORIENTED_EDGE('',*,*,#4201,.F.);
#4394 = ORIENTED_EDGE('',*,*,#4250,.F.);
#4395 = ORIENTED_EDGE('',*,*,#4299,.F.);
#4396 = ORIENTED_EDGE('',*,*,#4357,.F.);
#4397 = ( GEOMETRIC_REPRESENTATION_CONTEXT(3) 
GLOBAL_UNCERTAINTY_ASSIGNED_CONTEXT((#4401)) 
GLOBAL_UNIT_ASSIGNED_CONTEXT((#4398,#4399,#4400)) REPRESENTATION_CONTEXT
('Context #1','3D Context with UNIT and UNCERTAINTY') );
#4398 = ( LENGTH_UNIT() NAMED_UNIT(*) SI_UNIT(.MILLI.,.METRE.) );
#4399 = ( NAMED_UNIT(*) PLANE_ANGLE_UNIT() SI_UNIT($,.RADIAN.) );
#4400 = ( NAMED_UNIT(*) SI_UNIT($,.STERADIAN.) SOLID_ANGLE_UNIT() );
#4401 = UNCERTAINTY_MEASURE_WITH_UNIT(LENGTH_MEASURE(1.E-06),#4398,
  'distance_accuracy_value','confusion accuracy');
#4402 = PRODUCT_RELATED_PRODUCT_CATEGORY('part',$,(#7));
ENDSEC;
END-ISO-10303-21;
