ISO-10303-21;
HEADER;
FILE_DESCRIPTION (( '3D model for products with SOT1118D package' ),
    '1' );
FILE_NAME ('SOT1118D.STEP',
    '2019-11-28T01:58:39',
    ( 'Packaging R&D' ),
    ( 'Nexperia' ),
    'SwSTEP 2.0',
    'SolidWorks 2019',
    '' );
FILE_SCHEMA (( 'AUTOMOTIVE_DESIGN' ));
ENDSEC;

DATA;
#1 = DIRECTION ( 'NONE',  ( -1.000000000000000000, 0.0000000000000000000, 0.0000000000000000000 ) ) ;
#2 = CARTESIAN_POINT ( 'NONE',  ( -0.7999999999999118927, 0.06350000000000000089, -1.009999999997705400 ) ) ;
#3 = CARTESIAN_POINT ( 'NONE',  ( 0.9999999999976694198, 0.06350000000000000089, 0.4218629150116726123 ) ) ;
#4 = DIRECTION ( 'NONE',  ( 0.0000000000000000000, 0.0000000000000000000, -1.000000000000000000 ) ) ;
#5 = LINE ( 'NONE', #1843, #4025 ) ;
#6 = CARTESIAN_POINT ( 'NONE',  ( -0.1700000000006696155, 0.06350000000000000089, 0.9616911592296162326 ) ) ;
#7 = UNCERTAINTY_MEASURE_WITH_UNIT (LENGTH_MEASURE( 1.000000000000000082E-05 ), #5003, 'distance_accuracy_value', 'NONE');
#8 = ORIENTED_EDGE ( 'NONE', *, *, #3452, .F. ) ;
#9 = EDGE_CURVE ( 'NONE', #3725, #4378, #5764, .T. ) ;
#10 = LINE ( 'NONE', #1822, #5457 ) ;
#11 = DIRECTION ( 'NONE',  ( -1.000000000000000000, 0.0000000000000000000, -0.0000000000000000000 ) ) ;
#12 = EDGE_CURVE ( 'NONE', #2505, #433, #3398, .T. ) ;
#13 = SURFACE_STYLE_FILL_AREA ( #5489 ) ;
#14 = VERTEX_POINT ( 'NONE', #5229 ) ;
#15 = EDGE_LOOP ( 'NONE', ( #2416, #5758, #72, #662 ) ) ;
#16 = ORIENTED_EDGE ( 'NONE', *, *, #4949, .F. ) ;
#17 = DIRECTION ( 'NONE',  ( -0.0000000000000000000, 1.000000000000000000, 1.745740669421566678E-14 ) ) ;
#18 = VECTOR ( 'NONE', #4366, 1000.000000000000000 ) ;
#19 = DIRECTION ( 'NONE',  ( -0.0000000000000000000, -0.0000000000000000000, 1.000000000000000000 ) ) ;
#20 = VERTEX_POINT ( 'NONE', #493 ) ;
#21 = CARTESIAN_POINT ( 'NONE',  ( -0.9683780866076574512, 0.0000000000000000000, -0.8599999999994167865 ) ) ;
#22 = DIRECTION ( 'NONE',  ( -0.0000000000000000000, 0.0000000000000000000, -1.000000000000000000 ) ) ;
#23 = VECTOR ( 'NONE', #2003, 1000.000000000000000 ) ;
#24 = CARTESIAN_POINT ( 'NONE',  ( 1.998999999999999888, 0.0000000000000000000, -1.998999999999999888 ) ) ;
#25 = DIRECTION ( 'NONE',  ( 0.0000000000000000000, 0.0000000000000000000, -1.000000000000000000 ) ) ;
#26 = CARTESIAN_POINT ( 'NONE',  ( 0.1500000000023149482, 0.06350000000000000089, -0.0000000000000000000 ) ) ;
#27 = VECTOR ( 'NONE', #693, 1000.000000000000114 ) ;
#28 = PLANE ( 'NONE',  #4187 ) ;
#29 = LINE ( 'NONE', #1810, #1802 ) ;
#30 = LINE ( 'NONE', #547, #2088 ) ;
#31 = CARTESIAN_POINT ( 'NONE',  ( 0.0000000000000000000, 0.0000000000000000000, 0.0000000000000000000 ) ) ;
#32 = CARTESIAN_POINT ( 'NONE',  ( -0.7999999999990237143, 0.06350000000000000089, 1.010000000001222142 ) ) ;
#33 = EDGE_LOOP ( 'NONE', ( #1479, #2094, #1197, #2336 ) ) ;
#34 = VECTOR ( 'NONE', #2689, 1000.000000000000000 ) ;
#35 = LINE ( 'NONE', #2472, #1989 ) ;
#36 = CARTESIAN_POINT ( 'NONE',  ( -0.9683780866076574512, 0.06350000000000000089, -0.06999999999734995981 ) ) ;
#37 = PLANE ( 'NONE',  #2244 ) ;
#38 = ORIENTED_EDGE ( 'NONE', *, *, #1658, .T. ) ;
#39 = ORIENTED_EDGE ( 'NONE', *, *, #1138, .F. ) ;
#40 = AXIS2_PLACEMENT_3D ( 'NONE', #2708, #4994, #4484 ) ;
#41 = ORIENTED_EDGE ( 'NONE', *, *, #5871, .T. ) ;
#42 = EDGE_CURVE ( 'NONE', #4800, #4857, #4274, .T. ) ;
#43 = CARTESIAN_POINT ( 'NONE',  ( -0.7999999999999118927, 0.06350000000000000089, -1.009999999997705400 ) ) ;
#44 = AXIS2_PLACEMENT_3D ( 'NONE', #1024, #2020, #5617 ) ;
#45 = DIRECTION ( 'NONE',  ( -1.206487916730494377E-15, -1.745740669421566678E-14, 1.000000000000000000 ) ) ;
#46 = ORIENTED_EDGE ( 'NONE', *, *, #1926, .T. ) ;
#47 = LINE ( 'NONE', #3333, #4606 ) ;
#48 = EDGE_CURVE ( 'NONE', #918, #5217, #2927, .T. ) ;
#49 = DIRECTION ( 'NONE',  ( 0.0000000000000000000, -0.0000000000000000000, 1.000000000000000000 ) ) ;
#50 = AXIS2_PLACEMENT_3D ( 'NONE', #4815, #723, #299 ) ;
#51 = EDGE_CURVE ( 'NONE', #584, #322, #2727, .T. ) ;
#52 = CARTESIAN_POINT ( 'NONE',  ( -0.9683780866076574512, 0.0000000000000000000, -0.06999999999734995981 ) ) ;
#53 = DIRECTION ( 'NONE',  ( 0.0000000000000000000, -0.0000000000000000000, -1.000000000000000000 ) ) ;
#54 = FACE_OUTER_BOUND ( 'NONE', #2183, .T. ) ;
#55 = EDGE_CURVE ( 'NONE', #3871, #1166, #4113, .T. ) ;
#56 = EDGE_CURVE ( 'NONE', #4626, #4414, #35, .T. ) ;
#57 = DIRECTION ( 'NONE',  ( 0.0000000000000000000, -0.0000000000000000000, -1.000000000000000000 ) ) ;
#58 = ORIENTED_EDGE ( 'NONE', *, *, #437, .F. ) ;
#59 = DIRECTION ( 'NONE',  ( 1.000000000000000000, -0.0000000000000000000, -0.0000000000000000000 ) ) ;
#60 = VECTOR ( 'NONE', #3558, 1000.000000000000000 ) ;
#61 = ADVANCED_FACE ( 'NONE', ( #5014 ), #5539, .F. ) ;
#62 =( LENGTH_UNIT ( ) NAMED_UNIT ( * ) SI_UNIT ( .MILLI., .METRE. ) );
#63 =( NAMED_UNIT ( * ) SI_UNIT ( $, .STERADIAN. ) SOLID_ANGLE_UNIT ( ) );
#64 = EDGE_CURVE ( 'NONE', #338, #3913, #5208, .T. ) ;
#65 = CARTESIAN_POINT ( 'NONE',  ( 1.353521233241100852, 0.01999999999997833025, -1.292355852750884937 ) ) ;
#66 = UNCERTAINTY_MEASURE_WITH_UNIT (LENGTH_MEASURE( 1.000000000000000082E-05 ), #1259, 'distance_accuracy_value', 'NONE');
#67 = AXIS2_PLACEMENT_3D ( 'NONE', #1273, #836, #4666 ) ;
#68 = ORIENTED_EDGE ( 'NONE', *, *, #2887, .F. ) ;
#69 = CLOSED_SHELL ( 'NONE', ( #1370, #2205, #1462, #2709, #5736, #5396, #194, #1990, #5718, #3009, #364, #1816, #2656, #3148 ) ) ;
#70 =( LENGTH_UNIT ( ) NAMED_UNIT ( * ) SI_UNIT ( .MILLI., .METRE. ) );
#71 = VECTOR ( 'NONE', #228, 1000.000000000000000 ) ;
#72 = ORIENTED_EDGE ( 'NONE', *, *, #2065, .F. ) ;
#73 = EDGE_LOOP ( 'NONE', ( #773, #5757, #5127, #5665 ) ) ;
#74 = EDGE_LOOP ( 'NONE', ( #5625, #1597, #3530, #1957 ) ) ;
#75 = CARTESIAN_POINT ( 'NONE',  ( -1.000000000001222134, 0.06350000000000000089, -0.06999999999734995981 ) ) ;
#76 = VECTOR ( 'NONE', #5166, 1000.000000000000000 ) ;
#77 = CARTESIAN_POINT ( 'NONE',  ( 1.998999999999999888, 0.5999999999999999778, -1.998999999999999888 ) ) ;
#78 = ORIENTED_EDGE ( 'NONE', *, *, #4581, .F. ) ;
#79 = CARTESIAN_POINT ( 'NONE',  ( 0.1500000000005385914, 0.06350000000000000089, -0.9503329334420860253 ) ) ;
#80 = EDGE_CURVE ( 'NONE', #1298, #5469, #10, .T. ) ;
#81 = DIRECTION ( 'NONE',  ( -0.0000000000000000000, -0.0000000000000000000, -1.000000000000000000 ) ) ;
#82 = AXIS2_PLACEMENT_3D ( 'NONE', #327, #870, #1706 ) ;
#83 = LINE ( 'NONE', #5579, #2480 ) ;
#84 = DIRECTION ( 'NONE',  ( -0.0000000000000000000, -1.000000000000000000, -0.0000000000000000000 ) ) ;
#85 = EDGE_CURVE ( 'NONE', #475, #3273, #3186, .T. ) ;
#86 = VECTOR ( 'NONE', #1664, 1000.000000000000000 ) ;
#87 = ADVANCED_FACE ( 'NONE', ( #5486 ), #5465, .F. ) ;
#88 = CARTESIAN_POINT ( 'NONE',  ( 0.2340361291781308251, 0.0000000000000000000, 0.1200082927941776428 ) ) ;
#89 = ORIENTED_EDGE ( 'NONE', *, *, #982, .F. ) ;
#90 = DIRECTION ( 'NONE',  ( 0.0000000000000000000, 0.0000000000000000000, 1.000000000000000000 ) ) ;
#91 =( NAMED_UNIT ( * ) PLANE_ANGLE_UNIT ( ) SI_UNIT ( $, .RADIAN. ) );
#92 = CARTESIAN_POINT ( 'NONE',  ( 0.4797817083846136477, 0.06350000000000000089, -0.9503329334420737018 ) ) ;
#93 = CARTESIAN_POINT ( 'NONE',  ( -0.8249999999989654498, 0.1270000000000000018, 0.4499999999998394173 ) ) ;
#94 = CARTESIAN_POINT ( 'NONE',  ( -0.4776969600710501140, 0.06350000000000000089, 1.000000000001222134 ) ) ;
#95 = ORIENTED_EDGE ( 'NONE', *, *, #1827, .F. ) ;
#96 = DIRECTION ( 'NONE',  ( -0.0000000000000000000, 1.000000000000000000, 1.745740669421566678E-14 ) ) ;
#97 = EDGE_CURVE ( 'NONE', #3751, #1299, #5099, .T. ) ;
#98 = CARTESIAN_POINT ( 'NONE',  ( 0.0000000000000000000, 0.06350000000000000089, -0.4499999999998394173 ) ) ;
#99 = VERTEX_POINT ( 'NONE', #4623 ) ;
#100 = ORIENTED_EDGE ( 'NONE', *, *, #5053, .T. ) ;
#101 = ORIENTED_EDGE ( 'NONE', *, *, #5746, .F. ) ;
#102 = LINE ( 'NONE', #5105, #4404 ) ;
#103 = ORIENTED_EDGE ( 'NONE', *, *, #5022, .T. ) ;
#104 = ORIENTED_EDGE ( 'NONE', *, *, #2641, .T. ) ;
#105 = LINE ( 'NONE', #1450, #76 ) ;
#106 = PLANE ( 'NONE',  #5607 ) ;
#107 = PLANE ( 'NONE',  #3061 ) ;
#108 = AXIS2_PLACEMENT_3D ( 'NONE', #4489, #4097, #1339 ) ;
#109 = CARTESIAN_POINT ( 'NONE',  ( -0.9683780866076574512, 0.06350000000000000089, -0.06999999999734995981 ) ) ;
#110 = LINE ( 'NONE', #1948, #4850 ) ;
#111 = ORIENTED_EDGE ( 'NONE', *, *, #3882, .T. ) ;
#112 = EDGE_CURVE ( 'NONE', #225, #1241, #4169, .T. ) ;
#113 = DIRECTION ( 'NONE',  ( -0.0000000000000000000, 1.000000000000000000, -0.0000000000000000000 ) ) ;
#114 = EDGE_CURVE ( 'NONE', #5278, #5627, #145, .T. ) ;
#115 =( LENGTH_UNIT ( ) NAMED_UNIT ( * ) SI_UNIT ( .MILLI., .METRE. ) );
#116 = CARTESIAN_POINT ( 'NONE',  ( -0.1700000000007820533, 0.0000000000000000000, -0.9849999999999963229 ) ) ;
#117 = UNCERTAINTY_MEASURE_WITH_UNIT (LENGTH_MEASURE( 1.000000000000000082E-05 ), #929, 'distance_accuracy_value', 'NONE');
#118 = ORIENTED_EDGE ( 'NONE', *, *, #1035, .T. ) ;
#119 = CARTESIAN_POINT ( 'NONE',  ( 0.2200000000004044831, 0.0000000000000000000, -0.9549999999975867793 ) ) ;
#120 = PRESENTATION_LAYER_ASSIGNMENT (  '', '', ( #4563 ) ) ;
#121 = EDGE_CURVE ( 'NONE', #1048, #338, #3831, .T. ) ;
#122 = FACE_OUTER_BOUND ( 'NONE', #149, .T. ) ;
#123 = DIRECTION ( 'NONE',  ( 0.7071067811865474617, 0.0000000000000000000, -0.7071067811865474617 ) ) ;
#124 = ORIENTED_EDGE ( 'NONE', *, *, #4171, .T. ) ;
#125 = ORIENTED_EDGE ( 'NONE', *, *, #2518, .F. ) ;
#126 = EDGE_LOOP ( 'NONE', ( #5773, #255, #402, #4933 ) ) ;
#127 = DIRECTION ( 'NONE',  ( -7.950815931560407922E-15, 0.0000000000000000000, -1.000000000000000000 ) ) ;
#128 = PRODUCT_DEFINITION ( 'UNKNOWN', '', #1718, #5430 ) ;
#129 = ORIENTED_EDGE ( 'NONE', *, *, #3226, .F. ) ;
#130 = CARTESIAN_POINT ( 'NONE',  ( -0.4999999999997228883, 0.06350000000000000089, -0.0000000000000000000 ) ) ;
#131 = CIRCLE ( 'NONE', #3993, 0.04999999999993518657 ) ;
#132 = VERTEX_POINT ( 'NONE', #1384 ) ;
#133 = CARTESIAN_POINT ( 'NONE',  ( -0.8099999999995333155, 0.06350000000000000089, 0.9616911592296162326 ) ) ;
#134 = DIRECTION ( 'NONE',  ( 0.0000000000000000000, -1.000000000000000000, -1.745740669421566678E-14 ) ) ;
#135 = VECTOR ( 'NONE', #4438, 1000.000000000000000 ) ;
#136 = DIRECTION ( 'NONE',  ( 0.0000000000000000000, 0.0000000000000000000, -1.000000000000000000 ) ) ;
#137 = DIRECTION ( 'NONE',  ( 0.0000000000000000000, 0.0000000000000000000, -1.000000000000000000 ) ) ;
#138 = CARTESIAN_POINT ( 'NONE',  ( -0.5624999999995771160, 0.06350000000000000089, -0.5624999999995771160 ) ) ;
#139 = VECTOR ( 'NONE', #3895, 1000.000000000000000 ) ;
#140 = CARTESIAN_POINT ( 'NONE',  ( 0.4776969600682981487, 0.06350000000000000089, 1.010000000001208820 ) ) ;
#141 = ORIENTED_EDGE ( 'NONE', *, *, #64, .T. ) ;
#142 = DIRECTION ( 'NONE',  ( -0.0000000000000000000, -0.0000000000000000000, 1.000000000000000000 ) ) ;
#143 = LINE ( 'NONE', #5799, #5624 ) ;
#144 = CARTESIAN_POINT ( 'NONE',  ( 0.0000000000000000000, 0.0000000000000000000, 0.0000000000000000000 ) ) ;
#145 = LINE ( 'NONE', #1982, #3344 ) ;
#146 = DIRECTION ( 'NONE',  ( 0.0000000000000000000, 1.000000000000000000, -0.0000000000000000000 ) ) ;
#147 = EDGE_CURVE ( 'NONE', #3913, #1180, #1848, .T. ) ;
#148 = DIRECTION ( 'NONE',  ( -0.0000000000000000000, -1.000000000000000000, -0.0000000000000000000 ) ) ;
#149 = EDGE_LOOP ( 'NONE', ( #5134, #5245, #4358, #1846 ) ) ;
#150 = CARTESIAN_POINT ( 'NONE',  ( -0.1700000000006696155, 0.06350000000000000089, 0.9616911592296162326 ) ) ;
#151 = CIRCLE ( 'NONE', #755, 0.05000000000110439019 ) ;
#152 = DIRECTION ( 'NONE',  ( -1.000000000000000000, 0.0000000000000000000, -0.0000000000000000000 ) ) ;
#153 = EDGE_CURVE ( 'NONE', #2452, #276, #972, .T. ) ;
#154 = SURFACE_STYLE_FILL_AREA ( #4824 ) ;
#155 = VECTOR ( 'NONE', #1489, 1000.000000000000000 ) ;
#156 = ORIENTED_EDGE ( 'NONE', *, *, #2812, .T. ) ;
#157 = EDGE_LOOP ( 'NONE', ( #4514, #4384, #4947, #5788 ) ) ;
#158 = VERTEX_POINT ( 'NONE', #4646 ) ;
#159 = ADVANCED_FACE ( 'NONE', ( #2810 ), #5042, .F. ) ;
#160 = VECTOR ( 'NONE', #517, 1000.000000000000000 ) ;
#161 = DIRECTION ( 'NONE',  ( 0.0000000000000000000, 1.000000000000000000, 0.0000000000000000000 ) ) ;
#162 = EDGE_CURVE ( 'NONE', #1644, #2585, #913, .T. ) ;
#163 = VECTOR ( 'NONE', #748, 1000.000000000000000 ) ;
#164 = CARTESIAN_POINT ( 'NONE',  ( -0.4776969600710501140, 0.0000000000000000000, 1.000000000001222134 ) ) ;
#165 = CIRCLE ( 'NONE', #4306, 0.04999999999982589899 ) ;
#166 = ORIENTED_EDGE ( 'NONE', *, *, #764, .F. ) ;
#167 = DIRECTION ( 'NONE',  ( -0.0000000000000000000, 1.000000000000000000, 1.745740669421566678E-14 ) ) ;
#168 = VECTOR ( 'NONE', #922, 1000.000000000000000 ) ;
#169 = LINE ( 'NONE', #2372, #3735 ) ;
#170 = DIRECTION ( 'NONE',  ( -0.0000000000000000000, 1.000000000000000000, -0.0000000000000000000 ) ) ;
#171 = EDGE_CURVE ( 'NONE', #1834, #4955, #5357, .T. ) ;
#172 = DIRECTION ( 'NONE',  ( 1.000000000000000000, 0.0000000000000000000, -0.0000000000000000000 ) ) ;
#173 = PRODUCT_DEFINITION_FORMATION_WITH_SPECIFIED_SOURCE ( 'ANY', '', #1911, .NOT_KNOWN. ) ;
#174 = ORIENTED_EDGE ( 'NONE', *, *, #238, .F. ) ;
#175 = LINE ( 'NONE', #88, #1279 ) ;
#176 = ORIENTED_EDGE ( 'NONE', *, *, #3131, .F. ) ;
#177 = PLANE ( 'NONE',  #802 ) ;
#178 = CARTESIAN_POINT ( 'NONE',  ( 0.4776969600682981487, 0.06350000000000000089, 1.000000000001208589 ) ) ;
#179 = CARTESIAN_POINT ( 'NONE',  ( -0.2702687074948718626, 0.5567936831279470811, 2.528390084982456099 ) ) ;
#180 = AXIS2_PLACEMENT_3D ( 'NONE', #2573, #2637, #3575 ) ;
#181 = CARTESIAN_POINT ( 'NONE',  ( -0.7999999999990237143, 0.06350000000000000089, 0.7500000000000284217 ) ) ;
#182 = PLANE ( 'NONE',  #1108 ) ;
#183 = PRODUCT_DEFINITION_SHAPE ( 'NONE', 'NONE',  #4959 ) ;
#184 = LINE ( 'NONE', #4314, #3415 ) ;
#185 = ORIENTED_EDGE ( 'NONE', *, *, #3753, .T. ) ;
#186 =( GEOMETRIC_REPRESENTATION_CONTEXT ( 3 ) GLOBAL_UNCERTAINTY_ASSIGNED_CONTEXT ( ( #2241 ) ) GLOBAL_UNIT_ASSIGNED_CONTEXT ( ( #3607, #2176, #3578 ) ) REPRESENTATION_CONTEXT ( 'NONE', 'WORKASPACE' ) );
#187 = CARTESIAN_POINT ( 'NONE',  ( -0.8249999999989652277, 0.1270000000000000018, -0.3000000000001890044 ) ) ;
#188 = SURFACE_STYLE_USAGE ( .BOTH. , #1993 ) ;
#189 = ORIENTED_EDGE ( 'NONE', *, *, #2518, .T. ) ;
#190 = ORIENTED_EDGE ( 'NONE', *, *, #3019, .F. ) ;
#191 = ORIENTED_EDGE ( 'NONE', *, *, #4249, .T. ) ;
#192 = EDGE_CURVE ( 'NONE', #2979, #2610, #165, .T. ) ;
#193 = DIRECTION ( 'NONE',  ( -0.0000000000000000000, 1.000000000000000000, 1.745740669421566678E-14 ) ) ;
#194 = ADVANCED_FACE ( 'NONE', ( #1684 ), #3957, .F. ) ;
#195 = APPLICATION_CONTEXT ( 'automotive_design' ) ;
#196 = EDGE_LOOP ( 'NONE', ( #46, #856, #898, #129, #414 ) ) ;
#197 = FACE_OUTER_BOUND ( 'NONE', #2655, .T. ) ;
#198 = VERTEX_POINT ( 'NONE', #1137 ) ;
#199 = VERTEX_POINT ( 'NONE', #302 ) ;
#200 = LINE ( 'NONE', #5724, #3134 ) ;
#201 = EDGE_CURVE ( 'NONE', #4528, #3761, #3533, .T. ) ;
#202 = FACE_OUTER_BOUND ( 'NONE', #5076, .T. ) ;
#203 = CARTESIAN_POINT ( 'NONE',  ( -1.025000000000681588, 0.06350000000000000089, -0.5948528137388839898 ) ) ;
#204 = DIRECTION ( 'NONE',  ( -0.0000000000000000000, 0.0000000000000000000, 1.000000000000000000 ) ) ;
#205 = ORIENTED_EDGE ( 'NONE', *, *, #5342, .F. ) ;
#206 = PLANE ( 'NONE',  #4326 ) ;
#207 = DIRECTION ( 'NONE',  ( 0.0000000000000000000, 0.0000000000000000000, -1.000000000000000000 ) ) ;
#208 = ORIENTED_EDGE ( 'NONE', *, *, #2370, .T. ) ;
#209 = LINE ( 'NONE', #1019, #5218 ) ;
#210 = PLANE ( 'NONE',  #253 ) ;
#211 = COLOUR_RGB ( '',0.7686274509803920907, 0.7686274509803920907, 0.7686274509803920907 ) ;
#212 = CARTESIAN_POINT ( 'NONE',  ( -1.025000000000681588, 0.0000000000000000000, -0.5948528137388839898 ) ) ;
#213 = ORIENTED_EDGE ( 'NONE', *, *, #2777, .F. ) ;
#214 = SURFACE_STYLE_USAGE ( .BOTH. , #2932 ) ;
#215 = VECTOR ( 'NONE', #19, 1000.000000000000000 ) ;
#216 = PRESENTATION_STYLE_ASSIGNMENT (( #4196 ) ) ;
#217 = ORIENTED_EDGE ( 'NONE', *, *, #314, .T. ) ;
#218 = VERTEX_POINT ( 'NONE', #3861 ) ;
#219 = AXIS2_PLACEMENT_3D ( 'NONE', #4590, #4083, #2357 ) ;
#220 = VERTEX_POINT ( 'NONE', #2536 ) ;
#221 = CARTESIAN_POINT ( 'NONE',  ( 0.4776969600682981487, 0.0000000000000000000, 1.000000000001208589 ) ) ;
#222 = DIRECTION ( 'NONE',  ( 0.0000000000000000000, 1.000000000000000000, -0.0000000000000000000 ) ) ;
#223 = VERTEX_POINT ( 'NONE', #2108 ) ;
#224 = ORIENTED_EDGE ( 'NONE', *, *, #51, .T. ) ;
#225 = VERTEX_POINT ( 'NONE', #3984 ) ;
#226 = CARTESIAN_POINT ( 'NONE',  ( 0.8000000000016882495, 0.06350000000000000089, -1.009999999997669429 ) ) ;
#227 = ADVANCED_FACE ( 'NONE', ( #1651 ), #2045, .F. ) ;
#228 = DIRECTION ( 'NONE',  ( -0.0000000000000000000, 1.000000000000000000, 1.745740669421566678E-14 ) ) ;
#229 = CIRCLE ( 'NONE', #5527, 0.009818181818181800566 ) ;
#230 = FACE_OUTER_BOUND ( 'NONE', #4993, .T. ) ;
#231 = DIRECTION ( 'NONE',  ( -1.000000000000000000, 0.0000000000000000000, -0.0000000000000000000 ) ) ;
#232 = EDGE_CURVE ( 'NONE', #884, #2713, #790, .T. ) ;
#233 = VERTEX_POINT ( 'NONE', #1622 ) ;
#234 = DIRECTION ( 'NONE',  ( 0.0000000000000000000, 0.0000000000000000000, 1.000000000000000000 ) ) ;
#235 = LINE ( 'NONE', #2952, #2054 ) ;
#236 = VERTEX_POINT ( 'NONE', #2602 ) ;
#237 = PRESENTATION_LAYER_ASSIGNMENT (  '', '', ( #2741 ) ) ;
#238 = EDGE_CURVE ( 'NONE', #2713, #3358, #1214, .T. ) ;
#239 = CARTESIAN_POINT ( 'NONE',  ( 0.9999999999976694198, 0.0000000000000000000, 0.5403092531723885372 ) ) ;
#240 = LINE ( 'NONE', #3467, #3055 ) ;
#241 = PRESENTATION_STYLE_ASSIGNMENT (( #5236 ) ) ;
#242 = EDGE_CURVE ( 'NONE', #1660, #1356, #1163, .T. ) ;
#243 = AXIS2_PLACEMENT_3D ( 'NONE', #1374, #5058, #485 ) ;
#244 = LINE ( 'NONE', #5772, #1686 ) ;
#245 = ORIENTED_EDGE ( 'NONE', *, *, #1434, .T. ) ;
#246 = LINE ( 'NONE', #2078, #5629 ) ;
#247 = VECTOR ( 'NONE', #5448, 1000.000000000000000 ) ;
#248 = DIRECTION ( 'NONE',  ( -0.4562858356710385865, -1.553418116443666980E-14, 0.8898332631262904080 ) ) ;
#249 = ORIENTED_EDGE ( 'NONE', *, *, #751, .F. ) ;
#250 = VERTEX_POINT ( 'NONE', #181 ) ;
#251 = VERTEX_POINT ( 'NONE', #2018 ) ;
#252 = CARTESIAN_POINT ( 'NONE',  ( 0.9825735931272561174, 0.06350000000000000089, 0.5524264068732520627 ) ) ;
#253 = AXIS2_PLACEMENT_3D ( 'NONE', #5615, #2016, #90 ) ;
#254 = LINE ( 'NONE', #1118, #3294 ) ;
#255 = ORIENTED_EDGE ( 'NONE', *, *, #5604, .F. ) ;
#256 = VERTEX_POINT ( 'NONE', #5325 ) ;
#257 = ORIENTED_EDGE ( 'NONE', *, *, #1285, .T. ) ;
#258 = CARTESIAN_POINT ( 'NONE',  ( 0.4776969600710501140, 0.06350000000000000089, -1.009999999997669429 ) ) ;
#259 = VECTOR ( 'NONE', #4777, 1000.000000000000000 ) ;
#260 = CARTESIAN_POINT ( 'NONE',  ( -0.1549999999985729460, 0.1270000000000000018, 0.0000000000000000000 ) ) ;
#261 = CARTESIAN_POINT ( 'NONE',  ( 0.1550000000012374812, 0.06350000000000000089, -0.0000000000000000000 ) ) ;
#262 = EDGE_CURVE ( 'NONE', #2585, #1171, #5745, .T. ) ;
#263 = PLANE ( 'NONE',  #2424 ) ;
#264 = PRESENTATION_LAYER_ASSIGNMENT (  '', '', ( #5637 ) ) ;
#265 = ORIENTED_EDGE ( 'NONE', *, *, #5634, .F. ) ;
#266 = MANIFOLD_SOLID_BREP ( 'Boss-Extrude1[8]', #4300 ) ;
#267 = CARTESIAN_POINT ( 'NONE',  ( -0.8099999999995333155, 0.06350000000000000089, 0.9616911592296162326 ) ) ;
#268 = DIRECTION ( 'NONE',  ( 0.4562858356710385865, 1.553418116443666980E-14, -0.8898332631262904080 ) ) ;
#269 = ORIENTED_EDGE ( 'NONE', *, *, #2200, .F. ) ;
#270 = ADVANCED_FACE ( 'NONE', ( #4848 ), #272, .F. ) ;
#271 = DIRECTION ( 'NONE',  ( 0.0000000000000000000, 1.000000000000000000, 0.0000000000000000000 ) ) ;
#272 = PLANE ( 'NONE',  #950 ) ;
#273 = EDGE_CURVE ( 'NONE', #5798, #2585, #903, .T. ) ;
#274 = MECHANICAL_DESIGN_GEOMETRIC_PRESENTATION_REPRESENTATION (  '', ( #4693 ), #5174 ) ;
#275 = CARTESIAN_POINT ( 'NONE',  ( 0.0000000000000000000, 0.0000000000000000000, -1.998999999999999888 ) ) ;
#276 = VERTEX_POINT ( 'NONE', #334 ) ;
#277 = PLANE ( 'NONE',  #5330 ) ;
#278 = AXIS2_PLACEMENT_3D ( 'NONE', #5609, #2403, #3819 ) ;
#279 = EDGE_CURVE ( 'NONE', #3577, #2977, #2717, .T. ) ;
#280 = SURFACE_SIDE_STYLE ('',( #5331 ) ) ;
#281 = LINE ( 'NONE', #1659, #2790 ) ;
#282 = VECTOR ( 'NONE', #248, 1000.000000000000114 ) ;
#283 = ORIENTED_EDGE ( 'NONE', *, *, #1781, .T. ) ;
#284 = ORIENTED_EDGE ( 'NONE', *, *, #3150, .T. ) ;
#285 = EDGE_LOOP ( 'NONE', ( #2182, #1693, #4197, #5408 ) ) ;
#286 = CARTESIAN_POINT ( 'NONE',  ( 0.0000000000000000000, 0.1270000000000000018, -1.009999999997669429 ) ) ;
#287 = CYLINDRICAL_SURFACE ( 'NONE', #2294, 0.05181818181818173552 ) ;
#288 = CARTESIAN_POINT ( 'NONE',  ( 0.0000000000000000000, 0.0000000000000000000, 0.0000000000000000000 ) ) ;
#289 = VERTEX_POINT ( 'NONE', #3624 ) ;
#290 = ORIENTED_EDGE ( 'NONE', *, *, #600, .T. ) ;
#291 = EDGE_LOOP ( 'NONE', ( #1146, #78, #3472, #3620 ) ) ;
#292 = CYLINDRICAL_SURFACE ( 'NONE', #3035, 0.04999999999815178675 ) ;
#293 = CARTESIAN_POINT ( 'NONE',  ( 0.0000000000000000000, 0.1270000000000000018, -0.7500000000000284217 ) ) ;
#294 = DIRECTION ( 'NONE',  ( 0.0000000000000000000, 0.0000000000000000000, 1.000000000000000000 ) ) ;
#295 = DIRECTION ( 'NONE',  ( 1.000000000000000000, 0.0000000000000000000, -0.0000000000000000000 ) ) ;
#296 =( NAMED_UNIT ( * ) SI_UNIT ( $, .STERADIAN. ) SOLID_ANGLE_UNIT ( ) );
#297 = DIRECTION ( 'NONE',  ( -0.0000000000000000000, -1.000000000000000000, -0.0000000000000000000 ) ) ;
#298 = DIRECTION ( 'NONE',  ( -1.000000000000000000, -0.0000000000000000000, -0.0000000000000000000 ) ) ;
#299 = DIRECTION ( 'NONE',  ( -1.000000000000000000, -0.0000000000000000000, 0.0000000000000000000 ) ) ;
#300 = VERTEX_POINT ( 'NONE', #5919 ) ;
#301 = DIRECTION ( 'NONE',  ( -1.000000000000000000, 0.0000000000000000000, 0.0000000000000000000 ) ) ;
#302 = CARTESIAN_POINT ( 'NONE',  ( 0.8000000000016882495, 0.06350000000000000089, -0.7500000000000284217 ) ) ;
#303 = EDGE_CURVE ( 'NONE', #3751, #2334, #3229, .T. ) ;
#304 = LINE ( 'NONE', #4405, #1476 ) ;
#305 = ORIENTED_EDGE ( 'NONE', *, *, #1359, .F. ) ;
#306 = CARTESIAN_POINT ( 'NONE',  ( -0.1723030399313822680, 0.0000000000000000000, 1.010000000001161746 ) ) ;
#307 = ADVANCED_FACE ( 'NONE', ( #5504 ), #5833, .F. ) ;
#308 = PRESENTATION_STYLE_ASSIGNMENT (( #1782 ) ) ;
#309 = AXIS2_PLACEMENT_3D ( 'NONE', #357, #809, #5824 ) ;
#310 = FACE_OUTER_BOUND ( 'NONE', #403, .T. ) ;
#311 = EDGE_CURVE ( 'NONE', #4643, #3671, #2743, .T. ) ;
#312 = ORIENTED_EDGE ( 'NONE', *, *, #3475, .F. ) ;
#313 = EDGE_LOOP ( 'NONE', ( #224, #5126, #4451, #529 ) ) ;
#314 = EDGE_CURVE ( 'NONE', #977, #3904, #1372, .T. ) ;
#315 = ADVANCED_FACE ( 'NONE', ( #420 ), #3595, .F. ) ;
#316 = CARTESIAN_POINT ( 'NONE',  ( 0.0000000000000000000, 0.06350000000000000089, 0.0000000000000000000 ) ) ;
#317 = MANIFOLD_SOLID_BREP ( 'Cavity1', #553 ) ;
#318 = CARTESIAN_POINT ( 'NONE',  ( 1.116452242106540593, -0.08000000000003254508, -0.6695480572325859248 ) ) ;
#319 = CARTESIAN_POINT ( 'NONE',  ( -0.4799999999999201572, 0.06350000000000000089, 0.9616911592296162326 ) ) ;
#320 = MECHANICAL_DESIGN_GEOMETRIC_PRESENTATION_REPRESENTATION (  '', ( #604 ), #5123 ) ;
#321 = VERTEX_POINT ( 'NONE', #3201 ) ;
#322 = VERTEX_POINT ( 'NONE', #1743 ) ;
#323 = ORIENTED_EDGE ( 'NONE', *, *, #2418, .F. ) ;
#324 = DIRECTION ( 'NONE',  ( -1.000000000000000000, 0.0000000000000000000, -0.0000000000000000000 ) ) ;
#325 = MECHANICAL_DESIGN_GEOMETRIC_PRESENTATION_REPRESENTATION (  '', ( #3204 ), #4450 ) ;
#326 = CARTESIAN_POINT ( 'NONE',  ( -0.4800000000002674905, 0.0000000000000000000, -0.9850000000000650457 ) ) ;
#327 = CARTESIAN_POINT ( 'NONE',  ( 1.230584742858188863, 0.0000000000000000000, -0.6645376709327037723 ) ) ;
#328 = LINE ( 'NONE', #2019, #2951 ) ;
#329 = ORIENTED_EDGE ( 'NONE', *, *, #824, .T. ) ;
#330 = CARTESIAN_POINT ( 'NONE',  ( 0.1500000000023149482, 0.06350000000000000089, 0.9616911592296162326 ) ) ;
#331 = LINE ( 'NONE', #2071, #5148 ) ;
#332 = ORIENTED_EDGE ( 'NONE', *, *, #2075, .F. ) ;
#333 = CARTESIAN_POINT ( 'NONE',  ( 0.9999999999976694198, 0.06350000000000000089, -0.06999999999734995981 ) ) ;
#334 = CARTESIAN_POINT ( 'NONE',  ( 0.9999999999976694198, 0.0000000000000000000, 0.4218629150116726123 ) ) ;
#335 = CARTESIAN_POINT ( 'NONE',  ( 0.1699999999999468048, 0.06350000000000000089, 0.9616911592296162326 ) ) ;
#336 = AXIS2_PLACEMENT_3D ( 'NONE', #1536, #5287, #3040 ) ;
#337 = CARTESIAN_POINT ( 'NONE',  ( -0.2200000000018864088, 0.06350000000000000089, -0.9549999999993558086 ) ) ;
#338 = VERTEX_POINT ( 'NONE', #3569 ) ;
#339 = LINE ( 'NONE', #2140, #4276 ) ;
#340 = ADVANCED_FACE ( 'NONE', ( #5892 ), #5032, .T. ) ;
#341 = DIRECTION ( 'NONE',  ( -0.0000000000000000000, -0.0000000000000000000, -1.000000000000000000 ) ) ;
#342 = ORIENTED_EDGE ( 'NONE', *, *, #5890, .T. ) ;
#343 = EDGE_LOOP ( 'NONE', ( #1793, #3516, #5349, #2011 ) ) ;
#344 = VECTOR ( 'NONE', #5638, 1000.000000000000000 ) ;
#345 = ADVANCED_FACE ( 'NONE', ( #2662 ), #5422, .F. ) ;
#346 = CARTESIAN_POINT ( 'NONE',  ( 0.9741903303925880664, 0.06350000000000000089, 0.7500000000000284217 ) ) ;
#347 = DIRECTION ( 'NONE',  ( -1.000000000000000000, 0.0000000000000000000, 0.0000000000000000000 ) ) ;
#348 = PLANE ( 'NONE',  #4931 ) ;
#349 = ORIENTED_EDGE ( 'NONE', *, *, #3444, .F. ) ;
#350 = EDGE_LOOP ( 'NONE', ( #2521, #351, #3069, #4459, #4864, #793 ) ) ;
#351 = ORIENTED_EDGE ( 'NONE', *, *, #55, .F. ) ;
#352 = CARTESIAN_POINT ( 'NONE',  ( 0.9741903303925880664, 0.06350000000000000089, 0.5608096696079201138 ) ) ;
#353 = AXIS2_PLACEMENT_3D ( 'NONE', #2442, #146, #4457 ) ;
#354 = FACE_OUTER_BOUND ( 'NONE', #2311, .T. ) ;
#355 = CARTESIAN_POINT ( 'NONE',  ( 0.4300000000014400081, 0.0000000000000000000, 0.9849999999946845719 ) ) ;
#356 = FACE_OUTER_BOUND ( 'NONE', #626, .T. ) ;
#357 = CARTESIAN_POINT ( 'NONE',  ( -0.4300000000009355783, 0.06350000000000000089, -0.9549999999994245314 ) ) ;
#358 = ORIENTED_EDGE ( 'NONE', *, *, #456, .F. ) ;
#359 = DIRECTION ( 'NONE',  ( 0.0000000000000000000, 1.000000000000000000, 0.0000000000000000000 ) ) ;
#360 = VECTOR ( 'NONE', #1773, 1000.000000000000000 ) ;
#361 = DIRECTION ( 'NONE',  ( 0.0000000000000000000, 1.000000000000000000, -0.0000000000000000000 ) ) ;
#362 = ORIENTED_EDGE ( 'NONE', *, *, #5069, .F. ) ;
#363 = CLOSED_SHELL ( 'NONE', ( #87, #4883, #3458, #1106, #4517, #925 ) ) ;
#364 = ADVANCED_FACE ( 'NONE', ( #1775 ), #5450, .F. ) ;
#365 = CARTESIAN_POINT ( 'NONE',  ( -1.000000000001222134, 0.0000000000000000000, -0.8599999999994167865 ) ) ;
#366 = DIRECTION ( 'NONE',  ( 0.0000000000000000000, 0.0000000000000000000, -1.000000000000000000 ) ) ;
#367 = LINE ( 'NONE', #3176, #2390 ) ;
#368 = AXIS2_PLACEMENT_3D ( 'NONE', #3852, #4298, #5668 ) ;
#369 = AXIS2_PLACEMENT_3D ( 'NONE', #3525, #1523, #4728 ) ;
#370 = CARTESIAN_POINT ( 'NONE',  ( 0.7614993152847518987, 0.01999999999997897904, -1.329345466451004265 ) ) ;
#371 = AXIS2_PLACEMENT_3D ( 'NONE', #438, #405, #4143 ) ;
#372 = VECTOR ( 'NONE', #5082, 1000.000000000000000 ) ;
#373 = DIRECTION ( 'NONE',  ( 0.0000000000000000000, 1.000000000000000000, 0.0000000000000000000 ) ) ;
#374 = CARTESIAN_POINT ( 'NONE',  ( -0.9683780866076574512, 0.06350000000000000089, -0.5666219133892980153 ) ) ;
#375 = ORIENTED_EDGE ( 'NONE', *, *, #2739, .T. ) ;
#376 = ORIENTED_EDGE ( 'NONE', *, *, #1926, .F. ) ;
#377 = COLOUR_RGB ( '',0.8392156862745098200, 0.4705882352941176405, 0.3686274509803921795 ) ;
#378 = CARTESIAN_POINT ( 'NONE',  ( -0.1723030399313822680, 0.06350000000000000089, 1.010000000001161746 ) ) ;
#379 = VECTOR ( 'NONE', #771, 1000.000000000000000 ) ;
#380 = DIRECTION ( 'NONE',  ( -0.0000000000000000000, -1.000000000000000000, -0.0000000000000000000 ) ) ;
#381 = ORIENTED_EDGE ( 'NONE', *, *, #5742, .T. ) ;
#382 = EDGE_LOOP ( 'NONE', ( #4742, #2051, #4676, #2423, #4957, #2551, #805 ) ) ;
#383 = ORIENTED_EDGE ( 'NONE', *, *, #2238, .T. ) ;
#384 = ADVANCED_FACE ( 'NONE', ( #2432 ), #3310, .F. ) ;
#385 = LINE ( 'NONE', #996, #4476 ) ;
#386 = ADVANCED_FACE ( 'NONE', ( #1975 ), #511, .F. ) ;
#387 = PLANE ( 'NONE',  #2769 ) ;
#388 = DIRECTION ( 'NONE',  ( 0.0000000000000000000, -0.0000000000000000000, 1.000000000000000000 ) ) ;
#389 = DIRECTION ( 'NONE',  ( 0.0000000000000000000, -1.000000000000000000, 0.0000000000000000000 ) ) ;
#390 = DIRECTION ( 'NONE',  ( -0.0000000000000000000, -0.0000000000000000000, -1.000000000000000000 ) ) ;
#391 = VERTEX_POINT ( 'NONE', #5139 ) ;
#392 = LINE ( 'NONE', #5887, #1811 ) ;
#393 = DIRECTION ( 'NONE',  ( -0.0000000000000000000, -0.0000000000000000000, -1.000000000000000000 ) ) ;
#394 = DIRECTION ( 'NONE',  ( 1.000000000000000000, -0.0000000000000000000, 0.0000000000000000000 ) ) ;
#395 = DIRECTION ( 'NONE',  ( 0.0000000000000000000, 0.0000000000000000000, -1.000000000000000000 ) ) ;
#396 = PLANE ( 'NONE',  #2588 ) ;
#397 = DIRECTION ( 'NONE',  ( 0.0000000000000000000, 0.0000000000000000000, -1.000000000000000000 ) ) ;
#398 = PLANE ( 'NONE',  #3542 ) ;
#399 = ADVANCED_FACE ( 'NONE', ( #2891 ), #1483, .T. ) ;
#400 = CARTESIAN_POINT ( 'NONE',  ( 0.8080666877865554376, 0.01999999999997321976, -0.9994467618417942623 ) ) ;
#401 =( NAMED_UNIT ( * ) SI_UNIT ( $, .STERADIAN. ) SOLID_ANGLE_UNIT ( ) );
#402 = ORIENTED_EDGE ( 'NONE', *, *, #4035, .F. ) ;
#403 = EDGE_LOOP ( 'NONE', ( #2092, #4770, #2609, #3161 ) ) ;
#404 = DIRECTION ( 'NONE',  ( 0.0000000000000000000, 0.0000000000000000000, 1.000000000000000000 ) ) ;
#405 = DIRECTION ( 'NONE',  ( 0.0000000000000000000, 1.000000000000000000, -0.0000000000000000000 ) ) ;
#406 = EDGE_LOOP ( 'NONE', ( #4928, #3972, #767, #1571 ) ) ;
#407 = ORIENTED_EDGE ( 'NONE', *, *, #3440, .T. ) ;
#408 = VERTEX_POINT ( 'NONE', #986 ) ;
#409 = LINE ( 'NONE', #5122, #3900 ) ;
#410 = LINE ( 'NONE', #5443, #3934 ) ;
#411 = COLOUR_RGB ( '',0.8392156862745098200, 0.4705882352941176405, 0.3686274509803921795 ) ;
#412 = LINE ( 'NONE', #5024, #2491 ) ;
#413 = PRESENTATION_STYLE_ASSIGNMENT (( #5474 ) ) ;
#414 = ORIENTED_EDGE ( 'NONE', *, *, #3882, .F. ) ;
#415 = CARTESIAN_POINT ( 'NONE',  ( 0.1723030399283231873, 0.0000000000000000000, -0.9999999999976694198 ) ) ;
#416 = ADVANCED_FACE ( 'NONE', ( #4268 ), #1014, .T. ) ;
#417 = DIRECTION ( 'NONE',  ( -1.000000000000000000, 0.0000000000000000000, 0.0000000000000000000 ) ) ;
#418 = STYLED_ITEM ( 'NONE', ( #5186 ), #2338 ) ;
#419 = DIRECTION ( 'NONE',  ( -1.000000000000000000, 0.0000000000000000000, 0.0000000000000000000 ) ) ;
#420 = FACE_OUTER_BOUND ( 'NONE', #4965, .T. ) ;
#421 = EDGE_CURVE ( 'NONE', #2492, #220, #1042, .T. ) ;
#422 = LINE ( 'NONE', #3202, #5080 ) ;
#423 = EDGE_CURVE ( 'NONE', #1356, #4899, #3281, .T. ) ;
#424 = SURFACE_STYLE_FILL_AREA ( #3657 ) ;
#425 = CARTESIAN_POINT ( 'NONE',  ( 0.4776969600682981487, 0.0000000000000000000, 1.010000000001208820 ) ) ;
#426 = ADVANCED_FACE ( 'NONE', ( #4634 ), #3765, .F. ) ;
#427 = ADVANCED_FACE ( 'NONE', ( #5556 ), #3370, .T. ) ;
#428 =( NAMED_UNIT ( * ) SI_UNIT ( $, .STERADIAN. ) SOLID_ANGLE_UNIT ( ) );
#429 = AXIS2_PLACEMENT_3D ( 'NONE', #637, #4227, #3409 ) ;
#430 = PLANE ( 'NONE',  #3181 ) ;
#431 = DIRECTION ( 'NONE',  ( 0.0000000000000000000, 0.0000000000000000000, 1.000000000000000000 ) ) ;
#432 = UNCERTAINTY_MEASURE_WITH_UNIT (LENGTH_MEASURE( 1.000000000000000082E-05 ), #774, 'distance_accuracy_value', 'NONE');
#433 = VERTEX_POINT ( 'NONE', #4720 ) ;
#434 = VECTOR ( 'NONE', #1591, 1000.000000000000000 ) ;
#435 = DIRECTION ( 'NONE',  ( -0.0000000000000000000, -0.0000000000000000000, -1.000000000000000000 ) ) ;
#436 = MANIFOLD_SOLID_BREP ( 'Boss-Extrude1[4]', #5258 ) ;
#437 = EDGE_CURVE ( 'NONE', #4370, #276, #4660, .T. ) ;
#438 = CARTESIAN_POINT ( 'NONE',  ( 0.0000000000000000000, 0.06350000000000000089, 0.0000000000000000000 ) ) ;
#439 = CARTESIAN_POINT ( 'NONE',  ( 1.059668451015293167, -0.08000000000002678580, -0.9994467618417960386 ) ) ;
#440 = VECTOR ( 'NONE', #148, 1000.000000000000000 ) ;
#441 = ORIENTED_EDGE ( 'NONE', *, *, #5622, .T. ) ;
#442 = EDGE_LOOP ( 'NONE', ( #5353, #3515, #5730, #4084 ) ) ;
#443 = ORIENTED_EDGE ( 'NONE', *, *, #5779, .T. ) ;
#444 = CARTESIAN_POINT ( 'NONE',  ( 0.9596684510152931891, 0.01999999999997321976, -0.9994467618417944843 ) ) ;
#445 = CARTESIAN_POINT ( 'NONE',  ( 1.059668451015293167, 0.0000000000000000000, -0.9994467618417947063 ) ) ;
#446 =( NAMED_UNIT ( * ) SI_UNIT ( $, .STERADIAN. ) SOLID_ANGLE_UNIT ( ) );
#447 = PLANE ( 'NONE',  #1448 ) ;
#448 = VERTEX_POINT ( 'NONE', #1919 ) ;
#449 = DIRECTION ( 'NONE',  ( -0.0000000000000000000, 1.000000000000000000, 1.745740669421566678E-14 ) ) ;
#450 = DIRECTION ( 'NONE',  ( -1.000000000000000000, 0.0000000000000000000, 0.0000000000000000000 ) ) ;
#451 = LINE ( 'NONE', #5055, #5537 ) ;
#452 = PRESENTATION_STYLE_ASSIGNMENT (( #1839 ) ) ;
#453 = SURFACE_SIDE_STYLE ('',( #1226 ) ) ;
#454 = AXIS2_PLACEMENT_3D ( 'NONE', #2565, #4403, #1193 ) ;
#455 = SURFACE_SIDE_STYLE ('',( #424 ) ) ;
#456 = EDGE_CURVE ( 'NONE', #3384, #5903, #5580, .T. ) ;
#457 = DIRECTION ( 'NONE',  ( 1.000000000000000000, -0.0000000000000000000, 0.0000000000000000000 ) ) ;
#458 = MANIFOLD_SOLID_BREP ( 'Boss-Extrude1[12]', #363 ) ;
#459 = AXIS2_PLACEMENT_3D ( 'NONE', #1375, #3180, #4162 ) ;
#460 = EDGE_CURVE ( 'NONE', #3425, #132, #1576, .T. ) ;
#461 = AXIS2_PLACEMENT_3D ( 'NONE', #5345, #4335, #4904 ) ;
#462 = LINE ( 'NONE', #1868, #2482 ) ;
#463 = VECTOR ( 'NONE', #4976, 1000.000000000000000 ) ;
#464 = DIRECTION ( 'NONE',  ( 3.252606517456511724E-15, 0.0000000000000000000, -1.000000000000000000 ) ) ;
#465 = ORIENTED_EDGE ( 'NONE', *, *, #4400, .F. ) ;
#466 = CIRCLE ( 'NONE', #2096, 0.009818181818181800566 ) ;
#467 = EDGE_CURVE ( 'NONE', #3582, #4148, #5669, .T. ) ;
#468 = DIRECTION ( 'NONE',  ( -1.000000000000000000, 0.0000000000000000000, -0.0000000000000000000 ) ) ;
#469 = FILL_AREA_STYLE ('',( #4594 ) ) ;
#470 = DIRECTION ( 'NONE',  ( 0.0000000000000000000, -1.000000000000000000, 0.0000000000000000000 ) ) ;
#471 = AXIS2_PLACEMENT_3D ( 'NONE', #2623, #4909, #4042 ) ;
#472 = VERTEX_POINT ( 'NONE', #1540 ) ;
#473 = STYLED_ITEM ( 'NONE', ( #241 ), #266 ) ;
#474 = ORIENTED_EDGE ( 'NONE', *, *, #5094, .T. ) ;
#475 = VERTEX_POINT ( 'NONE', #5792 ) ;
#476 = VECTOR ( 'NONE', #1337, 1000.000000000000000 ) ;
#477 = DIRECTION ( 'NONE',  ( 0.0000000000000000000, -0.0000000000000000000, 1.000000000000000000 ) ) ;
#478 = DIRECTION ( 'NONE',  ( -1.000000000000000000, 2.106215023402124579E-29, -1.206487916730494377E-15 ) ) ;
#479 = ORIENTED_EDGE ( 'NONE', *, *, #2438, .T. ) ;
#480 = CARTESIAN_POINT ( 'NONE',  ( 0.1723030399283231873, 0.0000000000000000000, -1.009999999997669429 ) ) ;
#481 = AXIS2_PLACEMENT_3D ( 'NONE', #286, #2117, #737 ) ;
#482 = DIRECTION ( 'NONE',  ( 0.0000000000000000000, 0.0000000000000000000, 1.000000000000000000 ) ) ;
#483 = PLANE ( 'NONE',  #1109 ) ;
#484 = DIRECTION ( 'NONE',  ( -0.0000000000000000000, -0.0000000000000000000, -1.000000000000000000 ) ) ;
#485 = DIRECTION ( 'NONE',  ( -1.000000000000000000, 0.0000000000000000000, 0.0000000000000000000 ) ) ;
#486 = DIRECTION ( 'NONE',  ( -0.0000000000000000000, -0.0000000000000000000, 1.000000000000000000 ) ) ;
#487 = DIRECTION ( 'NONE',  ( -0.0000000000000000000, -1.000000000000000000, -0.0000000000000000000 ) ) ;
#488 = ADVANCED_FACE ( 'NONE', ( #5697 ), #1611, .F. ) ;
#489 = DIRECTION ( 'NONE',  ( 0.0000000000000000000, 0.0000000000000000000, -1.000000000000000000 ) ) ;
#490 = EDGE_CURVE ( 'NONE', #2878, #584, #3950, .T. ) ;
#491 = UNCERTAINTY_MEASURE_WITH_UNIT (LENGTH_MEASURE( 1.000000000000000082E-05 ), #2571, 'distance_accuracy_value', 'NONE');
#492 = EDGE_LOOP ( 'NONE', ( #1323, #2398, #3017, #1557 ) ) ;
#493 = CARTESIAN_POINT ( 'NONE',  ( 1.405339415059282615, 0.0000000000000000000, -1.292355852750885159 ) ) ;
#494 = CYLINDRICAL_SURFACE ( 'NONE', #2477, 0.04999999999982601001 ) ;
#495 = EDGE_CURVE ( 'NONE', #5018, #4805, #3044, .T. ) ;
#496 = DIRECTION ( 'NONE',  ( -1.000000000000000000, -0.0000000000000000000, -0.0000000000000000000 ) ) ;
#497 = ORIENTED_EDGE ( 'NONE', *, *, #3222, .F. ) ;
#498 = EDGE_CURVE ( 'NONE', #4146, #448, #1642, .T. ) ;
#499 = VERTEX_POINT ( 'NONE', #4810 ) ;
#500 = ORIENTED_EDGE ( 'NONE', *, *, #5630, .F. ) ;
#501 = EDGE_CURVE ( 'NONE', #3028, #2452, #4132, .T. ) ;
#502 = LINE ( 'NONE', #2000, #5632 ) ;
#503 = COLOUR_RGB ( '',0.7686274509803920907, 0.7686274509803920907, 0.7686274509803920907 ) ;
#504 = CARTESIAN_POINT ( 'NONE',  ( 0.1723030399283231873, 0.06350000000000000089, -1.009999999997669429 ) ) ;
#505 = EDGE_LOOP ( 'NONE', ( #4710, #4090, #864, #3835 ) ) ;
#506 = LINE ( 'NONE', #3762, #2199 ) ;
#507 = DIRECTION ( 'NONE',  ( -0.0000000000000000000, -1.000000000000000000, -0.0000000000000000000 ) ) ;
#508 = ADVANCED_FACE ( 'NONE', ( #3395 ), #5257, .T. ) ;
#509 = AXIS2_PLACEMENT_3D ( 'NONE', #1149, #5192, #3848 ) ;
#510 = LINE ( 'NONE', #1742, #3728 ) ;
#511 = CYLINDRICAL_SURFACE ( 'NONE', #2007, 0.009818181818181800566 ) ;
#512 = EDGE_CURVE ( 'NONE', #1129, #5103, #5276, .T. ) ;
#513 = PLANE ( 'NONE',  #3215 ) ;
#514 = VECTOR ( 'NONE', #2468, 1000.000000000000000 ) ;
#515 = SURFACE_SIDE_STYLE ('',( #541 ) ) ;
#516 = VERTEX_POINT ( 'NONE', #1094 ) ;
#517 = DIRECTION ( 'NONE',  ( 1.000000000000000000, 0.0000000000000000000, 0.0000000000000000000 ) ) ;
#518 = CARTESIAN_POINT ( 'NONE',  ( 0.9999999999976694198, 0.06350000000000000089, 0.07000000000090267349 ) ) ;
#519 = LINE ( 'NONE', #2356, #1329 ) ;
#520 = DIRECTION ( 'NONE',  ( 0.0000000000000000000, -1.000000000000000000, -1.745740669421566678E-14 ) ) ;
#521 = ORIENTED_EDGE ( 'NONE', *, *, #2707, .T. ) ;
#522 = AXIS2_PLACEMENT_3D ( 'NONE', #1617, #2624, #2040 ) ;
#523 = LINE ( 'NONE', #3295, #1703 ) ;
#524 = EDGE_CURVE ( 'NONE', #3758, #3671, #2948, .T. ) ;
#525 = FACE_OUTER_BOUND ( 'NONE', #4543, .T. ) ;
#526 = ORIENTED_EDGE ( 'NONE', *, *, #1294, .F. ) ;
#527 = VERTEX_POINT ( 'NONE', #4336 ) ;
#528 = VECTOR ( 'NONE', #4546, 1000.000000000000114 ) ;
#529 = ORIENTED_EDGE ( 'NONE', *, *, #490, .T. ) ;
#530 = EDGE_CURVE ( 'NONE', #1618, #965, #5084, .T. ) ;
#531 = LINE ( 'NONE', #955, #4506 ) ;
#532 = STYLED_ITEM ( 'NONE', ( #1315 ), #2918 ) ;
#533 = DIRECTION ( 'NONE',  ( -0.0000000000000000000, 0.0000000000000000000, 1.000000000000000000 ) ) ;
#534 = EDGE_LOOP ( 'NONE', ( #1934, #2680, #2122, #4911 ) ) ;
#535 = LINE ( 'NONE', #4153, #372 ) ;
#536 = CARTESIAN_POINT ( 'NONE',  ( 0.9741903303925880664, 0.06350000000000000089, -0.8599999999976404297 ) ) ;
#537 = AXIS2_PLACEMENT_3D ( 'NONE', #3342, #3825, #5203 ) ;
#538 = DIRECTION ( 'NONE',  ( 0.0000000000000000000, -0.0000000000000000000, 1.000000000000000000 ) ) ;
#539 = PRESENTATION_STYLE_ASSIGNMENT (( #5171 ) ) ;
#540 = DIRECTION ( 'NONE',  ( 0.0000000000000000000, 0.0000000000000000000, 1.000000000000000000 ) ) ;
#541 = SURFACE_STYLE_FILL_AREA ( #4749 ) ;
#542 = EDGE_LOOP ( 'NONE', ( #2026, #265, #1061, #1170 ) ) ;
#543 = DIRECTION ( 'NONE',  ( 1.000000000000000000, 0.0000000000000000000, 0.0000000000000000000 ) ) ;
#544 = ADVANCED_FACE ( 'NONE', ( #230 ), #3917, .F. ) ;
#545 = LINE ( 'NONE', #5675, #2762 ) ;
#546 = VECTOR ( 'NONE', #3889, 1000.000000000000000 ) ;
#547 = CARTESIAN_POINT ( 'NONE',  ( 0.9741903303925880664, 0.06350000000000000089, -0.7500000000000284217 ) ) ;
#548 = DIRECTION ( 'NONE',  ( 0.0000000000000000000, 0.0000000000000000000, -1.000000000000000000 ) ) ;
#549 = PLANE ( 'NONE',  #4759 ) ;
#550 = AXIS2_PLACEMENT_3D ( 'NONE', #1013, #3369, #1974 ) ;
#551 = ORIENTED_EDGE ( 'NONE', *, *, #5388, .F. ) ;
#552 = DIRECTION ( 'NONE',  ( -1.000000000000000000, -0.0000000000000000000, -0.0000000000000000000 ) ) ;
#553 = CLOSED_SHELL ( 'NONE', ( #61, #2015, #5812, #1999, #2229, #594, #1904, #4717, #1716, #5300, #2273, #2744, #2841, #1967, #5822, #1824, #938, #386, #5193, #4080, #2826, #3206, #5522, #4176, #2893, #340, #2189, #3086, #5458, #1473, #159, #5592, #5313, #3994, #5662, #2747 ) ) ;
#554 = VECTOR ( 'NONE', #3744, 1000.000000000000000 ) ;
#555 = FACE_OUTER_BOUND ( 'NONE', #3841, .T. ) ;
#556 = CIRCLE ( 'NONE', #4983, 0.1000000000000000472 ) ;
#557 = ORIENTED_EDGE ( 'NONE', *, *, #2902, .F. ) ;
#558 = ORIENTED_EDGE ( 'NONE', *, *, #5425, .T. ) ;
#559 = VERTEX_POINT ( 'NONE', #5444 ) ;
#560 = CARTESIAN_POINT ( 'NONE',  ( 0.6473668145331037405, -0.08000000000002076284, -1.344174034569068699 ) ) ;
#561 = VECTOR ( 'NONE', #2663, 1000.000000000000000 ) ;
#562 = LINE ( 'NONE', #2736, #4732 ) ;
#563 = EDGE_CURVE ( 'NONE', #2312, #1292, #412, .T. ) ;
#564 = ORIENTED_EDGE ( 'NONE', *, *, #5247, .F. ) ;
#565 = ADVANCED_FACE ( 'NONE', ( #2160 ), #895, .F. ) ;
#566 = LINE ( 'NONE', #21, #168 ) ;
#567 = CARTESIAN_POINT ( 'NONE',  ( 0.0000000000000000000, 0.5999999999999999778, -1.998999999999999888 ) ) ;
#568 = EDGE_CURVE ( 'NONE', #300, #4750, #5883, .T. ) ;
#569 = AXIS2_PLACEMENT_3D ( 'NONE', #3618, #5914, #3105 ) ;
#570 = CARTESIAN_POINT ( 'NONE',  ( 0.6375486327149217924, 0.0000000000000000000, -1.334355852750885418 ) ) ;
#571 = SURFACE_SIDE_STYLE ('',( #4690 ) ) ;
#572 = SURFACE_STYLE_FILL_AREA ( #1454 ) ;
#573 = AXIS2_PLACEMENT_3D ( 'NONE', #853, #2239, #4641 ) ;
#574 = VERTEX_POINT ( 'NONE', #2254 ) ;
#575 = FILL_AREA_STYLE ('',( #2923 ) ) ;
#576 = DIRECTION ( 'NONE',  ( 1.000000000000000000, 0.0000000000000000000, 0.0000000000000000000 ) ) ;
#577 = SURFACE_STYLE_USAGE ( .BOTH. , #3318 ) ;
#578 = DIRECTION ( 'NONE',  ( -0.0000000000000000000, 0.0000000000000000000, 1.000000000000000000 ) ) ;
#579 = DIRECTION ( 'NONE',  ( 0.0000000000000000000, 0.0000000000000000000, 1.000000000000000000 ) ) ;
#580 = ORIENTED_EDGE ( 'NONE', *, *, #2220, .F. ) ;
#581 = PRESENTATION_STYLE_ASSIGNMENT (( #214 ) ) ;
#582 = SURFACE_STYLE_USAGE ( .BOTH. , #4708 ) ;
#583 = ORIENTED_EDGE ( 'NONE', *, *, #1144, .F. ) ;
#584 = VERTEX_POINT ( 'NONE', #3167 ) ;
#585 = ORIENTED_EDGE ( 'NONE', *, *, #4949, .T. ) ;
#586 = LINE ( 'NONE', #4233, #1028 ) ;
#587 = CARTESIAN_POINT ( 'NONE',  ( -7.899111524646314611E-16, -0.0000000000000000000, -0.6547194891145204920 ) ) ;
#588 = ORIENTED_EDGE ( 'NONE', *, *, #893, .T. ) ;
#589 = PLANE ( 'NONE',  #2775 ) ;
#590 = CARTESIAN_POINT ( 'NONE',  ( 1.069884869604737387, 0.01999999999997321976, -0.9994467618417942623 ) ) ;
#591 = PLANE ( 'NONE',  #3341 ) ;
#592 = VECTOR ( 'NONE', #1274, 1000.000000000000000 ) ;
#593 =( LENGTH_UNIT ( ) NAMED_UNIT ( * ) SI_UNIT ( .MILLI., .METRE. ) );
#594 = ADVANCED_FACE ( 'NONE', ( #3135 ), #3648, .F. ) ;
#595 = LINE ( 'NONE', #1865, #5025 ) ;
#596 = CARTESIAN_POINT ( 'NONE',  ( -0.1723030399292113934, 0.0000000000000000000, -0.9999999999976694198 ) ) ;
#597 = EDGE_LOOP ( 'NONE', ( #5909, #2761, #1269, #3883 ) ) ;
#598 = AXIS2_PLACEMENT_3D ( 'NONE', #4263, #2520, #5633 ) ;
#599 = CARTESIAN_POINT ( 'NONE',  ( -0.4999999999997228883, 0.1270000000000000018, -1.009999999997705400 ) ) ;
#600 = EDGE_CURVE ( 'NONE', #3110, #5401, #3585, .T. ) ;
#601 = DIRECTION ( 'NONE',  ( -1.000000000000000000, 0.0000000000000000000, 0.0000000000000000000 ) ) ;
#602 = DIRECTION ( 'NONE',  ( -0.0000000000000000000, -1.000000000000000000, -0.0000000000000000000 ) ) ;
#603 = DIRECTION ( 'NONE',  ( 0.0000000000000000000, -1.000000000000000000, 0.0000000000000000000 ) ) ;
#604 = STYLED_ITEM ( 'NONE', ( #5114 ), #2443 ) ;
#605 = CARTESIAN_POINT ( 'NONE',  ( 0.1550000000012374812, 0.1270000000000000018, 0.4499999999998394173 ) ) ;
#606 = UNCERTAINTY_MEASURE_WITH_UNIT (LENGTH_MEASURE( 1.000000000000000082E-05 ), #5657, 'distance_accuracy_value', 'NONE');
#607 = ORIENTED_EDGE ( 'NONE', *, *, #822, .F. ) ;
#608 = VECTOR ( 'NONE', #5558, 1000.000000000000000 ) ;
#609 = LINE ( 'NONE', #36, #1494 ) ;
#610 = FILL_AREA_STYLE ('',( #2050 ) ) ;
#611 = ORIENTED_EDGE ( 'NONE', *, *, #5247, .T. ) ;
#612 = EDGE_LOOP ( 'NONE', ( #1291, #2216, #756, #2594 ) ) ;
#613 = ORIENTED_EDGE ( 'NONE', *, *, #5129, .F. ) ;
#614 = PRODUCT_DEFINITION_SHAPE ( 'NONE', 'NONE',  #4155 ) ;
#615 = EDGE_CURVE ( 'NONE', #99, #3300, #2695, .T. ) ;
#616 = CARTESIAN_POINT ( 'NONE',  ( -0.8249999999989652277, 0.1270000000000000018, -0.3000000000001890044 ) ) ;
#617 = EDGE_LOOP ( 'NONE', ( #4056, #3914, #1563, #2944 ) ) ;
#618 = CARTESIAN_POINT ( 'NONE',  ( 1.998999999999999888, 0.0000000000000000000, 0.0000000000000000000 ) ) ;
#619 = VECTOR ( 'NONE', #5912, 1000.000000000000000 ) ;
#620 = ORIENTED_EDGE ( 'NONE', *, *, #5060, .F. ) ;
#621 = PLANE ( 'NONE',  #4512 ) ;
#622 = FACE_OUTER_BOUND ( 'NONE', #1152, .T. ) ;
#623 = DIRECTION ( 'NONE',  ( 0.0000000000000000000, 0.0000000000000000000, 1.000000000000000000 ) ) ;
#624 = DIRECTION ( 'NONE',  ( 0.0000000000000000000, 0.0000000000000000000, 1.000000000000000000 ) ) ;
#625 = CARTESIAN_POINT ( 'NONE',  ( -0.7999999999990237143, 0.06350000000000000089, 0.0000000000000000000 ) ) ;
#626 = EDGE_LOOP ( 'NONE', ( #3677, #4262, #2792, #3498 ) ) ;
#627 = AXIS2_PLACEMENT_3D ( 'NONE', #2753, #4537, #464 ) ;
#628 = PLANE ( 'NONE',  #3144 ) ;
#629 = ORIENTED_EDGE ( 'NONE', *, *, #1122, .T. ) ;
#630 = LINE ( 'NONE', #2469, #4501 ) ;
#631 =( LENGTH_UNIT ( ) NAMED_UNIT ( * ) SI_UNIT ( .MILLI., .METRE. ) );
#632 = DIRECTION ( 'NONE',  ( -0.0000000000000000000, -1.000000000000000000, -0.0000000000000000000 ) ) ;
#633 = DIRECTION ( 'NONE',  ( -0.0000000000000000000, -1.000000000000000000, -0.0000000000000000000 ) ) ;
#634 = ADVANCED_FACE ( 'NONE', ( #2735 ), #1304, .F. ) ;
#635 = CARTESIAN_POINT ( 'NONE',  ( 0.1699999999999468048, 0.06350000000000000089, 0.9850000000017797852 ) ) ;
#636 = VERTEX_POINT ( 'NONE', #4905 ) ;
#637 = CARTESIAN_POINT ( 'NONE',  ( 0.6473668145331036294, 0.0000000000000000000, -1.334355852750885640 ) ) ;
#638 = ADVANCED_FACE ( 'NONE', ( #1245 ), #3195, .F. ) ;
#639 = AXIS2_PLACEMENT_3D ( 'NONE', #333, #301, #4046 ) ;
#640 = ORIENTED_EDGE ( 'NONE', *, *, #3639, .T. ) ;
#641 = ORIENTED_EDGE ( 'NONE', *, *, #3452, .T. ) ;
#642 = ORIENTED_EDGE ( 'NONE', *, *, #1008, .F. ) ;
#643 = CLOSED_SHELL ( 'NONE', ( #4912, #3074, #5479, #2756, #5861, #1756 ) ) ;
#644 = VECTOR ( 'NONE', #5508, 1000.000000000000000 ) ;
#645 = LINE ( 'NONE', #1176, #2868 ) ;
#646 = AXIS2_PLACEMENT_3D ( 'NONE', #3556, #2063, #1641 ) ;
#647 = ORIENTED_EDGE ( 'NONE', *, *, #1285, .F. ) ;
#648 = DIRECTION ( 'NONE',  ( 0.4562858356710386420, 0.0000000000000000000, -0.8898332631262904080 ) ) ;
#649 = VECTOR ( 'NONE', #3376, 1000.000000000000000 ) ;
#650 = VERTEX_POINT ( 'NONE', #781 ) ;
#651 =( GEOMETRIC_REPRESENTATION_CONTEXT ( 3 ) GLOBAL_UNCERTAINTY_ASSIGNED_CONTEXT ( ( #1753 ) ) GLOBAL_UNIT_ASSIGNED_CONTEXT ( ( #115, #4639, #1954 ) ) REPRESENTATION_CONTEXT ( 'NONE', 'WORKASPACE' ) );
#652 = ORIENTED_EDGE ( 'NONE', *, *, #5069, .T. ) ;
#653 = CARTESIAN_POINT ( 'NONE',  ( 0.9741903303925880664, 0.06350000000000000089, 0.7500000000000284217 ) ) ;
#654 = AXIS2_PLACEMENT_3D ( 'NONE', #3908, #4768, #1147 ) ;
#655 = VECTOR ( 'NONE', #3320, 1000.000000000000000 ) ;
#656 = CARTESIAN_POINT ( 'NONE',  ( 1.230584742858188863, 0.0000000000000000000, -1.334355852750885640 ) ) ;
#657 = FILL_AREA_STYLE_COLOUR ( '', #377 ) ;
#658 = CARTESIAN_POINT ( 'NONE',  ( 0.1550000000012374812, 0.1270000000000000018, -0.4499999999998394173 ) ) ;
#659 = ORIENTED_EDGE ( 'NONE', *, *, #262, .T. ) ;
#660 = VECTOR ( 'NONE', #2917, 1000.000000000000000 ) ;
#661 = CARTESIAN_POINT ( 'NONE',  ( 0.4300000000014400081, 0.0000000000000000000, 0.9849999999946845719 ) ) ;
#662 = ORIENTED_EDGE ( 'NONE', *, *, #1506, .T. ) ;
#663 = CARTESIAN_POINT ( 'NONE',  ( 0.4799999999995918643, 0.06350000000000000089, 0.9850000000017899993 ) ) ;
#664 = CARTESIAN_POINT ( 'NONE',  ( -0.9683780866076574512, 0.06350000000000000089, 0.8600000000029695002 ) ) ;
#665 = VECTOR ( 'NONE', #5805, 1000.000000000000000 ) ;
#666 = DIRECTION ( 'NONE',  ( 0.0000000000000000000, 1.000000000000000000, 0.0000000000000000000 ) ) ;
#667 = LINE ( 'NONE', #3802, #3622 ) ;
#668 = VERTEX_POINT ( 'NONE', #2619 ) ;
#669 = VECTOR ( 'NONE', #2561, 1000.000000000000000 ) ;
#670 = FILL_AREA_STYLE_COLOUR ( '', #1777 ) ;
#671 = PLANE ( 'NONE',  #5460 ) ;
#672 = EDGE_CURVE ( 'NONE', #2362, #4414, #5858, .T. ) ;
#673 = CARTESIAN_POINT ( 'NONE',  ( 0.2200000000004044831, 0.06350000000000000089, -0.9549999999975867793 ) ) ;
#674 = EDGE_LOOP ( 'NONE', ( #3137, #2519, #3265, #1150 ) ) ;
#675 = EDGE_LOOP ( 'NONE', ( #4060, #2871, #4173, #743 ) ) ;
#676 = ORIENTED_EDGE ( 'NONE', *, *, #3470, .F. ) ;
#677 = ADVANCED_FACE ( 'NONE', ( #4038 ), #1272, .F. ) ;
#678 = DIRECTION ( 'NONE',  ( -0.0000000000000000000, -1.000000000000000000, -0.0000000000000000000 ) ) ;
#679 = FACE_OUTER_BOUND ( 'NONE', #1263, .T. ) ;
#680 = EDGE_CURVE ( 'NONE', #949, #4513, #1175, .T. ) ;
#681 = ORIENTED_EDGE ( 'NONE', *, *, #2333, .T. ) ;
#682 = ORIENTED_EDGE ( 'NONE', *, *, #967, .T. ) ;
#683 = ORIENTED_EDGE ( 'NONE', *, *, #5162, .T. ) ;
#684 = CARTESIAN_POINT ( 'NONE',  ( 0.9999999999976694198, 0.0000000000000000000, -0.06999999999734995981 ) ) ;
#685 = LINE ( 'NONE', #4455, #5542 ) ;
#686 = DIRECTION ( 'NONE',  ( -0.0000000000000000000, -1.000000000000000000, -0.0000000000000000000 ) ) ;
#687 = LINE ( 'NONE', #3046, #5210 ) ;
#688 = VERTEX_POINT ( 'NONE', #1694 ) ;
#689 = CARTESIAN_POINT ( 'NONE',  ( -0.9683780866076574512, 0.0000000000000000000, 0.8600000000029695002 ) ) ;
#690 = EDGE_CURVE ( 'NONE', #5806, #218, #1758, .T. ) ;
#691 = CARTESIAN_POINT ( 'NONE',  ( 0.1723030399283231873, 0.06350000000000000089, -1.009999999997669429 ) ) ;
#692 = EDGE_LOOP ( 'NONE', ( #2146, #5303, #5671, #711 ) ) ;
#693 = DIRECTION ( 'NONE',  ( 0.7071067811865474617, 0.0000000000000000000, -0.7071067811865474617 ) ) ;
#694 = ADVANCED_FACE ( 'NONE', ( #3481 ), #4985, .T. ) ;
#695 = PLANE ( 'NONE',  #639 ) ;
#696 = CARTESIAN_POINT ( 'NONE',  ( 0.9741903303925880664, 0.06350000000000000089, 0.4476725846167539657 ) ) ;
#697 =( GEOMETRIC_REPRESENTATION_CONTEXT ( 3 ) GLOBAL_UNCERTAINTY_ASSIGNED_CONTEXT ( ( #3152 ) ) GLOBAL_UNIT_ASSIGNED_CONTEXT ( ( #5308, #1729, #4479 ) ) REPRESENTATION_CONTEXT ( 'NONE', 'WORKASPACE' ) );
#698 = PLANE ( 'NONE',  #4002 ) ;
#699 = ORIENTED_EDGE ( 'NONE', *, *, #3962, .F. ) ;
#700 = DIRECTION ( 'NONE',  ( 0.0000000000000000000, 0.0000000000000000000, -1.000000000000000000 ) ) ;
#701 = PLANE ( 'NONE',  #2579 ) ;
#702 =( NAMED_UNIT ( * ) SI_UNIT ( $, .STERADIAN. ) SOLID_ANGLE_UNIT ( ) );
#703 = EDGE_LOOP ( 'NONE', ( #5019, #141, #2759, #2802 ) ) ;
#704 = VERTEX_POINT ( 'NONE', #2611 ) ;
#705 = CIRCLE ( 'NONE', #1172, 0.1000000000000001582 ) ;
#706 = ORIENTED_EDGE ( 'NONE', *, *, #5604, .T. ) ;
#707 = EDGE_CURVE ( 'NONE', #3277, #5212, #2010, .T. ) ;
#708 = FACE_OUTER_BOUND ( 'NONE', #813, .T. ) ;
#709 = EDGE_CURVE ( 'NONE', #5219, #2901, #4861, .T. ) ;
#710 = CARTESIAN_POINT ( 'NONE',  ( 1.116452242106540815, 0.0000000000000000000, -1.329345466451004709 ) ) ;
#711 = ORIENTED_EDGE ( 'NONE', *, *, #5383, .T. ) ;
#712 =( GEOMETRIC_REPRESENTATION_CONTEXT ( 3 ) GLOBAL_UNCERTAINTY_ASSIGNED_CONTEXT ( ( #3210 ) ) GLOBAL_UNIT_ASSIGNED_CONTEXT ( ( #3655, #1253, #878 ) ) REPRESENTATION_CONTEXT ( 'NONE', 'WORKASPACE' ) );
#713 = ORIENTED_EDGE ( 'NONE', *, *, #1559, .T. ) ;
#714 = EDGE_LOOP ( 'NONE', ( #4031, #166, #1930, #2085 ) ) ;
#715 = ADVANCED_FACE ( 'NONE', ( #4086 ), #4058, .F. ) ;
#716 = CARTESIAN_POINT ( 'NONE',  ( 0.0000000000000000000, 0.06350000000000000089, 0.0000000000000000000 ) ) ;
#717 = EDGE_CURVE ( 'NONE', #4683, #3484, #2580, .T. ) ;
#718 = DIRECTION ( 'NONE',  ( 0.0000000000000000000, 0.0000000000000000000, 1.000000000000000000 ) ) ;
#719 = COLOUR_RGB ( '',0.7686274509803920907, 0.7686274509803920907, 0.7686274509803920907 ) ;
#720 = PLANE ( 'NONE',  #2329 ) ;
#721 = ORIENTED_EDGE ( 'NONE', *, *, #4977, .F. ) ;
#722 = CARTESIAN_POINT ( 'NONE',  ( 0.9741903303925880664, 0.06350000000000000089, -0.8599999999976404297 ) ) ;
#723 = DIRECTION ( 'NONE',  ( 0.0000000000000000000, 1.000000000000000000, 1.745740669421566678E-14 ) ) ;
#724 = ORIENTED_EDGE ( 'NONE', *, *, #1069, .T. ) ;
#725 = EDGE_CURVE ( 'NONE', #1278, #2362, #3510, .T. ) ;
#726 = CARTESIAN_POINT ( 'NONE',  ( -0.9683780866076574512, 0.0000000000000000000, -0.5666219133892980153 ) ) ;
#727 = AXIS2_PLACEMENT_3D ( 'NONE', #2870, #1463, #579 ) ;
#728 = EDGE_CURVE ( 'NONE', #4315, #995, #5372, .T. ) ;
#729 = DIRECTION ( 'NONE',  ( -0.0000000000000000000, -0.0000000000000000000, -1.000000000000000000 ) ) ;
#730 = EDGE_LOOP ( 'NONE', ( #1443, #1605, #332, #741 ) ) ;
#731 = DIRECTION ( 'NONE',  ( -0.0000000000000000000, -1.000000000000000000, -0.0000000000000000000 ) ) ;
#732 = PRESENTATION_STYLE_ASSIGNMENT (( #5214 ) ) ;
#733 = PLANE ( 'NONE',  #3563 ) ;
#734 = ORIENTED_EDGE ( 'NONE', *, *, #3918, .F. ) ;
#735 = ORIENTED_EDGE ( 'NONE', *, *, #1628, .F. ) ;
#736 = ORIENTED_EDGE ( 'NONE', *, *, #4703, .F. ) ;
#737 = DIRECTION ( 'NONE',  ( 0.0000000000000000000, -0.0000000000000000000, -1.000000000000000000 ) ) ;
#738 = LINE ( 'NONE', #3482, #4510 ) ;
#739 = AXIS2_PLACEMENT_3D ( 'NONE', #815, #271, #2105 ) ;
#740 = PLANE ( 'NONE',  #1264 ) ;
#741 = ORIENTED_EDGE ( 'NONE', *, *, #1052, .T. ) ;
#742 = ORIENTED_EDGE ( 'NONE', *, *, #5742, .F. ) ;
#743 = ORIENTED_EDGE ( 'NONE', *, *, #3753, .F. ) ;
#744 = CLOSED_SHELL ( 'NONE', ( #4879, #4321, #1888, #1233, #4144, #3509, #5201, #3368, #1046, #4966, #3806, #3651, #3252, #2779, #5557 ) ) ;
#745 = PLANE ( 'NONE',  #2159 ) ;
#746 = PRESENTATION_LAYER_ASSIGNMENT (  '', '', ( #3340 ) ) ;
#747 = VECTOR ( 'NONE', #3879, 1000.000000000000000 ) ;
#748 = DIRECTION ( 'NONE',  ( 1.000000000000000000, -0.0000000000000000000, 0.0000000000000000000 ) ) ;
#749 = SURFACE_SIDE_STYLE ('',( #3880 ) ) ;
#750 = VECTOR ( 'NONE', #435, 1000.000000000000000 ) ;
#751 = EDGE_CURVE ( 'NONE', #3920, #4725, #1169, .T. ) ;
#752 = DIRECTION ( 'NONE',  ( -1.000000000000000000, 0.0000000000000000000, 1.206487916730494377E-15 ) ) ;
#753 = ADVANCED_FACE ( 'NONE', ( #5368 ), #2543, .F. ) ;
#754 = CARTESIAN_POINT ( 'NONE',  ( -0.8100000000013096724, 0.0000000000000000000, -1.009999999997705400 ) ) ;
#755 = AXIS2_PLACEMENT_3D ( 'NONE', #4502, #4081, #4470 ) ;
#756 = ORIENTED_EDGE ( 'NONE', *, *, #2305, .F. ) ;
#757 = CARTESIAN_POINT ( 'NONE',  ( 0.9741903303925880664, 0.06350000000000000089, -0.06999999999734995981 ) ) ;
#758 = EDGE_CURVE ( 'NONE', #2754, #1306, #281, .T. ) ;
#759 = AXIS2_PLACEMENT_3D ( 'NONE', #3608, #3187, #4027 ) ;
#760 = CARTESIAN_POINT ( 'NONE',  ( -1.000000000001222134, 0.06350000000000000089, -0.5403092531652831099 ) ) ;
#761 = EDGE_LOOP ( 'NONE', ( #2031, #4627, #5051, #3781 ) ) ;
#762 = CARTESIAN_POINT ( 'NONE',  ( -0.9683780866076574512, 0.06350000000000000089, -0.06999999999734995981 ) ) ;
#763 = DIRECTION ( 'NONE',  ( 1.000000000000000000, 0.0000000000000000000, 0.0000000000000000000 ) ) ;
#764 = EDGE_CURVE ( 'NONE', #1241, #4007, #5183, .T. ) ;
#765 = VECTOR ( 'NONE', #1580, 1000.000000000000000 ) ;
#766 = CARTESIAN_POINT ( 'NONE',  ( 0.9741903303925880664, 0.0000000000000000000, -0.8599999999976404297 ) ) ;
#767 = ORIENTED_EDGE ( 'NONE', *, *, #4259, .F. ) ;
#768 = CARTESIAN_POINT ( 'NONE',  ( 0.1699999999999468048, 0.06350000000000000089, 0.9850000000017797852 ) ) ;
#769 = AXIS2_PLACEMENT_3D ( 'NONE', #3113, #3143, #4938 ) ;
#770 = SURFACE_STYLE_FILL_AREA ( #1991 ) ;
#771 = DIRECTION ( 'NONE',  ( -0.0000000000000000000, -0.0000000000000000000, 1.000000000000000000 ) ) ;
#772 = ORIENTED_EDGE ( 'NONE', *, *, #85, .T. ) ;
#773 = ORIENTED_EDGE ( 'NONE', *, *, #2650, .T. ) ;
#774 =( LENGTH_UNIT ( ) NAMED_UNIT ( * ) SI_UNIT ( .MILLI., .METRE. ) );
#775 = FACE_OUTER_BOUND ( 'NONE', #4969, .T. ) ;
#776 = VERTEX_POINT ( 'NONE', #2210 ) ;
#777 = VERTEX_POINT ( 'NONE', #4944 ) ;
#778 = ORIENTED_EDGE ( 'NONE', *, *, #2145, .T. ) ;
#779 = CARTESIAN_POINT ( 'NONE',  ( -0.4999999999970583531, 0.1270000000000000018, 0.7500000000000284217 ) ) ;
#780 = DIRECTION ( 'NONE',  ( 0.0000000000000000000, 0.0000000000000000000, 1.000000000000000000 ) ) ;
#781 = CARTESIAN_POINT ( 'NONE',  ( -0.4776969600707364760, 0.0000000000000000000, -1.009999999997705400 ) ) ;
#782 = PLANE ( 'NONE',  #369 ) ;
#783 = ORIENTED_EDGE ( 'NONE', *, *, #5342, .T. ) ;
#784 = CARTESIAN_POINT ( 'NONE',  ( 0.8250000000007418066, 0.06350000000000000089, -0.4499999999998394173 ) ) ;
#785 = DIRECTION ( 'NONE',  ( 0.4562858356710386420, 1.553418116443667295E-14, -0.8898332631262904080 ) ) ;
#786 = ORIENTED_EDGE ( 'NONE', *, *, #4376, .F. ) ;
#787 = CARTESIAN_POINT ( 'NONE',  ( 0.9999999999976694198, 0.06350000000000000089, -0.06999999999734995981 ) ) ;
#788 = EDGE_CURVE ( 'NONE', #2560, #3577, #1752, .T. ) ;
#789 = APPLICATION_PROTOCOL_DEFINITION ( 'draft international standard', 'automotive_design', 1998, #3898 ) ;
#790 = LINE ( 'NONE', #2627, #4885 ) ;
#791 =( NAMED_UNIT ( * ) SI_UNIT ( $, .STERADIAN. ) SOLID_ANGLE_UNIT ( ) );
#792 = FACE_OUTER_BOUND ( 'NONE', #2104, .T. ) ;
#793 = ORIENTED_EDGE ( 'NONE', *, *, #1542, .T. ) ;
#794 = ADVANCED_FACE ( 'NONE', ( #4472 ), #733, .F. ) ;
#795 = CARTESIAN_POINT ( 'NONE',  ( 0.4776969600710501140, 0.0000000000000000000, -1.009999999997669429 ) ) ;
#796 = DIRECTION ( 'NONE',  ( -0.7071067811865474617, -0.0000000000000000000, 0.7071067811865474617 ) ) ;
#797 = STYLED_ITEM ( 'NONE', ( #5575 ), #1951 ) ;
#798 = DIRECTION ( 'NONE',  ( 0.0000000000000000000, 0.0000000000000000000, 1.000000000000000000 ) ) ;
#799 = ORIENTED_EDGE ( 'NONE', *, *, #1628, .T. ) ;
#800 = ORIENTED_EDGE ( 'NONE', *, *, #1394, .F. ) ;
#801 = VECTOR ( 'NONE', #2458, 1000.000000000000000 ) ;
#802 = AXIS2_PLACEMENT_3D ( 'NONE', #1520, #4342, #3374 ) ;
#803 = ORIENTED_EDGE ( 'NONE', *, *, #3041, .T. ) ;
#804 = VERTEX_POINT ( 'NONE', #1723 ) ;
#805 = ORIENTED_EDGE ( 'NONE', *, *, #1544, .F. ) ;
#806 = DIRECTION ( 'NONE',  ( -0.0000000000000000000, -1.000000000000000000, -0.0000000000000000000 ) ) ;
#807 = DIRECTION ( 'NONE',  ( 0.7071067811865475727, -0.0000000000000000000, -0.7071067811865475727 ) ) ;
#808 = DIRECTION ( 'NONE',  ( 1.000000000000000000, 0.0000000000000000000, 0.0000000000000000000 ) ) ;
#809 = DIRECTION ( 'NONE',  ( -0.0000000000000000000, -1.000000000000000000, -0.0000000000000000000 ) ) ;
#810 = ORIENTED_EDGE ( 'NONE', *, *, #2929, .T. ) ;
#811 = CARTESIAN_POINT ( 'NONE',  ( -0.1549999999985729460, 0.1270000000000000018, 0.4499999999998394173 ) ) ;
#812 = CARTESIAN_POINT ( 'NONE',  ( 0.5000000000006110668, 0.06350000000000000089, 0.9616911592296162326 ) ) ;
#813 = EDGE_LOOP ( 'NONE', ( #4982, #3506, #1350, #2013 ) ) ;
#814 = VECTOR ( 'NONE', #4553, 1000.000000000000000 ) ;
#815 = CARTESIAN_POINT ( 'NONE',  ( -0.4300000000009355783, 0.06350000000000000089, -0.9549999999994245314 ) ) ;
#816 = DIRECTION ( 'NONE',  ( -1.000000000000000000, 0.0000000000000000000, -0.0000000000000000000 ) ) ;
#817 = DIRECTION ( 'NONE',  ( 1.000000000000000000, 0.0000000000000000000, 0.0000000000000000000 ) ) ;
#818 = VECTOR ( 'NONE', #2389, 1000.000000000000000 ) ;
#819 = LINE ( 'NONE', #3089, #139 ) ;
#820 = DIRECTION ( 'NONE',  ( -0.0000000000000000000, 1.000000000000000000, 1.745740669421566678E-14 ) ) ;
#821 = VECTOR ( 'NONE', #5652, 1000.000000000000000 ) ;
#822 = EDGE_CURVE ( 'NONE', #1511, #1995, #5872, .T. ) ;
#823 = DIRECTION ( 'NONE',  ( 1.000000000000000000, 0.0000000000000000000, 0.0000000000000000000 ) ) ;
#824 = EDGE_CURVE ( 'NONE', #4750, #1059, #4503, .T. ) ;
#825 = EDGE_LOOP ( 'NONE', ( #5334, #2726, #5865, #4675, #3843, #1699 ) ) ;
#826 = ORIENTED_EDGE ( 'NONE', *, *, #3193, .F. ) ;
#827 = MECHANICAL_DESIGN_GEOMETRIC_PRESENTATION_REPRESENTATION (  '', ( #3909 ), #2070 ) ;
#828 =( NAMED_UNIT ( * ) PLANE_ANGLE_UNIT ( ) SI_UNIT ( $, .RADIAN. ) );
#829 = CARTESIAN_POINT ( 'NONE',  ( 0.4776969600710501140, 0.06350000000000000089, -0.9999999999976694198 ) ) ;
#830 = VERTEX_POINT ( 'NONE', #1234 ) ;
#831 = ORIENTED_EDGE ( 'NONE', *, *, #2400, .F. ) ;
#832 = ORIENTED_EDGE ( 'NONE', *, *, #2178, .F. ) ;
#833 = CARTESIAN_POINT ( 'NONE',  ( -1.000000000001222134, 0.0000000000000000000, 0.7500000000000284217 ) ) ;
#834 = VECTOR ( 'NONE', #4932, 1000.000000000000000 ) ;
#835 = DIRECTION ( 'NONE',  ( 0.0000000000000000000, 0.0000000000000000000, 1.000000000000000000 ) ) ;
#836 = DIRECTION ( 'NONE',  ( 0.0000000000000000000, 1.000000000000000000, 0.0000000000000000000 ) ) ;
#837 = CARTESIAN_POINT ( 'NONE',  ( 0.4776969600710501140, 0.0000000000000000000, -0.9999999999976694198 ) ) ;
#838 = ORIENTED_EDGE ( 'NONE', *, *, #1534, .T. ) ;
#839 = DIRECTION ( 'NONE',  ( 1.000000000000000000, 0.0000000000000000000, 0.0000000000000000000 ) ) ;
#840 = AXIS2_PLACEMENT_3D ( 'NONE', #4847, #4494, #3956 ) ;
#841 = CARTESIAN_POINT ( 'NONE',  ( 0.8080666877865554376, 0.01999999999997321976, -0.9994467618417942623 ) ) ;
#842 = ORIENTED_EDGE ( 'NONE', *, *, #2207, .T. ) ;
#843 = EDGE_CURVE ( 'NONE', #1119, #2213, #4921, .T. ) ;
#844 = DIRECTION ( 'NONE',  ( 0.0000000000000000000, 0.0000000000000000000, -1.000000000000000000 ) ) ;
#845 = COLOUR_RGB ( '',0.8392156862745098200, 0.4705882352941176405, 0.3686274509803921795 ) ;
#846 = DIRECTION ( 'NONE',  ( -0.7071067811865475727, 0.0000000000000000000, -0.7071067811865475727 ) ) ;
#847 = FACE_OUTER_BOUND ( 'NONE', #5941, .T. ) ;
#848 = AXIS2_PLACEMENT_3D ( 'NONE', #1446, #978, #1006 ) ;
#849 = DIRECTION ( 'NONE',  ( 0.0000000000000000000, 0.0000000000000000000, -1.000000000000000000 ) ) ;
#850 = COLOUR_RGB ( '',0.8392156862745098200, 0.4705882352941176405, 0.3686274509803921795 ) ;
#851 = VECTOR ( 'NONE', #2399, 1000.000000000000000 ) ;
#852 = LINE ( 'NONE', #4108, #3062 ) ;
#853 = CARTESIAN_POINT ( 'NONE',  ( 1.069884869604737387, -0.08000000000002678580, -0.9994467618417960386 ) ) ;
#854 = LINE ( 'NONE', #899, #4128 ) ;
#855 = CARTESIAN_POINT ( 'NONE',  ( 0.9999999999976694198, 0.06350000000000000089, -0.8599999999976404297 ) ) ;
#856 = ORIENTED_EDGE ( 'NONE', *, *, #4343, .T. ) ;
#857 = ORIENTED_EDGE ( 'NONE', *, *, #3326, .T. ) ;
#858 = PRESENTATION_LAYER_ASSIGNMENT (  '', '', ( #3355 ) ) ;
#859 =( NAMED_UNIT ( * ) PLANE_ANGLE_UNIT ( ) SI_UNIT ( $, .RADIAN. ) );
#860 = CARTESIAN_POINT ( 'NONE',  ( 0.5000000000006110668, 0.06350000000000000089, -0.0000000000000000000 ) ) ;
#861 = EDGE_CURVE ( 'NONE', #3162, #1306, #5301, .T. ) ;
#862 = VECTOR ( 'NONE', #3546, 1000.000000000000000 ) ;
#863 = DIRECTION ( 'NONE',  ( 0.0000000000000000000, 0.0000000000000000000, -1.000000000000000000 ) ) ;
#864 = ORIENTED_EDGE ( 'NONE', *, *, #2269, .F. ) ;
#865 = ORIENTED_EDGE ( 'NONE', *, *, #5890, .F. ) ;
#866 = ORIENTED_EDGE ( 'NONE', *, *, #861, .F. ) ;
#867 = DIRECTION ( 'NONE',  ( -0.0000000000000000000, -1.000000000000000000, -0.0000000000000000000 ) ) ;
#868 = EDGE_CURVE ( 'NONE', #1275, #1828, #2172, .T. ) ;
#869 = DIRECTION ( 'NONE',  ( -0.0000000000000000000, -0.0000000000000000000, -1.000000000000000000 ) ) ;
#870 = DIRECTION ( 'NONE',  ( -0.0000000000000000000, 1.000000000000000000, -0.0000000000000000000 ) ) ;
#871 = EDGE_CURVE ( 'NONE', #4649, #4146, #1261, .T. ) ;
#872 = FILL_AREA_STYLE ('',( #1736 ) ) ;
#873 = ORIENTED_EDGE ( 'NONE', *, *, #3443, .T. ) ;
#874 = CARTESIAN_POINT ( 'NONE',  ( -0.9683780866076574512, 0.06350000000000000089, -0.8599999999994167865 ) ) ;
#875 = FILL_AREA_STYLE_COLOUR ( '', #4654 ) ;
#876 = EDGE_CURVE ( 'NONE', #3241, #4402, #1288, .T. ) ;
#877 = CARTESIAN_POINT ( 'NONE',  ( -0.2199999999989786514, 0.06350000000000000089, 0.9849999999964609287 ) ) ;
#878 =( NAMED_UNIT ( * ) SI_UNIT ( $, .STERADIAN. ) SOLID_ANGLE_UNIT ( ) );
#879 = FACE_OUTER_BOUND ( 'NONE', #1854, .T. ) ;
#880 = CARTESIAN_POINT ( 'NONE',  ( 0.1550000000012374812, 0.1270000000000000018, 0.0000000000000000000 ) ) ;
#881 = EDGE_CURVE ( 'NONE', #4866, #1564, #4382, .T. ) ;
#882 = FILL_AREA_STYLE_COLOUR ( '', #1621 ) ;
#883 = CARTESIAN_POINT ( 'NONE',  ( 0.0000000000000000000, 0.1270000000000000018, 1.010000000001208820 ) ) ;
#884 = VERTEX_POINT ( 'NONE', #5747 ) ;
#885 = VECTOR ( 'NONE', #5050, 1000.000000000000000 ) ;
#886 = CARTESIAN_POINT ( 'NONE',  ( -0.8099999999995333155, 0.06350000000000000089, 0.9616911592296162326 ) ) ;
#887 = DIRECTION ( 'NONE',  ( 0.0000000000000000000, 0.0000000000000000000, 1.000000000000000000 ) ) ;
#888 = LINE ( 'NONE', #2758, #1938 ) ;
#889 = ORIENTED_EDGE ( 'NONE', *, *, #5125, .T. ) ;
#890 = VERTEX_POINT ( 'NONE', #3505 ) ;
#891 = ORIENTED_EDGE ( 'NONE', *, *, #5274, .T. ) ;
#892 = DIRECTION ( 'NONE',  ( -0.0000000000000000000, -1.000000000000000000, -0.0000000000000000000 ) ) ;
#893 = EDGE_CURVE ( 'NONE', #890, #4643, #5778, .T. ) ;
#894 = CARTESIAN_POINT ( 'NONE',  ( 0.9072664326886286101, 0.0000000000000000000, -0.9538181782746908421 ) ) ;
#895 = PLANE ( 'NONE',  #5847 ) ;
#896 = DIRECTION ( 'NONE',  ( -0.0000000000000000000, -1.000000000000000000, -0.0000000000000000000 ) ) ;
#897 = EDGE_CURVE ( 'NONE', #650, #1834, #3026, .T. ) ;
#898 = ORIENTED_EDGE ( 'NONE', *, *, #2440, .F. ) ;
#899 = CARTESIAN_POINT ( 'NONE',  ( -0.8100000000013096724, 0.0000000000000000000, -1.009999999997705400 ) ) ;
#900 = CARTESIAN_POINT ( 'NONE',  ( 0.0000000000000000000, 0.06350000000000000089, 1.010000000001208820 ) ) ;
#901 = EDGE_CURVE ( 'NONE', #1180, #2977, #1199, .T. ) ;
#902 = CARTESIAN_POINT ( 'NONE',  ( 0.4797817083846136477, 0.06350000000000000089, -0.9503329334420737018 ) ) ;
#903 = LINE ( 'NONE', #4496, #3081 ) ;
#904 = CARTESIAN_POINT ( 'NONE',  ( 0.1699999999999468048, 0.0000000000000000000, 0.9850000000017797852 ) ) ;
#905 = FACE_OUTER_BOUND ( 'NONE', #5431, .T. ) ;
#906 = LINE ( 'NONE', #5924, #3164 ) ;
#907 = VECTOR ( 'NONE', #4253, 1000.000000000000000 ) ;
#908 = CARTESIAN_POINT ( 'NONE',  ( 0.2200000000017746649, 0.0000000000000000000, 0.9850000000017797852 ) ) ;
#909 = DIRECTION ( 'NONE',  ( -1.000000000000000000, 0.0000000000000000000, -0.0000000000000000000 ) ) ;
#910 = UNCERTAINTY_MEASURE_WITH_UNIT (LENGTH_MEASURE( 1.000000000000000082E-05 ), #4596, 'distance_accuracy_value', 'NONE');
#911 = ORIENTED_EDGE ( 'NONE', *, *, #5140, .T. ) ;
#912 = VECTOR ( 'NONE', #3024, 1000.000000000000114 ) ;
#913 = LINE ( 'NONE', #2755, #2481 ) ;
#914 = FACE_OUTER_BOUND ( 'NONE', #1218, .T. ) ;
#915 = VECTOR ( 'NONE', #3863, 1000.000000000000000 ) ;
#916 = ORIENTED_EDGE ( 'NONE', *, *, #1359, .T. ) ;
#917 = ORIENTED_EDGE ( 'NONE', *, *, #2075, .T. ) ;
#918 = VERTEX_POINT ( 'NONE', #2608 ) ;
#919 = DIRECTION ( 'NONE',  ( 0.0000000000000000000, 0.0000000000000000000, 1.000000000000000000 ) ) ;
#920 = SURFACE_SIDE_STYLE ('',( #5496 ) ) ;
#921 = ORIENTED_EDGE ( 'NONE', *, *, #4445, .T. ) ;
#922 = DIRECTION ( 'NONE',  ( -0.0000000000000000000, -0.0000000000000000000, -1.000000000000000000 ) ) ;
#924 = LINE ( 'NONE', #4154, #2831 ) ;
#923 = MECHANICAL_DESIGN_GEOMETRIC_PRESENTATION_REPRESENTATION (  '', ( #5637 ), #3646 ) ;
#925 = ADVANCED_FACE ( 'NONE', ( #310 ), #2144, .F. ) ;
#926 = CARTESIAN_POINT ( 'NONE',  ( -0.1499999999996504130, 0.06350000000000000089, 0.9616911592296162326 ) ) ;
#927 = DIRECTION ( 'NONE',  ( 0.0000000000000000000, 1.000000000000000000, 0.0000000000000000000 ) ) ;
#928 = ADVANCED_FACE ( 'NONE', ( #2325 ), #5096, .T. ) ;
#929 =( LENGTH_UNIT ( ) NAMED_UNIT ( * ) SI_UNIT ( .MILLI., .METRE. ) );
#930 = CYLINDRICAL_SURFACE ( 'NONE', #4954, 0.02727272727272712916 ) ;
#931 = CARTESIAN_POINT ( 'NONE',  ( 1.230584742858188863, -0.08000000000002076284, -1.344174034569068699 ) ) ;
#932 = MECHANICAL_DESIGN_GEOMETRIC_PRESENTATION_REPRESENTATION (  '', ( #5260 ), #3438 ) ;
#933 = EDGE_CURVE ( 'NONE', #4651, #5098, #968, .T. ) ;
#934 = CIRCLE ( 'NONE', #3442, 0.009818181818181800566 ) ;
#935 = ADVANCED_FACE ( 'NONE', ( #5062 ), #430, .F. ) ;
#936 = SURFACE_SIDE_STYLE ('',( #5534 ) ) ;
#937 = AXIS2_PLACEMENT_3D ( 'NONE', #5513, #2274, #1788 ) ;
#938 = ADVANCED_FACE ( 'NONE', ( #3717 ), #2782, .T. ) ;
#939 = DIRECTION ( 'NONE',  ( 1.000000000000000000, 0.0000000000000000000, 0.0000000000000000000 ) ) ;
#940 = VECTOR ( 'NONE', #4667, 1000.000000000000000 ) ;
#941 = LINE ( 'NONE', #5901, #5034 ) ;
#942 = ORIENTED_EDGE ( 'NONE', *, *, #1623, .T. ) ;
#943 = VECTOR ( 'NONE', #2941, 1000.000000000000114 ) ;
#944 = AXIS2_PLACEMENT_3D ( 'NONE', #1685, #1807, #2694 ) ;
#945 = CARTESIAN_POINT ( 'NONE',  ( 0.4413446128288608383, 0.0000000000000000000, 0.2263112695697760413 ) ) ;
#946 = FILL_AREA_STYLE ('',( #4672 ) ) ;
#947 = CARTESIAN_POINT ( 'NONE',  ( 0.4799999999995918643, 0.06350000000000000089, 0.9616911592296162326 ) ) ;
#948 = VECTOR ( 'NONE', #4425, 1000.000000000000000 ) ;
#949 = VERTEX_POINT ( 'NONE', #5039 ) ;
#950 = AXIS2_PLACEMENT_3D ( 'NONE', #5770, #763, #395 ) ;
#951 = ORIENTED_EDGE ( 'NONE', *, *, #162, .T. ) ;
#952 = ORIENTED_EDGE ( 'NONE', *, *, #1749, .T. ) ;
#953 = EDGE_CURVE ( 'NONE', #1207, #5815, #519, .T. ) ;
#954 = VECTOR ( 'NONE', #3057, 1000.000000000000000 ) ;
#955 = CARTESIAN_POINT ( 'NONE',  ( 1.004999999999256488, 0.06350000000000000089, 0.7500000000000284217 ) ) ;
#956 = PLANE ( 'NONE',  #5583 ) ;
#957 = VERTEX_POINT ( 'NONE', #1898 ) ;
#958 = LINE ( 'NONE', #2797, #3741 ) ;
#959 = VECTOR ( 'NONE', #4368, 1000.000000000000000 ) ;
#960 = CARTESIAN_POINT ( 'NONE',  ( -0.1700000000006696155, 0.06350000000000000089, 0.9616911592296162326 ) ) ;
#961 = DIRECTION ( 'NONE',  ( -0.0000000000000000000, -1.000000000000000000, -0.0000000000000000000 ) ) ;
#962 = DIRECTION ( 'NONE',  ( -0.0000000000000000000, 0.0000000000000000000, -1.000000000000000000 ) ) ;
#963 = CARTESIAN_POINT ( 'NONE',  ( -0.1723030399292113934, 0.0000000000000000000, -1.009999999997669429 ) ) ;
#964 = DIRECTION ( 'NONE',  ( -1.000000000000000000, 0.0000000000000000000, 0.0000000000000000000 ) ) ;
#965 = VERTEX_POINT ( 'NONE', #3208 ) ;
#966 = CYLINDRICAL_SURFACE ( 'NONE', #1211, 0.02727272727272712916 ) ;
#967 = EDGE_CURVE ( 'NONE', #499, #14, #1844, .T. ) ;
#968 = LINE ( 'NONE', #2699, #5748 ) ;
#969 = EDGE_CURVE ( 'NONE', #391, #650, #3688, .T. ) ;
#970 = CARTESIAN_POINT ( 'NONE',  ( -0.4800000000002674905, 0.0000000000000000000, -0.9549999999994245314 ) ) ;
#971 = EDGE_LOOP ( 'NONE', ( #185, #3670, #2880, #4900, #1901, #4092, #4415, #5862, #1469, #3896, #3814, #778, #1173 ) ) ;
#972 = LINE ( 'NONE', #3692, #750 ) ;
#973 = DIRECTION ( 'NONE',  ( 0.0000000000000000000, 0.0000000000000000000, -1.000000000000000000 ) ) ;
#974 = CARTESIAN_POINT ( 'NONE',  ( 0.6473668145331037405, -0.08000000000003280876, -0.6547194891145233786 ) ) ;
#975 = ORIENTED_EDGE ( 'NONE', *, *, #3771, .T. ) ;
#976 = ORIENTED_EDGE ( 'NONE', *, *, #3732, .T. ) ;
#977 = VERTEX_POINT ( 'NONE', #400 ) ;
#978 = DIRECTION ( 'NONE',  ( -0.0000000000000000000, 1.000000000000000000, -0.0000000000000000000 ) ) ;
#979 = VECTOR ( 'NONE', #4747, 1000.000000000000000 ) ;
#980 = SURFACE_STYLE_FILL_AREA ( #3788 ) ;
#981 = EDGE_LOOP ( 'NONE', ( #3047, #5074, #1472, #742, #4152 ) ) ;
#982 = EDGE_CURVE ( 'NONE', #2553, #3277, #4109, .T. ) ;
#983 = FACE_OUTER_BOUND ( 'NONE', #3155, .T. ) ;
#984 = LINE ( 'NONE', #1451, #5899 ) ;
#985 = FACE_OUTER_BOUND ( 'NONE', #1800, .T. ) ;
#986 = CARTESIAN_POINT ( 'NONE',  ( 0.9741903303925880664, 0.06350000000000000089, -0.06999999999734995981 ) ) ;
#987 = CARTESIAN_POINT ( 'NONE',  ( 1.998999999999999888, 0.5999999999999999778, -1.998999999999999888 ) ) ;
#988 = PLANE ( 'NONE',  #1873 ) ;
#989 = ORIENTED_EDGE ( 'NONE', *, *, #5620, .F. ) ;
#990 = CARTESIAN_POINT ( 'NONE',  ( 0.9741903303925880664, 0.0000000000000000000, 0.5608096696079201138 ) ) ;
#991 = DIRECTION ( 'NONE',  ( -0.0000000000000000000, 1.000000000000000000, 1.745740669421566678E-14 ) ) ;
#992 = PRODUCT ( 'SOT1118D', 'SOT1118D', '', ( #3500 ) ) ;
#993 = FACE_OUTER_BOUND ( 'NONE', #4629, .T. ) ;
#994 = DIRECTION ( 'NONE',  ( 0.0000000000000000000, 0.0000000000000000000, 1.000000000000000000 ) ) ;
#995 = VERTEX_POINT ( 'NONE', #5459 ) ;
#996 = CARTESIAN_POINT ( 'NONE',  ( -0.9683780866076574512, 0.0000000000000000000, -0.5666219133892980153 ) ) ;
#997 = VECTOR ( 'NONE', #3497, 1000.000000000000000 ) ;
#998 = EDGE_CURVE ( 'NONE', #890, #3758, #1320, .T. ) ;
#999 = EDGE_CURVE ( 'NONE', #3634, #1511, #4047, .T. ) ;
#1000 = PLANE ( 'NONE',  #2286 ) ;
#1001 = ADVANCED_FACE ( 'NONE', ( #1815 ), #5484, .F. ) ;
#1002 = ORIENTED_EDGE ( 'NONE', *, *, #4442, .F. ) ;
#1003 = EDGE_LOOP ( 'NONE', ( #5874, #1792, #3107, #1032, #5613 ) ) ;
#1004 = VECTOR ( 'NONE', #3132, 1000.000000000000000 ) ;
#1005 = VERTEX_POINT ( 'NONE', #4428 ) ;
#1006 = DIRECTION ( 'NONE',  ( 0.0000000000000000000, 0.0000000000000000000, -1.000000000000000000 ) ) ;
#1007 = VECTOR ( 'NONE', #1928, 1000.000000000000000 ) ;
#1008 = EDGE_CURVE ( 'NONE', #5013, #2793, #1461, .T. ) ;
#1009 = DIRECTION ( 'NONE',  ( 1.000000000000000000, 0.0000000000000000000, -0.0000000000000000000 ) ) ;
#1010 = VERTEX_POINT ( 'NONE', #1678 ) ;
#1011 = DIRECTION ( 'NONE',  ( -1.000000000000000000, 0.0000000000000000000, -0.0000000000000000000 ) ) ;
#1012 = CARTESIAN_POINT ( 'NONE',  ( -0.8100000000013096724, 0.06350000000000000089, -0.9503329334421550811 ) ) ;
#1013 = CARTESIAN_POINT ( 'NONE',  ( 0.4300000000014400081, 0.06350000000000000089, 0.9849999999946845719 ) ) ;
#1014 = PLANE ( 'NONE',  #3656 ) ;
#1015 = LINE ( 'NONE', #2322, #2035 ) ;
#1016 = EDGE_CURVE ( 'NONE', #3332, #1171, #5293, .T. ) ;
#1017 = DIRECTION ( 'NONE',  ( -0.7071067811865475727, 0.0000000000000000000, -0.7071067811865475727 ) ) ;
#1018 = ORIENTED_EDGE ( 'NONE', *, *, #3079, .T. ) ;
#1019 = CARTESIAN_POINT ( 'NONE',  ( 0.0000000000000000000, 0.5999999999999999778, -1.998999999999999888 ) ) ;
#1020 = LINE ( 'NONE', #3770, #4876 ) ;
#1021 = VECTOR ( 'NONE', #5235, 1000.000000000000000 ) ;
#1022 = PRESENTATION_STYLE_ASSIGNMENT (( #577 ) ) ;
#1023 = DIRECTION ( 'NONE',  ( 0.0000000000000000000, 0.0000000000000000000, 1.000000000000000000 ) ) ;
#1024 = CARTESIAN_POINT ( 'NONE',  ( 0.1700000000011555046, 0.06350000000000000089, -0.9549999999975867793 ) ) ;
#1025 = VECTOR ( 'NONE', #5070, 1000.000000000000000 ) ;
#1026 = ORIENTED_EDGE ( 'NONE', *, *, #709, .F. ) ;
#1027 = CARTESIAN_POINT ( 'NONE',  ( 0.6386302697678637452, -0.08000000000002101264, -1.329875955455207759 ) ) ;
#1028 = VECTOR ( 'NONE', #3759, 1000.000000000000000 ) ;
#1029 = CARTESIAN_POINT ( 'NONE',  ( 0.9596684510152931891, 0.0000000000000000000, -0.9994467618417944843 ) ) ;
#1030 = CARTESIAN_POINT ( 'NONE',  ( 0.8099999999976695841, 0.0000000000000000000, 0.9616911592296162326 ) ) ;
#1031 = VECTOR ( 'NONE', #161, 1000.000000000000000 ) ;
#1032 = ORIENTED_EDGE ( 'NONE', *, *, #4277, .F. ) ;
#1033 = VERTEX_POINT ( 'NONE', #2130 ) ;
#1034 = ORIENTED_EDGE ( 'NONE', *, *, #3574, .F. ) ;
#1035 = EDGE_CURVE ( 'NONE', #433, #5104, #4668, .T. ) ;
#1036 = DIRECTION ( 'NONE',  ( -0.0000000000000000000, -0.0000000000000000000, -1.000000000000000000 ) ) ;
#1037 = FACE_OUTER_BOUND ( 'NONE', #3380, .T. ) ;
#1038 = ORIENTED_EDGE ( 'NONE', *, *, #4703, .T. ) ;
#1039 = PLANE ( 'NONE',  #3940 ) ;
#1040 = EDGE_CURVE ( 'NONE', #5815, #4513, #3980, .T. ) ;
#1041 = DIRECTION ( 'NONE',  ( 0.0000000000000000000, 1.000000000000000000, 0.0000000000000000000 ) ) ;
#1042 = CIRCLE ( 'NONE', #4795, 0.009818181818181800566 ) ;
#1043 = ADVANCED_FACE ( 'NONE', ( #5796 ), #206, .F. ) ;
#1044 = LINE ( 'NONE', #4689, #259 ) ;
#1045 = FILL_AREA_STYLE_COLOUR ( '', #5374 ) ;
#1046 = ADVANCED_FACE ( 'NONE', ( #2039 ), #5118, .F. ) ;
#1047 = VECTOR ( 'NONE', #5900, 1000.000000000000000 ) ;
#1048 = VERTEX_POINT ( 'NONE', #3426 ) ;
#1049 = LINE ( 'NONE', #5562, #1947 ) ;
#1050 = DIRECTION ( 'NONE',  ( 1.000000000000000000, 0.0000000000000000000, 0.0000000000000000000 ) ) ;
#1051 = DIRECTION ( 'NONE',  ( 0.0000000000000000000, 0.0000000000000000000, 1.000000000000000000 ) ) ;
#1052 = EDGE_CURVE ( 'NONE', #3727, #3277, #1158, .T. ) ;
#1053 = CARTESIAN_POINT ( 'NONE',  ( -0.4999999999970583531, 0.1270000000000000018, 0.7500000000000284217 ) ) ;
#1054 = ORIENTED_EDGE ( 'NONE', *, *, #1781, .F. ) ;
#1055 =( NAMED_UNIT ( * ) PLANE_ANGLE_UNIT ( ) SI_UNIT ( $, .RADIAN. ) );
#1056 = DIRECTION ( 'NONE',  ( -0.0000000000000000000, -1.000000000000000000, -0.0000000000000000000 ) ) ;
#1057 = ORIENTED_EDGE ( 'NONE', *, *, #843, .T. ) ;
#1058 = VERTEX_POINT ( 'NONE', #4814 ) ;
#1059 = VERTEX_POINT ( 'NONE', #689 ) ;
#1060 = CARTESIAN_POINT ( 'NONE',  ( -1.025000000000681588, 0.0000000000000000000, -0.5948528137388839898 ) ) ;
#1061 = ORIENTED_EDGE ( 'NONE', *, *, #1468, .F. ) ;
#1062 = CARTESIAN_POINT ( 'NONE',  ( 0.3311088487919069956, 0.0000000000000000000, 0.1697849294128361275 ) ) ;
#1063 = VERTEX_POINT ( 'NONE', #722 ) ;
#1064 = DIRECTION ( 'NONE',  ( 1.000000000000000000, -0.0000000000000000000, 0.0000000000000000000 ) ) ;
#1065 = DIRECTION ( 'NONE',  ( 1.000000000000000000, 0.0000000000000000000, -0.0000000000000000000 ) ) ;
#1066 = CARTESIAN_POINT ( 'NONE',  ( 1.230584742858188863, -0.08000000000003280876, -0.6547194891145233786 ) ) ;
#1067 = AXIS2_PLACEMENT_3D ( 'NONE', #3649, #2712, #3559 ) ;
#1068 = DIRECTION ( 'NONE',  ( 0.0000000000000000000, -1.000000000000000000, 0.0000000000000000000 ) ) ;
#1069 = EDGE_CURVE ( 'NONE', #3973, #1206, #1645, .T. ) ;
#1070 = DIRECTION ( 'NONE',  ( 0.0000000000000000000, 0.0000000000000000000, 1.000000000000000000 ) ) ;
#1071 = EDGE_CURVE ( 'NONE', #1063, #499, #3496, .T. ) ;
#1072 = CARTESIAN_POINT ( 'NONE',  ( -0.1499999999996504130, 0.1270000000000000018, -0.7500000000000284217 ) ) ;
#1073 = ORIENTED_EDGE ( 'NONE', *, *, #5838, .T. ) ;
#1074 = VECTOR ( 'NONE', #496, 1000.000000000000000 ) ;
#1075 = DIRECTION ( 'NONE',  ( 0.0000000000000000000, -1.000000000000000000, -1.745740669421566678E-14 ) ) ;
#1076 = CARTESIAN_POINT ( 'NONE',  ( -0.1499999999996504130, 0.1270000000000000018, 0.7500000000000284217 ) ) ;
#1077 = CARTESIAN_POINT ( 'NONE',  ( -0.9683780866076574512, 0.0000000000000000000, -0.5666219133892980153 ) ) ;
#1078 = PLANE ( 'NONE',  #4507 ) ;
#1079 = DIRECTION ( 'NONE',  ( 0.8898332631262904080, -7.965567402119379993E-15, 0.4562858356710386420 ) ) ;
#1080 = ORIENTED_EDGE ( 'NONE', *, *, #2113, .F. ) ;
#1081 = AXIS2_PLACEMENT_3D ( 'NONE', #5549, #2397, #1009 ) ;
#1082 = FACE_OUTER_BOUND ( 'NONE', #3006, .T. ) ;
#1083 = ORIENTED_EDGE ( 'NONE', *, *, #5585, .F. ) ;
#1084 = ORIENTED_EDGE ( 'NONE', *, *, #5388, .T. ) ;
#1085 = ORIENTED_EDGE ( 'NONE', *, *, #881, .T. ) ;
#1086 = CARTESIAN_POINT ( 'NONE',  ( -0.7999999999990237143, 0.1270000000000000018, 1.010000000001222142 ) ) ;
#1087 = DIRECTION ( 'NONE',  ( -0.0000000000000000000, -1.000000000000000000, -0.0000000000000000000 ) ) ;
#1088 = VECTOR ( 'NONE', #2185, 1000.000000000000000 ) ;
#1089 = ORIENTED_EDGE ( 'NONE', *, *, #1739, .T. ) ;
#1090 = VERTEX_POINT ( 'NONE', #2869 ) ;
#1091 = LINE ( 'NONE', #653, #3227 ) ;
#1092 = CIRCLE ( 'NONE', #243, 0.009818181818181800566 ) ;
#1093 = DIRECTION ( 'NONE',  ( 0.0000000000000000000, 0.0000000000000000000, 1.000000000000000000 ) ) ;
#1094 = CARTESIAN_POINT ( 'NONE',  ( -1.000000000001222134, 0.0000000000000000000, -0.8599999999994167865 ) ) ;
#1095 = DIRECTION ( 'NONE',  ( 0.0000000000000000000, 0.0000000000000000000, -1.000000000000000000 ) ) ;
#1096 = ORIENTED_EDGE ( 'NONE', *, *, #1682, .F. ) ;
#1097 = VECTOR ( 'NONE', #5136, 1000.000000000000000 ) ;
#1098 = CARTESIAN_POINT ( 'NONE',  ( 1.116452242106540593, 0.01999999999996745700, -0.6695480572325841484 ) ) ;
#1099 = VERTEX_POINT ( 'NONE', #5701 ) ;
#1100 =( NAMED_UNIT ( * ) PLANE_ANGLE_UNIT ( ) SI_UNIT ( $, .RADIAN. ) );
#1101 = CARTESIAN_POINT ( 'NONE',  ( 0.1500000000005385914, 0.1270000000000000018, -1.009999999997669429 ) ) ;
#1102 = EDGE_CURVE ( 'NONE', #3401, #2362, #2530, .T. ) ;
#1103 =( NAMED_UNIT ( * ) SI_UNIT ( $, .STERADIAN. ) SOLID_ANGLE_UNIT ( ) );
#1104 = LINE ( 'NONE', #1053, #1007 ) ;
#1105 = ORIENTED_EDGE ( 'NONE', *, *, #2436, .T. ) ;
#1106 = ADVANCED_FACE ( 'NONE', ( #993 ), #2068, .F. ) ;
#1107 = CARTESIAN_POINT ( 'NONE',  ( -0.1499999999996504130, 0.06350000000000000089, -1.009999999997669429 ) ) ;
#1108 = AXIS2_PLACEMENT_3D ( 'NONE', #1675, #295, #4906 ) ;
#1109 = AXIS2_PLACEMENT_3D ( 'NONE', #3710, #1397, #5005 ) ;
#1110 = VERTEX_POINT ( 'NONE', #3921 ) ;
#1111 = ORIENTED_EDGE ( 'NONE', *, *, #2187, .T. ) ;
#1112 = ORIENTED_EDGE ( 'NONE', *, *, #5759, .F. ) ;
#1113 = COLOUR_RGB ( '',0.8392156862745098200, 0.4705882352941176405, 0.3686274509803921795 ) ;
#1114 = CARTESIAN_POINT ( 'NONE',  ( 0.4300000000014400081, 0.06350000000000000089, 0.9849999999946845719 ) ) ;
#1115 = EDGE_CURVE ( 'NONE', #2639, #4901, #5588, .T. ) ;
#1116 = VECTOR ( 'NONE', #2098, 1000.000000000000000 ) ;
#1117 = EDGE_LOOP ( 'NONE', ( #4360, #58, #735, #1222 ) ) ;
#1118 = CARTESIAN_POINT ( 'NONE',  ( -0.4776969600710501140, 0.06350000000000000089, 1.010000000001222142 ) ) ;
#1119 = VERTEX_POINT ( 'NONE', #4875 ) ;
#1120 = COLOUR_RGB ( '',0.8392156862745098200, 0.4705882352941176405, 0.3686274509803921795 ) ;
#1121 = ORIENTED_EDGE ( 'NONE', *, *, #3925, .T. ) ;
#1122 = EDGE_CURVE ( 'NONE', #4643, #1048, #3048, .T. ) ;
#1123 = DIRECTION ( 'NONE',  ( 0.0000000000000000000, 0.0000000000000000000, -1.000000000000000000 ) ) ;
#1124 = CIRCLE ( 'NONE', #5738, 0.04999999999815178675 ) ;
#1125 = VECTOR ( 'NONE', #2164, 1000.000000000000000 ) ;
#1126 = DIRECTION ( 'NONE',  ( 0.0000000000000000000, -0.0000000000000000000, 1.000000000000000000 ) ) ;
#1127 = CARTESIAN_POINT ( 'NONE',  ( 0.6473668145331036294, 0.0000000000000000000, -1.334355852750885640 ) ) ;
#1128 = LINE ( 'NONE', #138, #2720 ) ;
#1129 = VERTEX_POINT ( 'NONE', #1927 ) ;
#1130 = CARTESIAN_POINT ( 'NONE',  ( 0.0000000000000000000, 0.0000000000000000000, -1.998999999999999888 ) ) ;
#1131 = VECTOR ( 'NONE', #294, 1000.000000000000000 ) ;
#1132 = DIRECTION ( 'NONE',  ( -0.8898332631262904080, 7.965567402119379993E-15, -0.4562858356710386420 ) ) ;
#1133 = ORIENTED_EDGE ( 'NONE', *, *, #4509, .F. ) ;
#1134 = PRESENTATION_STYLE_ASSIGNMENT (( #5266 ) ) ;
#1135 = FACE_OUTER_BOUND ( 'NONE', #5846, .T. ) ;
#1136 = AXIS2_PLACEMENT_3D ( 'NONE', #4477, #4541, #404 ) ;
#1137 = CARTESIAN_POINT ( 'NONE',  ( 1.004999999999256488, 0.0000000000000000000, 0.7500000000000284217 ) ) ;
#1138 = EDGE_CURVE ( 'NONE', #3480, #2793, #3774, .T. ) ;
#1139 = DIRECTION ( 'NONE',  ( 1.000000000000000000, 0.0000000000000000000, 0.0000000000000000000 ) ) ;
#1140 = VERTEX_POINT ( 'NONE', #5150 ) ;
#1141 =( LENGTH_UNIT ( ) NAMED_UNIT ( * ) SI_UNIT ( .MILLI., .METRE. ) );
#1142 = EDGE_CURVE ( 'NONE', #1299, #2678, #392, .T. ) ;
#1143 = ORIENTED_EDGE ( 'NONE', *, *, #5488, .T. ) ;
#1144 = EDGE_CURVE ( 'NONE', #3784, #3812, #3589, .T. ) ;
#1145 = ORIENTED_EDGE ( 'NONE', *, *, #901, .T. ) ;
#1146 = ORIENTED_EDGE ( 'NONE', *, *, #1174, .T. ) ;
#1147 = DIRECTION ( 'NONE',  ( 0.0000000000000000000, 0.0000000000000000000, 1.000000000000000000 ) ) ;
#1148 = ORIENTED_EDGE ( 'NONE', *, *, #4762, .F. ) ;
#1149 = CARTESIAN_POINT ( 'NONE',  ( 1.004999999999256488, 0.06350000000000000089, 0.8600000000011931434 ) ) ;
#1150 = ORIENTED_EDGE ( 'NONE', *, *, #1376, .F. ) ;
#1151 = ORIENTED_EDGE ( 'NONE', *, *, #2884, .T. ) ;
#1152 = EDGE_LOOP ( 'NONE', ( #1769, #95, #4670, #3757, #4257, #1963, #4352 ) ) ;
#1153 = PLANE ( 'NONE',  #2355 ) ;
#1154 = CARTESIAN_POINT ( 'NONE',  ( 1.230584742858188863, 0.01999999999997923578, -1.344174034569066922 ) ) ;
#1155 = EDGE_CURVE ( 'NONE', #3812, #2251, #2738, .T. ) ;
#1156 = DIRECTION ( 'NONE',  ( -1.000000000000000000, -0.0000000000000000000, -0.0000000000000000000 ) ) ;
#1157 = EDGE_LOOP ( 'NONE', ( #1085, #2058, #2495, #1737 ) ) ;
#1158 = LINE ( 'NONE', #2595, #5856 ) ;
#1159 = CARTESIAN_POINT ( 'NONE',  ( 0.4799999999995918643, 0.06350000000000000089, 0.9850000000017899993 ) ) ;
#1160 = ORIENTED_EDGE ( 'NONE', *, *, #9, .F. ) ;
#1161 = FACE_OUTER_BOUND ( 'NONE', #1698, .T. ) ;
#1162 = DIRECTION ( 'NONE',  ( 1.000000000000000000, 0.0000000000000000000, 0.0000000000000000000 ) ) ;
#1163 = LINE ( 'NONE', #2074, #3545 ) ;
#1164 = VECTOR ( 'NONE', #4330, 1000.000000000000000 ) ;
#1165 = DIRECTION ( 'NONE',  ( -0.0000000000000000000, -1.000000000000000000, -0.0000000000000000000 ) ) ;
#1166 = VERTEX_POINT ( 'NONE', #330 ) ;
#1167 = LINE ( 'NONE', #2606, #135 ) ;
#1168 = VECTOR ( 'NONE', #3214, 1000.000000000000000 ) ;
#1169 = LINE ( 'NONE', #3990, #2881 ) ;
#1170 = ORIENTED_EDGE ( 'NONE', *, *, #1183, .F. ) ;
#1171 = VERTEX_POINT ( 'NONE', #415 ) ;
#1172 = AXIS2_PLACEMENT_3D ( 'NONE', #5674, #1075, #2014 ) ;
#1173 = ORIENTED_EDGE ( 'NONE', *, *, #2599, .T. ) ;
#1174 = EDGE_CURVE ( 'NONE', #884, #472, #5350, .T. ) ;
#1175 = LINE ( 'NONE', #3156, #1912 ) ;
#1176 = CARTESIAN_POINT ( 'NONE',  ( -0.1700000000006696155, 0.06350000000000000089, 0.9616911592296162326 ) ) ;
#1177 = EDGE_CURVE ( 'NONE', #1278, #1922, #5476, .T. ) ;
#1178 = DIRECTION ( 'NONE',  ( 0.0000000000000000000, 0.0000000000000000000, 1.000000000000000000 ) ) ;
#1179 = ORIENTED_EDGE ( 'NONE', *, *, #2305, .T. ) ;
#1180 = VERTEX_POINT ( 'NONE', #4127 ) ;
#1181 = ORIENTED_EDGE ( 'NONE', *, *, #3521, .T. ) ;
#1182 = LINE ( 'NONE', #684, #2265 ) ;
#1183 = EDGE_CURVE ( 'NONE', #1834, #5278, #854, .T. ) ;
#1184 = CARTESIAN_POINT ( 'NONE',  ( 0.9072664326886286101, -0.08000000000002598088, -1.045075345408899681 ) ) ;
#1185 = VECTOR ( 'NONE', #892, 1000.000000000000000 ) ;
#1186 = DIRECTION ( 'NONE',  ( 0.0000000000000000000, -0.0000000000000000000, -1.000000000000000000 ) ) ;
#1187 = LINE ( 'NONE', #1976, #5678 ) ;
#1188 = VERTEX_POINT ( 'NONE', #4934 ) ;
#1189 = CARTESIAN_POINT ( 'NONE',  ( -0.4776969600707364760, 0.06350000000000000089, -1.009999999997705400 ) ) ;
#1190 = DIRECTION ( 'NONE',  ( -0.0000000000000000000, -1.000000000000000000, -0.0000000000000000000 ) ) ;
#1191 = ORIENTED_EDGE ( 'NONE', *, *, #876, .F. ) ;
#1192 = VECTOR ( 'NONE', #1496, 1000.000000000000000 ) ;
#1193 = DIRECTION ( 'NONE',  ( 0.0000000000000000000, 0.0000000000000000000, -1.000000000000000000 ) ) ;
#1194 =( LENGTH_UNIT ( ) NAMED_UNIT ( * ) SI_UNIT ( .MILLI., .METRE. ) );
#1195 = VECTOR ( 'NONE', #5482, 1000.000000000000000 ) ;
#1196 = FACE_OUTER_BOUND ( 'NONE', #15, .T. ) ;
#1197 = ORIENTED_EDGE ( 'NONE', *, *, #4445, .F. ) ;
#1198 = LINE ( 'NONE', #4408, #4576 ) ;
#1199 = LINE ( 'NONE', #4891, #379 ) ;
#1200 = ORIENTED_EDGE ( 'NONE', *, *, #2821, .F. ) ;
#1201 = ORIENTED_EDGE ( 'NONE', *, *, #4565, .T. ) ;
#1202 = PRESENTATION_STYLE_ASSIGNMENT (( #5336 ) ) ;
#1203 = DIRECTION ( 'NONE',  ( 0.0000000000000000000, 0.0000000000000000000, -1.000000000000000000 ) ) ;
#1204 = AXIS2_PLACEMENT_3D ( 'NONE', #1980, #3375, #3859 ) ;
#1205 = FACE_OUTER_BOUND ( 'NONE', #5284, .T. ) ;
#1206 = VERTEX_POINT ( 'NONE', #4579 ) ;
#1207 = VERTEX_POINT ( 'NONE', #811 ) ;
#1208 = ORIENTED_EDGE ( 'NONE', *, *, #672, .T. ) ;
#1209 = CARTESIAN_POINT ( 'NONE',  ( 0.0000000000000000000, 0.06350000000000000089, -0.7500000000000284217 ) ) ;
#1210 = EDGE_CURVE ( 'NONE', #3356, #4402, #3562, .T. ) ;
#1211 = AXIS2_PLACEMENT_3D ( 'NONE', #2803, #2721, #3627 ) ;
#1212 = AXIS2_PLACEMENT_3D ( 'NONE', #4201, #2339, #2366 ) ;
#1213 = DIRECTION ( 'NONE',  ( -0.0000000000000000000, -1.000000000000000000, -0.0000000000000000000 ) ) ;
#1214 = CIRCLE ( 'NONE', #4602, 0.02727272727272723671 ) ;
#1215 = LINE ( 'NONE', #2127, #3427 ) ;
#1216 = DIRECTION ( 'NONE',  ( -0.0000000000000000000, -1.000000000000000000, -0.0000000000000000000 ) ) ;
#1217 = EDGE_CURVE ( 'NONE', #1058, #918, #1770, .T. ) ;
#1218 = EDGE_LOOP ( 'NONE', ( #1997, #5121, #580, #4288 ) ) ;
#1219 = CARTESIAN_POINT ( 'NONE',  ( -0.4300000000009355783, 0.06350000000000000089, -0.9549999999994245314 ) ) ;
#1220 = AXIS2_PLACEMENT_3D ( 'NONE', #2581, #678, #1203 ) ;
#1221 = LINE ( 'NONE', #3529, #4191 ) ;
#1222 = ORIENTED_EDGE ( 'NONE', *, *, #2999, .T. ) ;
#1223 = DIRECTION ( 'NONE',  ( -0.0000000000000000000, -0.0000000000000000000, 1.000000000000000000 ) ) ;
#1224 =( NAMED_UNIT ( * ) SI_UNIT ( $, .STERADIAN. ) SOLID_ANGLE_UNIT ( ) );
#1225 = DIRECTION ( 'NONE',  ( 0.0000000000000000000, 0.0000000000000000000, 1.000000000000000000 ) ) ;
#1226 = SURFACE_STYLE_FILL_AREA ( #4074 ) ;
#1227 = VECTOR ( 'NONE', #4099, 1000.000000000000000 ) ;
#1228 = CARTESIAN_POINT ( 'NONE',  ( 1.140720422009984691, -0.08000000000002124856, -1.316901307296341361 ) ) ;
#1229 = EDGE_CURVE ( 'NONE', #2901, #1099, #3528, .T. ) ;
#1230 = ORIENTED_EDGE ( 'NONE', *, *, #3941, .F. ) ;
#1231 = DIRECTION ( 'NONE',  ( 0.0000000000000000000, -0.0000000000000000000, 1.000000000000000000 ) ) ;
#1232 = VECTOR ( 'NONE', #3681, 1000.000000000000000 ) ;
#1233 = ADVANCED_FACE ( 'NONE', ( #4491 ), #2196, .F. ) ;
#1234 = CARTESIAN_POINT ( 'NONE',  ( -0.1700000000006696155, 0.06350000000000000089, 0.9616911592296162326 ) ) ;
#1235 = AXIS2_PLACEMENT_3D ( 'NONE', #316, #5402, #5306 ) ;
#1236 = VERTEX_POINT ( 'NONE', #1801 ) ;
#1237 = ORIENTED_EDGE ( 'NONE', *, *, #3661, .T. ) ;
#1238 = DIRECTION ( 'NONE',  ( 0.0000000000000000000, 0.0000000000000000000, 1.000000000000000000 ) ) ;
#1239 = FACE_BOUND ( 'NONE', #971, .T. ) ;
#1240 = ORIENTED_EDGE ( 'NONE', *, *, #2370, .F. ) ;
#1241 = VERTEX_POINT ( 'NONE', #3199 ) ;
#1242 = ORIENTED_EDGE ( 'NONE', *, *, #2630, .T. ) ;
#1243 = LINE ( 'NONE', #4093, #5137 ) ;
#1244 = CARTESIAN_POINT ( 'NONE',  ( 0.0000000000000000000, 0.5999999999999999778, 0.0000000000000000000 ) ) ;
#1245 = FACE_OUTER_BOUND ( 'NONE', #4858, .T. ) ;
#1246 = CARTESIAN_POINT ( 'NONE',  ( 1.353521233241100852, 0.01999999999997833025, -1.292355852750884937 ) ) ;
#1247 = DIRECTION ( 'NONE',  ( 0.0000000000000000000, 0.0000000000000000000, -1.000000000000000000 ) ) ;
#1248 = EDGE_LOOP ( 'NONE', ( #2132, #1785, #3154, #4650 ) ) ;
#1249 = DIRECTION ( 'NONE',  ( 0.0000000000000000000, 0.0000000000000000000, -1.000000000000000000 ) ) ;
#1250 = EDGE_LOOP ( 'NONE', ( #5075, #5492, #1996, #2272 ) ) ;
#1251 = EDGE_CURVE ( 'NONE', #918, #668, #1318, .T. ) ;
#1252 = CARTESIAN_POINT ( 'NONE',  ( -1.000000000001222134, 0.06350000000000000089, -0.06999999999734995981 ) ) ;
#1253 =( NAMED_UNIT ( * ) PLANE_ANGLE_UNIT ( ) SI_UNIT ( $, .RADIAN. ) );
#1254 = EDGE_CURVE ( 'NONE', #5194, #1357, #5027, .T. ) ;
#1255 = CARTESIAN_POINT ( 'NONE',  ( 1.239321287623428747, 0.01999999999997898598, -1.329875955455205983 ) ) ;
#1256 = DIRECTION ( 'NONE',  ( 1.000000000000000000, -0.0000000000000000000, -0.0000000000000000000 ) ) ;
#1257 = CARTESIAN_POINT ( 'NONE',  ( 0.3442718932150822808, 0.0000000000000000000, 0.1765346329511170154 ) ) ;
#1258 = EDGE_CURVE ( 'NONE', #5409, #1058, #4029, .T. ) ;
#1259 =( LENGTH_UNIT ( ) NAMED_UNIT ( * ) SI_UNIT ( .MILLI., .METRE. ) );
#1260 = VECTOR ( 'NONE', #896, 1000.000000000000000 ) ;
#1261 = LINE ( 'NONE', #3964, #5849 ) ;
#1262 = ORIENTED_EDGE ( 'NONE', *, *, #600, .F. ) ;
#1263 = EDGE_LOOP ( 'NONE', ( #3776, #4793, #3795, #5595 ) ) ;
#1264 = AXIS2_PLACEMENT_3D ( 'NONE', #288, #3513, #4924 ) ;
#1265 = CARTESIAN_POINT ( 'NONE',  ( 0.5000000000006110668, 0.1270000000000000018, 0.7500000000000284217 ) ) ;
#1266 = CARTESIAN_POINT ( 'NONE',  ( 0.0000000000000000000, 0.1270000000000000018, 0.0000000000000000000 ) ) ;
#1267 = ORIENTED_EDGE ( 'NONE', *, *, #1827, .T. ) ;
#1268 = ORIENTED_EDGE ( 'NONE', *, *, #1534, .F. ) ;
#1269 = ORIENTED_EDGE ( 'NONE', *, *, #2884, .F. ) ;
#1270 = CARTESIAN_POINT ( 'NONE',  ( 0.0000000000000000000, 0.06350000000000000089, -0.4499999999998394173 ) ) ;
#1271 = CARTESIAN_POINT ( 'NONE',  ( -1.000000000001222134, 0.06350000000000000089, -0.8599999999994167865 ) ) ;
#1272 = PLANE ( 'NONE',  #481 ) ;
#1273 = CARTESIAN_POINT ( 'NONE',  ( 0.4299999999982951349, 0.06350000000000000089, -0.9549999999993434852 ) ) ;
#1274 = DIRECTION ( 'NONE',  ( -0.0000000000000000000, 1.000000000000000000, 1.745740669421566678E-14 ) ) ;
#1275 = VERTEX_POINT ( 'NONE', #784 ) ;
#1276 = DIRECTION ( 'NONE',  ( -0.0000000000000000000, -1.000000000000000000, -0.0000000000000000000 ) ) ;
#1277 = CARTESIAN_POINT ( 'NONE',  ( 1.239321287623428747, 0.0000000000000000000, -1.329875955455206427 ) ) ;
#1278 = VERTEX_POINT ( 'NONE', #4460 ) ;
#1279 = VECTOR ( 'NONE', #4724, 1000.000000000000114 ) ;
#1280 = DIRECTION ( 'NONE',  ( -0.0000000000000000000, -1.000000000000000000, -0.0000000000000000000 ) ) ;
#1281 = DIRECTION ( 'NONE',  ( -0.0000000000000000000, -0.0000000000000000000, -1.000000000000000000 ) ) ;
#1282 = VECTOR ( 'NONE', #2524, 1000.000000000000000 ) ;
#1283 = CARTESIAN_POINT ( 'NONE',  ( -1.000000000001222134, 0.06350000000000000089, -0.06999999999734995981 ) ) ;
#1284 = PLANE ( 'NONE',  #2767 ) ;
#1285 = EDGE_CURVE ( 'NONE', #289, #5686, #4008, .T. ) ;
#1286 = VECTOR ( 'NONE', #4704, 1000.000000000000000 ) ;
#1287 = CARTESIAN_POINT ( 'NONE',  ( -1.000000000001222134, 0.0000000000000000000, 0.8600000000029695002 ) ) ;
#1288 = LINE ( 'NONE', #3121, #5949 ) ;
#1289 = ADVANCED_FACE ( 'NONE', ( #1711 ), #1308, .F. ) ;
#1290 = CARTESIAN_POINT ( 'NONE',  ( 0.1700000000011555046, 0.0000000000000000000, -0.9850000000000036504 ) ) ;
#1291 = ORIENTED_EDGE ( 'NONE', *, *, #3226, .T. ) ;
#1292 = VERTEX_POINT ( 'NONE', #3170 ) ;
#1293 =( GEOMETRIC_REPRESENTATION_CONTEXT ( 3 ) GLOBAL_UNCERTAINTY_ASSIGNED_CONTEXT ( ( #2302 ) ) GLOBAL_UNIT_ASSIGNED_CONTEXT ( ( #2350, #2921, #2376 ) ) REPRESENTATION_CONTEXT ( 'NONE', 'WORKASPACE' ) );
#1294 = EDGE_CURVE ( 'NONE', #289, #3966, #5001, .T. ) ;
#1295 =( NAMED_UNIT ( * ) SI_UNIT ( $, .STERADIAN. ) SOLID_ANGLE_UNIT ( ) );
#1296 = DIRECTION ( 'NONE',  ( 0.0000000000000000000, 0.0000000000000000000, 1.000000000000000000 ) ) ;
#1297 = DIRECTION ( 'NONE',  ( -1.000000000000000000, 0.0000000000000000000, 0.0000000000000000000 ) ) ;
#1298 = VERTEX_POINT ( 'NONE', #4552 ) ;
#1299 = VERTEX_POINT ( 'NONE', #4207 ) ;
#1300 = ORIENTED_EDGE ( 'NONE', *, *, #824, .F. ) ;
#1301 = CARTESIAN_POINT ( 'NONE',  ( 0.0000000000000000000, 0.0000000000000000000, 1.010000000001161746 ) ) ;
#1302 = VECTOR ( 'NONE', #3111, 1000.000000000000000 ) ;
#1303 = CARTESIAN_POINT ( 'NONE',  ( 0.7372311353813078005, -0.08000000000003232303, -0.6819922163872506049 ) ) ;
#1304 = PLANE ( 'NONE',  #1324 ) ;
#1305 = CARTESIAN_POINT ( 'NONE',  ( 0.0000000000000000000, 0.5999999999999999778, 0.0000000000000000000 ) ) ;
#1306 = VERTEX_POINT ( 'NONE', #79 ) ;
#1307 = ADVANCED_FACE ( 'NONE', ( #5551 ), #589, .F. ) ;
#1308 = PLANE ( 'NONE',  #4612 ) ;
#1309 = CIRCLE ( 'NONE', #5729, 0.1000000000000000472 ) ;
#1310 =( NAMED_UNIT ( * ) PLANE_ANGLE_UNIT ( ) SI_UNIT ( $, .RADIAN. ) );
#1311 = CARTESIAN_POINT ( 'NONE',  ( 0.9072664326886286101, -0.08000000000002759071, -0.9538181782746922854 ) ) ;
#1312 = VECTOR ( 'NONE', #2541, 1000.000000000000000 ) ;
#1313 = CARTESIAN_POINT ( 'NONE',  ( -0.1700000000007820533, 0.06350000000000000089, -0.9849999999999963229 ) ) ;
#1314 = CIRCLE ( 'NONE', #646, 0.05000000000182788090 ) ;
#1315 = PRESENTATION_STYLE_ASSIGNMENT (( #2266 ) ) ;
#1316 = CARTESIAN_POINT ( 'NONE',  ( 7.899111524646341235E-16, 0.0000000000000000000, -0.6547194891145227125 ) ) ;
#1317 =( GEOMETRIC_REPRESENTATION_CONTEXT ( 3 ) GLOBAL_UNCERTAINTY_ASSIGNED_CONTEXT ( ( #1985 ) ) GLOBAL_UNIT_ASSIGNED_CONTEXT ( ( #2307, #828, #3213 ) ) REPRESENTATION_CONTEXT ( 'NONE', 'WORKASPACE' ) );
#1318 = CIRCLE ( 'NONE', #1509, 0.04999999999993518657 ) ;
#1319 = EDGE_CURVE ( 'NONE', #2552, #957, #47, .T. ) ;
#1320 = LINE ( 'NONE', #3183, #2601 ) ;
#1321 = CARTESIAN_POINT ( 'NONE',  ( 0.0000000000000000000, 0.1270000000000000018, -0.7500000000000284217 ) ) ;
#1322 = PRODUCT_DEFINITION_CONTEXT ( 'detailed design', #2974, 'design' ) ;
#1323 = ORIENTED_EDGE ( 'NONE', *, *, #2027, .T. ) ;
#1324 = AXIS2_PLACEMENT_3D ( 'NONE', #5346, #2191, #4549 ) ;
#1325 = COLOUR_RGB ( '',0.8392156862745098200, 0.4705882352941176405, 0.3686274509803921795 ) ;
#1326 = EDGE_CURVE ( 'NONE', #408, #3973, #2886, .T. ) ;
#1327 = DIRECTION ( 'NONE',  ( 1.000000000000000000, 0.0000000000000000000, 0.0000000000000000000 ) ) ;
#1328 = DIRECTION ( 'NONE',  ( -0.0000000000000000000, -1.000000000000000000, -0.0000000000000000000 ) ) ;
#1329 = VECTOR ( 'NONE', #4192, 1000.000000000000000 ) ;
#1330 = EDGE_CURVE ( 'NONE', #1579, #1005, #506, .T. ) ;
#1331 = DIRECTION ( 'NONE',  ( -1.000000000000000000, 0.0000000000000000000, 0.0000000000000000000 ) ) ;
#1332 = ORIENTED_EDGE ( 'NONE', *, *, #1138, .T. ) ;
#1333 = EDGE_LOOP ( 'NONE', ( #1908, #5377, #4767, #1884, #1949 ) ) ;
#1334 = ORIENTED_EDGE ( 'NONE', *, *, #3039, .T. ) ;
#1335 = CARTESIAN_POINT ( 'NONE',  ( -0.4799999999999201572, 0.0000000000000000000, 0.9850000000018402924 ) ) ;
#1336 = DIRECTION ( 'NONE',  ( -1.000000000000000000, 0.0000000000000000000, 0.0000000000000000000 ) ) ;
#1337 = DIRECTION ( 'NONE',  ( 1.000000000000000000, -0.0000000000000000000, -0.0000000000000000000 ) ) ;
#1338 = EDGE_CURVE ( 'NONE', #1966, #1140, #1998, .T. ) ;
#1339 = DIRECTION ( 'NONE',  ( 0.4562858356710379759, 1.553418116443667611E-14, -0.8898332631262907411 ) ) ;
#1340 = ORIENTED_EDGE ( 'NONE', *, *, #1035, .F. ) ;
#1341 = CARTESIAN_POINT ( 'NONE',  ( -0.7999999999999118927, 0.1270000000000000018, -0.7500000000000284217 ) ) ;
#1342 = CARTESIAN_POINT ( 'NONE',  ( 0.4797817083846136477, 0.0000000000000000000, -0.9503329334420737018 ) ) ;
#1343 = DIRECTION ( 'NONE',  ( -0.0000000000000000000, 1.000000000000000000, 1.745740669421566678E-14 ) ) ;
#1344 = CARTESIAN_POINT ( 'NONE',  ( 0.1500000000023149482, 0.1270000000000000018, 0.7500000000000284217 ) ) ;
#1345 = CARTESIAN_POINT ( 'NONE',  ( -0.9683780866076574512, 0.0000000000000000000, 0.8600000000029695002 ) ) ;
#1346 = DIRECTION ( 'NONE',  ( -0.0000000000000000000, 1.000000000000000000, 1.745740669421566678E-14 ) ) ;
#1347 = CARTESIAN_POINT ( 'NONE',  ( -0.4300000000009355783, 0.06350000000000000089, -0.9549999999994245314 ) ) ;
#1348 = CARTESIAN_POINT ( 'NONE',  ( -0.4776969600707364760, 0.06350000000000000089, -1.009999999997705400 ) ) ;
#1349 = FACE_OUTER_BOUND ( 'NONE', #3456, .T. ) ;
#1350 = ORIENTED_EDGE ( 'NONE', *, *, #2538, .F. ) ;
#1351 = VECTOR ( 'NONE', #4067, 1000.000000000000000 ) ;
#1352 = CARTESIAN_POINT ( 'NONE',  ( 0.1500000000023149482, 0.06350000000000000089, 1.010000000001161746 ) ) ;
#1353 = LINE ( 'NONE', #974, #1168 ) ;
#1354 = ORIENTED_EDGE ( 'NONE', *, *, #4376, .T. ) ;
#1355 = VECTOR ( 'NONE', #648, 1000.000000000000114 ) ;
#1356 = VERTEX_POINT ( 'NONE', #3224 ) ;
#1357 = VERTEX_POINT ( 'NONE', #3678 ) ;
#1358 = EDGE_CURVE ( 'NONE', #99, #574, #105, .T. ) ;
#1359 = EDGE_CURVE ( 'NONE', #3401, #3484, #4265, .T. ) ;
#1360 = FACE_OUTER_BOUND ( 'NONE', #1528, .T. ) ;
#1361 = VECTOR ( 'NONE', #3315, 1000.000000000000000 ) ;
#1362 = SURFACE_STYLE_USAGE ( .BOTH. , #920 ) ;
#1363 = DIRECTION ( 'NONE',  ( 1.000000000000000000, 0.0000000000000000000, 0.0000000000000000000 ) ) ;
#1364 = ORIENTED_EDGE ( 'NONE', *, *, #4033, .F. ) ;
#1365 = DIRECTION ( 'NONE',  ( -0.0000000000000000000, -0.0000000000000000000, -1.000000000000000000 ) ) ;
#1366 = ADVANCED_FACE ( 'NONE', ( #3306 ), #1941, .F. ) ;
#1367 = DIRECTION ( 'NONE',  ( 0.0000000000000000000, 0.0000000000000000000, 1.000000000000000000 ) ) ;
#1368 = VECTOR ( 'NONE', #4006, 1000.000000000000000 ) ;
#1369 = ADVANCED_FACE ( 'NONE', ( #5135 ), #3278, .F. ) ;
#1370 = ADVANCED_FACE ( 'NONE', ( #1885 ), #3704, .T. ) ;
#1371 = DIRECTION ( 'NONE',  ( -1.000000000000000000, 0.0000000000000000000, 0.0000000000000000000 ) ) ;
#1372 = LINE ( 'NONE', #5056, #4699 ) ;
#1373 = LINE ( 'NONE', #658, #979 ) ;
#1374 = CARTESIAN_POINT ( 'NONE',  ( 0.6473668145331036294, 0.01999999999997906230, -1.334355852750885196 ) ) ;
#1375 = CARTESIAN_POINT ( 'NONE',  ( 1.140720422009984691, 0.01999999999996767558, -0.6819922163872489396 ) ) ;
#1376 = EDGE_CURVE ( 'NONE', #5686, #1236, #566, .T. ) ;
#1377 = DIRECTION ( 'NONE',  ( 0.0000000000000000000, 0.0000000000000000000, 1.000000000000000000 ) ) ;
#1378 = CIRCLE ( 'NONE', #5046, 0.02727272727272723671 ) ;
#1379 = DIRECTION ( 'NONE',  ( 0.0000000000000000000, 0.0000000000000000000, 1.000000000000000000 ) ) ;
#1380 = DIRECTION ( 'NONE',  ( -0.0000000000000000000, -1.000000000000000000, -0.0000000000000000000 ) ) ;
#1381 = UNCERTAINTY_MEASURE_WITH_UNIT (LENGTH_MEASURE( 1.000000000000000082E-05 ), #2748, 'distance_accuracy_value', 'NONE');
#1382 = ORIENTED_EDGE ( 'NONE', *, *, #3196, .T. ) ;
#1383 = VECTOR ( 'NONE', #5507, 1000.000000000000000 ) ;
#1384 = CARTESIAN_POINT ( 'NONE',  ( -1.000000000001222134, 0.0000000000000000000, -0.06999999999734995981 ) ) ;
#1385 = DIRECTION ( 'NONE',  ( 0.0000000000000000000, 0.0000000000000000000, 1.000000000000000000 ) ) ;
#1386 = AXIS2_PLACEMENT_3D ( 'NONE', #2696, #5424, #2719 ) ;
#1387 = ORIENTED_EDGE ( 'NONE', *, *, #3700, .F. ) ;
#1388 = EDGE_LOOP ( 'NONE', ( #3190, #734, #3552, #104 ) ) ;
#1389 = VERTEX_POINT ( 'NONE', #5524 ) ;
#1390 = CARTESIAN_POINT ( 'NONE',  ( 0.9741903303925880664, 0.06350000000000000089, -0.8599999999976404297 ) ) ;
#1391 = DIRECTION ( 'NONE',  ( -0.0000000000000000000, -0.0000000000000000000, 1.000000000000000000 ) ) ;
#1392 = VERTEX_POINT ( 'NONE', #4656 ) ;
#1393 = DIRECTION ( 'NONE',  ( 1.000000000000000000, 0.0000000000000000000, 0.0000000000000000000 ) ) ;
#1394 = EDGE_CURVE ( 'NONE', #3110, #2218, #5605, .T. ) ;
#1396 = CARTESIAN_POINT ( 'NONE',  ( 0.9999999999976694198, 0.06350000000000000089, -0.06999999999734995981 ) ) ;
#1395 = PRESENTATION_LAYER_ASSIGNMENT (  '', '', ( #5167 ) ) ;
#1397 = DIRECTION ( 'NONE',  ( 0.0000000000000000000, 0.0000000000000000000, 1.000000000000000000 ) ) ;
#1398 =( NAMED_UNIT ( * ) SI_UNIT ( $, .STERADIAN. ) SOLID_ANGLE_UNIT ( ) );
#1399 = ADVANCED_FACE ( 'NONE', ( #983 ), #1039, .F. ) ;
#1400 = DIRECTION ( 'NONE',  ( -1.000000000000000000, 0.0000000000000000000, -0.0000000000000000000 ) ) ;
#1401 = AXIS2_PLACEMENT_3D ( 'NONE', #877, #2230, #3174 ) ;
#1402 = LINE ( 'NONE', #3203, #4860 ) ;
#1403 = ORIENTED_EDGE ( 'NONE', *, *, #5702, .T. ) ;
#1404 = VECTOR ( 'NONE', #632, 1000.000000000000000 ) ;
#1405 = LINE ( 'NONE', #4534, #1406 ) ;
#1406 = VECTOR ( 'NONE', #3231, 1000.000000000000000 ) ;
#1407 = AXIS2_PLACEMENT_3D ( 'NONE', #1303, #17, #1336 ) ;
#1408 = SURFACE_STYLE_FILL_AREA ( #5565 ) ;
#1409 = DIRECTION ( 'NONE',  ( 1.000000000000000000, 0.0000000000000000000, 0.0000000000000000000 ) ) ;
#1410 = ORIENTED_EDGE ( 'NONE', *, *, #5323, .T. ) ;
#1411 = VECTOR ( 'NONE', #5689, 1000.000000000000000 ) ;
#1412 = VECTOR ( 'NONE', #2657, 1000.000000000000000 ) ;
#1413 = DIRECTION ( 'NONE',  ( 0.4562858356710379204, -1.553418116443667926E-14, 0.8898332631262907411 ) ) ;
#1414 = EDGE_CURVE ( 'NONE', #3332, #1606, #4609, .T. ) ;
#1415 = FACE_OUTER_BOUND ( 'NONE', #5785, .T. ) ;
#1416 = PRESENTATION_STYLE_ASSIGNMENT (( #3296 ) ) ;
#1417 = ORIENTED_EDGE ( 'NONE', *, *, #530, .F. ) ;
#1418 = ORIENTED_EDGE ( 'NONE', *, *, #3263, .F. ) ;
#1419 = ORIENTED_EDGE ( 'NONE', *, *, #2668, .T. ) ;
#1420 = PRESENTATION_LAYER_ASSIGNMENT (  '', '', ( #2395 ) ) ;
#1421 = DIRECTION ( 'NONE',  ( -0.0000000000000000000, 1.000000000000000000, -0.0000000000000000000 ) ) ;
#1422 =( LENGTH_UNIT ( ) NAMED_UNIT ( * ) SI_UNIT ( .MILLI., .METRE. ) );
#1423 = ORIENTED_EDGE ( 'NONE', *, *, #3305, .F. ) ;
#1424 = CARTESIAN_POINT ( 'NONE',  ( 0.9741903303925880664, 0.06350000000000000089, -0.06999999999734995981 ) ) ;
#1425 = VECTOR ( 'NONE', #298, 1000.000000000000000 ) ;
#1426 = DIRECTION ( 'NONE',  ( -0.0000000000000000000, -1.000000000000000000, -0.0000000000000000000 ) ) ;
#1427 = DIRECTION ( 'NONE',  ( 1.000000000000000000, 0.0000000000000000000, -0.0000000000000000000 ) ) ;
#1428 = CARTESIAN_POINT ( 'NONE',  ( 0.4299999999978381671, 0.06350000000000000089, -0.9849999999999841105 ) ) ;
#1429 = CARTESIAN_POINT ( 'NONE',  ( -0.6749999999993150368, 0.1270000000000000018, -0.4499999999998391953 ) ) ;
#1430 = CARTESIAN_POINT ( 'NONE',  ( -0.1499999999996504130, 0.06350000000000000089, 1.010000000001161746 ) ) ;
#1431 = EDGE_LOOP ( 'NONE', ( #5128, #4117, #3373, #4806 ) ) ;
#1432 = EDGE_CURVE ( 'NONE', #2312, #2937, #535, .T. ) ;
#1433 = DIRECTION ( 'NONE',  ( 1.000000000000000000, -0.0000000000000000000, -0.0000000000000000000 ) ) ;
#1434 = EDGE_CURVE ( 'NONE', #5189, #2334, #958, .T. ) ;
#1435 = SURFACE_STYLE_USAGE ( .BOTH. , #936 ) ;
#1436 = SURFACE_SIDE_STYLE ('',( #1408 ) ) ;
#1437 = LINE ( 'NONE', #4346, #821 ) ;
#1438 = PRODUCT_DEFINITION_CONTEXT ( 'detailed design', #5533, 'design' ) ;
#1439 = VERTEX_POINT ( 'NONE', #2460 ) ;
#1440 = CARTESIAN_POINT ( 'NONE',  ( 0.1500000000023149482, 0.0000000000000000000, 1.010000000001161746 ) ) ;
#1441 = DIRECTION ( 'NONE',  ( 0.0000000000000000000, -1.000000000000000000, -1.745740669421566678E-14 ) ) ;
#1442 =( NAMED_UNIT ( * ) PLANE_ANGLE_UNIT ( ) SI_UNIT ( $, .RADIAN. ) );
#1443 = ORIENTED_EDGE ( 'NONE', *, *, #707, .T. ) ;
#1444 = EDGE_LOOP ( 'NONE', ( #4761, #975, #342, #4111, #2459, #5561, #2030, #683 ) ) ;
#1445 = ORIENTED_EDGE ( 'NONE', *, *, #3405, .F. ) ;
#1446 = CARTESIAN_POINT ( 'NONE',  ( 1.140720422009984691, 0.0000000000000000000, -1.316901307296340251 ) ) ;
#1447 = ADVANCED_FACE ( 'NONE', ( #5636 ), #2913, .F. ) ;
#1448 = AXIS2_PLACEMENT_3D ( 'NONE', #2283, #4125, #2342 ) ;
#1449 = ORIENTED_EDGE ( 'NONE', *, *, #273, .T. ) ;
#1450 = CARTESIAN_POINT ( 'NONE',  ( 1.230584742858188863, -0.08000000000003280876, -0.6547194891145233786 ) ) ;
#1451 = CARTESIAN_POINT ( 'NONE',  ( 0.1699999999999468048, 0.06350000000000000089, 0.9616911592296162326 ) ) ;
#1452 = LINE ( 'NONE', #1610, #163 ) ;
#1453 = CARTESIAN_POINT ( 'NONE',  ( 0.0000000000000000000, 0.06350000000000000089, 0.0000000000000000000 ) ) ;
#1454 = FILL_AREA_STYLE ('',( #5172 ) ) ;
#1455 = COLOUR_RGB ( '',0.8392156862745098200, 0.4705882352941176405, 0.3686274509803921795 ) ;
#1456 = DIRECTION ( 'NONE',  ( -0.0000000000000000000, -1.000000000000000000, -0.0000000000000000000 ) ) ;
#1457 = ORIENTED_EDGE ( 'NONE', *, *, #2603, .F. ) ;
#1458 = CARTESIAN_POINT ( 'NONE',  ( 0.7614993152847518987, -0.08000000000002102651, -1.329345466451006041 ) ) ;
#1459 = FACE_OUTER_BOUND ( 'NONE', #1333, .T. ) ;
#1460 = FILL_AREA_STYLE ('',( #1953 ) ) ;
#1461 = LINE ( 'NONE', #1130, #1425 ) ;
#1462 = ADVANCED_FACE ( 'NONE', ( #1972 ), #621, .F. ) ;
#1463 = DIRECTION ( 'NONE',  ( 0.0000000000000000000, 1.000000000000000000, -0.0000000000000000000 ) ) ;
#1464 = ORIENTED_EDGE ( 'NONE', *, *, #2483, .T. ) ;
#1465 = CARTESIAN_POINT ( 'NONE',  ( -0.7999999999999118927, 0.1270000000000000018, -1.009999999997705400 ) ) ;
#1466 = VECTOR ( 'NONE', #1190, 1000.000000000000000 ) ;
#1467 = SURFACE_STYLE_FILL_AREA ( #946 ) ;
#1468 = EDGE_CURVE ( 'NONE', #5278, #704, #5195, .T. ) ;
#1469 = ORIENTED_EDGE ( 'NONE', *, *, #3360, .T. ) ;
#1470 = EDGE_LOOP ( 'NONE', ( #5690, #4991, #2445, #5886, #5302, #558, #5191, #5152 ) ) ;
#1471 = VECTOR ( 'NONE', #3583, 1000.000000000000114 ) ;
#1472 = ORIENTED_EDGE ( 'NONE', *, *, #2707, .F. ) ;
#1473 = ADVANCED_FACE ( 'NONE', ( #847 ), #4558, .T. ) ;
#1474 = ADVANCED_FACE ( 'NONE', ( #879 ), #5481, .F. ) ;
#1475 = CARTESIAN_POINT ( 'NONE',  ( -0.1499999999996504130, 0.06350000000000000089, 0.0000000000000000000 ) ) ;
#1476 = VECTOR ( 'NONE', #729, 1000.000000000000000 ) ;
#1477 = EDGE_LOOP ( 'NONE', ( #1089, #2328, #5378, #3767 ) ) ;
#1478 = PLANE ( 'NONE',  #4555 ) ;
#1479 = ORIENTED_EDGE ( 'NONE', *, *, #3738, .T. ) ;
#1480 = DIRECTION ( 'NONE',  ( 0.0000000000000000000, 0.0000000000000000000, 1.000000000000000000 ) ) ;
#1481 = CARTESIAN_POINT ( 'NONE',  ( 0.6473668145331036294, 0.0000000000000000000, -0.6645376709327037723 ) ) ;
#1482 = FACE_OUTER_BOUND ( 'NONE', #4383, .T. ) ;
#1483 = PLANE ( 'NONE',  #4519 ) ;
#1484 = EDGE_CURVE ( 'NONE', #3784, #3023, #4939, .T. ) ;
#1485 = SURFACE_STYLE_USAGE ( .BOTH. , #4159 ) ;
#1486 = CARTESIAN_POINT ( 'NONE',  ( 0.9999999999976694198, 0.06350000000000000089, 0.5403092531723885372 ) ) ;
#1487 = VERTEX_POINT ( 'NONE', #2718 ) ;
#1488 = DIRECTION ( 'NONE',  ( -0.0000000000000000000, -1.000000000000000000, -0.0000000000000000000 ) ) ;
#1489 = DIRECTION ( 'NONE',  ( -0.0000000000000000000, -1.000000000000000000, -0.0000000000000000000 ) ) ;
#1490 = SHAPE_REPRESENTATION_RELATIONSHIP ( 'NONE' , 'NONE' ,  #4964, #5870 ) ;
#1491 = VECTOR ( 'NONE', #5918, 1000.000000000000000 ) ;
#1492 = SURFACE_STYLE_FILL_AREA ( #2751 ) ;
#1493 = PLANE ( 'NONE',  #727 ) ;
#1494 = VECTOR ( 'NONE', #1056, 1000.000000000000000 ) ;
#1495 = ORIENTED_EDGE ( 'NONE', *, *, #1468, .T. ) ;
#1496 = DIRECTION ( 'NONE',  ( -0.0000000000000000000, -0.0000000000000000000, -1.000000000000000000 ) ) ;
#1497 = AXIS2_PLACEMENT_3D ( 'NONE', #1390, #3166, #3701 ) ;
#1498 = VECTOR ( 'NONE', #2136, 1000.000000000000000 ) ;
#1499 =( NAMED_UNIT ( * ) PLANE_ANGLE_UNIT ( ) SI_UNIT ( $, .RADIAN. ) );
#1500 = PRESENTATION_LAYER_ASSIGNMENT (  '', '', ( #1691 ) ) ;
#1501 = SURFACE_SIDE_STYLE ('',( #154 ) ) ;
#1502 = VECTOR ( 'NONE', #2055, 1000.000000000000000 ) ;
#1503 = EDGE_LOOP ( 'NONE', ( #4305, #1018, #3730, #3808, #976, #4773, #5240 ) ) ;
#1504 = ORIENTED_EDGE ( 'NONE', *, *, #192, .T. ) ;
#1505 = ORIENTED_EDGE ( 'NONE', *, *, #153, .F. ) ;
#1506 = EDGE_CURVE ( 'NONE', #5646, #1099, #4531, .T. ) ;
#1507 = DIRECTION ( 'NONE',  ( 0.0000000000000000000, 1.000000000000000000, 0.0000000000000000000 ) ) ;
#1508 = EDGE_CURVE ( 'NONE', #4188, #448, #5394, .T. ) ;
#1509 = AXIS2_PLACEMENT_3D ( 'NONE', #5863, #1276, #3138 ) ;
#1510 = DIRECTION ( 'NONE',  ( 0.0000000000000000000, 0.0000000000000000000, -1.000000000000000000 ) ) ;
#1511 = VERTEX_POINT ( 'NONE', #904 ) ;
#1512 = DIRECTION ( 'NONE',  ( 0.0000000000000000000, 0.0000000000000000000, 1.000000000000000000 ) ) ;
#1513 = CARTESIAN_POINT ( 'NONE',  ( -0.1702182916155679238, 0.0000000000000000000, -0.9503329334420860253 ) ) ;
#1514 = DIRECTION ( 'NONE',  ( -0.0000000000000000000, 1.000000000000000000, 1.745740669421566678E-14 ) ) ;
#1515 = DIRECTION ( 'NONE',  ( -0.0000000000000000000, 1.000000000000000000, -0.0000000000000000000 ) ) ;
#1516 = DIRECTION ( 'NONE',  ( -0.7071067811865474617, 0.0000000000000000000, 0.7071067811865474617 ) ) ;
#1517 = STYLED_ITEM ( 'NONE', ( #3220 ), #677 ) ;
#1518 = CARTESIAN_POINT ( 'NONE',  ( 0.9825735931272561174, 0.0000000000000000000, 0.5524264068732520627 ) ) ;
#1519 = VERTEX_POINT ( 'NONE', #1313 ) ;
#1520 = CARTESIAN_POINT ( 'NONE',  ( -0.9683780866076574512, 0.06350000000000000089, 0.8600000000029695002 ) ) ;
#1521 = LINE ( 'NONE', #4246, #1796 ) ;
#1522 = DIRECTION ( 'NONE',  ( -0.0000000000000000000, -0.0000000000000000000, -1.000000000000000000 ) ) ;
#1523 = DIRECTION ( 'NONE',  ( 0.0000000000000000000, 1.000000000000000000, -0.0000000000000000000 ) ) ;
#1524 = DIRECTION ( 'NONE',  ( 1.000000000000000000, -0.0000000000000000000, 0.0000000000000000000 ) ) ;
#1525 = ORIENTED_EDGE ( 'NONE', *, *, #4149, .F. ) ;
#1526 =( LENGTH_UNIT ( ) NAMED_UNIT ( * ) SI_UNIT ( .MILLI., .METRE. ) );
#1527 = DIRECTION ( 'NONE',  ( 0.0000000000000000000, 1.000000000000000000, 0.0000000000000000000 ) ) ;
#1528 = EDGE_LOOP ( 'NONE', ( #1910, #3385, #2622, #842 ) ) ;
#1529 = EDGE_LOOP ( 'NONE', ( #2316, #2945, #5661, #2093, #283, #3612, #2156, #3867 ) ) ;
#1530 = ORIENTED_EDGE ( 'NONE', *, *, #3877, .T. ) ;
#1531 = DIRECTION ( 'NONE',  ( -0.0000000000000000000, -1.000000000000000000, -0.0000000000000000000 ) ) ;
#1532 = VERTEX_POINT ( 'NONE', #1255 ) ;
#1533 = CARTESIAN_POINT ( 'NONE',  ( 1.140720422009984691, -0.08000000000002076284, -1.344174034569068699 ) ) ;
#1534 = EDGE_CURVE ( 'NONE', #5103, #1966, #422, .T. ) ;
#1535 = ORIENTED_EDGE ( 'NONE', *, *, #4052, .F. ) ;
#1536 = CARTESIAN_POINT ( 'NONE',  ( -1.000000000001222134, 0.06350000000000000089, -0.5403092531652831099 ) ) ;
#1537 = EDGE_CURVE ( 'NONE', #574, #4045, #367, .T. ) ;
#1538 = DIRECTION ( 'NONE',  ( -0.0000000000000000000, -0.0000000000000000000, 1.000000000000000000 ) ) ;
#1539 = VECTOR ( 'NONE', #4661, 1000.000000000000000 ) ;
#1540 = CARTESIAN_POINT ( 'NONE',  ( 0.9706851247026639928, 0.01999999999997242178, -0.9538181782746905091 ) ) ;
#1541 = DIRECTION ( 'NONE',  ( 1.000000000000000000, 0.0000000000000000000, 0.0000000000000000000 ) ) ;
#1542 = EDGE_CURVE ( 'NONE', #3939, #3789, #2628, .T. ) ;
#1543 = EDGE_LOOP ( 'NONE', ( #4391, #4175, #5734, #3479 ) ) ;
#1544 = EDGE_CURVE ( 'NONE', #4805, #391, #3114, .T. ) ;
#1545 = DIRECTION ( 'NONE',  ( 0.0000000000000000000, -1.000000000000000000, 0.0000000000000000000 ) ) ;
#1546 = ORIENTED_EDGE ( 'NONE', *, *, #5630, .T. ) ;
#1547 = VECTOR ( 'NONE', #380, 1000.000000000000000 ) ;
#1548 = EDGE_CURVE ( 'NONE', #198, #995, #2264, .T. ) ;
#1549 = SURFACE_STYLE_FILL_AREA ( #575 ) ;
#1550 = CARTESIAN_POINT ( 'NONE',  ( 0.4776969600682981487, 0.0000000000000000000, 1.010000000001208820 ) ) ;
#1551 =( NAMED_UNIT ( * ) PLANE_ANGLE_UNIT ( ) SI_UNIT ( $, .RADIAN. ) );
#1552 = DIRECTION ( 'NONE',  ( 1.000000000000000000, 0.0000000000000000000, 0.0000000000000000000 ) ) ;
#1553 = DIRECTION ( 'NONE',  ( -0.0000000000000000000, -1.000000000000000000, -0.0000000000000000000 ) ) ;
#1554 = VECTOR ( 'NONE', #1488, 1000.000000000000000 ) ;
#1555 = PLANE ( 'NONE',  #3232 ) ;
#1556 = UNCERTAINTY_MEASURE_WITH_UNIT (LENGTH_MEASURE( 1.000000000000000082E-05 ), #1422, 'distance_accuracy_value', 'NONE');
#1557 = ORIENTED_EDGE ( 'NONE', *, *, #2047, .F. ) ;
#1558 = FACE_OUTER_BOUND ( 'NONE', #4085, .T. ) ;
#1559 = EDGE_CURVE ( 'NONE', #5333, #4922, #5033, .T. ) ;
#1560 = FACE_OUTER_BOUND ( 'NONE', #692, .T. ) ;
#1561 = ADVANCED_FACE ( 'NONE', ( #2232 ), #396, .F. ) ;
#1562 =( NAMED_UNIT ( * ) SI_UNIT ( $, .STERADIAN. ) SOLID_ANGLE_UNIT ( ) );
#1563 = ORIENTED_EDGE ( 'NONE', *, *, #2446, .F. ) ;
#1564 = VERTEX_POINT ( 'NONE', #4635 ) ;
#1565 = ORIENTED_EDGE ( 'NONE', *, *, #1432, .T. ) ;
#1566 = CIRCLE ( 'NONE', #3417, 0.05000000000110439019 ) ;
#1567 = DIRECTION ( 'NONE',  ( -0.0000000000000000000, 1.000000000000000000, 1.745740669421566678E-14 ) ) ;
#1568 = ORIENTED_EDGE ( 'NONE', *, *, #2400, .T. ) ;
#1569 = DIRECTION ( 'NONE',  ( -0.0000000000000000000, 1.000000000000000000, 1.745740669421566678E-14 ) ) ;
#1570 = CIRCLE ( 'NONE', #5905, 0.05999999999872328987 ) ;
#1571 = ORIENTED_EDGE ( 'NONE', *, *, #1174, .F. ) ;
#1572 = ORIENTED_EDGE ( 'NONE', *, *, #3801, .F. ) ;
#1573 = CARTESIAN_POINT ( 'NONE',  ( 1.621729730690459062E-15, -0.0000000000000000000, -1.344174034569068699 ) ) ;
#1574 = AXIS2_PLACEMENT_3D ( 'NONE', #337, #4015, #1721 ) ;
#1575 = CARTESIAN_POINT ( 'NONE',  ( -0.4299999999980922971, 0.06350000000000000089, 0.9850000000018402924 ) ) ;
#1576 = LINE ( 'NONE', #4395, #3747 ) ;
#1577 = EDGE_CURVE ( 'NONE', #276, #3327, #595, .T. ) ;
#1578 = FACE_OUTER_BOUND ( 'NONE', #3391, .T. ) ;
#1579 = VERTEX_POINT ( 'NONE', #5581 ) ;
#1580 = DIRECTION ( 'NONE',  ( -0.0000000000000000000, -1.000000000000000000, -0.0000000000000000000 ) ) ;
#1581 = PRESENTATION_LAYER_ASSIGNMENT (  '', '', ( #3909 ) ) ;
#1582 = PLANE ( 'NONE',  #50 ) ;
#1583 = ORIENTED_EDGE ( 'NONE', *, *, #1229, .F. ) ;
#1584 = LINE ( 'NONE', #5063, #2046 ) ;
#1585 = ADVANCED_FACE ( 'NONE', ( #5610 ), #513, .T. ) ;
#1586 = FACE_OUTER_BOUND ( 'NONE', #5246, .T. ) ;
#1587 = APPLICATION_PROTOCOL_DEFINITION ( 'draft international standard', 'automotive_design', 1998, #2671 ) ;
#1588 = CARTESIAN_POINT ( 'NONE',  ( -0.8100000000013096724, 0.0000000000000000000, -0.9503329334421550811 ) ) ;
#1589 = DIRECTION ( 'NONE',  ( 0.0000000000000000000, 0.0000000000000000000, 1.000000000000000000 ) ) ;
#1590 = ORIENTED_EDGE ( 'NONE', *, *, #1229, .T. ) ;
#1591 = DIRECTION ( 'NONE',  ( -0.0000000000000000000, -0.0000000000000000000, 1.000000000000000000 ) ) ;
#1592 = CARTESIAN_POINT ( 'NONE',  ( 0.1723030399288168479, 0.0000000000000000000, 1.010000000001161746 ) ) ;
#1593 = DIRECTION ( 'NONE',  ( 0.7071067811865474617, 0.0000000000000000000, -0.7071067811865474617 ) ) ;
#1594 = AXIS2_PLACEMENT_3D ( 'NONE', #3792, #2402, #538 ) ;
#1595 = VERTEX_POINT ( 'NONE', #3253 ) ;
#1596 = ORIENTED_EDGE ( 'NONE', *, *, #3929, .T. ) ;
#1597 = ORIENTED_EDGE ( 'NONE', *, *, #843, .F. ) ;
#1598 = CLOSED_SHELL ( 'NONE', ( #2892, #307, #638, #2317, #399, #2111 ) ) ;
#1599 = EDGE_CURVE ( 'NONE', #3565, #5576, #1015, .T. ) ;
#1600 = PRESENTATION_LAYER_ASSIGNMENT (  '', '', ( #5260 ) ) ;
#1601 = CARTESIAN_POINT ( 'NONE',  ( 0.0000000000000000000, 0.06350000000000000089, 0.0000000000000000000 ) ) ;
#1602 = VECTOR ( 'NONE', #5820, 1000.000000000000000 ) ;
#1603 = ORIENTED_EDGE ( 'NONE', *, *, #5563, .F. ) ;
#1604 = LINE ( 'NONE', #1062, #1355 ) ;
#1605 = ORIENTED_EDGE ( 'NONE', *, *, #3521, .F. ) ;
#1606 = VERTEX_POINT ( 'NONE', #963 ) ;
#1607 = VERTEX_POINT ( 'NONE', #987 ) ;
#1608 = DIRECTION ( 'NONE',  ( 0.0000000000000000000, 0.0000000000000000000, 1.000000000000000000 ) ) ;
#1609 = AXIS2_PLACEMENT_3D ( 'NONE', #5547, #1531, #2848 ) ;
#1610 = CARTESIAN_POINT ( 'NONE',  ( 0.0000000000000000000, 0.1270000000000000018, 0.7500000000000284217 ) ) ;
#1611 = PLANE ( 'NONE',  #3555 ) ;
#1612 = CARTESIAN_POINT ( 'NONE',  ( 0.1500000000005385914, 0.1270000000000000018, -1.009999999997669429 ) ) ;
#1613 = DIRECTION ( 'NONE',  ( -0.0000000000000000000, -1.000000000000000000, -0.0000000000000000000 ) ) ;
#1614 = DIRECTION ( 'NONE',  ( 0.0000000000000000000, -0.0000000000000000000, -1.000000000000000000 ) ) ;
#1615 = VECTOR ( 'NONE', #1281, 1000.000000000000000 ) ;
#1616 = MECHANICAL_DESIGN_GEOMETRIC_PRESENTATION_REPRESENTATION (  '', ( #2596 ), #2304 ) ;
#1617 = CARTESIAN_POINT ( 'NONE',  ( 0.4799999999993995181, 0.06350000000000000089, -0.9549999999993434852 ) ) ;
#1618 = VERTEX_POINT ( 'NONE', #2349 ) ;
#1619 = CARTESIAN_POINT ( 'NONE',  ( 0.8250000000007418066, 0.1270000000000000018, 0.4499999999998394173 ) ) ;
#1620 = APPLICATION_PROTOCOL_DEFINITION ( 'draft international standard', 'automotive_design', 1998, #5844 ) ;
#1621 = COLOUR_RGB ( '',0.7686274509803920907, 0.7686274509803920907, 0.7686274509803920907 ) ;
#1622 = CARTESIAN_POINT ( 'NONE',  ( 1.998999999999999888, 0.5999999999999999778, 0.0000000000000000000 ) ) ;
#1623 = EDGE_CURVE ( 'NONE', #322, #198, #4722, .T. ) ;
#1624 = DIRECTION ( 'NONE',  ( 0.0000000000000000000, 0.0000000000000000000, 1.000000000000000000 ) ) ;
#1625 = ADVANCED_FACE ( 'NONE', ( #54 ), #2774, .F. ) ;
#1626 = ORIENTED_EDGE ( 'NONE', *, *, #1330, .T. ) ;
#1627 = CARTESIAN_POINT ( 'NONE',  ( 0.4776969600682981487, 0.06350000000000000089, 1.000000000001208589 ) ) ;
#1628 = EDGE_CURVE ( 'NONE', #3986, #4370, #2374, .T. ) ;
#1629 =( NAMED_UNIT ( * ) SI_UNIT ( $, .STERADIAN. ) SOLID_ANGLE_UNIT ( ) );
#1630 = CARTESIAN_POINT ( 'NONE',  ( -1.000000000001222134, 0.06350000000000000089, 0.7500000000000284217 ) ) ;
#1631 = ORIENTED_EDGE ( 'NONE', *, *, #1923, .T. ) ;
#1632 = VERTEX_POINT ( 'NONE', #4186 ) ;
#1633 = ORIENTED_EDGE ( 'NONE', *, *, #9, .T. ) ;
#1634 = DIRECTION ( 'NONE',  ( 0.0000000000000000000, 0.0000000000000000000, 1.000000000000000000 ) ) ;
#1635 = ADVANCED_BREP_SHAPE_REPRESENTATION ( '', ( #4362, #4284, #4245, #436, #266, #458, #2455, #4320, #2326, #2338, #2443, #4440, #4372, #4295, #4411, #2348, #2872 ), #1317 ) ;
#1636 = VERTEX_POINT ( 'NONE', #1429 ) ;
#1637 = ORIENTED_EDGE ( 'NONE', *, *, #2634, .F. ) ;
#1638 = ORIENTED_EDGE ( 'NONE', *, *, #112, .T. ) ;
#1639 = CARTESIAN_POINT ( 'NONE',  ( 0.1550000000012374812, 0.06350000000000000089, -0.4499999999998394173 ) ) ;
#1640 = PRODUCT_RELATED_PRODUCT_CATEGORY ( 'part', '', ( #1911 ) ) ;
#1641 = DIRECTION ( 'NONE',  ( 0.0000000000000000000, 0.0000000000000000000, 1.000000000000000000 ) ) ;
#1642 = LINE ( 'NONE', #3423, #660 ) ;
#1643 = PLANE ( 'NONE',  #1862 ) ;
#1644 = VERTEX_POINT ( 'NONE', #3766 ) ;
#1645 = LINE ( 'NONE', #4399, #3269 ) ;
#1646 = CARTESIAN_POINT ( 'NONE',  ( -0.1499999999996504130, 0.1270000000000000018, -1.009999999997669429 ) ) ;
#1647 = ORIENTED_EDGE ( 'NONE', *, *, #4752, .F. ) ;
#1648 = AXIS2_PLACEMENT_3D ( 'NONE', #5259, #3854, #4269 ) ;
#1649 = PLANE ( 'NONE',  #739 ) ;
#1650 = SHAPE_DEFINITION_REPRESENTATION ( #5180, #5149 ) ;
#1651 = FACE_OUTER_BOUND ( 'NONE', #2049, .T. ) ;
#1652 =( GEOMETRIC_REPRESENTATION_CONTEXT ( 3 ) GLOBAL_UNCERTAINTY_ASSIGNED_CONTEXT ( ( #1556 ) ) GLOBAL_UNIT_ASSIGNED_CONTEXT ( ( #1422, #5947, #5521 ) ) REPRESENTATION_CONTEXT ( 'NONE', 'WORKASPACE' ) );
#1653 = FACE_OUTER_BOUND ( 'NONE', #291, .T. ) ;
#1654 = ORIENTED_EDGE ( 'NONE', *, *, #1559, .F. ) ;
#1655 = DIRECTION ( 'NONE',  ( -1.000000000000000000, 0.0000000000000000000, 0.0000000000000000000 ) ) ;
#1656 = VECTOR ( 'NONE', #1593, 1000.000000000000114 ) ;
#1657 = FILL_AREA_STYLE_COLOUR ( '', #845 ) ;
#1658 = EDGE_CURVE ( 'NONE', #448, #1166, #2857, .T. ) ;
#1659 = CARTESIAN_POINT ( 'NONE',  ( -0.1702182916155679238, 0.06350000000000000089, -0.9503329334420860253 ) ) ;
#1660 = VERTEX_POINT ( 'NONE', #1840 ) ;
#1661 = PRESENTATION_LAYER_ASSIGNMENT (  '', '', ( #4261 ) ) ;
#1662 = ORIENTED_EDGE ( 'NONE', *, *, #5589, .T. ) ;
#1663 = EDGE_CURVE ( 'NONE', #1166, #5066, #4241, .T. ) ;
#1664 = DIRECTION ( 'NONE',  ( 0.0000000000000000000, 0.0000000000000000000, 1.000000000000000000 ) ) ;
#1665 = DIRECTION ( 'NONE',  ( -0.0000000000000000000, -0.0000000000000000000, -1.000000000000000000 ) ) ;
#1666 = DIRECTION ( 'NONE',  ( -0.0000000000000000000, -1.000000000000000000, -0.0000000000000000000 ) ) ;
#1667 = ADVANCED_FACE ( 'NONE', ( #5141 ), #4691, .F. ) ;
#1668 = ORIENTED_EDGE ( 'NONE', *, *, #1542, .F. ) ;
#1669 = ORIENTED_EDGE ( 'NONE', *, *, #3661, .F. ) ;
#1670 = ORIENTED_EDGE ( 'NONE', *, *, #2864, .T. ) ;
#1671 = LINE ( 'NONE', #3070, #1282 ) ;
#1672 = LINE ( 'NONE', #293, #1116 ) ;
#1673 = CIRCLE ( 'NONE', #2550, 0.02727272727272712916 ) ;
#1674 = DIRECTION ( 'NONE',  ( -0.0000000000000000000, -1.000000000000000000, -0.0000000000000000000 ) ) ;
#1675 = CARTESIAN_POINT ( 'NONE',  ( 0.5000000000006110668, 0.0000000000000000000, 1.010000000001208820 ) ) ;
#1676 = CARTESIAN_POINT ( 'NONE',  ( 0.9999999999976694198, 0.06350000000000000089, -0.06999999999734995981 ) ) ;
#1677 = ORIENTED_EDGE ( 'NONE', *, *, #2642, .F. ) ;
#1678 = CARTESIAN_POINT ( 'NONE',  ( 0.9741903303925880664, 0.06350000000000000089, 0.07000000000090267349 ) ) ;
#1679 = PLANE ( 'NONE',  #5442 ) ;
#1680 = ORIENTED_EDGE ( 'NONE', *, *, #4550, .F. ) ;
#1681 = VECTOR ( 'NONE', #4016, 1000.000000000000000 ) ;
#1682 = EDGE_CURVE ( 'NONE', #4772, #3582, #1373, .T. ) ;
#1683 = CARTESIAN_POINT ( 'NONE',  ( -0.1723030399313822680, 0.0000000000000000000, 1.010000000001161746 ) ) ;
#1684 = FACE_OUTER_BOUND ( 'NONE', #2166, .T. ) ;
#1685 = CARTESIAN_POINT ( 'NONE',  ( 0.2200000000004044831, 0.06350000000000000089, -0.9549999999975867793 ) ) ;
#1686 = VECTOR ( 'NONE', #1256, 1000.000000000000000 ) ;
#1687 = CARTESIAN_POINT ( 'NONE',  ( -1.000000000001222134, 0.06350000000000000089, -0.8599999999994167865 ) ) ;
#1688 = ORIENTED_EDGE ( 'NONE', *, *, #5598, .F. ) ;
#1689 = CARTESIAN_POINT ( 'NONE',  ( 0.4797817083846136477, 0.06350000000000000089, -0.9503329334420737018 ) ) ;
#1690 = CARTESIAN_POINT ( 'NONE',  ( 0.8250000000007418066, 0.06350000000000000089, -0.0000000000000000000 ) ) ;
#1691 = STYLED_ITEM ( 'NONE', ( #3092 ), #4362 ) ;
#1692 = ORIENTED_EDGE ( 'NONE', *, *, #4583, .F. ) ;
#1693 = ORIENTED_EDGE ( 'NONE', *, *, #4774, .F. ) ;
#1694 = CARTESIAN_POINT ( 'NONE',  ( 0.7614993152847520097, 0.0000000000000000000, -0.6695480572325844815 ) ) ;
#1695 = FACE_OUTER_BOUND ( 'NONE', #5948, .T. ) ;
#1696 = AXIS2_PLACEMENT_3D ( 'NONE', #5707, #113, #2896 ) ;
#1697 = FACE_OUTER_BOUND ( 'NONE', #343, .T. ) ;
#1698 = EDGE_LOOP ( 'NONE', ( #1670, #3429, #1417, #3743 ) ) ;
#1699 = ORIENTED_EDGE ( 'NONE', *, *, #311, .T. ) ;
#1700 = ORIENTED_EDGE ( 'NONE', *, *, #4107, .T. ) ;
#1701 = EDGE_CURVE ( 'NONE', #3273, #1532, #1187, .T. ) ;
#1702 = CARTESIAN_POINT ( 'NONE',  ( 0.1500000000023149482, 0.1270000000000000018, 1.010000000001161746 ) ) ;
#1703 = VECTOR ( 'NONE', #3901, 1000.000000000000000 ) ;
#1704 = ADVANCED_FACE ( 'NONE', ( #3951 ), #5763, .F. ) ;
#1705 = DIRECTION ( 'NONE',  ( -0.0000000000000000000, -1.000000000000000000, -0.0000000000000000000 ) ) ;
#1706 = DIRECTION ( 'NONE',  ( 0.0000000000000000000, 0.0000000000000000000, -1.000000000000000000 ) ) ;
#1707 = CARTESIAN_POINT ( 'NONE',  ( -0.8249999999989654498, 0.06350000000000000089, 0.4499999999998394173 ) ) ;
#1708 = DIRECTION ( 'NONE',  ( -1.000000000000000000, 0.0000000000000000000, -0.0000000000000000000 ) ) ;
#1709 = COLOUR_RGB ( '',0.8392156862745098200, 0.4705882352941176405, 0.3686274509803921795 ) ;
#1710 = EDGE_LOOP ( 'NONE', ( #1403, #2816, #2256, #174 ) ) ;
#1711 = FACE_OUTER_BOUND ( 'NONE', #3857, .T. ) ;
#1712 = STYLED_ITEM ( 'NONE', ( #2897 ), #5870 ) ;
#1713 = LINE ( 'NONE', #1159, #3894 ) ;
#1714 = ORIENTED_EDGE ( 'NONE', *, *, #1883, .F. ) ;
#1715 = VECTOR ( 'NONE', #5358, 1000.000000000000000 ) ;
#1716 = ADVANCED_FACE ( 'NONE', ( #2501 ), #4301, .F. ) ;
#1717 = CARTESIAN_POINT ( 'NONE',  ( 0.0000000000000000000, 0.0000000000000000000, 1.010000000001208820 ) ) ;
#1718 = PRODUCT_DEFINITION_FORMATION_WITH_SPECIFIED_SOURCE ( 'ANY', '', #992, .NOT_KNOWN. ) ;
#1719 = CARTESIAN_POINT ( 'NONE',  ( -0.8100000000013096724, 0.06350000000000000089, -0.9503329334421550811 ) ) ;
#1720 = VECTOR ( 'NONE', #2982, 1000.000000000000000 ) ;
#1721 = DIRECTION ( 'NONE',  ( 0.0000000000000000000, 0.0000000000000000000, -1.000000000000000000 ) ) ;
#1722 = LINE ( 'NONE', #3473, #4595 ) ;
#1723 = CARTESIAN_POINT ( 'NONE',  ( 1.230584742858188863, 0.0000000000000000000, -1.344174034569067366 ) ) ;
#1724 = AXIS2_PLACEMENT_3D ( 'NONE', #908, #5929, #5010 ) ;
#1725 = ORIENTED_EDGE ( 'NONE', *, *, #1682, .T. ) ;
#1726 = ORIENTED_EDGE ( 'NONE', *, *, #423, .F. ) ;
#1727 = DIRECTION ( 'NONE',  ( -0.0000000000000000000, 0.0000000000000000000, 1.000000000000000000 ) ) ;
#1728 = PRESENTATION_STYLE_ASSIGNMENT (( #4508 ) ) ;
#1729 =( NAMED_UNIT ( * ) PLANE_ANGLE_UNIT ( ) SI_UNIT ( $, .RADIAN. ) );
#1730 = ORIENTED_EDGE ( 'NONE', *, *, #1959, .T. ) ;
#1731 = ORIENTED_EDGE ( 'NONE', *, *, #1537, .T. ) ;
#1732 = ORIENTED_EDGE ( 'NONE', *, *, #4774, .T. ) ;
#1733 = LINE ( 'NONE', #5493, #619 ) ;
#1734 = DIRECTION ( 'NONE',  ( 1.000000000000000000, 0.0000000000000000000, -0.0000000000000000000 ) ) ;
#1735 = FACE_OUTER_BOUND ( 'NONE', #2529, .T. ) ;
#1736 = FILL_AREA_STYLE_COLOUR ( '', #211 ) ;
#1737 = ORIENTED_EDGE ( 'NONE', *, *, #3117, .T. ) ;
#1738 = CARTESIAN_POINT ( 'NONE',  ( -0.1702182916155679238, 0.0000000000000000000, -0.9503329334420860253 ) ) ;
#1739 = EDGE_CURVE ( 'NONE', #516, #5715, #2463, .T. ) ;
#1740 = LINE ( 'NONE', #841, #34 ) ;
#1741 = ORIENTED_EDGE ( 'NONE', *, *, #4630, .T. ) ;
#1742 = CARTESIAN_POINT ( 'NONE',  ( 0.9706851247026639928, -0.08000000000002598088, -1.045075345408899681 ) ) ;
#1743 = CARTESIAN_POINT ( 'NONE',  ( 1.004999999999256488, 0.0000000000000000000, 0.8600000000011931434 ) ) ;
#1744 = EDGE_CURVE ( 'NONE', #250, #338, #5200, .T. ) ;
#1745 = CARTESIAN_POINT ( 'NONE',  ( 0.0000000000000000000, 0.06350000000000000089, -0.7500000000000284217 ) ) ;
#1746 = ADVANCED_FACE ( 'NONE', ( #5699 ), #263, .F. ) ;
#1747 = PLANE ( 'NONE',  #5436 ) ;
#1748 = CARTESIAN_POINT ( 'NONE',  ( -0.4776969600710501140, 0.06350000000000000089, 1.010000000001222142 ) ) ;
#1749 = EDGE_CURVE ( 'NONE', #1995, #2553, #687, .T. ) ;
#1750 = SURFACE_STYLE_FILL_AREA ( #2636 ) ;
#1751 = PRESENTATION_LAYER_ASSIGNMENT (  '', '', ( #3204 ) ) ;
#1752 = LINE ( 'NONE', #4856, #665 ) ;
#1753 = UNCERTAINTY_MEASURE_WITH_UNIT (LENGTH_MEASURE( 1.000000000000000082E-05 ), #115, 'distance_accuracy_value', 'NONE');
#1754 = EDGE_LOOP ( 'NONE', ( #1179, #3292, #4231, #866, #4468 ) ) ;
#1755 = ORIENTED_EDGE ( 'NONE', *, *, #5569, .F. ) ;
#1756 = ADVANCED_FACE ( 'NONE', ( #5643 ), #720, .F. ) ;
#1757 = PRESENTATION_LAYER_ASSIGNMENT (  '', '', ( #4356 ) ) ;
#1758 = LINE ( 'NONE', #5433, #5477 ) ;
#1759 = ADVANCED_FACE ( 'NONE', ( #2433 ), #1643, .F. ) ;
#1760 = DIRECTION ( 'NONE',  ( 1.000000000000000000, 0.0000000000000000000, 0.0000000000000000000 ) ) ;
#1761 = VECTOR ( 'NONE', #543, 1000.000000000000000 ) ;
#1762 = EDGE_LOOP ( 'NONE', ( #3216, #358, #1714, #4332 ) ) ;
#1763 = ORIENTED_EDGE ( 'NONE', *, *, #5746, .T. ) ;
#1764 = ORIENTED_EDGE ( 'NONE', *, *, #1258, .F. ) ;
#1765 = LINE ( 'NONE', #1301, #3410 ) ;
#1766 = DIRECTION ( 'NONE',  ( -0.0000000000000000000, -1.000000000000000000, -0.0000000000000000000 ) ) ;
#1767 = DIRECTION ( 'NONE',  ( 0.0000000000000000000, 1.000000000000000000, 0.0000000000000000000 ) ) ;
#1768 = CYLINDRICAL_SURFACE ( 'NONE', #309, 0.04999999999933193995 ) ;
#1769 = ORIENTED_EDGE ( 'NONE', *, *, #2806, .F. ) ;
#1770 = LINE ( 'NONE', #5917, #1903 ) ;
#1771 = CARTESIAN_POINT ( 'NONE',  ( 0.5000000000006110668, 0.06350000000000000089, -0.9503329334420737018 ) ) ;
#1772 = VECTOR ( 'NONE', #81, 1000.000000000000000 ) ;
#1773 = DIRECTION ( 'NONE',  ( 1.000000000000000000, 2.106215023402124859E-29, -1.206487916730494377E-15 ) ) ;
#1774 = EDGE_CURVE ( 'NONE', #2912, #5798, #3494, .T. ) ;
#1775 = FACE_OUTER_BOUND ( 'NONE', #5400, .T. ) ;
#1776 = DIRECTION ( 'NONE',  ( 1.000000000000000000, -2.106215023402124579E-29, 1.206487916730494377E-15 ) ) ;
#1777 = COLOUR_RGB ( '',0.7686274509803920907, 0.7686274509803920907, 0.7686274509803920907 ) ;
#1778 = LINE ( 'NONE', #1809, #1195 ) ;
#1779 = ADVANCED_FACE ( 'NONE', ( #4397 ), #2100, .T. ) ;
#1780 = FACE_OUTER_BOUND ( 'NONE', #1710, .T. ) ;
#1781 = EDGE_CURVE ( 'NONE', #5627, #5219, #3919, .T. ) ;
#1782 = SURFACE_STYLE_USAGE ( .BOTH. , #2667 ) ;
#1783 = CARTESIAN_POINT ( 'NONE',  ( -1.000000000001222134, 0.06350000000000000089, 0.7500000000000284217 ) ) ;
#1784 = ORIENTED_EDGE ( 'NONE', *, *, #5395, .F. ) ;
#1785 = ORIENTED_EDGE ( 'NONE', *, *, #48, .F. ) ;
#1786 = MECHANICAL_DESIGN_GEOMETRIC_PRESENTATION_REPRESENTATION (  '', ( #5713 ), #1293 ) ;
#1787 = EDGE_CURVE ( 'NONE', #2148, #1392, #1128, .T. ) ;
#1788 = DIRECTION ( 'NONE',  ( -1.000000000000000000, 0.0000000000000000000, 0.0000000000000000000 ) ) ;
#1789 = DIRECTION ( 'NONE',  ( 0.0000000000000000000, 1.000000000000000000, -0.0000000000000000000 ) ) ;
#1790 = LINE ( 'NONE', #3640, #4559 ) ;
#1791 = EDGE_LOOP ( 'NONE', ( #381, #5047, #4436, #4735 ) ) ;
#1792 = ORIENTED_EDGE ( 'NONE', *, *, #2642, .T. ) ;
#1793 = ORIENTED_EDGE ( 'NONE', *, *, #524, .T. ) ;
#1794 = ADVANCED_FACE ( 'NONE', ( #5670 ), #3881, .T. ) ;
#1795 = CARTESIAN_POINT ( 'NONE',  ( -0.9683780866076574512, 0.06350000000000000089, -0.5666219133892980153 ) ) ;
#1796 = VECTOR ( 'NONE', #991, 1000.000000000000000 ) ;
#1797 = CARTESIAN_POINT ( 'NONE',  ( -0.9683780866076574512, 0.06350000000000000089, -0.5666219133892980153 ) ) ;
#1798 = DIRECTION ( 'NONE',  ( 0.0000000000000000000, -1.000000000000000000, 0.0000000000000000000 ) ) ;
#1799 = LINE ( 'NONE', #3978, #2907 ) ;
#1800 = EDGE_LOOP ( 'NONE', ( #1208, #2394, #4271, #5265, #305, #2464 ) ) ;
#1801 = CARTESIAN_POINT ( 'NONE',  ( -0.9683780866076574512, 0.0000000000000000000, -0.8599999999994167865 ) ) ;
#1802 = VECTOR ( 'NONE', #59, 1000.000000000000000 ) ;
#1803 = LINE ( 'NONE', #3225, #2843 ) ;
#1804 = AXIS2_PLACEMENT_3D ( 'NONE', #1271, #835, #1734 ) ;
#1805 = DIRECTION ( 'NONE',  ( 0.7071067811865475727, -0.0000000000000000000, -0.7071067811865475727 ) ) ;
#1806 = DIRECTION ( 'NONE',  ( 0.0000000000000000000, 0.0000000000000000000, -1.000000000000000000 ) ) ;
#1807 = DIRECTION ( 'NONE',  ( -0.0000000000000000000, -1.000000000000000000, -0.0000000000000000000 ) ) ;
#1808 =( GEOMETRIC_REPRESENTATION_CONTEXT ( 3 ) GLOBAL_UNCERTAINTY_ASSIGNED_CONTEXT ( ( #1871 ) ) GLOBAL_UNIT_ASSIGNED_CONTEXT ( ( #5147, #1551, #1103 ) ) REPRESENTATION_CONTEXT ( 'NONE', 'WORKASPACE' ) );
#1809 = CARTESIAN_POINT ( 'NONE',  ( -0.1499999999996504130, 0.1270000000000000018, -1.009999999997669429 ) ) ;
#1810 = CARTESIAN_POINT ( 'NONE',  ( -0.9683780866076574512, 0.0000000000000000000, -0.7500000000000284217 ) ) ;
#1811 = VECTOR ( 'NONE', #3652, 1000.000000000000000 ) ;
#1812 = LINE ( 'NONE', #4018, #3346 ) ;
#1813 = EDGE_CURVE ( 'NONE', #1852, #218, #3386, .T. ) ;
#1814 = ADVANCED_FACE ( 'NONE', ( #1578 ), #5728, .F. ) ;
#1815 = FACE_OUTER_BOUND ( 'NONE', #2936, .T. ) ;
#1816 = ADVANCED_FACE ( 'NONE', ( #2193 ), #3197, .T. ) ;
#1817 = DIRECTION ( 'NONE',  ( 1.000000000000000000, 0.0000000000000000000, 0.0000000000000000000 ) ) ;
#1818 = UNCERTAINTY_MEASURE_WITH_UNIT (LENGTH_MEASURE( 1.000000000000000082E-05 ), #593, 'distance_accuracy_value', 'NONE');
#1819 = ORIENTED_EDGE ( 'NONE', *, *, #3732, .F. ) ;
#1820 = STYLED_ITEM ( 'NONE', ( #539 ), #436 ) ;
#1821 = MECHANICAL_DESIGN_GEOMETRIC_PRESENTATION_REPRESENTATION (  '', ( #473 ), #5371 ) ;
#1822 = CARTESIAN_POINT ( 'NONE',  ( 1.069884869604737387, 0.01999999999997321976, -0.9994467618417942623 ) ) ;
#1823 = CARTESIAN_POINT ( 'NONE',  ( -1.000000000001222134, 0.06350000000000000089, -0.8599999999994167865 ) ) ;
#1824 = ADVANCED_FACE ( 'NONE', ( #2255 ), #5414, .T. ) ;
#1825 = CARTESIAN_POINT ( 'NONE',  ( 0.0000000000000000000, 0.1270000000000000018, 1.010000000001161746 ) ) ;
#1826 = VERTEX_POINT ( 'NONE', #837 ) ;
#1827 = EDGE_CURVE ( 'NONE', #4955, #4894, #4524, .T. ) ;
#1828 = VERTEX_POINT ( 'NONE', #5915 ) ;
#1829 = ORIENTED_EDGE ( 'NONE', *, *, #5753, .F. ) ;
#1830 = CARTESIAN_POINT ( 'NONE',  ( -1.000000000001222134, 0.06350000000000000089, -0.7500000000000284217 ) ) ;
#1831 = FACE_OUTER_BOUND ( 'NONE', #3077, .T. ) ;
#1832 =( NAMED_UNIT ( * ) PLANE_ANGLE_UNIT ( ) SI_UNIT ( $, .RADIAN. ) );
#1833 = CARTESIAN_POINT ( 'NONE',  ( 0.6386302697678637452, 0.0000000000000000000, -1.329875955455206427 ) ) ;
#1834 = VERTEX_POINT ( 'NONE', #754 ) ;
#1835 = DIRECTION ( 'NONE',  ( 1.000000000000000000, -0.0000000000000000000, 0.0000000000000000000 ) ) ;
#1836 = PLANE ( 'NONE',  #4179 ) ;
#1837 = EDGE_CURVE ( 'NONE', #1392, #4513, #1799, .T. ) ;
#1838 = DIRECTION ( 'NONE',  ( 0.0000000000000000000, 0.0000000000000000000, 1.000000000000000000 ) ) ;
#1839 = SURFACE_STYLE_USAGE ( .BOTH. , #2169 ) ;
#1840 = CARTESIAN_POINT ( 'NONE',  ( -1.000000000001222134, 0.06350000000000000089, 0.07000000000090267349 ) ) ;
#1841 = CARTESIAN_POINT ( 'NONE',  ( 0.0000000000000000000, 0.06350000000000000089, 1.010000000001161746 ) ) ;
#1842 = LINE ( 'NONE', #3685, #3733 ) ;
#1843 = CARTESIAN_POINT ( 'NONE',  ( 0.0000000000000000000, 0.1270000000000000018, -0.4499999999998394173 ) ) ;
#1844 = LINE ( 'NONE', #3749, #4706 ) ;
#1845 = DIRECTION ( 'NONE',  ( 1.000000000000000000, -0.0000000000000000000, -0.0000000000000000000 ) ) ;
#1846 = ORIENTED_EDGE ( 'NONE', *, *, #1508, .T. ) ;
#1847 = VECTOR ( 'NONE', #5318, 1000.000000000000000 ) ;
#1848 = LINE ( 'NONE', #2331, #3249 ) ;
#1849 = DIRECTION ( 'NONE',  ( -0.0000000000000000000, -0.0000000000000000000, 1.000000000000000000 ) ) ;
#1850 = EDGE_CURVE ( 'NONE', #220, #3697, #4907, .T. ) ;
#1851 = DIRECTION ( 'NONE',  ( 0.0000000000000000000, -0.0000000000000000000, -1.000000000000000000 ) ) ;
#1852 = VERTEX_POINT ( 'NONE', #2621 ) ;
#1853 = ORIENTED_EDGE ( 'NONE', *, *, #5589, .F. ) ;
#1854 = EDGE_LOOP ( 'NONE', ( #3998, #3642, #3414, #4324 ) ) ;
#1855 = EDGE_CURVE ( 'NONE', #4651, #3060, #5385, .T. ) ;
#1856 = CARTESIAN_POINT ( 'NONE',  ( 1.239321287623428747, 0.01999999999996745007, -0.6690175682283826530 ) ) ;
#1857 = VECTOR ( 'NONE', #4786, 1000.000000000000000 ) ;
#1858 = FACE_OUTER_BOUND ( 'NONE', #5102, .T. ) ;
#1859 = VERTEX_POINT ( 'NONE', #3168 ) ;
#1860 = DIRECTION ( 'NONE',  ( -1.000000000000000000, 0.0000000000000000000, 0.0000000000000000000 ) ) ;
#1861 = FACE_OUTER_BOUND ( 'NONE', #1909, .T. ) ;
#1862 = AXIS2_PLACEMENT_3D ( 'NONE', #3371, #3397, #172 ) ;
#1863 = LINE ( 'NONE', #4556, #5255 ) ;
#1864 =( NAMED_UNIT ( * ) PLANE_ANGLE_UNIT ( ) SI_UNIT ( $, .RADIAN. ) );
#1865 = CARTESIAN_POINT ( 'NONE',  ( 0.9741903303925880664, 0.0000000000000000000, 0.4476725846167539657 ) ) ;
#1866 = LINE ( 'NONE', #3658, #554 ) ;
#1867 = EDGE_CURVE ( 'NONE', #2937, #1852, #4999, .T. ) ;
#1868 = CARTESIAN_POINT ( 'NONE',  ( -0.4776969600710501140, 0.0000000000000000000, 1.010000000001222142 ) ) ;
#1869 = VECTOR ( 'NONE', #5817, 1000.000000000000000 ) ;
#1870 = DIRECTION ( 'NONE',  ( -0.0000000000000000000, -1.000000000000000000, -0.0000000000000000000 ) ) ;
#1871 = UNCERTAINTY_MEASURE_WITH_UNIT (LENGTH_MEASURE( 1.000000000000000082E-05 ), #5147, 'distance_accuracy_value', 'NONE');
#1872 = ORIENTED_EDGE ( 'NONE', *, *, #4617, .T. ) ;
#1873 = AXIS2_PLACEMENT_3D ( 'NONE', #3742, #1017, #2894 ) ;
#1874 = CARTESIAN_POINT ( 'NONE',  ( 1.004999999999256488, 0.0000000000000000000, 0.8600000000011931434 ) ) ;
#1875 = DIRECTION ( 'NONE',  ( 1.000000000000000000, 0.0000000000000000000, 0.0000000000000000000 ) ) ;
#1876 = CARTESIAN_POINT ( 'NONE',  ( 0.4799999999993995181, 0.06350000000000000089, -0.9849999999999841105 ) ) ;
#1877 = VECTOR ( 'NONE', #2401, 1000.000000000000000 ) ;
#1878 = ORIENTED_EDGE ( 'NONE', *, *, #4565, .F. ) ;
#1879 = ORIENTED_EDGE ( 'NONE', *, *, #5818, .F. ) ;
#1880 = EDGE_LOOP ( 'NONE', ( #5756, #803 ) ) ;
#1881 = DIRECTION ( 'NONE',  ( -0.0000000000000000000, -1.000000000000000000, -0.0000000000000000000 ) ) ;
#1882 = CARTESIAN_POINT ( 'NONE',  ( 1.059668451015293167, -0.08000000000002678580, -0.9994467618417960386 ) ) ;
#1883 = EDGE_CURVE ( 'NONE', #3067, #3384, #4458, .T. ) ;
#1884 = ORIENTED_EDGE ( 'NONE', *, *, #4244, .F. ) ;
#1885 = FACE_OUTER_BOUND ( 'NONE', #703, .T. ) ;
#1887 = LINE ( 'NONE', #960, #1877 ) ;
#1886 = VECTOR ( 'NONE', #3833, 1000.000000000000000 ) ;
#1888 = ADVANCED_FACE ( 'NONE', ( #5860 ), #1768, .F. ) ;
#1889 = DIRECTION ( 'NONE',  ( 1.000000000000000000, 2.106215023402124579E-29, -1.206487916730494377E-15 ) ) ;
#1890 = DIRECTION ( 'NONE',  ( 0.0000000000000000000, -1.000000000000000000, 0.0000000000000000000 ) ) ;
#1891 = VECTOR ( 'NONE', #2685, 1000.000000000000114 ) ;
#1892 = FACE_OUTER_BOUND ( 'NONE', #5814, .T. ) ;
#1893 = ORIENTED_EDGE ( 'NONE', *, *, #725, .F. ) ;
#1894 = CARTESIAN_POINT ( 'NONE',  ( 1.252931991327241645, -0.0000000000000000000, -0.6424744324494752190 ) ) ;
#1895 = AXIS2_PLACEMENT_3D ( 'NONE', #2451, #2875, #11 ) ;
#1896 = CIRCLE ( 'NONE', #2965, 0.02727272727272712916 ) ;
#1897 = CARTESIAN_POINT ( 'NONE',  ( 0.1702182916157836956, 0.0000000000000000000, -0.9503329334420860253 ) ) ;
#1898 = CARTESIAN_POINT ( 'NONE',  ( -1.000000000001222134, 0.06350000000000000089, -0.7500000000000284217 ) ) ;
#1899 = VECTOR ( 'NONE', #752, 1000.000000000000000 ) ;
#1900 = CARTESIAN_POINT ( 'NONE',  ( 0.6473668145331037405, 0.01999999999996719680, -0.6547194891145217133 ) ) ;
#1901 = ORIENTED_EDGE ( 'NONE', *, *, #3821, .T. ) ;
#1902 = VECTOR ( 'NONE', #1296, 1000.000000000000000 ) ;
#1903 = VECTOR ( 'NONE', #1249, 1000.000000000000000 ) ;
#1904 = ADVANCED_FACE ( 'NONE', ( #2654 ), #3619, .F. ) ;
#1905 = FACE_OUTER_BOUND ( 'NONE', #4807, .T. ) ;
#1906 = PRESENTATION_LAYER_ASSIGNMENT (  '', '', ( #4892 ) ) ;
#1907 = AXIS2_PLACEMENT_3D ( 'NONE', #4870, #2064, #4299 ) ;
#1908 = ORIENTED_EDGE ( 'NONE', *, *, #55, .T. ) ;
#1909 = EDGE_LOOP ( 'NONE', ( #4243, #1445, #1668, #1419 ) ) ;
#1910 = ORIENTED_EDGE ( 'NONE', *, *, #4796, .T. ) ;
#1911 = PRODUCT ( 'SOT1118D Mold body', 'SOT1118D Mold body', '', ( #4914 ) ) ;
#1912 = VECTOR ( 'NONE', #3063, 1000.000000000000000 ) ;
#1913 = DIRECTION ( 'NONE',  ( -1.000000000000000000, 0.0000000000000000000, 0.0000000000000000000 ) ) ;
#1914 = LINE ( 'NONE', #1939, #5510 ) ;
#1915 = ORIENTED_EDGE ( 'NONE', *, *, #3958, .T. ) ;
#1916 = CARTESIAN_POINT ( 'NONE',  ( 0.9999999999976694198, 0.06350000000000000089, 0.4218629150116726123 ) ) ;
#1917 = CARTESIAN_POINT ( 'NONE',  ( 0.0000000000000000000, 0.0000000000000000000, 0.0000000000000000000 ) ) ;
#1918 = CARTESIAN_POINT ( 'NONE',  ( -0.1723030399313822680, 0.0000000000000000000, 1.000000000001161737 ) ) ;
#1919 = CARTESIAN_POINT ( 'NONE',  ( 0.1500000000023149482, 0.06350000000000000089, 0.7500000000000284217 ) ) ;
#1920 = EDGE_CURVE ( 'NONE', #2552, #516, #5445, .T. ) ;
#1921 =( NAMED_UNIT ( * ) SI_UNIT ( $, .STERADIAN. ) SOLID_ANGLE_UNIT ( ) );
#1922 = VERTEX_POINT ( 'NONE', #5106 ) ;
#1923 = EDGE_CURVE ( 'NONE', #1607, #5013, #5601, .T. ) ;
#1924 = CARTESIAN_POINT ( 'NONE',  ( 0.1500000000023149482, 0.0000000000000000000, 1.010000000001161746 ) ) ;
#1925 = CARTESIAN_POINT ( 'NONE',  ( 0.8000000000016882495, 0.0000000000000000000, 1.010000000001208820 ) ) ;
#1926 = EDGE_CURVE ( 'NONE', #636, #2754, #1914, .T. ) ;
#1927 = CARTESIAN_POINT ( 'NONE',  ( 0.6473668145331037405, -0.0000000000000000000, -1.344174034569067588 ) ) ;
#1928 = DIRECTION ( 'NONE',  ( -0.0000000000000000000, -1.000000000000000000, -0.0000000000000000000 ) ) ;
#1929 = UNCERTAINTY_MEASURE_WITH_UNIT (LENGTH_MEASURE( 1.000000000000000082E-05 ), #5290, 'distance_accuracy_value', 'NONE');
#1930 = ORIENTED_EDGE ( 'NONE', *, *, #112, .F. ) ;
#1931 = PLANE ( 'NONE',  #3796 ) ;
#1932 = DIRECTION ( 'NONE',  ( -1.000000000000000000, 0.0000000000000000000, 0.0000000000000000000 ) ) ;
#1933 = ORIENTED_EDGE ( 'NONE', *, *, #4873, .T. ) ;
#1934 = ORIENTED_EDGE ( 'NONE', *, *, #3519, .T. ) ;
#1935 = ORIENTED_EDGE ( 'NONE', *, *, #1867, .T. ) ;
#1936 = ADVANCED_FACE ( 'NONE', ( #1858 ), #3276, .F. ) ;
#1937 = FACE_OUTER_BOUND ( 'NONE', #730, .T. ) ;
#1938 = VECTOR ( 'NONE', #3755, 1000.000000000000000 ) ;
#1939 = CARTESIAN_POINT ( 'NONE',  ( -0.1499999999996504130, 0.06350000000000000089, -1.009999999997669429 ) ) ;
#1940 = ORIENTED_EDGE ( 'NONE', *, *, #2297, .F. ) ;
#1941 = PLANE ( 'NONE',  #3352 ) ;
#1942 = CARTESIAN_POINT ( 'NONE',  ( -0.4300000000009355783, 0.0000000000000000000, -0.9549999999994245314 ) ) ;
#1943 = MECHANICAL_DESIGN_GEOMETRIC_PRESENTATION_REPRESENTATION (  '', ( #4833 ), #5506 ) ;
#1944 = CARTESIAN_POINT ( 'NONE',  ( -1.000000000001222134, 0.0000000000000000000, 0.07000000000090267349 ) ) ;
#1945 = FILL_AREA_STYLE ('',( #1045 ) ) ;
#1946 = CARTESIAN_POINT ( 'NONE',  ( 1.004999999999256488, 0.0000000000000000000, 0.7500000000000284217 ) ) ;
#1947 = VECTOR ( 'NONE', #4753, 1000.000000000000000 ) ;
#1948 = CARTESIAN_POINT ( 'NONE',  ( 1.301703051422919089, -0.08000000000002167877, -1.292355852750886713 ) ) ;
#1949 = ORIENTED_EDGE ( 'NONE', *, *, #3786, .F. ) ;
#1950 = LINE ( 'NONE', #1458, #4168 ) ;
#1951 = ADVANCED_FACE ( 'NONE', ( #4202 ), #956, .T. ) ;
#1952 = DIRECTION ( 'NONE',  ( 1.000000000000000000, 0.0000000000000000000, 0.0000000000000000000 ) ) ;
#1953 = FILL_AREA_STYLE_COLOUR ( '', #5169 ) ;
#1954 =( NAMED_UNIT ( * ) SI_UNIT ( $, .STERADIAN. ) SOLID_ANGLE_UNIT ( ) );
#1955 = ADVANCED_FACE ( 'NONE', ( #5498 ), #1478, .F. ) ;
#1956 = LINE ( 'NONE', #3291, #1286 ) ;
#1957 = ORIENTED_EDGE ( 'NONE', *, *, #2145, .F. ) ;
#1958 = DIRECTION ( 'NONE',  ( 0.0000000000000000000, 1.000000000000000000, -0.0000000000000000000 ) ) ;
#1959 = EDGE_CURVE ( 'NONE', #3284, #5816, #562, .T. ) ;
#1960 = CIRCLE ( 'NONE', #5326, 0.04999999999924899241 ) ;
#1961 = LINE ( 'NONE', #3722, #2961 ) ;
#1962 =( NAMED_UNIT ( * ) PLANE_ANGLE_UNIT ( ) SI_UNIT ( $, .RADIAN. ) );
#1963 = ORIENTED_EDGE ( 'NONE', *, *, #5393, .F. ) ;
#1964 = ORIENTED_EDGE ( 'NONE', *, *, #4354, .T. ) ;
#1965 = VECTOR ( 'NONE', #3601, 1000.000000000000000 ) ;
#1966 = VERTEX_POINT ( 'NONE', #4607 ) ;
#1967 = ADVANCED_FACE ( 'NONE', ( #4577 ), #3760, .T. ) ;
#1968 = CARTESIAN_POINT ( 'NONE',  ( -0.8100000000013096724, 0.06350000000000000089, -0.9503329334421550811 ) ) ;
#1969 = VECTOR ( 'NONE', #5211, 1000.000000000000000 ) ;
#1970 = DIRECTION ( 'NONE',  ( -0.0000000000000000000, -0.0000000000000000000, 1.000000000000000000 ) ) ;
#1971 = ORIENTED_EDGE ( 'NONE', *, *, #3196, .F. ) ;
#1972 = FACE_OUTER_BOUND ( 'NONE', #825, .T. ) ;
#1973 = DIRECTION ( 'NONE',  ( -0.0000000000000000000, 1.000000000000000000, -0.0000000000000000000 ) ) ;
#1974 = DIRECTION ( 'NONE',  ( 0.0000000000000000000, -0.0000000000000000000, 1.000000000000000000 ) ) ;
#1975 = FACE_OUTER_BOUND ( 'NONE', #126, .T. ) ;
#1976 = CARTESIAN_POINT ( 'NONE',  ( 1.239321287623428747, -0.08000000000002101264, -1.329875955455207759 ) ) ;
#1977 = CARTESIAN_POINT ( 'NONE',  ( 0.9999999999976694198, 0.06350000000000000089, -0.06999999999734995981 ) ) ;
#1978 = VERTEX_POINT ( 'NONE', #1833 ) ;
#1979 = LINE ( 'NONE', #4696, #3119 ) ;
#1980 = CARTESIAN_POINT ( 'NONE',  ( 0.4299999999982951349, 0.06350000000000000089, -0.9549999999993434852 ) ) ;
#1981 = AXIS2_PLACEMENT_3D ( 'NONE', #2693, #1280, #844 ) ;
#1982 = CARTESIAN_POINT ( 'NONE',  ( -0.8100000000013096724, 0.06350000000000000089, -1.009999999997705400 ) ) ;
#1983 = PLANE ( 'NONE',  #353 ) ;
#1984 = LINE ( 'NONE', #635, #5908 ) ;
#1985 = UNCERTAINTY_MEASURE_WITH_UNIT (LENGTH_MEASURE( 1.000000000000000082E-05 ), #2307, 'distance_accuracy_value', 'NONE');
#1986 = VECTOR ( 'NONE', #4106, 1000.000000000000114 ) ;
#1987 = ORIENTED_EDGE ( 'NONE', *, *, #3325, .F. ) ;
#1988 = LINE ( 'NONE', #1027, #3508 ) ;
#1989 = VECTOR ( 'NONE', #602, 1000.000000000000000 ) ;
#1990 = ADVANCED_FACE ( 'NONE', ( #3221 ), #447, .F. ) ;
#1991 = FILL_AREA_STYLE ('',( #4319 ) ) ;
#1992 = EDGE_CURVE ( 'NONE', #5627, #777, #2315, .T. ) ;
#1993 = SURFACE_SIDE_STYLE ('',( #3780 ) ) ;
#1994 = PRESENTATION_LAYER_ASSIGNMENT (  '', '', ( #1712 ) ) ;
#1995 = VERTEX_POINT ( 'NONE', #3702 ) ;
#1996 = ORIENTED_EDGE ( 'NONE', *, *, #1432, .F. ) ;
#1997 = ORIENTED_EDGE ( 'NONE', *, *, #4244, .T. ) ;
#1998 = CIRCLE ( 'NONE', #5467, 0.009818181818181800566 ) ;
#1999 = ADVANCED_FACE ( 'NONE', ( #2367 ), #4178, .F. ) ;
#2000 = CARTESIAN_POINT ( 'NONE',  ( -0.1700000000006696155, 0.06350000000000000089, 0.9616911592296162326 ) ) ;
#2001 = VECTOR ( 'NONE', #839, 1000.000000000000000 ) ;
#2002 = EDGE_CURVE ( 'NONE', #2486, #5286, #2493, .T. ) ;
#2003 = DIRECTION ( 'NONE',  ( 1.000000000000000000, 0.0000000000000000000, -1.206487916730494377E-15 ) ) ;
#2004 = ORIENTED_EDGE ( 'NONE', *, *, #42, .T. ) ;
#2005 = CARTESIAN_POINT ( 'NONE',  ( -0.8100000000013096724, 0.06350000000000000089, -0.9503329334421550811 ) ) ;
#2006 = EDGE_CURVE ( 'NONE', #1519, #2837, #2549, .T. ) ;
#2007 = AXIS2_PLACEMENT_3D ( 'NONE', #2800, #4185, #5086 ) ;
#2008 = CARTESIAN_POINT ( 'NONE',  ( 0.9999999999976694198, 0.0000000000000000000, 0.07000000000090267349 ) ) ;
#2009 = CARTESIAN_POINT ( 'NONE',  ( 0.1700000000011555046, 0.06350000000000000089, -0.9549999999975867793 ) ) ;
#2010 = CIRCLE ( 'NONE', #1136, 0.04999999999830899433 ) ;
#2011 = ORIENTED_EDGE ( 'NONE', *, *, #998, .T. ) ;
#2012 = FACE_OUTER_BOUND ( 'NONE', #5673, .T. ) ;
#2013 = ORIENTED_EDGE ( 'NONE', *, *, #3039, .F. ) ;
#2014 = DIRECTION ( 'NONE',  ( 1.000000000000000000, 0.0000000000000000000, 0.0000000000000000000 ) ) ;
#2015 = ADVANCED_FACE ( 'NONE', ( #197 ), #5691, .F. ) ;
#2016 = DIRECTION ( 'NONE',  ( -1.000000000000000000, 0.0000000000000000000, 0.0000000000000000000 ) ) ;
#2017 = SURFACE_STYLE_USAGE ( .BOTH. , #4700 ) ;
#2018 = CARTESIAN_POINT ( 'NONE',  ( -0.4999999999970583531, 0.06350000000000000089, 0.7500000000000284217 ) ) ;
#2019 = CARTESIAN_POINT ( 'NONE',  ( 0.4799999999993995181, 0.0000000000000000000, -0.9549999999993434852 ) ) ;
#2020 = DIRECTION ( 'NONE',  ( -1.000000000000000000, 0.0000000000000000000, 0.0000000000000000000 ) ) ;
#2021 = ORIENTED_EDGE ( 'NONE', *, *, #147, .T. ) ;
#2022 =( NAMED_UNIT ( * ) SI_UNIT ( $, .STERADIAN. ) SOLID_ANGLE_UNIT ( ) );
#2023 = DIRECTION ( 'NONE',  ( 0.0000000000000000000, 0.0000000000000000000, -1.000000000000000000 ) ) ;
#2024 = ORIENTED_EDGE ( 'NONE', *, *, #999, .F. ) ;
#2025 = ORIENTED_EDGE ( 'NONE', *, *, #5809, .F. ) ;
#2026 = ORIENTED_EDGE ( 'NONE', *, *, #171, .T. ) ;
#2027 = EDGE_CURVE ( 'NONE', #3358, #4045, #3002, .T. ) ;
#2028 = DIRECTION ( 'NONE',  ( -1.000000000000000000, 0.0000000000000000000, 0.0000000000000000000 ) ) ;
#2029 = DIRECTION ( 'NONE',  ( -1.000000000000000000, 0.0000000000000000000, 0.0000000000000000000 ) ) ;
#2030 = ORIENTED_EDGE ( 'NONE', *, *, #4597, .T. ) ;
#2031 = ORIENTED_EDGE ( 'NONE', *, *, #680, .F. ) ;
#2032 = EDGE_CURVE ( 'NONE', #5490, #4683, #5222, .T. ) ;
#2033 = DIRECTION ( 'NONE',  ( 0.0000000000000000000, 0.0000000000000000000, -1.000000000000000000 ) ) ;
#2034 = CARTESIAN_POINT ( 'NONE',  ( 0.8080666877865554376, -0.08000000000002678580, -0.9994467618417960386 ) ) ;
#2035 = VECTOR ( 'NONE', #3230, 1000.000000000000000 ) ;
#2036 = DIRECTION ( 'NONE',  ( 1.000000000000000000, 0.0000000000000000000, -0.0000000000000000000 ) ) ;
#2037 = DIRECTION ( 'NONE',  ( 0.0000000000000000000, 0.0000000000000000000, 1.000000000000000000 ) ) ;
#2038 = ORIENTED_EDGE ( 'NONE', *, *, #707, .F. ) ;
#2039 = FACE_OUTER_BOUND ( 'NONE', #5654, .T. ) ;
#2040 = DIRECTION ( 'NONE',  ( 0.0000000000000000000, 0.0000000000000000000, -1.000000000000000000 ) ) ;
#2041 = ORIENTED_EDGE ( 'NONE', *, *, #3325, .T. ) ;
#2042 = MECHANICAL_DESIGN_GEOMETRIC_PRESENTATION_REPRESENTATION (  '', ( #3976 ), #697 ) ;
#2043 = DIRECTION ( 'NONE',  ( -1.000000000000000000, -0.0000000000000000000, -0.0000000000000000000 ) ) ;
#2044 = DIRECTION ( 'NONE',  ( 0.0000000000000000000, -1.000000000000000000, -1.745740669421566678E-14 ) ) ;
#2045 = PLANE ( 'NONE',  #2289 ) ;
#2046 = VECTOR ( 'NONE', #1845, 1000.000000000000000 ) ;
#2047 = EDGE_CURVE ( 'NONE', #3358, #99, #4714, .T. ) ;
#2048 = DIRECTION ( 'NONE',  ( 0.0000000000000000000, -1.000000000000000000, -1.745740669421566678E-14 ) ) ;
#2049 = EDGE_LOOP ( 'NONE', ( #942, #826, #1755, #1464 ) ) ;
#2050 = FILL_AREA_STYLE_COLOUR ( '', #1455 ) ;
#2051 = ORIENTED_EDGE ( 'NONE', *, *, #3444, .T. ) ;
#2052 = ORIENTED_EDGE ( 'NONE', *, *, #3707, .F. ) ;
#2053 = ORIENTED_EDGE ( 'NONE', *, *, #3718, .F. ) ;
#2054 = VECTOR ( 'NONE', #4461, 1000.000000000000000 ) ;
#2055 = DIRECTION ( 'NONE',  ( -0.0000000000000000000, -0.0000000000000000000, -1.000000000000000000 ) ) ;
#2056 = DIRECTION ( 'NONE',  ( -0.0000000000000000000, 1.000000000000000000, 1.745740669421566678E-14 ) ) ;
#2057 = VECTOR ( 'NONE', #5410, 1000.000000000000000 ) ;
#2058 = ORIENTED_EDGE ( 'NONE', *, *, #5897, .F. ) ;
#2059 = VERTEX_POINT ( 'NONE', #710 ) ;
#2060 = ORIENTED_EDGE ( 'NONE', *, *, #2849, .F. ) ;
#2061 = DIRECTION ( 'NONE',  ( 1.000000000000000000, -0.0000000000000000000, 0.0000000000000000000 ) ) ;
#2062 =( GEOMETRIC_REPRESENTATION_CONTEXT ( 3 ) GLOBAL_UNCERTAINTY_ASSIGNED_CONTEXT ( ( #1381 ) ) GLOBAL_UNIT_ASSIGNED_CONTEXT ( ( #2748, #2323, #3256 ) ) REPRESENTATION_CONTEXT ( 'NONE', 'WORKASPACE' ) );
#2063 = DIRECTION ( 'NONE',  ( -0.0000000000000000000, -1.000000000000000000, -0.0000000000000000000 ) ) ;
#2064 = DIRECTION ( 'NONE',  ( 0.0000000000000000000, 1.000000000000000000, 0.0000000000000000000 ) ) ;
#2065 = EDGE_CURVE ( 'NONE', #5646, #1389, #5251, .T. ) ;
#2066 = DIRECTION ( 'NONE',  ( 0.0000000000000000000, 0.0000000000000000000, 1.000000000000000000 ) ) ;
#2067 = ORIENTED_EDGE ( 'NONE', *, *, #2887, .T. ) ;
#2068 = PLANE ( 'NONE',  #5270 ) ;
#2069 = EDGE_CURVE ( 'NONE', #3920, #5370, #254, .T. ) ;
#2070 =( GEOMETRIC_REPRESENTATION_CONTEXT ( 3 ) GLOBAL_UNCERTAINTY_ASSIGNED_CONTEXT ( ( #7 ) ) GLOBAL_UNIT_ASSIGNED_CONTEXT ( ( #5003, #1310, #2715 ) ) REPRESENTATION_CONTEXT ( 'NONE', 'WORKASPACE' ) );
#2071 = CARTESIAN_POINT ( 'NONE',  ( -0.1702182916155679238, 0.06350000000000000089, -0.9503329334420860253 ) ) ;
#2072 = ORIENTED_EDGE ( 'NONE', *, *, #3188, .F. ) ;
#2073 = DIRECTION ( 'NONE',  ( -1.000000000000000000, 0.0000000000000000000, -0.0000000000000000000 ) ) ;
#2074 = CARTESIAN_POINT ( 'NONE',  ( -1.000000000001222134, 0.06350000000000000089, 0.07000000000090267349 ) ) ;
#2075 = EDGE_CURVE ( 'NONE', #3727, #2363, #3389, .T. ) ;
#2076 = DIRECTION ( 'NONE',  ( 1.000000000000000000, -0.0000000000000000000, 0.0000000000000000000 ) ) ;
#2077 = ORIENTED_EDGE ( 'NONE', *, *, #563, .F. ) ;
#2078 = CARTESIAN_POINT ( 'NONE',  ( 0.9741903303925880664, 0.0000000000000000000, 0.8600000000011931434 ) ) ;
#2079 = VECTOR ( 'NONE', #1538, 1000.000000000000000 ) ;
#2080 =( NAMED_UNIT ( * ) PLANE_ANGLE_UNIT ( ) SI_UNIT ( $, .RADIAN. ) );
#2081 = CARTESIAN_POINT ( 'NONE',  ( -1.000000000001222134, 0.0000000000000000000, -0.5403092531652831099 ) ) ;
#2082 = VECTOR ( 'NONE', #1932, 1000.000000000000000 ) ;
#2083 = ORIENTED_EDGE ( 'NONE', *, *, #97, .F. ) ;
#2084 = ORIENTED_EDGE ( 'NONE', *, *, #3668, .T. ) ;
#2085 = ORIENTED_EDGE ( 'NONE', *, *, #5573, .F. ) ;
#2086 = EDGE_CURVE ( 'NONE', #4725, #3756, #2976, .T. ) ;
#2087 = VECTOR ( 'NONE', #4930, 1000.000000000000000 ) ;
#2088 = VECTOR ( 'NONE', #4248, 1000.000000000000000 ) ;
#2089 = CARTESIAN_POINT ( 'NONE',  ( 0.8000000000016882495, 0.06350000000000000089, -0.9503329334420737018 ) ) ;
#2090 = CIRCLE ( 'NONE', #2859, 0.04999999999982589899 ) ;
#2091 = CARTESIAN_POINT ( 'NONE',  ( -0.4999999999970583531, 0.0000000000000000000, 1.010000000001222142 ) ) ;
#2092 = ORIENTED_EDGE ( 'NONE', *, *, #2436, .F. ) ;
#2093 = ORIENTED_EDGE ( 'NONE', *, *, #114, .T. ) ;
#2094 = ORIENTED_EDGE ( 'NONE', *, *, #998, .F. ) ;
#2095 = FACE_OUTER_BOUND ( 'NONE', #1157, .T. ) ;
#2096 = AXIS2_PLACEMENT_3D ( 'NONE', #2246, #3157, #1760 ) ;
#2097 = COLOUR_RGB ( '',0.7686274509803920907, 0.7686274509803920907, 0.7686274509803920907 ) ;
#2098 = DIRECTION ( 'NONE',  ( -1.000000000000000000, 0.0000000000000000000, 0.0000000000000000000 ) ) ;
#2099 = DIRECTION ( 'NONE',  ( -0.0000000000000000000, 0.0000000000000000000, -1.000000000000000000 ) ) ;
#2100 = PLANE ( 'NONE',  #1648 ) ;
#2101 = ORIENTED_EDGE ( 'NONE', *, *, #2069, .T. ) ;
#2102 = CARTESIAN_POINT ( 'NONE',  ( 0.1723030399283231873, 0.0000000000000000000, -1.009999999997669429 ) ) ;
#2103 = LINE ( 'NONE', #760, #1466 ) ;
#2104 = EDGE_LOOP ( 'NONE', ( #2598, #1940, #2139, #2575 ) ) ;
#2105 = DIRECTION ( 'NONE',  ( 0.0000000000000000000, -0.0000000000000000000, 1.000000000000000000 ) ) ;
#2106 = ADVANCED_FACE ( 'NONE', ( #3454 ), #4804, .F. ) ;
#2107 = VECTOR ( 'NONE', #341, 1000.000000000000000 ) ;
#2108 = CARTESIAN_POINT ( 'NONE',  ( -0.1723030399292113934, 0.06350000000000000089, -1.009999999997669429 ) ) ;
#2109 = DIRECTION ( 'NONE',  ( 0.4562858356710386420, -1.553418116443667295E-14, 0.8898332631262904080 ) ) ;
#2110 = ORIENTED_EDGE ( 'NONE', *, *, #2787, .T. ) ;
#2111 = ADVANCED_FACE ( 'NONE', ( #679 ), #2427, .F. ) ;
#2112 = DIRECTION ( 'NONE',  ( 0.0000000000000000000, -1.000000000000000000, 0.0000000000000000000 ) ) ;
#2113 = EDGE_CURVE ( 'NONE', #223, #321, #5755, .T. ) ;
#2114 = CARTESIAN_POINT ( 'NONE',  ( 0.1500000000005385914, 0.06350000000000000089, -1.009999999997669429 ) ) ;
#2115 = ORIENTED_EDGE ( 'NONE', *, *, #238, .T. ) ;
#2116 = ORIENTED_EDGE ( 'NONE', *, *, #4343, .F. ) ;
#2117 = DIRECTION ( 'NONE',  ( 0.0000000000000000000, -1.000000000000000000, 0.0000000000000000000 ) ) ;
#2118 = DIRECTION ( 'NONE',  ( -1.000000000000000000, 0.0000000000000000000, 0.0000000000000000000 ) ) ;
#2119 = FACE_OUTER_BOUND ( 'NONE', #5298, .T. ) ;
#2120 = ORIENTED_EDGE ( 'NONE', *, *, #97, .T. ) ;
#2121 = ORIENTED_EDGE ( 'NONE', *, *, #1016, .T. ) ;
#2122 = ORIENTED_EDGE ( 'NONE', *, *, #303, .T. ) ;
#2123 = ADVANCED_FACE ( 'NONE', ( #1037 ), #4357, .F. ) ;
#2124 = CARTESIAN_POINT ( 'NONE',  ( 0.1723030399288168479, 0.0000000000000000000, 1.000000000001161737 ) ) ;
#2125 = LINE ( 'NONE', #3949, #2188 ) ;
#2126 = FILL_AREA_STYLE ('',( #657 ) ) ;
#2127 = CARTESIAN_POINT ( 'NONE',  ( -0.6749999999993150368, 0.1270000000000000018, -0.4499999999998391953 ) ) ;
#2128 = CARTESIAN_POINT ( 'NONE',  ( -0.8100000000013096724, 0.0000000000000000000, -0.9503329334421550811 ) ) ;
#2129 = ORIENTED_EDGE ( 'NONE', *, *, #5488, .F. ) ;
#2130 = CARTESIAN_POINT ( 'NONE',  ( 0.5000000000006110668, 0.06350000000000000089, -1.009999999997669429 ) ) ;
#2131 = CARTESIAN_POINT ( 'NONE',  ( 0.1702182916157836956, 0.06350000000000000089, -0.9503329334420860253 ) ) ;
#2132 = ORIENTED_EDGE ( 'NONE', *, *, #3709, .T. ) ;
#2133 = AXIS2_PLACEMENT_3D ( 'NONE', #3462, #1216, #3526 ) ;
#2134 = PLANE ( 'NONE',  #3633 ) ;
#2135 = ITEM_DEFINED_TRANSFORMATION ( 'NONE', 'NONE', #4610,  #2872 ) ;
#2136 = DIRECTION ( 'NONE',  ( -0.0000000000000000000, -0.0000000000000000000, 1.000000000000000000 ) ) ;
#2137 =( GEOMETRIC_REPRESENTATION_CONTEXT ( 3 ) GLOBAL_UNCERTAINTY_ASSIGNED_CONTEXT ( ( #910 ) ) GLOBAL_UNIT_ASSIGNED_CONTEXT ( ( #4596, #1442, #5101 ) ) REPRESENTATION_CONTEXT ( 'NONE', 'WORKASPACE' ) );
#2138 = PLANE ( 'NONE',  #2660 ) ;
#2139 = ORIENTED_EDGE ( 'NONE', *, *, #3274, .F. ) ;
#2140 = CARTESIAN_POINT ( 'NONE',  ( 0.9741903303925880664, 0.06350000000000000089, -0.8599999999976404297 ) ) ;
#2141 = VECTOR ( 'NONE', #142, 1000.000000000000000 ) ;
#2142 = LINE ( 'NONE', #3573, #4308 ) ;
#2143 = EDGE_CURVE ( 'NONE', #2217, #3999, #5720, .T. ) ;
#2144 = PLANE ( 'NONE',  #4043 ) ;
#2145 = EDGE_CURVE ( 'NONE', #688, #5415, #1604, .T. ) ;
#2146 = ORIENTED_EDGE ( 'NONE', *, *, #5154, .T. ) ;
#2147 = AXIS2_PLACEMENT_3D ( 'NONE', #5291, #1070, #3424 ) ;
#2148 = VERTEX_POINT ( 'NONE', #2911 ) ;
#2149 = EDGE_CURVE ( 'NONE', #5518, #5013, #4741, .T. ) ;
#2150 = CARTESIAN_POINT ( 'NONE',  ( 0.8000000000016882495, 0.06350000000000000089, -0.0000000000000000000 ) ) ;
#2151 = CYLINDRICAL_SURFACE ( 'NONE', #1220, 0.05000000000182788090 ) ;
#2152 = CARTESIAN_POINT ( 'NONE',  ( 0.8000000000016882495, 0.06350000000000000089, 1.010000000001208820 ) ) ;
#2153 = VERTEX_POINT ( 'NONE', #164 ) ;
#2154 = ADVANCED_FACE ( 'NONE', ( #2119 ), #5783, .T. ) ;
#2155 = ORIENTED_EDGE ( 'NONE', *, *, #3891, .T. ) ;
#2156 = ORIENTED_EDGE ( 'NONE', *, *, #495, .T. ) ;
#2157 = CARTESIAN_POINT ( 'NONE',  ( 0.8099999999986731147, 0.06350000000000000089, -0.9503329334420737018 ) ) ;
#2158 = CARTESIAN_POINT ( 'NONE',  ( -0.9683780866076574512, 0.06350000000000000089, 0.7500000000000284217 ) ) ;
#2159 = AXIS2_PLACEMENT_3D ( 'NONE', #716, #4454, #3915 ) ;
#2160 = FACE_OUTER_BOUND ( 'NONE', #5879, .T. ) ;
#2161 = LINE ( 'NONE', #2653, #3723 ) ;
#2162 =( LENGTH_UNIT ( ) NAMED_UNIT ( * ) SI_UNIT ( .MILLI., .METRE. ) );
#2163 = EDGE_LOOP ( 'NONE', ( #5261, #2705, #1340, #3413 ) ) ;
#2164 = DIRECTION ( 'NONE',  ( -0.0000000000000000000, -1.000000000000000000, -0.0000000000000000000 ) ) ;
#2165 = DIRECTION ( 'NONE',  ( -0.0000000000000000000, -1.000000000000000000, -0.0000000000000000000 ) ) ;
#2166 = EDGE_LOOP ( 'NONE', ( #2540, #5273, #465, #1692, #4443, #1418 ) ) ;
#2167 = CIRCLE ( 'NONE', #627, 0.1000000000000000472 ) ;
#2168 = LINE ( 'NONE', #5830, #4591 ) ;
#2169 = SURFACE_SIDE_STYLE ('',( #5006 ) ) ;
#2170 = DIRECTION ( 'NONE',  ( -1.000000000000000000, -0.0000000000000000000, -0.0000000000000000000 ) ) ;
#2171 = LINE ( 'NONE', #1689, #1681 ) ;
#2172 = LINE ( 'NONE', #1690, #2208 ) ;
#2173 = VECTOR ( 'NONE', #487, 1000.000000000000000 ) ;
#2174 = ORIENTED_EDGE ( 'NONE', *, *, #5931, .T. ) ;
#2175 = ORIENTED_EDGE ( 'NONE', *, *, #2113, .T. ) ;
#2176 =( NAMED_UNIT ( * ) PLANE_ANGLE_UNIT ( ) SI_UNIT ( $, .RADIAN. ) );
#2177 = LINE ( 'NONE', #1823, #5934 ) ;
#2178 = EDGE_CURVE ( 'NONE', #3650, #4785, #5117, .T. ) ;
#2179 = AXIS2_PLACEMENT_3D ( 'NONE', #4072, #4582, #2716 ) ;
#2180 = CARTESIAN_POINT ( 'NONE',  ( 0.5000000000006110668, 0.1270000000000000018, 0.7500000000000284217 ) ) ;
#2181 = ORIENTED_EDGE ( 'NONE', *, *, #303, .F. ) ;
#2182 = ORIENTED_EDGE ( 'NONE', *, *, #5393, .T. ) ;
#2183 = EDGE_LOOP ( 'NONE', ( #2467, #1505, #3991, #5723, #4347 ) ) ;
#2184 = VECTOR ( 'NONE', #1522, 1000.000000000000000 ) ;
#2185 = DIRECTION ( 'NONE',  ( -0.0000000000000000000, -0.0000000000000000000, 1.000000000000000000 ) ) ;
#2186 = CIRCLE ( 'NONE', #459, 0.02727272727272712916 ) ;
#2187 = EDGE_CURVE ( 'NONE', #957, #289, #3126, .T. ) ;
#2188 = VECTOR ( 'NONE', #3104, 1000.000000000000000 ) ;
#2189 = ADVANCED_FACE ( 'NONE', ( #1205 ), #4448, .F. ) ;
#2190 = LINE ( 'NONE', #4123, #3824 ) ;
#2191 = DIRECTION ( 'NONE',  ( 0.0000000000000000000, -1.000000000000000000, 0.0000000000000000000 ) ) ;
#2192 = LINE ( 'NONE', #5859, #60 ) ;
#2193 = FACE_OUTER_BOUND ( 'NONE', #1470, .T. ) ;
#2194 =( GEOMETRIC_REPRESENTATION_CONTEXT ( 3 ) GLOBAL_UNCERTAINTY_ASSIGNED_CONTEXT ( ( #66 ) ) GLOBAL_UNIT_ASSIGNED_CONTEXT ( ( #1259, #5898, #3629 ) ) REPRESENTATION_CONTEXT ( 'NONE', 'WORKASPACE' ) );
#2195 = ORIENTED_EDGE ( 'NONE', *, *, #5897, .T. ) ;
#2196 = PLANE ( 'NONE',  #471 ) ;
#2197 = DIRECTION ( 'NONE',  ( -1.000000000000000000, -0.0000000000000000000, -0.0000000000000000000 ) ) ;
#2198 = ORIENTED_EDGE ( 'NONE', *, *, #2143, .T. ) ;
#2199 = VECTOR ( 'NONE', #2766, 1000.000000000000000 ) ;
#2200 = EDGE_CURVE ( 'NONE', #5576, #1826, #3609, .T. ) ;
#2201 = DIRECTION ( 'NONE',  ( 1.000000000000000000, 0.0000000000000000000, 0.0000000000000000000 ) ) ;
#2202 = CARTESIAN_POINT ( 'NONE',  ( -0.4799999999999201572, 0.06350000000000000089, 0.9616911592296162326 ) ) ;
#2203 = CARTESIAN_POINT ( 'NONE',  ( -0.1549999999985729460, 0.1270000000000000018, -0.4499999999998394173 ) ) ;
#2204 = VECTOR ( 'NONE', #484, 1000.000000000000000 ) ;
#2205 = ADVANCED_FACE ( 'NONE', ( #1697 ), #348, .F. ) ;
#2206 = CARTESIAN_POINT ( 'NONE',  ( 0.8000000000016882495, 0.1270000000000000018, 1.010000000001208820 ) ) ;
#2207 = EDGE_CURVE ( 'NONE', #3966, #1236, #4418, .T. ) ;
#2208 = VECTOR ( 'NONE', #5399, 1000.000000000000000 ) ;
#2209 = LINE ( 'NONE', #3539, #2772 ) ;
#2210 = CARTESIAN_POINT ( 'NONE',  ( 0.9072664326886286101, 0.0000000000000000000, -1.045075345408898349 ) ) ;
#2211 = VECTOR ( 'NONE', #4223, 1000.000000000000000 ) ;
#2212 = ORIENTED_EDGE ( 'NONE', *, *, #2818, .T. ) ;
#2213 = VERTEX_POINT ( 'NONE', #5338 ) ;
#2214 = FILL_AREA_STYLE_COLOUR ( '', #2308 ) ;
#2215 = DIRECTION ( 'NONE',  ( -0.0000000000000000000, -1.000000000000000000, -0.0000000000000000000 ) ) ;
#2216 = ORIENTED_EDGE ( 'NONE', *, *, #1883, .T. ) ;
#2217 = VERTEX_POINT ( 'NONE', #2152 ) ;
#2218 = VERTEX_POINT ( 'NONE', #2180 ) ;
#2219 = LINE ( 'NONE', #1270, #2057 ) ;
#2220 = EDGE_CURVE ( 'NONE', #1110, #4649, #2677, .T. ) ;
#2221 = CARTESIAN_POINT ( 'NONE',  ( 0.0000000000000000000, 0.1270000000000000018, 1.010000000001222142 ) ) ;
#2222 = CARTESIAN_POINT ( 'NONE',  ( -0.9683780866076574512, 0.06350000000000000089, -0.06999999999734995981 ) ) ;
#2223 = CARTESIAN_POINT ( 'NONE',  ( 0.6473668145331037405, -0.08000000000002076284, -1.344174034569068699 ) ) ;
#2224 = CARTESIAN_POINT ( 'NONE',  ( 0.6375486327149217924, -0.08000000000003262834, -0.6645376709327052156 ) ) ;
#2225 = ADVANCED_FACE ( 'NONE', ( #4059 ), #4989, .F. ) ;
#2226 = ORIENTED_EDGE ( 'NONE', *, *, #3432, .F. ) ;
#2227 = DIRECTION ( 'NONE',  ( -1.000000000000000000, 0.0000000000000000000, 0.0000000000000000000 ) ) ;
#2228 = CARTESIAN_POINT ( 'NONE',  ( 1.004999999999256488, 0.06350000000000000089, 0.7500000000000284217 ) ) ;
#2229 = ADVANCED_FACE ( 'NONE', ( #3548, #2703, #3483, #1239 ), #740, .T. ) ;
#2230 = DIRECTION ( 'NONE',  ( 0.0000000000000000000, 1.000000000000000000, 0.0000000000000000000 ) ) ;
#2231 = CARTESIAN_POINT ( 'NONE',  ( 0.4299999999982951349, 0.0000000000000000000, -0.9549999999993434852 ) ) ;
#2232 = FACE_OUTER_BOUND ( 'NONE', #3967, .T. ) ;
#2233 = CARTESIAN_POINT ( 'NONE',  ( 0.7372311353813078005, -0.08000000000002124856, -1.316901307296341361 ) ) ;
#2234 = CARTESIAN_POINT ( 'NONE',  ( -0.1700000000007820533, 0.06350000000000000089, -0.9549999999993558086 ) ) ;
#2235 = SHAPE_REPRESENTATION ( 'SOT1118D LF', ( #2872 ), #1317 ) ;
#2236 = DIRECTION ( 'NONE',  ( 0.0000000000000000000, 0.0000000000000000000, 1.000000000000000000 ) ) ;
#2237 = AXIS2_PLACEMENT_3D ( 'NONE', #1266, #5876, #3066 ) ;
#2238 = EDGE_CURVE ( 'NONE', #1005, #1171, #888, .T. ) ;
#2239 = DIRECTION ( 'NONE',  ( -0.8898332631262907411, -7.965567402119367371E-15, 0.4562858356710379759 ) ) ;
#2240 =( LENGTH_UNIT ( ) NAMED_UNIT ( * ) SI_UNIT ( .MILLI., .METRE. ) );
#2241 = UNCERTAINTY_MEASURE_WITH_UNIT (LENGTH_MEASURE( 1.000000000000000082E-05 ), #3607, 'distance_accuracy_value', 'NONE');
#2242 = ORIENTED_EDGE ( 'NONE', *, *, #1155, .T. ) ;
#2243 = ORIENTED_EDGE ( 'NONE', *, *, #3851, .F. ) ;
#2244 = AXIS2_PLACEMENT_3D ( 'NONE', #4569, #1331, #4115 ) ;
#2245 = CARTESIAN_POINT ( 'NONE',  ( -0.7999999999999118927, 0.1270000000000000018, -1.009999999997705400 ) ) ;
#2246 = CARTESIAN_POINT ( 'NONE',  ( 1.230584742858188863, 0.01999999999997906230, -1.334355852750885196 ) ) ;
#2247 = DIRECTION ( 'NONE',  ( 0.0000000000000000000, -1.000000000000000000, -1.745740669421566678E-14 ) ) ;
#2248 = AXIS2_PLACEMENT_3D ( 'NONE', #1321, #3604, #909 ) ;
#2249 = ORIENTED_EDGE ( 'NONE', *, *, #4916, .T. ) ;
#2250 = ORIENTED_EDGE ( 'NONE', *, *, #3150, .F. ) ;
#2251 = VERTEX_POINT ( 'NONE', #4145 ) ;
#2252 = DIRECTION ( 'NONE',  ( 1.000000000000000000, -0.0000000000000000000, 0.0000000000000000000 ) ) ;
#2253 = CYLINDRICAL_SURFACE ( 'NONE', #2577, 0.05181818181818173552 ) ;
#2254 = CARTESIAN_POINT ( 'NONE',  ( 1.230584742858188863, 0.01999999999996719680, -0.6547194891145217133 ) ) ;
#2255 = FACE_OUTER_BOUND ( 'NONE', #2278, .T. ) ;
#2256 = ORIENTED_EDGE ( 'NONE', *, *, #2027, .F. ) ;
#2257 = CARTESIAN_POINT ( 'NONE',  ( 0.9706851247026639928, -0.08000000000002759071, -0.9538181782746922854 ) ) ;
#2258 = LINE ( 'NONE', #1342, #247 ) ;
#2259 = VECTOR ( 'NONE', #3016, 1000.000000000000000 ) ;
#2260 = EDGE_CURVE ( 'NONE', #3329, #4626, #4172, .T. ) ;
#2261 = FACE_OUTER_BOUND ( 'NONE', #5406, .T. ) ;
#2262 = DIRECTION ( 'NONE',  ( 0.0000000000000000000, -0.0000000000000000000, 1.000000000000000000 ) ) ;
#2263 = ADVANCED_FACE ( 'NONE', ( #914 ), #4673, .F. ) ;
#2264 = LINE ( 'NONE', #5920, #3173 ) ;
#2265 = VECTOR ( 'NONE', #4867, 1000.000000000000000 ) ;
#2266 = SURFACE_STYLE_USAGE ( .BOTH. , #455 ) ;
#2267 = DIRECTION ( 'NONE',  ( 1.000000000000000000, 0.0000000000000000000, 1.206487916730494377E-15 ) ) ;
#2268 = AXIS2_PLACEMENT_3D ( 'NONE', #855, #2700, #431 ) ;
#2269 = EDGE_CURVE ( 'NONE', #4505, #158, #4624, .T. ) ;
#2270 = FILL_AREA_STYLE ('',( #4943 ) ) ;
#2271 = DIRECTION ( 'NONE',  ( 0.0000000000000000000, -1.000000000000000000, 0.0000000000000000000 ) ) ;
#2272 = ORIENTED_EDGE ( 'NONE', *, *, #563, .T. ) ;
#2273 = ADVANCED_FACE ( 'NONE', ( #555 ), #3694, .F. ) ;
#2274 = DIRECTION ( 'NONE',  ( -0.0000000000000000000, 1.000000000000000000, 1.745740669421566678E-14 ) ) ;
#2275 = CARTESIAN_POINT ( 'NONE',  ( 0.1723030399288168479, 0.0000000000000000000, 1.010000000001161746 ) ) ;
#2276 = SURFACE_SIDE_STYLE ('',( #13 ) ) ;
#2277 = ORIENTED_EDGE ( 'NONE', *, *, #2847, .T. ) ;
#2278 = EDGE_LOOP ( 'NONE', ( #1151, #5873, #5000, #4712 ) ) ;
#2279 = ORIENTED_EDGE ( 'NONE', *, *, #3821, .F. ) ;
#2280 = LINE ( 'NONE', #1440, #4380 ) ;
#2281 = DIRECTION ( 'NONE',  ( -1.000000000000000000, 0.0000000000000000000, 0.0000000000000000000 ) ) ;
#2282 = CARTESIAN_POINT ( 'NONE',  ( -0.9683780866076574512, 0.06350000000000000089, 0.8600000000029695002 ) ) ;
#2283 = CARTESIAN_POINT ( 'NONE',  ( -0.4776969600710501140, 0.0000000000000000000, 1.010000000001222142 ) ) ;
#2284 = ORIENTED_EDGE ( 'NONE', *, *, #3929, .F. ) ;
#2285 = DIRECTION ( 'NONE',  ( -0.0000000000000000000, -0.0000000000000000000, 1.000000000000000000 ) ) ;
#2286 = AXIS2_PLACEMENT_3D ( 'NONE', #4170, #2903, #3805 ) ;
#2287 = FACE_OUTER_BOUND ( 'NONE', #3242, .T. ) ;
#2288 = VECTOR ( 'NONE', #1705, 1000.000000000000000 ) ;
#2289 = AXIS2_PLACEMENT_3D ( 'NONE', #3085, #5676, #4374 ) ;
#2290 = CYLINDRICAL_SURFACE ( 'NONE', #1981, 0.05999999999872328987 ) ;
#2291 = MECHANICAL_DESIGN_GEOMETRIC_PRESENTATION_REPRESENTATION (  '', ( #1691 ), #2194 ) ;
#2292 = DIRECTION ( 'NONE',  ( 1.000000000000000000, 0.0000000000000000000, -0.0000000000000000000 ) ) ;
#2293 = DIRECTION ( 'NONE',  ( -1.000000000000000000, -0.0000000000000000000, -0.0000000000000000000 ) ) ;
#2294 = AXIS2_PLACEMENT_3D ( 'NONE', #4896, #5754, #2118 ) ;
#2295 = LINE ( 'NONE', #5895, #1383 ) ;
#2296 = FACE_OUTER_BOUND ( 'NONE', #285, .T. ) ;
#2297 = EDGE_CURVE ( 'NONE', #1595, #3356, #1790, .T. ) ;
#2298 = VECTOR ( 'NONE', #2285, 1000.000000000000000 ) ;
#2299 = DIRECTION ( 'NONE',  ( -1.000000000000000000, 0.0000000000000000000, -0.0000000000000000000 ) ) ;
#2300 =( NAMED_UNIT ( * ) PLANE_ANGLE_UNIT ( ) SI_UNIT ( $, .RADIAN. ) );
#2301 = ADVANCED_FACE ( 'NONE', ( #525 ), #37, .F. ) ;
#2302 = UNCERTAINTY_MEASURE_WITH_UNIT (LENGTH_MEASURE( 1.000000000000000082E-05 ), #2350, 'distance_accuracy_value', 'NONE');
#2303 = ORIENTED_EDGE ( 'NONE', *, *, #2238, .F. ) ;
#2304 =( GEOMETRIC_REPRESENTATION_CONTEXT ( 3 ) GLOBAL_UNCERTAINTY_ASSIGNED_CONTEXT ( ( #1929 ) ) GLOBAL_UNIT_ASSIGNED_CONTEXT ( ( #5290, #5762, #3012 ) ) REPRESENTATION_CONTEXT ( 'NONE', 'WORKASPACE' ) );
#2305 = EDGE_CURVE ( 'NONE', #1188, #3384, #5515, .T. ) ;
#2306 = DIRECTION ( 'NONE',  ( -0.7071067811865474617, 0.0000000000000000000, 0.7071067811865474617 ) ) ;
#2307 =( LENGTH_UNIT ( ) NAMED_UNIT ( * ) SI_UNIT ( .MILLI., .METRE. ) );
#2308 = COLOUR_RGB ( '',0.7686274509803920907, 0.7686274509803920907, 0.7686274509803920907 ) ;
#2309 = CARTESIAN_POINT ( 'NONE',  ( -1.000000000001222134, 0.06350000000000000089, 0.7500000000000284217 ) ) ;
#2310 = EDGE_CURVE ( 'NONE', #5591, #2648, #1353, .T. ) ;
#2311 = EDGE_LOOP ( 'NONE', ( #4766, #5156, #5751, #5787 ) ) ;
#2312 = VERTEX_POINT ( 'NONE', #1876 ) ;
#2313 = ORIENTED_EDGE ( 'NONE', *, *, #1071, .F. ) ;
#2314 = DIRECTION ( 'NONE',  ( 1.000000000000000000, 0.0000000000000000000, -0.0000000000000000000 ) ) ;
#2315 = LINE ( 'NONE', #4151, #215 ) ;
#2316 = ORIENTED_EDGE ( 'NONE', *, *, #969, .T. ) ;
#2317 = ADVANCED_FACE ( 'NONE', ( #5043 ), #3724, .F. ) ;
#2318 = DIRECTION ( 'NONE',  ( -1.000000000000000000, 0.0000000000000000000, 0.0000000000000000000 ) ) ;
#2319 = CARTESIAN_POINT ( 'NONE',  ( 1.239321287623428747, 0.0000000000000000000, -0.6690175682283829861 ) ) ;
#2320 = LINE ( 'NONE', #1311, #5452 ) ;
#2321 = DIRECTION ( 'NONE',  ( -0.0000000000000000000, -1.000000000000000000, -0.0000000000000000000 ) ) ;
#2322 = CARTESIAN_POINT ( 'NONE',  ( 0.4776969600710501140, 0.06350000000000000089, -1.009999999997669429 ) ) ;
#2323 =( NAMED_UNIT ( * ) PLANE_ANGLE_UNIT ( ) SI_UNIT ( $, .RADIAN. ) );
#2324 = DIRECTION ( 'NONE',  ( -0.0000000000000000000, 0.0000000000000000000, -1.000000000000000000 ) ) ;
#2325 = FACE_OUTER_BOUND ( 'NONE', #4474, .T. ) ;
#2326 = MANIFOLD_SOLID_BREP ( 'Boss-Extrude2[1]', #5354 ) ;
#2327 = DIRECTION ( 'NONE',  ( -2.168404344971007685E-15, 0.0000000000000000000, -1.000000000000000000 ) ) ;
#2328 = ORIENTED_EDGE ( 'NONE', *, *, #3699, .F. ) ;
#2329 = AXIS2_PLACEMENT_3D ( 'NONE', #2983, #3013, #2066 ) ;
#2330 = ADVANCED_FACE ( 'NONE', ( #4734 ), #3239, .T. ) ;
#2331 = CARTESIAN_POINT ( 'NONE',  ( -0.8099999999995333155, 0.06350000000000000089, 0.9616911592296162326 ) ) ;
#2332 = CARTESIAN_POINT ( 'NONE',  ( 0.4776969600710501140, 0.0000000000000000000, -1.009999999997669429 ) ) ;
#2333 = EDGE_CURVE ( 'NONE', #3761, #2987, #5243, .T. ) ;
#2334 = VERTEX_POINT ( 'NONE', #2876 ) ;
#2335 = VECTOR ( 'NONE', #2215, 1000.000000000000000 ) ;
#2336 = ORIENTED_EDGE ( 'NONE', *, *, #2674, .T. ) ;
#2337 = ORIENTED_EDGE ( 'NONE', *, *, #672, .F. ) ;
#2338 = MANIFOLD_SOLID_BREP ( 'Boss-Extrude2[2]', #3820 ) ;
#2339 = DIRECTION ( 'NONE',  ( 0.8898332631262907411, -7.965567402119367371E-15, 0.4562858356710379759 ) ) ;
#2340 = VECTOR ( 'NONE', #2534, 1000.000000000000000 ) ;
#2341 = ADVANCED_FACE ( 'NONE', ( #4255 ), #3382, .F. ) ;
#2342 = DIRECTION ( 'NONE',  ( 0.0000000000000000000, 0.0000000000000000000, 1.000000000000000000 ) ) ;
#2343 = ORIENTED_EDGE ( 'NONE', *, *, #12, .T. ) ;
#2344 = CARTESIAN_POINT ( 'NONE',  ( -0.8249999999989654498, 0.1270000000000000018, 0.0000000000000000000 ) ) ;
#2345 = DIRECTION ( 'NONE',  ( 0.0000000000000000000, 1.000000000000000000, 0.0000000000000000000 ) ) ;
#2346 = FACE_OUTER_BOUND ( 'NONE', #4677, .T. ) ;
#2347 = CARTESIAN_POINT ( 'NONE',  ( 0.6473668145331036294, 0.0000000000000000000, -0.6645376709327037723 ) ) ;
#2348 = MANIFOLD_SOLID_BREP ( 'Boss-Extrude8', #744 ) ;
#2349 = CARTESIAN_POINT ( 'NONE',  ( -0.9825735931290324743, 0.06350000000000000089, -0.5524264068679229922 ) ) ;
#2350 =( LENGTH_UNIT ( ) NAMED_UNIT ( * ) SI_UNIT ( .MILLI., .METRE. ) );
#2351 = ORIENTED_EDGE ( 'NONE', *, *, #1855, .F. ) ;
#2352 = VECTOR ( 'NONE', #4910, 1000.000000000000000 ) ;
#2353 = LINE ( 'NONE', #1316, #4021 ) ;
#2354 = PLANE ( 'NONE',  #4603 ) ;
#2355 = AXIS2_PLACEMENT_3D ( 'NONE', #5667, #3850, #1123 ) ;
#2356 = CARTESIAN_POINT ( 'NONE',  ( 0.0000000000000000000, 0.1270000000000000018, 0.4499999999998394173 ) ) ;
#2357 = DIRECTION ( 'NONE',  ( -1.000000000000000000, 0.0000000000000000000, -0.0000000000000000000 ) ) ;
#2358 = ORIENTED_EDGE ( 'NONE', *, *, #2047, .T. ) ;
#2359 = CIRCLE ( 'NONE', #2556, 0.06000000000015866947 ) ;
#2360 = CARTESIAN_POINT ( 'NONE',  ( -0.8100000000013096724, 0.06350000000000000089, -0.9503329334421550811 ) ) ;
#2361 = SURFACE_SIDE_STYLE ('',( #2813 ) ) ;
#2362 = VERTEX_POINT ( 'NONE', #1030 ) ;
#2363 = VERTEX_POINT ( 'NONE', #4665 ) ;
#2364 = VERTEX_POINT ( 'NONE', #663 ) ;
#2365 = EDGE_CURVE ( 'NONE', #3565, #1033, #3769, .T. ) ;
#2366 = DIRECTION ( 'NONE',  ( -0.4562858356710379759, -1.553418116443667611E-14, 0.8898332631262907411 ) ) ;
#2367 = FACE_OUTER_BOUND ( 'NONE', #406, .T. ) ;
#2368 = ORIENTED_EDGE ( 'NONE', *, *, #2149, .T. ) ;
#2369 = DIRECTION ( 'NONE',  ( 0.0000000000000000000, -0.0000000000000000000, 1.000000000000000000 ) ) ;
#2370 = EDGE_CURVE ( 'NONE', #2505, #3864, #2506, .T. ) ;
#2371 = DIRECTION ( 'NONE',  ( 0.0000000000000000000, -0.0000000000000000000, 1.000000000000000000 ) ) ;
#2372 = CARTESIAN_POINT ( 'NONE',  ( 1.405339415059282615, -0.08000000000002167877, -1.292355852750886713 ) ) ;
#2373 = CARTESIAN_POINT ( 'NONE',  ( 0.9999999999976694198, 0.06350000000000000089, 0.4218629150116726123 ) ) ;
#2374 = LINE ( 'NONE', #3, #1539 ) ;
#2375 = VECTOR ( 'NONE', #2855, 1000.000000000000000 ) ;
#2376 =( NAMED_UNIT ( * ) SI_UNIT ( $, .STERADIAN. ) SOLID_ANGLE_UNIT ( ) );
#2377 = ORIENTED_EDGE ( 'NONE', *, *, #4206, .T. ) ;
#2378 = VECTOR ( 'NONE', #2306, 1000.000000000000114 ) ;
#2379 = SURFACE_SIDE_STYLE ('',( #1549 ) ) ;
#2380 = DIRECTION ( 'NONE',  ( -0.0000000000000000000, 1.000000000000000000, 1.745740669421566678E-14 ) ) ;
#2381 = EDGE_CURVE ( 'NONE', #1487, #233, #1979, .T. ) ;
#2382 = VECTOR ( 'NONE', #4003, 1000.000000000000000 ) ;
#2383 = FACE_OUTER_BOUND ( 'NONE', #5550, .T. ) ;
#2384 = CARTESIAN_POINT ( 'NONE',  ( 0.0000000000000000000, 0.1270000000000000018, 0.4499999999998394173 ) ) ;
#2385 = EDGE_CURVE ( 'NONE', #5401, #3329, #1049, .T. ) ;
#2386 = CARTESIAN_POINT ( 'NONE',  ( 1.116452242106540815, -0.08000000000002102651, -1.329345466451006041 ) ) ;
#2387 = ORIENTED_EDGE ( 'NONE', *, *, #5838, .F. ) ;
#2388 = AXIS2_PLACEMENT_3D ( 'NONE', #1601, #4355, #3511 ) ;
#2389 = DIRECTION ( 'NONE',  ( -0.0000000000000000000, -1.000000000000000000, -0.0000000000000000000 ) ) ;
#2390 = VECTOR ( 'NONE', #3534, 1000.000000000000000 ) ;
#2391 = FILL_AREA_STYLE_COLOUR ( '', #2426 ) ;
#2392 = ORIENTED_EDGE ( 'NONE', *, *, #5440, .F. ) ;
#2393 = ORIENTED_EDGE ( 'NONE', *, *, #5771, .F. ) ;
#2394 = ORIENTED_EDGE ( 'NONE', *, *, #56, .F. ) ;
#2395 = STYLED_ITEM ( 'NONE', ( #2723 ), #928 ) ;
#2396 = LINE ( 'NONE', #1968, #4303 ) ;
#2397 = DIRECTION ( 'NONE',  ( 0.0000000000000000000, -0.0000000000000000000, 1.000000000000000000 ) ) ;
#2398 = ORIENTED_EDGE ( 'NONE', *, *, #1537, .F. ) ;
#2399 = DIRECTION ( 'NONE',  ( -1.000000000000000000, -0.0000000000000000000, -0.0000000000000000000 ) ) ;
#2400 = EDGE_CURVE ( 'NONE', #3581, #527, #3858, .T. ) ;
#2401 = DIRECTION ( 'NONE',  ( -0.0000000000000000000, -1.000000000000000000, -0.0000000000000000000 ) ) ;
#2402 = DIRECTION ( 'NONE',  ( 0.0000000000000000000, 1.000000000000000000, 0.0000000000000000000 ) ) ;
#2403 = DIRECTION ( 'NONE',  ( 1.000000000000000000, -0.0000000000000000000, 0.0000000000000000000 ) ) ;
#2404 = EDGE_CURVE ( 'NONE', #5807, #4007, #1950, .T. ) ;
#2405 = CARTESIAN_POINT ( 'NONE',  ( 0.4799999999995918643, 0.06350000000000000089, 0.9616911592296162326 ) ) ;
#2406 = EDGE_CURVE ( 'NONE', #4901, #1828, #3402, .T. ) ;
#2407 = PLANE ( 'NONE',  #3715 ) ;
#2408 = ORIENTED_EDGE ( 'NONE', *, *, #4409, .F. ) ;
#2409 = SURFACE_STYLE_USAGE ( .BOTH. , #2379 ) ;
#2410 = LINE ( 'NONE', #4344, #155 ) ;
#2411 = DIRECTION ( 'NONE',  ( 1.000000000000000000, 0.0000000000000000000, 0.0000000000000000000 ) ) ;
#2412 = ADVANCED_FACE ( 'NONE', ( #5145 ), #177, .F. ) ;
#2413 = CARTESIAN_POINT ( 'NONE',  ( 0.9741903303925880664, 0.06350000000000000089, -0.8599999999976404297 ) ) ;
#2414 = CARTESIAN_POINT ( 'NONE',  ( 0.0000000000000000000, 0.1270000000000000018, 0.7500000000000284217 ) ) ;
#2415 = UNCERTAINTY_MEASURE_WITH_UNIT (LENGTH_MEASURE( 1.000000000000000082E-05 ), #631, 'distance_accuracy_value', 'NONE');
#2416 = ORIENTED_EDGE ( 'NONE', *, *, #2630, .F. ) ;
#2417 = PLANE ( 'NONE',  #4272 ) ;
#2418 = EDGE_CURVE ( 'NONE', #1607, #3480, #209, .T. ) ;
#2419 = CARTESIAN_POINT ( 'NONE',  ( -0.1549999999985729460, 0.06350000000000000089, 0.0000000000000000000 ) ) ;
#2420 = DIRECTION ( 'NONE',  ( 0.7071067811865475727, -0.0000000000000000000, 0.7071067811865475727 ) ) ;
#2421 = VERTEX_POINT ( 'NONE', #3285 ) ;
#2422 = ORIENTED_EDGE ( 'NONE', *, *, #467, .F. ) ;
#2423 = ORIENTED_EDGE ( 'NONE', *, *, #1217, .T. ) ;
#2424 = AXIS2_PLACEMENT_3D ( 'NONE', #3822, #4812, #2558 ) ;
#2425 = CARTESIAN_POINT ( 'NONE',  ( -0.4999999999997228883, 0.06350000000000000089, -0.7500000000000284217 ) ) ;
#2426 = COLOUR_RGB ( '',0.7686274509803920907, 0.7686274509803920907, 0.7686274509803920907 ) ;
#2427 = PLANE ( 'NONE',  #598 ) ;
#2428 = ORIENTED_EDGE ( 'NONE', *, *, #4102, .F. ) ;
#2429 = DIRECTION ( 'NONE',  ( 0.0000000000000000000, 0.0000000000000000000, 1.000000000000000000 ) ) ;
#2430 = FACE_OUTER_BOUND ( 'NONE', #5107, .T. ) ;
#2431 = LINE ( 'NONE', #52, #2375 ) ;
#2432 = FACE_OUTER_BOUND ( 'NONE', #1431, .T. ) ;
#2433 = FACE_OUTER_BOUND ( 'NONE', #5904, .T. ) ;
#2434 = VECTOR ( 'NONE', #2593, 1000.000000000000000 ) ;
#2435 = ORIENTED_EDGE ( 'NONE', *, *, #1376, .T. ) ;
#2436 = EDGE_CURVE ( 'NONE', #1206, #5098, #5206, .T. ) ;
#2437 = CARTESIAN_POINT ( 'NONE',  ( -0.9683780866076574512, 0.06350000000000000089, -0.5666219133892980153 ) ) ;
#2438 = EDGE_CURVE ( 'NONE', #4147, #1119, #705, .T. ) ;
#2439 = CARTESIAN_POINT ( 'NONE',  ( 0.1550000000012374812, 0.1270000000000000018, -0.4499999999998394173 ) ) ;
#2440 = EDGE_CURVE ( 'NONE', #3067, #5250, #3797, .T. ) ;
#2441 = DIRECTION ( 'NONE',  ( -0.0000000000000000000, 1.000000000000000000, 1.745740669421566678E-14 ) ) ;
#2442 = CARTESIAN_POINT ( 'NONE',  ( 0.0000000000000000000, 0.06350000000000000089, 0.0000000000000000000 ) ) ;
#2443 = MANIFOLD_SOLID_BREP ( 'Boss-Extrude3', #69 ) ;
#2444 = LINE ( 'NONE', #4792, #915 ) ;
#2445 = ORIENTED_EDGE ( 'NONE', *, *, #4723, .T. ) ;
#2446 = EDGE_CURVE ( 'NONE', #5018, #3477, #4726, .T. ) ;
#2447 = LINE ( 'NONE', #5153, #434 ) ;
#2448 = EDGE_CURVE ( 'NONE', #4329, #3028, #2954, .T. ) ;
#2449 = AXIS2_PLACEMENT_3D ( 'NONE', #2005, #2061, #2033 ) ;
#2450 = EDGE_CURVE ( 'NONE', #1207, #949, #4371, .T. ) ;
#2451 = CARTESIAN_POINT ( 'NONE',  ( 0.0000000000000000000, 0.1270000000000000018, 0.7500000000000284217 ) ) ;
#2452 = VERTEX_POINT ( 'NONE', #239 ) ;
#2453 = ORIENTED_EDGE ( 'NONE', *, *, #2902, .T. ) ;
#2454 = ORIENTED_EDGE ( 'NONE', *, *, #5938, .T. ) ;
#2455 = MANIFOLD_SOLID_BREP ( 'Boss-Extrude1[13]', #1598 ) ;
#2456 = LINE ( 'NONE', #4290, #1031 ) ;
#2457 = VECTOR ( 'NONE', #2170, 1000.000000000000000 ) ;
#2458 = DIRECTION ( 'NONE',  ( 0.0000000000000000000, 0.0000000000000000000, -1.000000000000000000 ) ) ;
#2459 = ORIENTED_EDGE ( 'NONE', *, *, #3786, .T. ) ;
#2460 = CARTESIAN_POINT ( 'NONE',  ( 1.301703051422919089, 0.0000000000000000000, -1.292355852750885159 ) ) ;
#2461 = DIRECTION ( 'NONE',  ( 0.0000000000000000000, 0.0000000000000000000, 1.000000000000000000 ) ) ;
#2462 = CARTESIAN_POINT ( 'NONE',  ( 0.8000000000016882495, 0.06350000000000000089, -1.009999999997669429 ) ) ;
#2463 = LINE ( 'NONE', #2919, #18 ) ;
#2464 = ORIENTED_EDGE ( 'NONE', *, *, #1102, .T. ) ;
#2465 = PRESENTATION_LAYER_ASSIGNMENT (  '', '', ( #3251 ) ) ;
#2466 = CARTESIAN_POINT ( 'NONE',  ( 0.9825735931272561174, 0.06350000000000000089, 0.5524264068732520627 ) ) ;
#2467 = ORIENTED_EDGE ( 'NONE', *, *, #1577, .F. ) ;
#2468 = DIRECTION ( 'NONE',  ( -0.0000000000000000000, -0.0000000000000000000, -1.000000000000000000 ) ) ;
#2469 = CARTESIAN_POINT ( 'NONE',  ( -0.8100000000013096724, 0.06350000000000000089, -0.9503329334421550811 ) ) ;
#2470 =( NAMED_UNIT ( * ) SI_UNIT ( $, .STERADIAN. ) SOLID_ANGLE_UNIT ( ) );
#2471 = VECTOR ( 'NONE', #3084, 1000.000000000000000 ) ;
#2472 = CARTESIAN_POINT ( 'NONE',  ( 0.4799999999995918643, 0.06350000000000000089, 0.9616911592296162326 ) ) ;
#2473 = CARTESIAN_POINT ( 'NONE',  ( 0.8099999999976695841, 0.06350000000000000089, 0.9616911592296162326 ) ) ;
#2474 = CLOSED_SHELL ( 'NONE', ( #508, #426, #3088, #4678, #4437, #1289, #4620, #315, #677, #1746, #4240, #3097, #1585, #3512, #416 ) ) ;
#2475 = EDGE_CURVE ( 'NONE', #2878, #1090, #1584, .T. ) ;
#2476 = DIRECTION ( 'NONE',  ( -0.0000000000000000000, -0.0000000000000000000, 1.000000000000000000 ) ) ;
#2477 = AXIS2_PLACEMENT_3D ( 'NONE', #2789, #4733, #3754 ) ;
#2478 = ORIENTED_EDGE ( 'NONE', *, *, #3610, .T. ) ;
#2479 = CARTESIAN_POINT ( 'NONE',  ( 0.7372311353813078005, 0.0000000000000000000, -0.6547194891145219353 ) ) ;
#2480 = VECTOR ( 'NONE', #4184, 1000.000000000000000 ) ;
#2481 = VECTOR ( 'NONE', #4593, 1000.000000000000000 ) ;
#2482 = VECTOR ( 'NONE', #5061, 1000.000000000000000 ) ;
#2483 = EDGE_CURVE ( 'NONE', #1090, #322, #5040, .T. ) ;
#2484 = DIRECTION ( 'NONE',  ( 0.0000000000000000000, -0.0000000000000000000, 1.000000000000000000 ) ) ;
#2485 = AXIS2_PLACEMENT_3D ( 'NONE', #144, #3348, #2411 ) ;
#2486 = VERTEX_POINT ( 'NONE', #3689 ) ;
#2487 = ORIENTED_EDGE ( 'NONE', *, *, #2333, .F. ) ;
#2488 = ORIENTED_EDGE ( 'NONE', *, *, #4535, .F. ) ;
#2489 = AXIS2_PLACEMENT_3D ( 'NONE', #1219, #5447, #3078 ) ;
#2490 = LINE ( 'NONE', #5307, #4604 ) ;
#2491 = VECTOR ( 'NONE', #4096, 1000.000000000000000 ) ;
#2492 = VERTEX_POINT ( 'NONE', #3234 ) ;
#2493 = LINE ( 'NONE', #1533, #4828 ) ;
#2494 = ORIENTED_EDGE ( 'NONE', *, *, #3705, .F. ) ;
#2495 = ORIENTED_EDGE ( 'NONE', *, *, #3440, .F. ) ;
#2496 = CARTESIAN_POINT ( 'NONE',  ( 0.8000000000016882495, 0.06350000000000000089, 0.9616911592296162326 ) ) ;
#2497 = VECTOR ( 'NONE', #3936, 1000.000000000000000 ) ;
#2498 = PLANE ( 'NONE',  #5927 ) ;
#2499 = CARTESIAN_POINT ( 'NONE',  ( -0.4799999999999201572, 0.0000000000000000000, 0.9616911592296162326 ) ) ;
#2500 = EDGE_CURVE ( 'NONE', #3327, #4329, #941, .T. ) ;
#2501 = FACE_OUTER_BOUND ( 'NONE', #5252, .T. ) ;
#2502 = AXIS2_PLACEMENT_3D ( 'NONE', #1189, #3884, #578 ) ;
#2503 = ORIENTED_EDGE ( 'NONE', *, *, #201, .F. ) ;
#2504 = DIRECTION ( 'NONE',  ( -0.0000000000000000000, -1.000000000000000000, -0.0000000000000000000 ) ) ;
#2505 = VERTEX_POINT ( 'NONE', #2783 ) ;
#2506 = LINE ( 'NONE', #5584, #1857 ) ;
#2507 = LINE ( 'NONE', #4698, #1021 ) ;
#2508 = DIRECTION ( 'NONE',  ( 0.0000000000000000000, 0.0000000000000000000, -1.000000000000000000 ) ) ;
#2509 = LINE ( 'NONE', #2930, #2750 ) ;
#2510 = ORIENTED_EDGE ( 'NONE', *, *, #2448, .T. ) ;
#2511 =( NAMED_UNIT ( * ) SI_UNIT ( $, .STERADIAN. ) SOLID_ANGLE_UNIT ( ) );
#2512 = PRESENTATION_STYLE_ASSIGNMENT (( #5215 ) ) ;
#2513 = VERTEX_POINT ( 'NONE', #970 ) ;
#2514 = ORIENTED_EDGE ( 'NONE', *, *, #4522, .T. ) ;
#2515 = ORIENTED_EDGE ( 'NONE', *, *, #1142, .T. ) ;
#2516 = ADVANCED_FACE ( 'NONE', ( #1349 ), #5535, .T. ) ;
#2517 = LINE ( 'NONE', #252, #2582 ) ;
#2518 = EDGE_CURVE ( 'NONE', #5462, #4194, #4737, .T. ) ;
#2519 = ORIENTED_EDGE ( 'NONE', *, *, #1739, .F. ) ;
#2520 = DIRECTION ( 'NONE',  ( 0.0000000000000000000, 1.000000000000000000, 0.0000000000000000000 ) ) ;
#2521 = ORIENTED_EDGE ( 'NONE', *, *, #3847, .T. ) ;
#2522 = EDGE_LOOP ( 'NONE', ( #5635, #1688, #5567, #4351 ) ) ;
#2523 = EDGE_LOOP ( 'NONE', ( #1449, #2796, #989, #3842 ) ) ;
#2524 = DIRECTION ( 'NONE',  ( -1.000000000000000000, 0.0000000000000000000, 0.0000000000000000000 ) ) ;
#2525 = LINE ( 'NONE', #260, #4783 ) ;
#2526 = MECHANICAL_DESIGN_GEOMETRIC_PRESENTATION_REPRESENTATION (  '', ( #4466 ), #3971 ) ;
#2527 = DIRECTION ( 'NONE',  ( 0.0000000000000000000, 0.0000000000000000000, 1.000000000000000000 ) ) ;
#2528 = CARTESIAN_POINT ( 'NONE',  ( 0.4299999999982951349, 0.0000000000000000000, -0.9549999999993434852 ) ) ;
#2529 = EDGE_LOOP ( 'NONE', ( #5877, #5165, #4420, #4089, #1262 ) ) ;
#2530 = LINE ( 'NONE', #3015, #765 ) ;
#2531 = DIRECTION ( 'NONE',  ( 1.000000000000000000, -0.0000000000000000000, 0.0000000000000000000 ) ) ;
#2532 = EDGE_LOOP ( 'NONE', ( #3866, #2702, #208, #2920 ) ) ;
#2533 = AXIS2_PLACEMENT_3D ( 'NONE', #1882, #2056, #2029 ) ;
#2534 = DIRECTION ( 'NONE',  ( -0.0000000000000000000, -1.000000000000000000, -0.0000000000000000000 ) ) ;
#2535 = CARTESIAN_POINT ( 'NONE',  ( -1.000000000001222134, 0.0000000000000000000, -0.5403092531652831099 ) ) ;
#2536 = CARTESIAN_POINT ( 'NONE',  ( 0.6375486327149217924, 0.0000000000000000000, -0.6645376709327036613 ) ) ;
#2537 = MECHANICAL_DESIGN_GEOMETRIC_PRESENTATION_REPRESENTATION (  '', ( #4261 ), #4644 ) ;
#2538 = EDGE_CURVE ( 'NONE', #3924, #4625, #3302, .T. ) ;
#2539 = LINE ( 'NONE', #4435, #3324 ) ;
#2540 = ORIENTED_EDGE ( 'NONE', *, *, #524, .F. ) ;
#2541 = DIRECTION ( 'NONE',  ( -0.0000000000000000000, 1.000000000000000000, 1.745740669421566678E-14 ) ) ;
#2542 = SURFACE_STYLE_USAGE ( .BOTH. , #2934 ) ;
#2543 = PLANE ( 'NONE',  #5380 ) ;
#2544 = EDGE_LOOP ( 'NONE', ( #1354, #1034, #3127, #2453 ) ) ;
#2545 = ORIENTED_EDGE ( 'NONE', *, *, #4829, .T. ) ;
#2546 = ORIENTED_EDGE ( 'NONE', *, *, #3596, .T. ) ;
#2547 = VECTOR ( 'NONE', #167, 1000.000000000000000 ) ;
#2548 = FACE_OUTER_BOUND ( 'NONE', #33, .T. ) ;
#2549 = LINE ( 'NONE', #3390, #1164 ) ;
#2550 = AXIS2_PLACEMENT_3D ( 'NONE', #4209, #134, #3247 ) ;
#2551 = ORIENTED_EDGE ( 'NONE', *, *, #5125, .F. ) ;
#2552 = VERTEX_POINT ( 'NONE', #4193 ) ;
#2553 = VERTEX_POINT ( 'NONE', #3209 ) ;
#2554 = DIRECTION ( 'NONE',  ( 0.0000000000000000000, -1.000000000000000000, -1.745740669421566678E-14 ) ) ;
#2555 = ADVANCED_FACE ( 'NONE', ( #3264 ), #5932, .F. ) ;
#2556 = AXIS2_PLACEMENT_3D ( 'NONE', #212, #3571, #1589 ) ;
#2557 = DIRECTION ( 'NONE',  ( 0.0000000000000000000, -1.000000000000000000, 0.0000000000000000000 ) ) ;
#2558 = DIRECTION ( 'NONE',  ( -0.0000000000000000000, 0.0000000000000000000, 1.000000000000000000 ) ) ;
#2559 = ADVANCED_FACE ( 'NONE', ( #3151 ), #3631, .F. ) ;
#2560 = VERTEX_POINT ( 'NONE', #32 ) ;
#2561 = DIRECTION ( 'NONE',  ( -0.0000000000000000000, -1.000000000000000000, -0.0000000000000000000 ) ) ;
#2562 = LINE ( 'NONE', #4401, #4960 ) ;
#2563 = ORIENTED_EDGE ( 'NONE', *, *, #4849, .T. ) ;
#2564 = EDGE_CURVE ( 'NONE', #3999, #3110, #2807, .T. ) ;
#2565 = CARTESIAN_POINT ( 'NONE',  ( 0.9741903303925880664, 0.06350000000000000089, 0.4476725846167539657 ) ) ;
#2566 = SURFACE_SIDE_STYLE ('',( #3404 ) ) ;
#2567 = PLANE ( 'NONE',  #5520 ) ;
#2568 = ORIENTED_EDGE ( 'NONE', *, *, #2450, .T. ) ;
#2569 = DIRECTION ( 'NONE',  ( -1.000000000000000000, -0.0000000000000000000, -0.0000000000000000000 ) ) ;
#2570 = VECTOR ( 'NONE', #1805, 999.9999999999998863 ) ;
#2571 =( LENGTH_UNIT ( ) NAMED_UNIT ( * ) SI_UNIT ( .MILLI., .METRE. ) );
#2572 = EDGE_CURVE ( 'NONE', #158, #3725, #5429, .T. ) ;
#2573 = CARTESIAN_POINT ( 'NONE',  ( 0.7372311353813078005, 0.01999999999997875699, -1.316901307296339807 ) ) ;
#2574 = ORIENTED_EDGE ( 'NONE', *, *, #314, .F. ) ;
#2575 = ORIENTED_EDGE ( 'NONE', *, *, #3574, .T. ) ;
#2576 = ORIENTED_EDGE ( 'NONE', *, *, #3925, .F. ) ;
#2577 = AXIS2_PLACEMENT_3D ( 'NONE', #2763, #5857, #2710 ) ;
#2578 = VECTOR ( 'NONE', #3267, 1000.000000000000000 ) ;
#2579 = AXIS2_PLACEMENT_3D ( 'NONE', #1347, #373, #2698 ) ;
#2580 = LINE ( 'NONE', #2150, #86 ) ;
#2581 = CARTESIAN_POINT ( 'NONE',  ( -0.4299999999980922971, 0.06350000000000000089, 0.9850000000018402924 ) ) ;
#2582 = VECTOR ( 'NONE', #5719, 1000.000000000000000 ) ;
#2583 = DIRECTION ( 'NONE',  ( -1.000000000000000000, 0.0000000000000000000, 0.0000000000000000000 ) ) ;
#2584 = ORIENTED_EDGE ( 'NONE', *, *, #4581, .T. ) ;
#2585 = VERTEX_POINT ( 'NONE', #1290 ) ;
#2586 = VERTEX_POINT ( 'NONE', #4980 ) ;
#2587 = DIRECTION ( 'NONE',  ( 0.0000000000000000000, 0.0000000000000000000, 1.000000000000000000 ) ) ;
#2588 = AXIS2_PLACEMENT_3D ( 'NONE', #5007, #1890, #3711 ) ;
#2589 = FACE_OUTER_BOUND ( 'NONE', #442, .T. ) ;
#2590 = CARTESIAN_POINT ( 'NONE',  ( -0.1723030399313822680, 0.0000000000000000000, 1.010000000001161746 ) ) ;
#2591 = LINE ( 'NONE', #4275, #1886 ) ;
#2592 = ADVANCED_FACE ( 'NONE', ( #3663 ), #2724, .F. ) ;
#2593 = DIRECTION ( 'NONE',  ( 1.000000000000000000, 0.0000000000000000000, 0.0000000000000000000 ) ) ;
#2594 = ORIENTED_EDGE ( 'NONE', *, *, #2924, .F. ) ;
#2595 = CARTESIAN_POINT ( 'NONE',  ( -0.1700000000006696155, 0.06350000000000000089, 0.9850000000017899993 ) ) ;
#2596 = STYLED_ITEM ( 'NONE', ( #4841 ), #458 ) ;
#2597 = LINE ( 'NONE', #3981, #2352 ) ;
#2598 = ORIENTED_EDGE ( 'NONE', *, *, #5526, .T. ) ;
#2599 = EDGE_CURVE ( 'NONE', #5415, #776, #2167, .T. ) ;
#2600 = CYLINDRICAL_SURFACE ( 'NONE', #840, 0.06000000000015866947 ) ;
#2601 = VECTOR ( 'NONE', #3662, 1000.000000000000000 ) ;
#2602 = CARTESIAN_POINT ( 'NONE',  ( -0.7999999999990237143, 0.1270000000000000018, 0.7500000000000284217 ) ) ;
#2603 = EDGE_CURVE ( 'NONE', #650, #256, #667, .T. ) ;
#2604 = DIRECTION ( 'NONE',  ( 0.0000000000000000000, 0.0000000000000000000, 1.000000000000000000 ) ) ;
#2605 = ORIENTED_EDGE ( 'NONE', *, *, #3524, .T. ) ;
#2606 = CARTESIAN_POINT ( 'NONE',  ( 0.9741903303925880664, 0.06350000000000000089, 0.4476725846167539657 ) ) ;
#2607 = LINE ( 'NONE', #3147, #463 ) ;
#2608 = CARTESIAN_POINT ( 'NONE',  ( -0.4800000000002674905, 0.06350000000000000089, -0.9850000000000650457 ) ) ;
#2609 = ORIENTED_EDGE ( 'NONE', *, *, #3596, .F. ) ;
#2610 = VERTEX_POINT ( 'NONE', #116 ) ;
#2611 = CARTESIAN_POINT ( 'NONE',  ( -0.8100000000013096724, 0.06350000000000000089, -0.9503329334421550811 ) ) ;
#2612 = CARTESIAN_POINT ( 'NONE',  ( -0.4797817083854738485, 0.06350000000000000089, -0.9503329334421550811 ) ) ;
#2613 = CARTESIAN_POINT ( 'NONE',  ( 0.8182831063759994361, -0.08000000000002678580, -0.9994467618417960386 ) ) ;
#2614 = ORIENTED_EDGE ( 'NONE', *, *, #4327, .T. ) ;
#2615 = ORIENTED_EDGE ( 'NONE', *, *, #4442, .T. ) ;
#2616 = ORIENTED_EDGE ( 'NONE', *, *, #999, .T. ) ;
#2617 = DIRECTION ( 'NONE',  ( -0.0000000000000000000, -1.000000000000000000, -0.0000000000000000000 ) ) ;
#2618 = CARTESIAN_POINT ( 'NONE',  ( -0.1723030399292113934, 0.06350000000000000089, -1.009999999997669429 ) ) ;
#2619 = CARTESIAN_POINT ( 'NONE',  ( -0.4776969600707364760, 0.06350000000000000089, -0.9999999999977053911 ) ) ;
#2620 = CARTESIAN_POINT ( 'NONE',  ( -0.9683780866076574512, 0.06350000000000000089, 0.7500000000000284217 ) ) ;
#2621 = CARTESIAN_POINT ( 'NONE',  ( 0.4799999999993995181, 0.0000000000000000000, -0.9549999999993434852 ) ) ;
#2622 = ORIENTED_EDGE ( 'NONE', *, *, #4697, .F. ) ;
#2623 = CARTESIAN_POINT ( 'NONE',  ( -0.4800000000002674905, 0.06350000000000000089, -0.9549999999994245314 ) ) ;
#2624 = DIRECTION ( 'NONE',  ( 1.000000000000000000, -0.0000000000000000000, 0.0000000000000000000 ) ) ;
#2625 = ORIENTED_EDGE ( 'NONE', *, *, #4588, .T. ) ;
#2626 = DIRECTION ( 'NONE',  ( -0.0000000000000000000, -1.000000000000000000, -0.0000000000000000000 ) ) ;
#2627 = CARTESIAN_POINT ( 'NONE',  ( 1.155859271713464143, 0.0000000000000000000, -0.5926977958308174976 ) ) ;
#2628 = LINE ( 'NONE', #335, #3255 ) ;
#2629 = VECTOR ( 'NONE', #3911, 1000.000000000000000 ) ;
#2630 = EDGE_CURVE ( 'NONE', #777, #1099, #184, .T. ) ;
#2631 = CYLINDRICAL_SURFACE ( 'NONE', #1574, 0.05000000000110439019 ) ;
#2632 = ORIENTED_EDGE ( 'NONE', *, *, #1326, .T. ) ;
#2633 = LINE ( 'NONE', #1257, #912 ) ;
#2634 = EDGE_CURVE ( 'NONE', #527, #4800, #2509, .T. ) ;
#2635 = COLOUR_RGB ( '',0.8392156862745098200, 0.4705882352941176405, 0.3686274509803921795 ) ;
#2636 = FILL_AREA_STYLE ('',( #5009 ) ) ;
#2637 = DIRECTION ( 'NONE',  ( 0.0000000000000000000, -1.000000000000000000, -1.745740669421566678E-14 ) ) ;
#2638 = ADVANCED_FACE ( 'NONE', ( #3321 ), #5566, .F. ) ;
#2639 = VERTEX_POINT ( 'NONE', #605 ) ;
#2640 = ORIENTED_EDGE ( 'NONE', *, *, #4811, .T. ) ;
#2641 = EDGE_CURVE ( 'NONE', #1660, #5194, #2444, .T. ) ;
#2642 = EDGE_CURVE ( 'NONE', #3477, #5646, #1437, .T. ) ;
#2643 = CARTESIAN_POINT ( 'NONE',  ( 0.0000000000000000000, 0.0000000000000000000, 1.010000000001161746 ) ) ;
#2644 = FACE_OUTER_BOUND ( 'NONE', #3937, .T. ) ;
#2645 = FILL_AREA_STYLE_COLOUR ( '', #2910 ) ;
#2646 = ORIENTED_EDGE ( 'NONE', *, *, #1577, .T. ) ;
#2647 = ORIENTED_EDGE ( 'NONE', *, *, #4361, .T. ) ;
#2648 = VERTEX_POINT ( 'NONE', #1900 ) ;
#2649 = DIRECTION ( 'NONE',  ( -0.0000000000000000000, 0.0000000000000000000, 1.000000000000000000 ) ) ;
#2650 = EDGE_CURVE ( 'NONE', #158, #300, #1956, .T. ) ;
#2651 = DIRECTION ( 'NONE',  ( 0.0000000000000000000, 0.0000000000000000000, 1.000000000000000000 ) ) ;
#2652 = CIRCLE ( 'NONE', #40, 0.05000000000182788090 ) ;
#2653 = CARTESIAN_POINT ( 'NONE',  ( 0.1723030399288168479, 0.06350000000000000089, 1.000000000001161737 ) ) ;
#2654 = FACE_OUTER_BOUND ( 'NONE', #4551, .T. ) ;
#2655 = EDGE_LOOP ( 'NONE', ( #3946, #4199, #2922, #5090 ) ) ;
#2656 = ADVANCED_FACE ( 'NONE', ( #4251 ), #1493, .F. ) ;
#2657 = DIRECTION ( 'NONE',  ( 1.000000000000000000, 0.0000000000000000000, 0.0000000000000000000 ) ) ;
#2658 = SURFACE_STYLE_USAGE ( .BOTH. , #2740 ) ;
#2659 = EDGE_LOOP ( 'NONE', ( #1105, #3932, #4878, #891 ) ) ;
#2660 = AXIS2_PLACEMENT_3D ( 'NONE', #3052, #3535, #2109 ) ;
#2661 = CARTESIAN_POINT ( 'NONE',  ( 0.0000000000000000000, 0.1270000000000000018, 0.7500000000000284217 ) ) ;
#2662 = FACE_OUTER_BOUND ( 'NONE', #4444, .T. ) ;
#2663 = DIRECTION ( 'NONE',  ( -0.0000000000000000000, -1.000000000000000000, -0.0000000000000000000 ) ) ;
#2664 = VECTOR ( 'NONE', #4657, 1000.000000000000000 ) ;
#2665 = LINE ( 'NONE', #766, #2457 ) ;
#2666 = LINE ( 'NONE', #4888, #3800 ) ;
#2667 = SURFACE_SIDE_STYLE ('',( #1750 ) ) ;
#2668 = EDGE_CURVE ( 'NONE', #3939, #1511, #1984, .T. ) ;
#2669 = CARTESIAN_POINT ( 'NONE',  ( 0.1699999999999468048, 0.0000000000000000000, 0.9616911592296162326 ) ) ;
#2670 = VECTOR ( 'NONE', #4005, 1000.000000000000114 ) ;
#2671 = APPLICATION_CONTEXT ( 'automotive_design' ) ;
#2672 = ORIENTED_EDGE ( 'NONE', *, *, #5931, .F. ) ;
#2673 = VERTEX_POINT ( 'NONE', #3379 ) ;
#2674 = EDGE_CURVE ( 'NONE', #5370, #2153, #5680, .T. ) ;
#2675 = SURFACE_SIDE_STYLE ('',( #5848 ) ) ;
#2676 = CIRCLE ( 'NONE', #4297, 0.05000000000156137880 ) ;
#2677 = LINE ( 'NONE', #3996, #5683 ) ;
#2678 = VERTEX_POINT ( 'NONE', #4278 ) ;
#2679 = ORIENTED_EDGE ( 'NONE', *, *, #201, .T. ) ;
#2680 = ORIENTED_EDGE ( 'NONE', *, *, #3968, .T. ) ;
#2681 = CARTESIAN_POINT ( 'NONE',  ( 0.5000000000006110668, 0.06350000000000000089, -1.009999999997669429 ) ) ;
#2682 = VECTOR ( 'NONE', #1036, 1000.000000000000000 ) ;
#2683 = DIRECTION ( 'NONE',  ( 0.0000000000000000000, 0.0000000000000000000, -1.000000000000000000 ) ) ;
#2684 = DIRECTION ( 'NONE',  ( -1.000000000000000000, 0.0000000000000000000, 0.0000000000000000000 ) ) ;
#2685 = DIRECTION ( 'NONE',  ( 0.4562858356710385865, -1.553418116443666980E-14, 0.8898332631262904080 ) ) ;
#2686 = PRESENTATION_LAYER_ASSIGNMENT (  '', '', ( #5267 ) ) ;
#2687 = ORIENTED_EDGE ( 'NONE', *, *, #4522, .F. ) ;
#2688 = DIRECTION ( 'NONE',  ( 0.0000000000000000000, 1.000000000000000000, -0.0000000000000000000 ) ) ;
#2689 = DIRECTION ( 'NONE',  ( 0.4562858356710379204, 1.553418116443667926E-14, -0.8898332631262907411 ) ) ;
#2690 = ORIENTED_EDGE ( 'NONE', *, *, #3188, .T. ) ;
#2691 = VECTOR ( 'NONE', #5826, 1000.000000000000000 ) ;
#2692 = ADVANCED_FACE ( 'NONE', ( #3349 ), #5181, .T. ) ;
#2693 = CARTESIAN_POINT ( 'NONE',  ( 1.024999999996296207, 0.06350000000000000089, 0.5948528137447920416 ) ) ;
#2694 = DIRECTION ( 'NONE',  ( 0.0000000000000000000, 0.0000000000000000000, -1.000000000000000000 ) ) ;
#2695 = CIRCLE ( 'NONE', #82, 0.009818181818181800566 ) ;
#2696 = CARTESIAN_POINT ( 'NONE',  ( 0.0000000000000000000, 0.0000000000000000000, 0.0000000000000000000 ) ) ;
#2697 = FACE_OUTER_BOUND ( 'NONE', #2544, .T. ) ;
#2698 = DIRECTION ( 'NONE',  ( 0.0000000000000000000, -0.0000000000000000000, 1.000000000000000000 ) ) ;
#2699 = CARTESIAN_POINT ( 'NONE',  ( 0.9999999999976694198, 0.06350000000000000089, 0.07000000000090267349 ) ) ;
#2700 = DIRECTION ( 'NONE',  ( -1.000000000000000000, 0.0000000000000000000, 0.0000000000000000000 ) ) ;
#2701 = ORIENTED_EDGE ( 'NONE', *, *, #3131, .T. ) ;
#2702 = ORIENTED_EDGE ( 'NONE', *, *, #2777, .T. ) ;
#2703 = FACE_OUTER_BOUND ( 'NONE', #4475, .T. ) ;
#2704 = EDGE_LOOP ( 'NONE', ( #1268, #5780, #1872, #2791 ) ) ;
#2705 = ORIENTED_EDGE ( 'NONE', *, *, #2812, .F. ) ;
#2706 = EDGE_LOOP ( 'NONE', ( #4843, #1191, #3271, #3703, #4923, #4287 ) ) ;
#2707 = EDGE_CURVE ( 'NONE', #3527, #251, #1104, .T. ) ;
#2708 = CARTESIAN_POINT ( 'NONE',  ( -0.4299999999980922971, 0.0000000000000000000, 0.9850000000018402924 ) ) ;
#2709 = ADVANCED_FACE ( 'NONE', ( #4729 ), #1555, .F. ) ;
#2710 = DIRECTION ( 'NONE',  ( -1.000000000000000000, 0.0000000000000000000, 0.0000000000000000000 ) ) ;
#2711 = DIRECTION ( 'NONE',  ( 0.7071067811865474617, 0.0000000000000000000, -0.7071067811865474617 ) ) ;
#2712 = DIRECTION ( 'NONE',  ( -0.0000000000000000000, 0.0000000000000000000, 1.000000000000000000 ) ) ;
#2713 = VERTEX_POINT ( 'NONE', #3775 ) ;
#2714 = DIRECTION ( 'NONE',  ( -0.0000000000000000000, -0.0000000000000000000, -1.000000000000000000 ) ) ;
#2715 =( NAMED_UNIT ( * ) SI_UNIT ( $, .STERADIAN. ) SOLID_ANGLE_UNIT ( ) );
#2716 = DIRECTION ( 'NONE',  ( 1.000000000000000000, 0.0000000000000000000, -0.0000000000000000000 ) ) ;
#2717 = LINE ( 'NONE', #4130, #1232 ) ;
#2718 = CARTESIAN_POINT ( 'NONE',  ( 0.0000000000000000000, 0.5999999999999999778, 0.0000000000000000000 ) ) ;
#2719 = DIRECTION ( 'NONE',  ( 0.0000000000000000000, -0.0000000000000000000, -1.000000000000000000 ) ) ;
#2720 = VECTOR ( 'NONE', #1516, 1000.000000000000114 ) ;
#2721 = DIRECTION ( 'NONE',  ( -0.0000000000000000000, 1.000000000000000000, 1.745740669421566678E-14 ) ) ;
#2722 = MECHANICAL_DESIGN_GEOMETRIC_PRESENTATION_REPRESENTATION (  '', ( #4356 ), #2137 ) ;
#2723 = PRESENTATION_STYLE_ASSIGNMENT (( #2752 ) ) ;
#2724 = PLANE ( 'NONE',  #2268 ) ;
#2725 = UNCERTAINTY_MEASURE_WITH_UNIT (LENGTH_MEASURE( 1.000000000000000082E-05 ), #5946, 'distance_accuracy_value', 'NONE');
#2726 = ORIENTED_EDGE ( 'NONE', *, *, #147, .F. ) ;
#2727 = LINE ( 'NONE', #1874, #4779 ) ;
#2728 = DIRECTION ( 'NONE',  ( -0.0000000000000000000, 1.000000000000000000, 1.745740669421566678E-14 ) ) ;
#2729 = AXIS2_PLACEMENT_3D ( 'NONE', #4285, #2420, #123 ) ;
#2730 = ORIENTED_EDGE ( 'NONE', *, *, #4105, .T. ) ;
#2731 = ORIENTED_EDGE ( 'NONE', *, *, #969, .F. ) ;
#2732 = ORIENTED_EDGE ( 'NONE', *, *, #2187, .F. ) ;
#2733 = DIRECTION ( 'NONE',  ( 1.000000000000000000, 0.0000000000000000000, 0.0000000000000000000 ) ) ;
#2734 = CARTESIAN_POINT ( 'NONE',  ( 0.1723030399288168479, 0.06350000000000000089, 1.000000000001161737 ) ) ;
#2735 = FACE_OUTER_BOUND ( 'NONE', #612, .T. ) ;
#2736 = CARTESIAN_POINT ( 'NONE',  ( 0.4797817083846136477, 0.06350000000000000089, -0.9503329334420737018 ) ) ;
#2737 = ORIENTED_EDGE ( 'NONE', *, *, #4206, .F. ) ;
#2738 = LINE ( 'NONE', #5387, #2298 ) ;
#2739 = EDGE_CURVE ( 'NONE', #233, #5518, #2959, .T. ) ;
#2740 = SURFACE_SIDE_STYLE ('',( #3590 ) ) ;
#2741 = STYLED_ITEM ( 'NONE', ( #581 ), #3806 ) ;
#2742 = DIRECTION ( 'NONE',  ( 1.000000000000000000, 0.0000000000000000000, 0.0000000000000000000 ) ) ;
#2743 = LINE ( 'NONE', #2202, #3745 ) ;
#2744 = ADVANCED_FACE ( 'NONE', ( #4669 ), #549, .T. ) ;
#2745 = CARTESIAN_POINT ( 'NONE',  ( -0.4999999999997228883, 0.06350000000000000089, -1.009999999997705400 ) ) ;
#2746 = VECTOR ( 'NONE', #5398, 1000.000000000000000 ) ;
#2747 = ADVANCED_FACE ( 'NONE', ( #5590 ), #4760, .T. ) ;
#2748 =( LENGTH_UNIT ( ) NAMED_UNIT ( * ) SI_UNIT ( .MILLI., .METRE. ) );
#2749 = CARTESIAN_POINT ( 'NONE',  ( -1.000000000001222134, 0.06350000000000000089, -0.4218629150081198986 ) ) ;
#2750 = VECTOR ( 'NONE', #3750, 1000.000000000000000 ) ;
#2751 = FILL_AREA_STYLE ('',( #4163 ) ) ;
#2752 = SURFACE_STYLE_USAGE ( .BOTH. , #1436 ) ;
#2753 = CARTESIAN_POINT ( 'NONE',  ( 0.8182831063759994361, 0.0000000000000000000, -0.9994467618417947063 ) ) ;
#2754 = VERTEX_POINT ( 'NONE', #5710 ) ;
#2755 = CARTESIAN_POINT ( 'NONE',  ( 0.1700000000011555046, 0.06350000000000000089, -0.9850000000000036504 ) ) ;
#2756 = ADVANCED_FACE ( 'NONE', ( #4917 ), #2567, .F. ) ;
#2757 = CARTESIAN_POINT ( 'NONE',  ( -1.000000000001222134, 0.06350000000000000089, -0.4218629150081198986 ) ) ;
#2758 = CARTESIAN_POINT ( 'NONE',  ( 0.1723030399283231873, 0.06350000000000000089, -0.9999999999976694198 ) ) ;
#2759 = ORIENTED_EDGE ( 'NONE', *, *, #3810, .T. ) ;
#2760 = ORIENTED_EDGE ( 'NONE', *, *, #4617, .F. ) ;
#2761 = ORIENTED_EDGE ( 'NONE', *, *, #80, .F. ) ;
#2762 = VECTOR ( 'NONE', #1952, 1000.000000000000000 ) ;
#2763 = CARTESIAN_POINT ( 'NONE',  ( 1.353521233241100852, -0.08000000000002167877, -1.292355852750886713 ) ) ;
#2764 = FILL_AREA_STYLE_COLOUR ( '', #3684 ) ;
#2765 = ORIENTED_EDGE ( 'NONE', *, *, #3941, .T. ) ;
#2766 = DIRECTION ( 'NONE',  ( -0.0000000000000000000, -0.0000000000000000000, 1.000000000000000000 ) ) ;
#2767 = AXIS2_PLACEMENT_3D ( 'NONE', #425, #3146, #2324 ) ;
#2768 = LINE ( 'NONE', #3109, #4388 ) ;
#2769 = AXIS2_PLACEMENT_3D ( 'NONE', #3133, #2281, #5023 ) ;
#2770 = VECTOR ( 'NONE', #3212, 1000.000000000000114 ) ;
#2771 = PLANE ( 'NONE',  #2179 ) ;
#2772 = VECTOR ( 'NONE', #5038, 1000.000000000000000 ) ;
#2773 = CARTESIAN_POINT ( 'NONE',  ( 0.0000000000000000000, 0.0000000000000000000, 0.0000000000000000000 ) ) ;
#2774 = PLANE ( 'NONE',  #5221 ) ;
#2775 = AXIS2_PLACEMENT_3D ( 'NONE', #1916, #4631, #2429 ) ;
#2776 = FILL_AREA_STYLE_COLOUR ( '', #5709 ) ;
#2777 = EDGE_CURVE ( 'NONE', #4832, #2505, #244, .T. ) ;
#2778 = CARTESIAN_POINT ( 'NONE',  ( -0.1723030399313822680, 0.06350000000000000089, 1.010000000001161746 ) ) ;
#2779 = ADVANCED_FACE ( 'NONE', ( #1196 ), #698, .F. ) ;
#2780 = VECTOR ( 'NONE', #1674, 1000.000000000000000 ) ;
#2781 = CARTESIAN_POINT ( 'NONE',  ( 0.4799999999995918643, 0.0000000000000000000, 0.9616911592296162326 ) ) ;
#2782 = PLANE ( 'NONE',  #573 ) ;
#2783 = CARTESIAN_POINT ( 'NONE',  ( 0.9999999999976694198, 0.06350000000000000089, -0.7500000000000284217 ) ) ;
#2784 = UNCERTAINTY_MEASURE_WITH_UNIT (LENGTH_MEASURE( 1.000000000000000082E-05 ), #1141, 'distance_accuracy_value', 'NONE');
#2785 = ORIENTED_EDGE ( 'NONE', *, *, #690, .F. ) ;
#2786 = AXIS2_PLACEMENT_3D ( 'NONE', #3175, #2292, #962 ) ;
#2787 = EDGE_CURVE ( 'NONE', #3059, #4715, #304, .T. ) ;
#2788 = DIRECTION ( 'NONE',  ( 0.0000000000000000000, 0.0000000000000000000, -1.000000000000000000 ) ) ;
#2789 = CARTESIAN_POINT ( 'NONE',  ( -0.2200000000006079870, 0.06350000000000000089, -0.9849999999999963229 ) ) ;
#2790 = VECTOR ( 'NONE', #823, 1000.000000000000000 ) ;
#2791 = ORIENTED_EDGE ( 'NONE', *, *, #1338, .F. ) ;
#2792 = ORIENTED_EDGE ( 'NONE', *, *, #5935, .T. ) ;
#2793 = VERTEX_POINT ( 'NONE', #275 ) ;
#2794 = DIRECTION ( 'NONE',  ( -0.0000000000000000000, -0.0000000000000000000, 1.000000000000000000 ) ) ;
#2795 = DIRECTION ( 'NONE',  ( -1.000000000000000000, 0.0000000000000000000, 0.0000000000000000000 ) ) ;
#2796 = ORIENTED_EDGE ( 'NONE', *, *, #162, .F. ) ;
#2797 = CARTESIAN_POINT ( 'NONE',  ( 0.0000000000000000000, 0.06350000000000000089, -1.009999999997669429 ) ) ;
#2798 = DIRECTION ( 'NONE',  ( 0.0000000000000000000, 0.0000000000000000000, 1.000000000000000000 ) ) ;
#2799 = LINE ( 'NONE', #4529, #4674 ) ;
#2800 = CARTESIAN_POINT ( 'NONE',  ( 1.230584742858188863, -0.08000000000003262834, -0.6645376709327052156 ) ) ;
#2801 = PLANE ( 'NONE',  #4386 ) ;
#2802 = ORIENTED_EDGE ( 'NONE', *, *, #788, .F. ) ;
#2803 = CARTESIAN_POINT ( 'NONE',  ( 1.140720422009984691, -0.08000000000003232303, -0.6819922163872506049 ) ) ;
#2804 = FILL_AREA_STYLE_COLOUR ( '', #3829 ) ;
#2805 = DIRECTION ( 'NONE',  ( -0.0000000000000000000, -1.000000000000000000, -0.0000000000000000000 ) ) ;
#2806 = EDGE_CURVE ( 'NONE', #4894, #2513, #3141, .T. ) ;
#2807 = LINE ( 'NONE', #883, #5593 ) ;
#2808 = ORIENTED_EDGE ( 'NONE', *, *, #4952, .T. ) ;
#2809 = VECTOR ( 'NONE', #4872, 1000.000000000000000 ) ;
#2810 = FACE_OUTER_BOUND ( 'NONE', #3561, .T. ) ;
#2811 = CARTESIAN_POINT ( 'NONE',  ( -0.1499999999996504130, 0.1270000000000000018, -1.009999999997669429 ) ) ;
#2812 = EDGE_CURVE ( 'NONE', #5104, #499, #2665, .T. ) ;
#2813 = SURFACE_STYLE_FILL_AREA ( #3270 ) ;
#2814 = ORIENTED_EDGE ( 'NONE', *, *, #4755, .T. ) ;
#2815 = AXIS2_PLACEMENT_3D ( 'NONE', #5664, #1087, #4293 ) ;
#2816 = ORIENTED_EDGE ( 'NONE', *, *, #4073, .F. ) ;
#2817 = ORIENTED_EDGE ( 'NONE', *, *, #881, .F. ) ;
#2818 = EDGE_CURVE ( 'NONE', #236, #3527, #3022, .T. ) ;
#2819 = FACE_OUTER_BOUND ( 'NONE', #4599, .T. ) ;
#2820 = VECTOR ( 'NONE', #1433, 1000.000000000000000 ) ;
#2821 = EDGE_CURVE ( 'NONE', #250, #251, #2539, .T. ) ;
#2822 = CARTESIAN_POINT ( 'NONE',  ( 0.0000000000000000000, 0.0000000000000000000, -1.009999999997669429 ) ) ;
#2823 = ORIENTED_EDGE ( 'NONE', *, *, #192, .F. ) ;
#2824 = DIRECTION ( 'NONE',  ( 0.0000000000000000000, 0.0000000000000000000, -1.000000000000000000 ) ) ;
#2825 = CARTESIAN_POINT ( 'NONE',  ( -0.7999999999990237143, 0.1270000000000000018, 1.010000000001222142 ) ) ;
#2826 = ADVANCED_FACE ( 'NONE', ( #1653 ), #2138, .T. ) ;
#2827 = DIRECTION ( 'NONE',  ( 0.0000000000000000000, 0.0000000000000000000, 1.000000000000000000 ) ) ;
#2828 = EDGE_CURVE ( 'NONE', #4705, #5711, #5802, .T. ) ;
#2829 = DIRECTION ( 'NONE',  ( 0.0000000000000000000, -1.000000000000000000, 0.0000000000000000000 ) ) ;
#2830 = ORIENTED_EDGE ( 'NONE', *, *, #5771, .T. ) ;
#2831 = VECTOR ( 'NONE', #5888, 1000.000000000000000 ) ;
#2832 = FACE_OUTER_BOUND ( 'NONE', #3807, .T. ) ;
#2833 =( LENGTH_UNIT ( ) NAMED_UNIT ( * ) SI_UNIT ( .MILLI., .METRE. ) );
#2834 = DIRECTION ( 'NONE',  ( 1.000000000000000000, 0.0000000000000000000, 0.0000000000000000000 ) ) ;
#2835 = CARTESIAN_POINT ( 'NONE',  ( 1.998999999999999888, 0.5999999999999999778, 0.0000000000000000000 ) ) ;
#2836 = UNCERTAINTY_MEASURE_WITH_UNIT (LENGTH_MEASURE( 1.000000000000000082E-05 ), #3182, 'distance_accuracy_value', 'NONE');
#2837 = VERTEX_POINT ( 'NONE', #3959 ) ;
#2838 = PLANE ( 'NONE',  #4658 ) ;
#2839 = VECTOR ( 'NONE', #1870, 1000.000000000000000 ) ;
#2840 =( NAMED_UNIT ( * ) SI_UNIT ( $, .STERADIAN. ) SOLID_ANGLE_UNIT ( ) );
#2841 = ADVANCED_FACE ( 'NONE', ( #5361 ), #3502, .F. ) ;
#2842 = DIRECTION ( 'NONE',  ( -1.000000000000000000, -0.0000000000000000000, -0.0000000000000000000 ) ) ;
#2843 = VECTOR ( 'NONE', #2197, 1000.000000000000000 ) ;
#2844 = ORIENTED_EDGE ( 'NONE', *, *, #5094, .F. ) ;
#2845 = ORIENTED_EDGE ( 'NONE', *, *, #4550, .T. ) ;
#2846 = ORIENTED_EDGE ( 'NONE', *, *, #5271, .F. ) ;
#2847 = EDGE_CURVE ( 'NONE', #5816, #199, #4940, .T. ) ;
#2848 = DIRECTION ( 'NONE',  ( 0.0000000000000000000, 0.0000000000000000000, -1.000000000000000000 ) ) ;
#2849 = EDGE_CURVE ( 'NONE', #1618, #4857, #819, .T. ) ;
#2850 = ORIENTED_EDGE ( 'NONE', *, *, #3475, .T. ) ;
#2851 = CARTESIAN_POINT ( 'NONE',  ( -0.4299999999980922971, 0.06350000000000000089, 0.9850000000018402924 ) ) ;
#2852 = FACE_OUTER_BOUND ( 'NONE', #4493, .T. ) ;
#2853 = CIRCLE ( 'NONE', #1696, 0.05181818181818173552 ) ;
#2854 = ADVANCED_FACE ( 'NONE', ( #792 ), #2631, .F. ) ;
#2855 = DIRECTION ( 'NONE',  ( -0.0000000000000000000, -0.0000000000000000000, -1.000000000000000000 ) ) ;
#2856 = CARTESIAN_POINT ( 'NONE',  ( 0.1500000000005385914, 0.1270000000000000018, -0.7500000000000284217 ) ) ;
#2857 = LINE ( 'NONE', #26, #5407 ) ;
#2858 = PRESENTATION_LAYER_ASSIGNMENT (  '', '', ( #5455 ) ) ;
#2859 = AXIS2_PLACEMENT_3D ( 'NONE', #5048, #4520, #919 ) ;
#2860 = CARTESIAN_POINT ( 'NONE',  ( 0.0000000000000000000, 0.06350000000000000089, 0.0000000000000000000 ) ) ;
#2861 = ORIENTED_EDGE ( 'NONE', *, *, #2821, .T. ) ;
#2862 = VECTOR ( 'NONE', #1225, 1000.000000000000000 ) ;
#2863 = CARTESIAN_POINT ( 'NONE',  ( -0.1499999999996504130, 0.1270000000000000018, -0.7500000000000284217 ) ) ;
#2864 = EDGE_CURVE ( 'NONE', #4857, #4866, #2359, .T. ) ;
#2865 =( GEOMETRIC_REPRESENTATION_CONTEXT ( 3 ) GLOBAL_UNCERTAINTY_ASSIGNED_CONTEXT ( ( #2784 ) ) GLOBAL_UNIT_ASSIGNED_CONTEXT ( ( #1141, #2080, #1629 ) ) REPRESENTATION_CONTEXT ( 'NONE', 'WORKASPACE' ) );
#2866 = DIRECTION ( 'NONE',  ( 0.0000000000000000000, 1.000000000000000000, -0.0000000000000000000 ) ) ;
#2867 = SURFACE_STYLE_FILL_AREA ( #1460 ) ;
#2868 = VECTOR ( 'NONE', #3387, 1000.000000000000000 ) ;
#2869 = CARTESIAN_POINT ( 'NONE',  ( 1.004999999999256488, 0.06350000000000000089, 0.8600000000011931434 ) ) ;
#2870 = CARTESIAN_POINT ( 'NONE',  ( 0.0000000000000000000, 0.06350000000000000089, 0.0000000000000000000 ) ) ;
#2871 = ORIENTED_EDGE ( 'NONE', *, *, #4588, .F. ) ;
#2872 = AXIS2_PLACEMENT_3D ( 'NONE', #5015, #887, #4088 ) ;
#2873 = PLANE ( 'NONE',  #4854 ) ;
#2874 = PRESENTATION_LAYER_ASSIGNMENT (  '', '', ( #4693 ) ) ;
#2875 = DIRECTION ( 'NONE',  ( 0.0000000000000000000, 0.0000000000000000000, -1.000000000000000000 ) ) ;
#2876 = CARTESIAN_POINT ( 'NONE',  ( 0.8099999999986731147, 0.06350000000000000089, -1.009999999997669429 ) ) ;
#2877 = AXIS2_PLACEMENT_3D ( 'NONE', #203, #686, #2527 ) ;
#2878 = VERTEX_POINT ( 'NONE', #3437 ) ;
#2879 = VERTEX_POINT ( 'NONE', #5272 ) ;
#2880 = ORIENTED_EDGE ( 'NONE', *, *, #4509, .T. ) ;
#2881 = VECTOR ( 'NONE', #3541, 1000.000000000000000 ) ;
#2882 = DIRECTION ( 'NONE',  ( 0.0000000000000000000, 0.0000000000000000000, 1.000000000000000000 ) ) ;
#2883 = DIRECTION ( 'NONE',  ( -1.000000000000000000, 0.0000000000000000000, 0.0000000000000000000 ) ) ;
#2884 = EDGE_CURVE ( 'NONE', #475, #1298, #2991, .T. ) ;
#2885 = ORIENTED_EDGE ( 'NONE', *, *, #4282, .F. ) ;
#2886 = LINE ( 'NONE', #1424, #4790 ) ;
#2887 = EDGE_CURVE ( 'NONE', #3812, #5189, #1402, .T. ) ;
#2888 = CARTESIAN_POINT ( 'NONE',  ( 0.0000000000000000000, 0.06350000000000000089, -0.7500000000000284217 ) ) ;
#2889 = ADVANCED_FACE ( 'NONE', ( #4533 ), #4973, .T. ) ;
#2890 = DIRECTION ( 'NONE',  ( -0.0000000000000000000, 1.000000000000000000, 1.745740669421566678E-14 ) ) ;
#2891 = FACE_OUTER_BOUND ( 'NONE', #157, .T. ) ;
#2892 = ADVANCED_FACE ( 'NONE', ( #4499 ), #28, .F. ) ;
#2893 = ADVANCED_FACE ( 'NONE', ( #5035 ), #930, .F. ) ;
#2894 = DIRECTION ( 'NONE',  ( -0.7071067811865474617, 0.0000000000000000000, 0.7071067811865474617 ) ) ;
#2895 = ORIENTED_EDGE ( 'NONE', *, *, #2668, .F. ) ;
#2896 = DIRECTION ( 'NONE',  ( 0.0000000000000000000, 0.0000000000000000000, -1.000000000000000000 ) ) ;
#2897 = PRESENTATION_STYLE_ASSIGNMENT (( #2017 ) ) ;
#2898 = LINE ( 'NONE', #3136, #1891 ) ;
#2899 = DIRECTION ( 'NONE',  ( 0.0000000000000000000, 0.0000000000000000000, -1.000000000000000000 ) ) ;
#2900 = UNCERTAINTY_MEASURE_WITH_UNIT (LENGTH_MEASURE( 1.000000000000000082E-05 ), #5233, 'distance_accuracy_value', 'NONE');
#2901 = VERTEX_POINT ( 'NONE', #4077 ) ;
#2902 = EDGE_CURVE ( 'NONE', #1519, #2610, #2295, .T. ) ;
#2903 = DIRECTION ( 'NONE',  ( 0.0000000000000000000, -1.000000000000000000, -1.745740669421566678E-14 ) ) ;
#2904 = VERTEX_POINT ( 'NONE', #3145 ) ;
#2905 = ORIENTED_EDGE ( 'NONE', *, *, #2143, .F. ) ;
#2906 = ORIENTED_EDGE ( 'NONE', *, *, #5509, .F. ) ;
#2907 = VECTOR ( 'NONE', #5794, 1000.000000000000000 ) ;
#2908 = CARTESIAN_POINT ( 'NONE',  ( -0.9683780866076574512, 0.0000000000000000000, -0.7500000000000284217 ) ) ;
#2909 = ORIENTED_EDGE ( 'NONE', *, *, #121, .T. ) ;
#2910 = COLOUR_RGB ( '',0.7686274509803920907, 0.7686274509803920907, 0.7686274509803920907 ) ;
#2911 = CARTESIAN_POINT ( 'NONE',  ( -0.6749999999993150368, 0.06350000000000000089, -0.4499999999998391953 ) ) ;
#2912 = VERTEX_POINT ( 'NONE', #4050 ) ;
#2913 = PLANE ( 'NONE',  #3549 ) ;
#2914 = CARTESIAN_POINT ( 'NONE',  ( -0.4999999999997228883, 0.1270000000000000018, -0.7500000000000284217 ) ) ;
#2915 =( GEOMETRIC_REPRESENTATION_CONTEXT ( 3 ) GLOBAL_UNCERTAINTY_ASSIGNED_CONTEXT ( ( #4538 ) ) GLOBAL_UNIT_ASSIGNED_CONTEXT ( ( #4709, #3354, #702 ) ) REPRESENTATION_CONTEXT ( 'NONE', 'WORKASPACE' ) );
#2916 = CARTESIAN_POINT ( 'NONE',  ( 0.0000000000000000000, 0.06350000000000000089, 0.4499999999998394173 ) ) ;
#2917 = DIRECTION ( 'NONE',  ( 1.000000000000000000, -0.0000000000000000000, 0.0000000000000000000 ) ) ;
#2918 = ADVANCED_FACE ( 'NONE', ( #905 ), #1747, .T. ) ;
#2919 = CARTESIAN_POINT ( 'NONE',  ( -1.000000000001222134, 0.0000000000000000000, -0.8599999999994167865 ) ) ;
#2920 = ORIENTED_EDGE ( 'NONE', *, *, #3965, .T. ) ;
#2921 =( NAMED_UNIT ( * ) PLANE_ANGLE_UNIT ( ) SI_UNIT ( $, .RADIAN. ) );
#2922 = ORIENTED_EDGE ( 'NONE', *, *, #4755, .F. ) ;
#2923 = FILL_AREA_STYLE_COLOUR ( '', #2635 ) ;
#2924 = EDGE_CURVE ( 'NONE', #4280, #1188, #1778, .T. ) ;
#2925 = CARTESIAN_POINT ( 'NONE',  ( 0.8000000000016882495, 0.06350000000000000089, 0.7500000000000284217 ) ) ;
#2926 = CARTESIAN_POINT ( 'NONE',  ( 0.7292312925069045493, 1.039793683127947066, 1.528890084980686348 ) ) ;
#2927 = LINE ( 'NONE', #3666, #1404 ) ;
#2928 = PLANE ( 'NONE',  #3737 ) ;
#2929 = EDGE_CURVE ( 'NONE', #4378, #1059, #3626, .T. ) ;
#2930 = CARTESIAN_POINT ( 'NONE',  ( -0.9683780866076574512, 0.06350000000000000089, -0.5666219133892980153 ) ) ;
#2931 = ORIENTED_EDGE ( 'NONE', *, *, #5935, .F. ) ;
#2932 = SURFACE_SIDE_STYLE ('',( #3351 ) ) ;
#2933 = AXIS2_PLACEMENT_3D ( 'NONE', #4686, #2345, #49 ) ;
#2934 = SURFACE_SIDE_STYLE ('',( #770 ) ) ;
#2935 =( LENGTH_UNIT ( ) NAMED_UNIT ( * ) SI_UNIT ( .MILLI., .METRE. ) );
#2936 = EDGE_LOOP ( 'NONE', ( #5113, #191, #3419, #4836, #4837 ) ) ;
#2937 = VERTEX_POINT ( 'NONE', #4104 ) ;
#2938 = ORIENTED_EDGE ( 'NONE', *, *, #4945, .T. ) ;
#2939 = VECTOR ( 'NONE', #2076, 1000.000000000000000 ) ;
#2940 = EDGE_CURVE ( 'NONE', #2879, #3871, #4133, .T. ) ;
#2941 = DIRECTION ( 'NONE',  ( 0.4562858356710378649, 0.0000000000000000000, 0.8898332631262907411 ) ) ;
#2942 = AXIS2_PLACEMENT_3D ( 'NONE', #4009, #1132, #785 ) ;
#2943 = CARTESIAN_POINT ( 'NONE',  ( 0.2200000000004044831, 0.0000000000000000000, -0.9549999999975867793 ) ) ;
#2944 = ORIENTED_EDGE ( 'NONE', *, *, #3893, .F. ) ;
#2945 = ORIENTED_EDGE ( 'NONE', *, *, #897, .T. ) ;
#2946 = DIRECTION ( 'NONE',  ( -0.0000000000000000000, -1.000000000000000000, -0.0000000000000000000 ) ) ;
#2947 = DIRECTION ( 'NONE',  ( 1.000000000000000000, -0.0000000000000000000, 0.0000000000000000000 ) ) ;
#2948 = LINE ( 'NONE', #2499, #1720 ) ;
#2949 = DIRECTION ( 'NONE',  ( -0.0000000000000000000, -1.000000000000000000, -0.0000000000000000000 ) ) ;
#2950 = ORIENTED_EDGE ( 'NONE', *, *, #1787, .T. ) ;
#2951 = VECTOR ( 'NONE', #3862, 1000.000000000000000 ) ;
#2952 = CARTESIAN_POINT ( 'NONE',  ( 0.1500000000005385914, 0.06350000000000000089, 0.0000000000000000000 ) ) ;
#2953 = VERTEX_POINT ( 'NONE', #3683 ) ;
#2954 = LINE ( 'NONE', #990, #27 ) ;
#2955 = FACE_OUTER_BOUND ( 'NONE', #4180, .T. ) ;
#2956 = AXIS2_PLACEMENT_3D ( 'NONE', #2, #5031, #3142 ) ;
#2957 = DIRECTION ( 'NONE',  ( 0.4562858356710386420, 0.0000000000000000000, 0.8898332631262904080 ) ) ;
#2958 = EDGE_CURVE ( 'NONE', #3904, #1966, #1092, .T. ) ;
#2959 = LINE ( 'NONE', #2835, #1969 ) ;
#2960 = UNCERTAINTY_MEASURE_WITH_UNIT (LENGTH_MEASURE( 1.000000000000000082E-05 ), #2935, 'distance_accuracy_value', 'NONE');
#2961 = VECTOR ( 'NONE', #5594, 1000.000000000000000 ) ;
#2962 = VERTEX_POINT ( 'NONE', #4160 ) ;
#2963 = CARTESIAN_POINT ( 'NONE',  ( 0.0000000000000000000, 0.06350000000000000089, 0.0000000000000000000 ) ) ;
#2964 = EDGE_CURVE ( 'NONE', #3059, #4705, #5530, .T. ) ;
#2965 = AXIS2_PLACEMENT_3D ( 'NONE', #5079, #1421, #127 ) ;
#2966 = PRESENTATION_STYLE_ASSIGNMENT (( #3935 ) ) ;
#2967 = AXIS2_PLACEMENT_3D ( 'NONE', #4136, #3492, #4488 ) ;
#2968 = VECTOR ( 'NONE', #1567, 1000.000000000000000 ) ;
#2969 = ORIENTED_EDGE ( 'NONE', *, *, #2828, .F. ) ;
#2970 = ORIENTED_EDGE ( 'NONE', *, *, #3378, .F. ) ;
#2971 = ORIENTED_EDGE ( 'NONE', *, *, #3968, .F. ) ;
#2972 = VECTOR ( 'NONE', #2688, 1000.000000000000000 ) ;
#2973 = DIRECTION ( 'NONE',  ( -0.0000000000000000000, -1.000000000000000000, -0.0000000000000000000 ) ) ;
#2974 = APPLICATION_CONTEXT ( 'automotive_design' ) ;
#2975 = ORIENTED_EDGE ( 'NONE', *, *, #4073, .T. ) ;
#2976 = LINE ( 'NONE', #2091, #5412 ) ;
#2977 = VERTEX_POINT ( 'NONE', #3400 ) ;
#2978 = ORIENTED_EDGE ( 'NONE', *, *, #2964, .F. ) ;
#2979 = VERTEX_POINT ( 'NONE', #596 ) ;
#2980 = LINE ( 'NONE', #3947, #5705 ) ;
#2981 = CARTESIAN_POINT ( 'NONE',  ( 0.5000000000006110668, 0.06350000000000000089, 1.010000000001208820 ) ) ;
#2982 = DIRECTION ( 'NONE',  ( -0.0000000000000000000, -0.0000000000000000000, -1.000000000000000000 ) ) ;
#2983 = CARTESIAN_POINT ( 'NONE',  ( 0.0000000000000000000, 0.0000000000000000000, 0.0000000000000000000 ) ) ;
#2984 = EDGE_LOOP ( 'NONE', ( #4946, #1080, #4571, #2563 ) ) ;
#2985 = CARTESIAN_POINT ( 'NONE',  ( 0.9999999999976694198, 0.0000000000000000000, -0.8599999999976404297 ) ) ;
#2986 = FACE_OUTER_BOUND ( 'NONE', #1250, .T. ) ;
#2987 = VERTEX_POINT ( 'NONE', #2466 ) ;
#2988 = SURFACE_SIDE_STYLE ('',( #3430 ) ) ;
#2989 = CARTESIAN_POINT ( 'NONE',  ( -0.1723030399292113934, 0.0000000000000000000, -1.009999999997669429 ) ) ;
#2990 = CARTESIAN_POINT ( 'NONE',  ( -0.2200000000006079870, 0.0000000000000000000, -0.9849999999999963229 ) ) ;
#2991 = LINE ( 'NONE', #4820, #5335 ) ;
#2992 = EDGE_LOOP ( 'NONE', ( #1181, #101, #699, #5231 ) ) ;
#2993 = CARTESIAN_POINT ( 'NONE',  ( 0.9741903303925880664, 0.0000000000000000000, -0.06999999999734995981 ) ) ;
#2994 =( NAMED_UNIT ( * ) PLANE_ANGLE_UNIT ( ) SI_UNIT ( $, .RADIAN. ) );
#2995 = ADVANCED_FACE ( 'NONE', ( #4636 ), #2801, .F. ) ;
#2996 = ORIENTED_EDGE ( 'NONE', *, *, #2178, .T. ) ;
#2997 = VERTEX_POINT ( 'NONE', #1430 ) ;
#2998 = EDGE_LOOP ( 'NONE', ( #5304, #5517, #1853, #4893 ) ) ;
#2999 = EDGE_CURVE ( 'NONE', #3986, #2452, #5672, .T. ) ;
#3000 = DIRECTION ( 'NONE',  ( -0.0000000000000000000, -0.0000000000000000000, -1.000000000000000000 ) ) ;
#3001 = ORIENTED_EDGE ( 'NONE', *, *, #2806, .T. ) ;
#3002 = LINE ( 'NONE', #4834, #5502 ) ;
#3003 = ADVANCED_FACE ( 'NONE', ( #5230 ), #988, .F. ) ;
#3004 = EDGE_LOOP ( 'NONE', ( #2155, #5767, #4736, #3130, #2905 ) ) ;
#3005 = ORIENTED_EDGE ( 'NONE', *, *, #1959, .F. ) ;
#3006 = EDGE_LOOP ( 'NONE', ( #1878, #1083, #865, #1121 ) ) ;
#3007 = LINE ( 'NONE', #226, #4751 ) ;
#3008 =( REPRESENTATION_RELATIONSHIP ('NONE','NONE', #5149, #4964 ) REPRESENTATION_RELATIONSHIP_WITH_TRANSFORMATION ( #2135 )SHAPE_REPRESENTATION_RELATIONSHIP( ) );
#3009 = ADVANCED_FACE ( 'NONE', ( #4304 ), #628, .F. ) ;
#3010 = DIRECTION ( 'NONE',  ( 0.8898332631262907411, 7.965567402119365793E-15, -0.4562858356710378649 ) ) ;
#3011 = VECTOR ( 'NONE', #5375, 1000.000000000000000 ) ;
#3012 =( NAMED_UNIT ( * ) SI_UNIT ( $, .STERADIAN. ) SOLID_ANGLE_UNIT ( ) );
#3013 = DIRECTION ( 'NONE',  ( 0.0000000000000000000, 1.000000000000000000, -0.0000000000000000000 ) ) ;
#3014 = VERTEX_POINT ( 'NONE', #4216 ) ;
#3015 = CARTESIAN_POINT ( 'NONE',  ( 0.8099999999976695841, 0.06350000000000000089, 0.9616911592296162326 ) ) ;
#3016 = DIRECTION ( 'NONE',  ( 0.0000000000000000000, -1.000000000000000000, 0.0000000000000000000 ) ) ;
#3017 = ORIENTED_EDGE ( 'NONE', *, *, #1358, .F. ) ;
#3018 = AXIS2_PLACEMENT_3D ( 'NONE', #439, #2728, #5907 ) ;
#3019 = EDGE_CURVE ( 'NONE', #559, #2492, #175, .T. ) ;
#3020 = DIRECTION ( 'NONE',  ( 0.0000000000000000000, 0.0000000000000000000, 1.000000000000000000 ) ) ;
#3021 =( NAMED_UNIT ( * ) PLANE_ANGLE_UNIT ( ) SI_UNIT ( $, .RADIAN. ) );
#3022 = LINE ( 'NONE', #5327, #2939 ) ;
#3023 = VERTEX_POINT ( 'NONE', #5143 ) ;
#3024 = DIRECTION ( 'NONE',  ( -0.4562858356710386420, 0.0000000000000000000, 0.8898332631262904080 ) ) ;
#3025 = PRESENTATION_STYLE_ASSIGNMENT (( #2542 ) ) ;
#3026 = LINE ( 'NONE', #4412, #3266 ) ;
#3027 = ORIENTED_EDGE ( 'NONE', *, *, #2641, .F. ) ;
#3028 = VERTEX_POINT ( 'NONE', #1518 ) ;
#3029 = ORIENTED_EDGE ( 'NONE', *, *, #2958, .T. ) ;
#3030 = CIRCLE ( 'NONE', #429, 0.009818181818181800566 ) ;
#3031 = ADVANCED_FACE ( 'NONE', ( #1892 ), #2407, .F. ) ;
#3032 = FILL_AREA_STYLE ('',( #2214 ) ) ;
#3033 = PLANE ( 'NONE',  #5839 ) ;
#3034 = DIRECTION ( 'NONE',  ( -0.0000000000000000000, -0.0000000000000000000, -1.000000000000000000 ) ) ;
#3035 = AXIS2_PLACEMENT_3D ( 'NONE', #3518, #5343, #4808 ) ;
#3036 = EDGE_LOOP ( 'NONE', ( #5285, #4452, #4748, #1495 ) ) ;
#3037 = ORIENTED_EDGE ( 'NONE', *, *, #2002, .F. ) ;
#3038 = ORIENTED_EDGE ( 'NONE', *, *, #467, .T. ) ;
#3039 = EDGE_CURVE ( 'NONE', #1439, #3924, #110, .T. ) ;
#3040 = DIRECTION ( 'NONE',  ( 0.0000000000000000000, 0.0000000000000000000, -1.000000000000000000 ) ) ;
#3041 = EDGE_CURVE ( 'NONE', #20, #1439, #3129, .T. ) ;
#3042 = MECHANICAL_DESIGN_GEOMETRIC_PRESENTATION_REPRESENTATION (  '', ( #532 ), #2062 ) ;
#3043 = CARTESIAN_POINT ( 'NONE',  ( -0.4300000000003322831, 0.0000000000000000000, -0.9849999999965123321 ) ) ;
#3044 = LINE ( 'NONE', #4778, #5472 ) ;
#3045 = LINE ( 'NONE', #5793, #2670 ) ;
#3046 = CARTESIAN_POINT ( 'NONE',  ( -0.1700000000006696155, 0.0000000000000000000, 0.9616911592296162326 ) ) ;
#3047 = ORIENTED_EDGE ( 'NONE', *, *, #3768, .T. ) ;
#3048 = LINE ( 'NONE', #267, #3071 ) ;
#3049 = FACE_OUTER_BOUND ( 'NONE', #4936, .T. ) ;
#3050 = ORIENTED_EDGE ( 'NONE', *, *, #5057, .T. ) ;
#3051 = CARTESIAN_POINT ( 'NONE',  ( -0.9825735931290324743, 0.0000000000000000000, -0.5524264068679229922 ) ) ;
#3052 = CARTESIAN_POINT ( 'NONE',  ( 1.116452242106540815, -0.08000000000003254508, -0.6695480572325860358 ) ) ;
#3053 = ORIENTED_EDGE ( 'NONE', *, *, #1506, .F. ) ;
#3054 = LINE ( 'NONE', #1627, #2746 ) ;
#3055 = VECTOR ( 'NONE', #3020, 1000.000000000000000 ) ;
#3056 = CLOSED_SHELL ( 'NONE', ( #2330, #3902, #1474, #2638, #1814, #4190, #4076, #2854, #1369, #2123, #1955, #1366, #1447, #634, #1704, #1951, #5786, #2559 ) ) ;
#3057 = DIRECTION ( 'NONE',  ( -0.0000000000000000000, -1.000000000000000000, -0.0000000000000000000 ) ) ;
#3058 = VECTOR ( 'NONE', #1875, 1000.000000000000000 ) ;
#3059 = VERTEX_POINT ( 'NONE', #140 ) ;
#3060 = VERTEX_POINT ( 'NONE', #1977 ) ;
#3061 = AXIS2_PLACEMENT_3D ( 'NONE', #1066, #4745, #1889 ) ;
#3062 = VECTOR ( 'NONE', #2236, 1000.000000000000000 ) ;
#3063 = DIRECTION ( 'NONE',  ( -1.000000000000000000, 0.0000000000000000000, 0.0000000000000000000 ) ) ;
#3064 = FACE_OUTER_BOUND ( 'NONE', #981, .T. ) ;
#3065 = VECTOR ( 'NONE', #5875, 1000.000000000000000 ) ;
#3066 = DIRECTION ( 'NONE',  ( 0.0000000000000000000, 0.0000000000000000000, 1.000000000000000000 ) ) ;
#3067 = VERTEX_POINT ( 'NONE', #1072 ) ;
#3068 = ORIENTED_EDGE ( 'NONE', *, *, #1071, .T. ) ;
#3069 = ORIENTED_EDGE ( 'NONE', *, *, #2940, .F. ) ;
#3070 = CARTESIAN_POINT ( 'NONE',  ( 0.0000000000000000000, 0.0000000000000000000, -1.009999999997669429 ) ) ;
#3071 = VECTOR ( 'NONE', #3953, 1000.000000000000000 ) ;
#3072 = LINE ( 'NONE', #2158, #2382 ) ;
#3073 = DIRECTION ( 'NONE',  ( 0.0000000000000000000, 0.0000000000000000000, 1.000000000000000000 ) ) ;
#3074 = ADVANCED_FACE ( 'NONE', ( #2012 ), #3856, .F. ) ;
#3075 = LINE ( 'NONE', #2473, #5532 ) ;
#3076 = SURFACE_STYLE_FILL_AREA ( #872 ) ;
#3077 = EDGE_LOOP ( 'NONE', ( #682, #2408, #613, #3068 ) ) ;
#3078 = DIRECTION ( 'NONE',  ( 0.0000000000000000000, 0.0000000000000000000, 1.000000000000000000 ) ) ;
#3079 = EDGE_CURVE ( 'NONE', #1306, #3241, #331, .T. ) ;
#3080 = VECTOR ( 'NONE', #84, 1000.000000000000000 ) ;
#3081 = VECTOR ( 'NONE', #366, 1000.000000000000000 ) ;
#3082 = PLANE ( 'NONE',  #522 ) ;
#3083 = ORIENTED_EDGE ( 'NONE', *, *, #5140, .F. ) ;
#3084 = DIRECTION ( 'NONE',  ( -1.000000000000000000, 0.0000000000000000000, 0.0000000000000000000 ) ) ;
#3085 = CARTESIAN_POINT ( 'NONE',  ( 1.004999999999256488, 0.06350000000000000089, 0.7500000000000284217 ) ) ;
#3086 = ADVANCED_FACE ( 'NONE', ( #4369 ), #5733, .T. ) ;
#3087 = SURFACE_STYLE_USAGE ( .BOTH. , #453 ) ;
#3088 = ADVANCED_FACE ( 'NONE', ( #2986 ), #3082, .F. ) ;
#3089 = CARTESIAN_POINT ( 'NONE',  ( -0.9825735931290324743, 0.06350000000000000089, -0.5524264068679229922 ) ) ;
#3090 = ORIENTED_EDGE ( 'NONE', *, *, #5461, .T. ) ;
#3091 = CARTESIAN_POINT ( 'NONE',  ( -0.7999999999999118927, 0.1270000000000000018, -1.009999999997705400 ) ) ;
#3092 = PRESENTATION_STYLE_ASSIGNMENT (( #4053 ) ) ;
#3093 = DIRECTION ( 'NONE',  ( 1.000000000000000000, 0.0000000000000000000, -0.0000000000000000000 ) ) ;
#3094 = ORIENTED_EDGE ( 'NONE', *, *, #4102, .T. ) ;
#3095 = EDGE_LOOP ( 'NONE', ( #2279, #838, #4482, #4419 ) ) ;
#3096 = DIRECTION ( 'NONE',  ( -0.0000000000000000000, -1.000000000000000000, -0.0000000000000000000 ) ) ;
#3097 = ADVANCED_FACE ( 'NONE', ( #5766 ), #4877, .F. ) ;
#3098 = PLANE ( 'NONE',  #371 ) ;
#3099 = CARTESIAN_POINT ( 'NONE',  ( 0.2200000000017746649, 0.06350000000000000089, 0.9850000000017797852 ) ) ;
#3100 = EDGE_LOOP ( 'NONE', ( #1504, #557, #2906, #2614 ) ) ;
#3101 = ORIENTED_EDGE ( 'NONE', *, *, #4409, .T. ) ;
#3102 = ORIENTED_EDGE ( 'NONE', *, *, #5305, .F. ) ;
#3103 = DIRECTION ( 'NONE',  ( -0.0000000000000000000, -0.0000000000000000000, -1.000000000000000000 ) ) ;
#3104 = DIRECTION ( 'NONE',  ( -0.0000000000000000000, -1.000000000000000000, -0.0000000000000000000 ) ) ;
#3105 = DIRECTION ( 'NONE',  ( 0.0000000000000000000, 0.0000000000000000000, -1.000000000000000000 ) ) ;
#3106 = LINE ( 'NONE', #5179, #3817 ) ;
#3107 = ORIENTED_EDGE ( 'NONE', *, *, #2065, .T. ) ;
#3108 = CARTESIAN_POINT ( 'NONE',  ( 0.8099999999976695841, 0.0000000000000000000, 1.010000000001208820 ) ) ;
#3109 = CARTESIAN_POINT ( 'NONE',  ( -0.9683780866076574512, 0.0000000000000000000, 0.7500000000000284217 ) ) ;
#3110 = VERTEX_POINT ( 'NONE', #4845 ) ;
#3111 = DIRECTION ( 'NONE',  ( 1.000000000000000000, -0.0000000000000000000, 0.0000000000000000000 ) ) ;
#3112 = EDGE_CURVE ( 'NONE', #5903, #1306, #235, .T. ) ;
#3113 = CARTESIAN_POINT ( 'NONE',  ( 0.7614993152847518987, -0.08000000000002102651, -1.329345466451006041 ) ) ;
#3114 = LINE ( 'NONE', #2745, #5739 ) ;
#3115 = AXIS2_PLACEMENT_3D ( 'NONE', #2943, #3813, #4771 ) ;
#3116 = DIRECTION ( 'NONE',  ( 1.000000000000000000, -0.0000000000000000000, 0.0000000000000000000 ) ) ;
#3117 = EDGE_CURVE ( 'NONE', #965, #4866, #2103, .T. ) ;
#3118 = CARTESIAN_POINT ( 'NONE',  ( 0.1723030399288168479, 0.0000000000000000000, 1.010000000001161746 ) ) ;
#3119 = VECTOR ( 'NONE', #3828, 1000.000000000000000 ) ;
#3120 = FACE_OUTER_BOUND ( 'NONE', #3036, .T. ) ;
#3121 = CARTESIAN_POINT ( 'NONE',  ( 0.1702182916157836956, 0.06350000000000000089, -0.9503329334420860253 ) ) ;
#3122 = EDGE_LOOP ( 'NONE', ( #1596, #189, #3090, #5853, #2115, #2358, #5523, #1700, #772, #911, #4738, #1546 ) ) ;
#3123 = ORIENTED_EDGE ( 'NONE', *, *, #4873, .F. ) ;
#3124 = SURFACE_STYLE_FILL_AREA ( #3032 ) ;
#3125 = LINE ( 'NONE', #5434, #4987 ) ;
#3126 = LINE ( 'NONE', #3159, #3011 ) ;
#3127 = ORIENTED_EDGE ( 'NONE', *, *, #2006, .F. ) ;
#3128 = EDGE_LOOP ( 'NONE', ( #38, #4927, #3457, #5485 ) ) ;
#3129 = CIRCLE ( 'NONE', #537, 0.05181818181818173552 ) ;
#3130 = ORIENTED_EDGE ( 'NONE', *, *, #5421, .F. ) ;
#3131 = EDGE_CURVE ( 'NONE', #5693, #5815, #2597, .T. ) ;
#3132 = DIRECTION ( 'NONE',  ( -0.0000000000000000000, -0.0000000000000000000, -1.000000000000000000 ) ) ;
#3133 = CARTESIAN_POINT ( 'NONE',  ( 0.8099999999976695841, 0.06350000000000000089, 0.9616911592296162326 ) ) ;
#3134 = VECTOR ( 'NONE', #1608, 1000.000000000000000 ) ;
#3135 = FACE_OUTER_BOUND ( 'NONE', #3448, .T. ) ;
#3136 = CARTESIAN_POINT ( 'NONE',  ( 0.7614993152847518987, 0.01999999999997897904, -1.329345466451004265 ) ) ;
#3137 = ORIENTED_EDGE ( 'NONE', *, *, #4105, .F. ) ;
#3138 = DIRECTION ( 'NONE',  ( 0.0000000000000000000, 0.0000000000000000000, 1.000000000000000000 ) ) ;
#3139 = DIRECTION ( 'NONE',  ( 0.0000000000000000000, 0.0000000000000000000, 1.000000000000000000 ) ) ;
#3140 = ORIENTED_EDGE ( 'NONE', *, *, #3554, .F. ) ;
#3141 = CIRCLE ( 'NONE', #3520, 0.04999999999933193995 ) ;
#3142 = DIRECTION ( 'NONE',  ( 0.0000000000000000000, 0.0000000000000000000, -1.000000000000000000 ) ) ;
#3143 = DIRECTION ( 'NONE',  ( -0.8898332631262904080, -7.965567402119379993E-15, 0.4562858356710386420 ) ) ;
#3144 = AXIS2_PLACEMENT_3D ( 'NONE', #5612, #5560, #57 ) ;
#3145 = CARTESIAN_POINT ( 'NONE',  ( 0.6386302697678637452, 0.01999999999996745007, -0.6690175682283826530 ) ) ;
#3146 = DIRECTION ( 'NONE',  ( 1.000000000000000000, 0.0000000000000000000, -0.0000000000000000000 ) ) ;
#3147 = CARTESIAN_POINT ( 'NONE',  ( -0.1700000000007820533, 0.0000000000000000000, -0.9549999999993558086 ) ) ;
#3148 = ADVANCED_FACE ( 'NONE', ( #3049 ), #3923, .T. ) ;
#3149 = DIRECTION ( 'NONE',  ( -0.0000000000000000000, -1.000000000000000000, -0.0000000000000000000 ) ) ;
#3150 = EDGE_CURVE ( 'NONE', #2364, #2962, #1713, .T. ) ;
#3151 = FACE_OUTER_BOUND ( 'NONE', #1762, .T. ) ;
#3152 = UNCERTAINTY_MEASURE_WITH_UNIT (LENGTH_MEASURE( 1.000000000000000082E-05 ), #5308, 'distance_accuracy_value', 'NONE');
#3153 = CIRCLE ( 'NONE', #5073, 0.009818181818181800566 ) ;
#3154 = ORIENTED_EDGE ( 'NONE', *, *, #1217, .F. ) ;
#3155 = EDGE_LOOP ( 'NONE', ( #5933, #5188, #176, #5851 ) ) ;
#3156 = CARTESIAN_POINT ( 'NONE',  ( 0.0000000000000000000, 0.06350000000000000089, 0.4499999999998394173 ) ) ;
#3157 = DIRECTION ( 'NONE',  ( 0.0000000000000000000, -1.000000000000000000, -1.745740669421566678E-14 ) ) ;
#3158 = VECTOR ( 'NONE', #623, 1000.000000000000000 ) ;
#3159 = CARTESIAN_POINT ( 'NONE',  ( -0.9683780866076574512, 0.06350000000000000089, -0.7500000000000284217 ) ) ;
#3160 = VERTEX_POINT ( 'NONE', #1098 ) ;
#3161 = ORIENTED_EDGE ( 'NONE', *, *, #5022, .F. ) ;
#3162 = VERTEX_POINT ( 'NONE', #4784 ) ;
#3163 = LINE ( 'NONE', #3293, #1869 ) ;
#3164 = VECTOR ( 'NONE', #1346, 1000.000000000000000 ) ;
#3165 = CIRCLE ( 'NONE', #5359, 0.05000000000110439019 ) ;
#3166 = DIRECTION ( 'NONE',  ( 1.000000000000000000, 0.0000000000000000000, 0.0000000000000000000 ) ) ;
#3167 = CARTESIAN_POINT ( 'NONE',  ( 0.9741903303925880664, 0.0000000000000000000, 0.8600000000011931434 ) ) ;
#3168 = CARTESIAN_POINT ( 'NONE',  ( 0.9999999999976694198, 0.0000000000000000000, -0.06999999999734995981 ) ) ;
#3169 = EDGE_LOOP ( 'NONE', ( #1145, #5437, #4655, #2021 ) ) ;
#3170 = CARTESIAN_POINT ( 'NONE',  ( 0.4799999999993995181, 0.0000000000000000000, -0.9849999999999841105 ) ) ;
#3171 = VECTOR ( 'NONE', #1789, 1000.000000000000000 ) ;
#3172 = FILL_AREA_STYLE ('',( #875 ) ) ;
#3173 = VECTOR ( 'NONE', #2293, 1000.000000000000000 ) ;
#3174 = DIRECTION ( 'NONE',  ( 0.0000000000000000000, -0.0000000000000000000, 1.000000000000000000 ) ) ;
#3175 = CARTESIAN_POINT ( 'NONE',  ( -0.7999999999990237143, 0.0000000000000000000, 1.010000000001222142 ) ) ;
#3176 = CARTESIAN_POINT ( 'NONE',  ( 1.230584742858188863, 0.01999999999996719680, -0.6547194891145217133 ) ) ;
#3177 =( GEOMETRIC_REPRESENTATION_CONTEXT ( 3 ) GLOBAL_UNCERTAINTY_ASSIGNED_CONTEXT ( ( #2725 ) ) GLOBAL_UNIT_ASSIGNED_CONTEXT ( ( #5946, #1832, #446 ) ) REPRESENTATION_CONTEXT ( 'NONE', 'WORKASPACE' ) );
#3178 = AXIS2_PLACEMENT_3D ( 'NONE', #4345, #3469, #3435 ) ;
#3179 = DIRECTION ( 'NONE',  ( 0.0000000000000000000, -1.000000000000000000, 0.0000000000000000000 ) ) ;
#3180 = DIRECTION ( 'NONE',  ( 0.0000000000000000000, -1.000000000000000000, -1.745740669421566678E-14 ) ) ;
#3181 = AXIS2_PLACEMENT_3D ( 'NONE', #6, #939, #489 ) ;
#3182 =( LENGTH_UNIT ( ) NAMED_UNIT ( * ) SI_UNIT ( .MILLI., .METRE. ) );
#3183 = CARTESIAN_POINT ( 'NONE',  ( -0.4799999999999201572, 0.06350000000000000089, 0.9850000000018402924 ) ) ;
#3184 = CARTESIAN_POINT ( 'NONE',  ( 1.004999999999256488, 0.06350000000000000089, 0.8600000000011931434 ) ) ;
#3185 = ORIENTED_EDGE ( 'NONE', *, *, #3399, .T. ) ;
#3186 = LINE ( 'NONE', #945, #2770 ) ;
#3187 = DIRECTION ( 'NONE',  ( 1.000000000000000000, 0.0000000000000000000, -0.0000000000000000000 ) ) ;
#3188 = EDGE_CURVE ( 'NONE', #1579, #3332, #5294, .T. ) ;
#3189 = EDGE_LOOP ( 'NONE', ( #4592, #1654, #4061, #2568 ) ) ;
#3190 = ORIENTED_EDGE ( 'NONE', *, *, #1254, .T. ) ;
#3191 = ORIENTED_EDGE ( 'NONE', *, *, #3432, .T. ) ;
#3192 = CARTESIAN_POINT ( 'NONE',  ( -0.4999999999997228883, 0.1270000000000000018, -1.009999999997705400 ) ) ;
#3193 = EDGE_CURVE ( 'NONE', #3322, #198, #1221, .T. ) ;
#3194 = DIRECTION ( 'NONE',  ( 0.0000000000000000000, 0.0000000000000000000, 1.000000000000000000 ) ) ;
#3195 = PLANE ( 'NONE',  #4701 ) ;
#3196 = EDGE_CURVE ( 'NONE', #2962, #5711, #5602, .T. ) ;
#3197 = PLANE ( 'NONE',  #1067 ) ;
#3198 = ORIENTED_EDGE ( 'NONE', *, *, #690, .T. ) ;
#3199 = CARTESIAN_POINT ( 'NONE',  ( 0.7372311353813078005, 0.01999999999997923578, -1.344174034569067144 ) ) ;
#3200 = LINE ( 'NONE', #902, #5921 ) ;
#3201 = CARTESIAN_POINT ( 'NONE',  ( -0.1723030399292113934, 0.06350000000000000089, -0.9999999999976694198 ) ) ;
#3202 = CARTESIAN_POINT ( 'NONE',  ( 0.6375486327149217924, -0.08000000000002094325, -1.334355852750886973 ) ) ;
#3203 = CARTESIAN_POINT ( 'NONE',  ( 0.8000000000016882495, 0.0000000000000000000, -1.009999999997669429 ) ) ;
#3204 = STYLED_ITEM ( 'NONE', ( #413 ), #1816 ) ;
#3205 = CARTESIAN_POINT ( 'NONE',  ( 1.140720422009984691, 0.01999999999996719680, -0.6547194891145216022 ) ) ;
#3206 = ADVANCED_FACE ( 'NONE', ( #5703 ), #1582, .F. ) ;
#3207 = CARTESIAN_POINT ( 'NONE',  ( 0.9741903303925880664, 0.0000000000000000000, 0.5608096696079201138 ) ) ;
#3208 = CARTESIAN_POINT ( 'NONE',  ( -1.000000000001222134, 0.06350000000000000089, -0.5403092531652831099 ) ) ;
#3209 = CARTESIAN_POINT ( 'NONE',  ( -0.1700000000006696155, 0.0000000000000000000, 0.9616911592296162326 ) ) ;
#3210 = UNCERTAINTY_MEASURE_WITH_UNIT (LENGTH_MEASURE( 1.000000000000000082E-05 ), #3655, 'distance_accuracy_value', 'NONE');
#3211 = ORIENTED_EDGE ( 'NONE', *, *, #3989, .F. ) ;
#3212 = DIRECTION ( 'NONE',  ( 0.4562858356710379759, 0.0000000000000000000, -0.8898332631262907411 ) ) ;
#3213 =( NAMED_UNIT ( * ) SI_UNIT ( $, .STERADIAN. ) SOLID_ANGLE_UNIT ( ) );
#3214 = DIRECTION ( 'NONE',  ( -0.0000000000000000000, 1.000000000000000000, 1.745740669421566678E-14 ) ) ;
#3215 = AXIS2_PLACEMENT_3D ( 'NONE', #3739, #5087, #1400 ) ;
#3216 = ORIENTED_EDGE ( 'NONE', *, *, #3636, .T. ) ;
#3217 = ORIENTED_EDGE ( 'NONE', *, *, #3958, .F. ) ;
#3218 = ORIENTED_EDGE ( 'NONE', *, *, #1484, .T. ) ;
#3219 = FACE_OUTER_BOUND ( 'NONE', #5516, .T. ) ;
#3220 = PRESENTATION_STYLE_ASSIGNMENT (( #1362 ) ) ;
#3221 = FACE_OUTER_BOUND ( 'NONE', #1543, .T. ) ;
#3222 = EDGE_CURVE ( 'NONE', #4785, #5041, #2562, .T. ) ;
#3223 = EDGE_LOOP ( 'NONE', ( #2808, #1568, #640, #3235, #407 ) ) ;
#3224 = CARTESIAN_POINT ( 'NONE',  ( -0.9683780866076574512, 0.06350000000000000089, 0.07000000000090267349 ) ) ;
#3225 = CARTESIAN_POINT ( 'NONE',  ( -0.8099999999995333155, 0.0000000000000000000, 0.9616911592296162326 ) ) ;
#3226 = EDGE_CURVE ( 'NONE', #4280, #3067, #3954, .T. ) ;
#3227 = VECTOR ( 'NONE', #5312, 1000.000000000000000 ) ;
#3228 = CARTESIAN_POINT ( 'NONE',  ( 0.6473668145331037405, 0.01999999999997923578, -1.344174034569067144 ) ) ;
#3229 = LINE ( 'NONE', #4013, #1615 ) ;
#3230 = DIRECTION ( 'NONE',  ( -0.0000000000000000000, -0.0000000000000000000, 1.000000000000000000 ) ) ;
#3231 = DIRECTION ( 'NONE',  ( -0.0000000000000000000, 1.000000000000000000, 1.745740669421566678E-14 ) ) ;
#3232 = AXIS2_PLACEMENT_3D ( 'NONE', #3407, #1524, #5238 ) ;
#3233 = DIRECTION ( 'NONE',  ( 0.0000000000000000000, 1.000000000000000000, -0.0000000000000000000 ) ) ;
#3234 = CARTESIAN_POINT ( 'NONE',  ( 0.6386302697678637452, 0.0000000000000000000, -0.6690175682283829861 ) ) ;
#3235 = ORIENTED_EDGE ( 'NONE', *, *, #530, .T. ) ;
#3236 = DIRECTION ( 'NONE',  ( -1.000000000000000000, 0.0000000000000000000, 0.0000000000000000000 ) ) ;
#3237 = LINE ( 'NONE', #2419, #1025 ) ;
#3238 =( GEOMETRIC_REPRESENTATION_CONTEXT ( 3 ) GLOBAL_UNCERTAINTY_ASSIGNED_CONTEXT ( ( #4166 ) ) GLOBAL_UNIT_ASSIGNED_CONTEXT ( ( #62, #5116, #3262 ) ) REPRESENTATION_CONTEXT ( 'NONE', 'WORKASPACE' ) );
#3239 = PLANE ( 'NONE',  #5784 ) ;
#3240 = ORIENTED_EDGE ( 'NONE', *, *, #3193, .T. ) ;
#3241 = VERTEX_POINT ( 'NONE', #2131 ) ;
#3242 = EDGE_LOOP ( 'NONE', ( #2737, #5432, #3726, #2422 ) ) ;
#3243 = VECTOR ( 'NONE', #1223, 1000.000000000000000 ) ;
#3244 = DIRECTION ( 'NONE',  ( -1.000000000000000000, 0.0000000000000000000, 0.0000000000000000000 ) ) ;
#3245 = ORIENTED_EDGE ( 'NONE', *, *, #4977, .T. ) ;
#3246 = CARTESIAN_POINT ( 'NONE',  ( -0.1723030399292113934, 0.0000000000000000000, -1.009999999997669429 ) ) ;
#3247 = DIRECTION ( 'NONE',  ( -1.000000000000000000, 0.0000000000000000000, 0.0000000000000000000 ) ) ;
#3248 = VECTOR ( 'NONE', #2947, 1000.000000000000000 ) ;
#3249 = VECTOR ( 'NONE', #4567, 1000.000000000000000 ) ;
#3250 = LINE ( 'NONE', #3623, #1491 ) ;
#3251 = STYLED_ITEM ( 'NONE', ( #3799 ), #4411 ) ;
#3252 = ADVANCED_FACE ( 'NONE', ( #5797 ), #1679, .T. ) ;
#3253 = CARTESIAN_POINT ( 'NONE',  ( -0.1702182916155679238, 0.06350000000000000089, -0.9503329334420860253 ) ) ;
#3254 = AXIS2_PLACEMENT_3D ( 'NONE', #560, #3729, #4260 ) ;
#3255 = VECTOR ( 'NONE', #3598, 1000.000000000000000 ) ;
#3256 =( NAMED_UNIT ( * ) SI_UNIT ( $, .STERADIAN. ) SOLID_ANGLE_UNIT ( ) );
#3257 = ORIENTED_EDGE ( 'NONE', *, *, #1142, .F. ) ;
#3258 = CARTESIAN_POINT ( 'NONE',  ( -0.1499999999996504130, 0.06350000000000000089, 0.7500000000000284217 ) ) ;
#3259 = EDGE_CURVE ( 'NONE', #14, #433, #924, .T. ) ;
#3260 = PRESENTATION_LAYER_ASSIGNMENT (  '', '', ( #1820 ) ) ;
#3261 = ADVANCED_FACE ( 'NONE', ( #1861 ), #5389, .F. ) ;
#3262 =( NAMED_UNIT ( * ) SI_UNIT ( $, .STERADIAN. ) SOLID_ANGLE_UNIT ( ) );
#3263 = EDGE_CURVE ( 'NONE', #3671, #1180, #1803, .T. ) ;
#3264 = FACE_OUTER_BOUND ( 'NONE', #5158, .T. ) ;
#3265 = ORIENTED_EDGE ( 'NONE', *, *, #4796, .F. ) ;
#3266 = VECTOR ( 'NONE', #5332, 1000.000000000000000 ) ;
#3267 = DIRECTION ( 'NONE',  ( -0.0000000000000000000, 1.000000000000000000, 1.745740669421566678E-14 ) ) ;
#3268 = LINE ( 'NONE', #3353, #4882 ) ;
#3269 = VECTOR ( 'NONE', #234, 1000.000000000000000 ) ;
#3270 = FILL_AREA_STYLE ('',( #5072 ) ) ;
#3271 = ORIENTED_EDGE ( 'NONE', *, *, #3079, .F. ) ;
#3272 = EDGE_LOOP ( 'NONE', ( #5721, #3488, #4664, #5700 ) ) ;
#3273 = VERTEX_POINT ( 'NONE', #1277 ) ;
#3274 = EDGE_CURVE ( 'NONE', #2837, #1595, #1566, .T. ) ;
#3275 = CARTESIAN_POINT ( 'NONE',  ( 0.6473668145331037405, 0.0000000000000000000, -0.6547194891145220463 ) ) ;
#3276 = PLANE ( 'NONE',  #1081 ) ;
#3277 = VERTEX_POINT ( 'NONE', #5501 ) ;
#3278 = PLANE ( 'NONE',  #4895 ) ;
#3279 = DIRECTION ( 'NONE',  ( 1.000000000000000000, 0.0000000000000000000, -0.0000000000000000000 ) ) ;
#3280 = CARTESIAN_POINT ( 'NONE',  ( 0.4799999999995918643, 0.06350000000000000089, 0.9616911592296162326 ) ) ;
#3281 = LINE ( 'NONE', #109, #2204 ) ;
#3282 = CARTESIAN_POINT ( 'NONE',  ( 1.024999999996296207, 0.0000000000000000000, 0.5948528137447920416 ) ) ;
#3283 = FILL_AREA_STYLE_COLOUR ( '', #719 ) ;
#3284 = VERTEX_POINT ( 'NONE', #1771 ) ;
#3285 = CARTESIAN_POINT ( 'NONE',  ( -0.9683780866076574512, 0.0000000000000000000, 0.7500000000000284217 ) ) ;
#3286 = EDGE_CURVE ( 'NONE', #2904, #977, #1740, .T. ) ;
#3287 = CYLINDRICAL_SURFACE ( 'NONE', #1204, 0.05000000000110450121 ) ;
#3288 = DIRECTION ( 'NONE',  ( 1.000000000000000000, 0.0000000000000000000, 0.0000000000000000000 ) ) ;
#3289 =( LENGTH_UNIT ( ) NAMED_UNIT ( * ) SI_UNIT ( .MILLI., .METRE. ) );
#3290 = EDGE_CURVE ( 'NONE', #4899, #4918, #4527, .T. ) ;
#3291 = CARTESIAN_POINT ( 'NONE',  ( -1.000000000001222134, 0.06350000000000000089, 0.7500000000000284217 ) ) ;
#3292 = ORIENTED_EDGE ( 'NONE', *, *, #456, .T. ) ;
#3293 = CARTESIAN_POINT ( 'NONE',  ( -0.4800000000002674905, 0.0000000000000000000, -0.9549999999994245314 ) ) ;
#3294 = VECTOR ( 'NONE', #3943, 1000.000000000000000 ) ;
#3295 = CARTESIAN_POINT ( 'NONE',  ( 0.0000000000000000000, 0.5999999999999999778, 0.0000000000000000000 ) ) ;
#3296 = SURFACE_STYLE_USAGE ( .BOTH. , #2276 ) ;
#3297 = ORIENTED_EDGE ( 'NONE', *, *, #2787, .F. ) ;
#3298 = VECTOR ( 'NONE', #1970, 1000.000000000000000 ) ;
#3299 = ORIENTED_EDGE ( 'NONE', *, *, #3519, .F. ) ;
#3300 = VERTEX_POINT ( 'NONE', #2319 ) ;
#3301 = LINE ( 'NONE', #75, #4598 ) ;
#3302 = CIRCLE ( 'NONE', #4079, 0.05181818181818173552 ) ;
#3303 = CARTESIAN_POINT ( 'NONE',  ( -1.000000000001222134, 0.06350000000000000089, -0.8599999999994167865 ) ) ;
#3304 = ORIENTED_EDGE ( 'NONE', *, *, #501, .T. ) ;
#3305 = EDGE_CURVE ( 'NONE', #1059, #2421, #2768, .T. ) ;
#3306 = FACE_OUTER_BOUND ( 'NONE', #2984, .T. ) ;
#3307 = LINE ( 'NONE', #4266, #344 ) ;
#3308 = PRODUCT_DEFINITION_SHAPE ( 'NONE', 'NONE',  #5951 ) ;
#3309 = LINE ( 'NONE', #3818, #2079 ) ;
#3310 = PLANE ( 'NONE',  #278 ) ;
#3311 =( NAMED_UNIT ( * ) PLANE_ANGLE_UNIT ( ) SI_UNIT ( $, .RADIAN. ) );
#3312 = CARTESIAN_POINT ( 'NONE',  ( 0.4776969600682981487, 0.0000000000000000000, 1.010000000001208820 ) ) ;
#3313 = ORIENTED_EDGE ( 'NONE', *, *, #2599, .F. ) ;
#3314 = VECTOR ( 'NONE', #4718, 1000.000000000000000 ) ;
#3315 = DIRECTION ( 'NONE',  ( -0.0000000000000000000, -1.000000000000000000, -0.0000000000000000000 ) ) ;
#3316 = PLANE ( 'NONE',  #4776 ) ;
#3317 =( NAMED_UNIT ( * ) SI_UNIT ( $, .STERADIAN. ) SOLID_ANGLE_UNIT ( ) );
#3318 = SURFACE_SIDE_STYLE ('',( #1492 ) ) ;
#3319 = VECTOR ( 'NONE', #2252, 1000.000000000000000 ) ;
#3320 = DIRECTION ( 'NONE',  ( -0.0000000000000000000, -1.000000000000000000, -0.0000000000000000000 ) ) ;
#3321 = FACE_OUTER_BOUND ( 'NONE', #2523, .T. ) ;
#3322 = VERTEX_POINT ( 'NONE', #2228 ) ;
#3323 = DIRECTION ( 'NONE',  ( 0.0000000000000000000, 0.0000000000000000000, 1.000000000000000000 ) ) ;
#3324 = VECTOR ( 'NONE', #3116, 1000.000000000000000 ) ;
#3325 = EDGE_CURVE ( 'NONE', #218, #1299, #2258, .T. ) ;
#3326 = EDGE_CURVE ( 'NONE', #5401, #3059, #5028, .T. ) ;
#3327 = VERTEX_POINT ( 'NONE', #4935 ) ;
#3328 = EDGE_LOOP ( 'NONE', ( #2226, #205, #4232, #3875 ) ) ;
#3329 = VERTEX_POINT ( 'NONE', #812 ) ;
#3330 = DIRECTION ( 'NONE',  ( 0.0000000000000000000, -0.0000000000000000000, 1.000000000000000000 ) ) ;
#3331 = DIRECTION ( 'NONE',  ( -0.0000000000000000000, 1.000000000000000000, 1.745740669421566678E-14 ) ) ;
#3332 = VERTEX_POINT ( 'NONE', #4492 ) ;
#3333 = CARTESIAN_POINT ( 'NONE',  ( -1.000000000001222134, 0.06350000000000000089, -0.8599999999994167865 ) ) ;
#3334 = PLANE ( 'NONE',  #4375 ) ;
#3335 = VECTOR ( 'NONE', #2380, 1000.000000000000000 ) ;
#3336 = ADVANCED_FACE ( 'NONE', ( #2287 ), #1836, .F. ) ;
#3337 = FACE_OUTER_BOUND ( 'NONE', #3223, .T. ) ;
#3338 = CARTESIAN_POINT ( 'NONE',  ( 0.0000000000000000000, 0.1270000000000000018, -0.7500000000000284217 ) ) ;
#3339 = DIRECTION ( 'NONE',  ( 0.0000000000000000000, 1.000000000000000000, 0.0000000000000000000 ) ) ;
#3340 = STYLED_ITEM ( 'NONE', ( #3025 ), #4295 ) ;
#3341 = AXIS2_PLACEMENT_3D ( 'NONE', #5225, #1093, #1427 ) ;
#3342 = CARTESIAN_POINT ( 'NONE',  ( 1.353521233241100852, 0.0000000000000000000, -1.292355852750885381 ) ) ;
#3343 = ORIENTED_EDGE ( 'NONE', *, *, #5383, .F. ) ;
#3344 = VECTOR ( 'NONE', #1327, 1000.000000000000000 ) ;
#3345 = CARTESIAN_POINT ( 'NONE',  ( 0.0000000000000000000, 0.06350000000000000089, -1.009999999997669429 ) ) ;
#3346 = VECTOR ( 'NONE', #4564, 1000.000000000000000 ) ;
#3347 = CARTESIAN_POINT ( 'NONE',  ( 0.6473668145331036294, 0.01999999999996737027, -0.6645376709327034392 ) ) ;
#3348 = DIRECTION ( 'NONE',  ( 0.0000000000000000000, 0.0000000000000000000, 1.000000000000000000 ) ) ;
#3349 = FACE_OUTER_BOUND ( 'NONE', #3576, .T. ) ;
#3350 = VERTEX_POINT ( 'NONE', #4044 ) ;
#3351 = SURFACE_STYLE_FILL_AREA ( #4316 ) ;
#3352 = AXIS2_PLACEMENT_3D ( 'NONE', #3246, #1835, #3790 ) ;
#3353 = CARTESIAN_POINT ( 'NONE',  ( -0.4999999999997228883, 0.06350000000000000089, -1.009999999997705400 ) ) ;
#3354 =( NAMED_UNIT ( * ) PLANE_ANGLE_UNIT ( ) SI_UNIT ( $, .RADIAN. ) );
#3355 = STYLED_ITEM ( 'NONE', ( #4998 ), #634 ) ;
#3356 = VERTEX_POINT ( 'NONE', #1513 ) ;
#3357 = PRESENTATION_LAYER_ASSIGNMENT (  '', '', ( #473 ) ) ;
#3358 = VERTEX_POINT ( 'NONE', #5083 ) ;
#3359 = ORIENTED_EDGE ( 'NONE', *, *, #2207, .F. ) ;
#3360 = EDGE_CURVE ( 'NONE', #220, #5591, #229, .T. ) ;
#3361 = LINE ( 'NONE', #1475, #4028 ) ;
#3362 = ORIENTED_EDGE ( 'NONE', *, *, #4158, .T. ) ;
#3363 = CARTESIAN_POINT ( 'NONE',  ( 0.8000000000016882495, 0.0000000000000000000, 1.010000000001208820 ) ) ;
#3364 = ORIENTED_EDGE ( 'NONE', *, *, #4697, .T. ) ;
#3365 = DIRECTION ( 'NONE',  ( 1.000000000000000000, 0.0000000000000000000, -0.0000000000000000000 ) ) ;
#3366 = ADVANCED_FACE ( 'NONE', ( #3791 ), #5606, .F. ) ;
#3367 = LINE ( 'NONE', #1917, #2664 ) ;
#3368 = ADVANCED_FACE ( 'NONE', ( #622 ), #3334, .F. ) ;
#3369 = DIRECTION ( 'NONE',  ( 0.0000000000000000000, 1.000000000000000000, 0.0000000000000000000 ) ) ;
#3370 = PLANE ( 'NONE',  #5649 ) ;
#3371 = CARTESIAN_POINT ( 'NONE',  ( 0.9741903303925880664, 0.06350000000000000089, 0.7500000000000284217 ) ) ;
#3372 = DIRECTION ( 'NONE',  ( 0.0000000000000000000, -0.0000000000000000000, -1.000000000000000000 ) ) ;
#3373 = ORIENTED_EDGE ( 'NONE', *, *, #5227, .F. ) ;
#3374 = DIRECTION ( 'NONE',  ( -1.000000000000000000, 0.0000000000000000000, -0.0000000000000000000 ) ) ;
#3375 = DIRECTION ( 'NONE',  ( -0.0000000000000000000, -1.000000000000000000, -0.0000000000000000000 ) ) ;
#3376 = DIRECTION ( 'NONE',  ( -1.000000000000000000, -0.0000000000000000000, -0.0000000000000000000 ) ) ;
#3377 = FACE_OUTER_BOUND ( 'NONE', #3128, .T. ) ;
#3378 = EDGE_CURVE ( 'NONE', #2997, #5066, #4632, .T. ) ;
#3379 = CARTESIAN_POINT ( 'NONE',  ( 1.230584742858188863, 0.01999999999997923578, -1.344174034569066922 ) ) ;
#3380 = EDGE_LOOP ( 'NONE', ( #2243, #4098, #3439, #786, #2823, #4256, #3868, #2121, #4925, #5749 ) ) ;
#3381 = CARTESIAN_POINT ( 'NONE',  ( 0.1699999999999468048, 0.06350000000000000089, 0.9616911592296162326 ) ) ;
#3382 = PLANE ( 'NONE',  #2729 ) ;
#3383 = ORIENTED_EDGE ( 'NONE', *, *, #5779, .F. ) ;
#3384 = VERTEX_POINT ( 'NONE', #5552 ) ;
#3385 = ORIENTED_EDGE ( 'NONE', *, *, #1920, .F. ) ;
#3386 = CIRCLE ( 'NONE', #5776, 0.05000000000110439019 ) ;
#3387 = DIRECTION ( 'NONE',  ( -1.000000000000000000, -0.0000000000000000000, -0.0000000000000000000 ) ) ;
#3388 = ORIENTED_EDGE ( 'NONE', *, *, #3771, .F. ) ;
#3389 = CIRCLE ( 'NONE', #2815, 0.04999999999830899433 ) ;
#3390 = CARTESIAN_POINT ( 'NONE',  ( -0.1700000000007820533, 0.06350000000000000089, -0.9549999999993558086 ) ) ;
#3391 = EDGE_LOOP ( 'NONE', ( #659, #2303, #1819, #951 ) ) ;
#3392 = CARTESIAN_POINT ( 'NONE',  ( -0.1723030399313822680, 0.06350000000000000089, 1.000000000001161737 ) ) ;
#3393 =( GEOMETRIC_REPRESENTATION_CONTEXT ( 3 ) GLOBAL_UNCERTAINTY_ASSIGNED_CONTEXT ( ( #2960 ) ) GLOBAL_UNIT_ASSIGNED_CONTEXT ( ( #2935, #5684, #1562 ) ) REPRESENTATION_CONTEXT ( 'NONE', 'WORKASPACE' ) );
#3394 = PLANE ( 'NONE',  #368 ) ;
#3395 = FACE_OUTER_BOUND ( 'NONE', #4825, .T. ) ;
#3396 = EDGE_CURVE ( 'NONE', #830, #2553, #1887, .T. ) ;
#3397 = DIRECTION ( 'NONE',  ( 0.0000000000000000000, 0.0000000000000000000, 1.000000000000000000 ) ) ;
#3398 = LINE ( 'NONE', #4874, #4203 ) ;
#3399 = EDGE_CURVE ( 'NONE', #2059, #5041, #4744, .T. ) ;
#3400 = CARTESIAN_POINT ( 'NONE',  ( -0.8099999999995333155, 0.0000000000000000000, 1.010000000001222142 ) ) ;
#3401 = VERTEX_POINT ( 'NONE', #5525 ) ;
#3402 = LINE ( 'NONE', #5647, #1361 ) ;
#3403 = DIRECTION ( 'NONE',  ( 0.0000000000000000000, 0.0000000000000000000, 1.000000000000000000 ) ) ;
#3404 = SURFACE_STYLE_FILL_AREA ( #4434 ) ;
#3405 = EDGE_CURVE ( 'NONE', #3789, #1995, #984, .T. ) ;
#3406 = AXIS2_PLACEMENT_3D ( 'NONE', #5828, #3465, #4429 ) ;
#3407 = CARTESIAN_POINT ( 'NONE',  ( -0.8099999999995333155, 0.06350000000000000089, 1.000000000001222134 ) ) ;
#3408 = ORIENTED_EDGE ( 'NONE', *, *, #1701, .T. ) ;
#3409 = DIRECTION ( 'NONE',  ( 0.0000000000000000000, 0.0000000000000000000, -1.000000000000000000 ) ) ;
#3410 = VECTOR ( 'NONE', #2733, 1000.000000000000000 ) ;
#3411 =( NAMED_UNIT ( * ) PLANE_ANGLE_UNIT ( ) SI_UNIT ( $, .RADIAN. ) );
#3412 = VERTEX_POINT ( 'NONE', #2825 ) ;
#3413 = ORIENTED_EDGE ( 'NONE', *, *, #3259, .F. ) ;
#3414 = ORIENTED_EDGE ( 'NONE', *, *, #3628, .F. ) ;
#3415 = VECTOR ( 'NONE', #994, 1000.000000000000000 ) ;
#3416 = FACE_OUTER_BOUND ( 'NONE', #4398, .T. ) ;
#3417 = AXIS2_PLACEMENT_3D ( 'NONE', #3653, #5864, #3139 ) ;
#3418 = CARTESIAN_POINT ( 'NONE',  ( 0.8000000000016882495, 0.1270000000000000018, 0.7500000000000284217 ) ) ;
#3419 = ORIENTED_EDGE ( 'NONE', *, *, #680, .T. ) ;
#3420 = ORIENTED_EDGE ( 'NONE', *, *, #4547, .T. ) ;
#3421 = CARTESIAN_POINT ( 'NONE',  ( 0.2200000000004044831, 0.06350000000000000089, -0.9549999999975867793 ) ) ;
#3422 = LINE ( 'NONE', #1184, #71 ) ;
#3423 = CARTESIAN_POINT ( 'NONE',  ( 0.0000000000000000000, 0.06350000000000000089, 0.7500000000000284217 ) ) ;
#3424 = DIRECTION ( 'NONE',  ( 1.000000000000000000, 0.0000000000000000000, -0.0000000000000000000 ) ) ;
#3425 = VERTEX_POINT ( 'NONE', #5578 ) ;
#3426 = CARTESIAN_POINT ( 'NONE',  ( -0.4999999999970583531, 0.06350000000000000089, 0.9616911592296162326 ) ) ;
#3427 = VECTOR ( 'NONE', #1553, 1000.000000000000000 ) ;
#3428 = DIRECTION ( 'NONE',  ( -1.000000000000000000, 0.0000000000000000000, 0.0000000000000000000 ) ) ;
#3429 = ORIENTED_EDGE ( 'NONE', *, *, #3117, .F. ) ;
#3430 = SURFACE_STYLE_FILL_AREA ( #5706 ) ;
#3431 = LINE ( 'NONE', #3926, #4017 ) ;
#3432 = EDGE_CURVE ( 'NONE', #199, #3787, #3734, .T. ) ;
#3433 = CONTEXT_DEPENDENT_SHAPE_REPRESENTATION ( #3597, #5554 ) ;
#3434 = AXIS2_PLACEMENT_3D ( 'NONE', #3347, #2044, #1050 ) ;
#3435 = DIRECTION ( 'NONE',  ( 0.0000000000000000000, 0.0000000000000000000, 1.000000000000000000 ) ) ;
#3436 = CLOSED_SHELL ( 'NONE', ( #2341, #4831, #345, #4942, #1307, #4471, #1625 ) ) ;
#3437 = CARTESIAN_POINT ( 'NONE',  ( 0.9741903303925880664, 0.06350000000000000089, 0.8600000000011931434 ) ) ;
#3438 =( GEOMETRIC_REPRESENTATION_CONTEXT ( 3 ) GLOBAL_UNCERTAINTY_ASSIGNED_CONTEXT ( ( #4055 ) ) GLOBAL_UNIT_ASSIGNED_CONTEXT ( ( #70, #1499, #2840 ) ) REPRESENTATION_CONTEXT ( 'NONE', 'WORKASPACE' ) );
#3439 = ORIENTED_EDGE ( 'NONE', *, *, #5526, .F. ) ;
#3440 = EDGE_CURVE ( 'NONE', #965, #4126, #3307, .T. ) ;
#3441 = DIRECTION ( 'NONE',  ( 0.0000000000000000000, 1.000000000000000000, -0.0000000000000000000 ) ) ;
#3442 = AXIS2_PLACEMENT_3D ( 'NONE', #5663, #4713, #1913 ) ;
#3443 = EDGE_CURVE ( 'NONE', #1532, #1298, #4237, .T. ) ;
#3444 = EDGE_CURVE ( 'NONE', #1389, #5409, #3706, .T. ) ;
#3445 = VECTOR ( 'NONE', #1665, 1000.000000000000000 ) ;
#3446 = EDGE_LOOP ( 'NONE', ( #2616, #2895, #3102, #1201 ) ) ;
#3447 = ORIENTED_EDGE ( 'NONE', *, *, #1548, .T. ) ;
#3448 = EDGE_LOOP ( 'NONE', ( #641, #2885, #4827, #1332 ) ) ;
#3449 = VECTOR ( 'NONE', #5867, 1000.000000000000000 ) ;
#3450 = CARTESIAN_POINT ( 'NONE',  ( 1.045623507676511910, 0.0000000000000000000, -0.5361714556738766957 ) ) ;
#3451 = COLOUR_RGB ( '',0.7686274509803920907, 0.7686274509803920907, 0.7686274509803920907 ) ;
#3452 = EDGE_CURVE ( 'NONE', #2793, #1632, #3367, .T. ) ;
#3453 = ORIENTED_EDGE ( 'NONE', *, *, #1749, .F. ) ;
#3454 = FACE_OUTER_BOUND ( 'NONE', #313, .T. ) ;
#3455 = ORIENTED_EDGE ( 'NONE', *, *, #5818, .T. ) ;
#3456 = EDGE_LOOP ( 'NONE', ( #2052, #2488, #2615, #713 ) ) ;
#3457 = ORIENTED_EDGE ( 'NONE', *, *, #5679, .F. ) ;
#3458 = ADVANCED_FACE ( 'NONE', ( #2430 ), #106, .F. ) ;
#3459 = DIRECTION ( 'NONE',  ( -1.000000000000000000, 0.0000000000000000000, -1.206487916730494377E-15 ) ) ;
#3460 = VECTOR ( 'NONE', #1613, 1000.000000000000000 ) ;
#3461 = CARTESIAN_POINT ( 'NONE',  ( 1.140720422009984691, 0.01999999999997923578, -1.344174034569066922 ) ) ;
#3462 = CARTESIAN_POINT ( 'NONE',  ( 0.2200000000010907120, 0.06350000000000000089, -0.9850000000039913495 ) ) ;
#3463 = ORIENTED_EDGE ( 'NONE', *, *, #5509, .T. ) ;
#3464 = DIRECTION ( 'NONE',  ( 0.0000000000000000000, 1.000000000000000000, -0.0000000000000000000 ) ) ;
#3465 = DIRECTION ( 'NONE',  ( 0.0000000000000000000, 0.0000000000000000000, -1.000000000000000000 ) ) ;
#3466 = ORIENTED_EDGE ( 'NONE', *, *, #4361, .F. ) ;
#3467 = CARTESIAN_POINT ( 'NONE',  ( 0.8250000000007418066, 0.1270000000000000018, 0.0000000000000000000 ) ) ;
#3468 = SHAPE_DEFINITION_REPRESENTATION ( #183, #2235 ) ;
#3469 = DIRECTION ( 'NONE',  ( -0.0000000000000000000, -1.000000000000000000, -0.0000000000000000000 ) ) ;
#3470 = EDGE_CURVE ( 'NONE', #5041, #5286, #1673, .T. ) ;
#3471 = DIRECTION ( 'NONE',  ( -0.0000000000000000000, -0.0000000000000000000, -1.000000000000000000 ) ) ;
#3472 = ORIENTED_EDGE ( 'NONE', *, *, #5702, .F. ) ;
#3473 = CARTESIAN_POINT ( 'NONE',  ( 1.998999999999999888, 0.5999999999999999778, 0.0000000000000000000 ) ) ;
#3474 = FILL_AREA_STYLE_COLOUR ( '', #5930 ) ;
#3475 = EDGE_CURVE ( 'NONE', #2987, #3986, #1570, .T. ) ;
#3476 = CARTESIAN_POINT ( 'NONE',  ( -0.4799999999999201572, 0.06350000000000000089, 0.9616911592296162326 ) ) ;
#3477 = VERTEX_POINT ( 'NONE', #2914 ) ;
#3478 = ADVANCED_FACE ( 'NONE', ( #2852 ), #4296, .F. ) ;
#3479 = ORIENTED_EDGE ( 'NONE', *, *, #4400, .T. ) ;
#3480 = VERTEX_POINT ( 'NONE', #567 ) ;
#3481 = FACE_OUTER_BOUND ( 'NONE', #1444, .T. ) ;
#3482 = CARTESIAN_POINT ( 'NONE',  ( -0.4999999999970583531, 0.1270000000000000018, 1.010000000001222142 ) ) ;
#3483 = FACE_BOUND ( 'NONE', #1880, .T. ) ;
#3484 = VERTEX_POINT ( 'NONE', #2496 ) ;
#3485 = ADVANCED_FACE ( 'NONE', ( #5694 ), #1153, .T. ) ;
#3486 = AXIS2_PLACEMENT_3D ( 'NONE', #1305, #1247, #1708 ) ;
#3487 = ORIENTED_EDGE ( 'NONE', *, *, #3286, .T. ) ;
#3488 = ORIENTED_EDGE ( 'NONE', *, *, #3593, .T. ) ;
#3489 = LINE ( 'NONE', #3392, #4948 ) ;
#3490 = CARTESIAN_POINT ( 'NONE',  ( -0.8100000000013096724, 0.06350000000000000089, -1.009999999997705400 ) ) ;
#3491 = CARTESIAN_POINT ( 'NONE',  ( 1.024999999996296207, 0.0000000000000000000, 0.5948528137447920416 ) ) ;
#3492 = DIRECTION ( 'NONE',  ( -0.0000000000000000000, -1.000000000000000000, -0.0000000000000000000 ) ) ;
#3493 = ADVANCED_FACE ( 'NONE', ( #2095 ), #4775, .F. ) ;
#3494 = LINE ( 'NONE', #2009, #2809 ) ;
#3495 = CARTESIAN_POINT ( 'NONE',  ( -1.000000000001222134, 0.0000000000000000000, 0.7500000000000284217 ) ) ;
#3496 = LINE ( 'NONE', #2413, #669 ) ;
#3497 = DIRECTION ( 'NONE',  ( -0.0000000000000000000, -0.0000000000000000000, 1.000000000000000000 ) ) ;
#3498 = ORIENTED_EDGE ( 'NONE', *, *, #4645, .T. ) ;
#3499 = CARTESIAN_POINT ( 'NONE',  ( 0.9706851247026639928, 0.01999999999997401426, -1.045075345408897904 ) ) ;
#3500 = PRODUCT_CONTEXT ( 'NONE', #195, 'mechanical' ) ;
#3501 =( NAMED_UNIT ( * ) SI_UNIT ( $, .STERADIAN. ) SOLID_ANGLE_UNIT ( ) );
#3502 = CYLINDRICAL_SURFACE ( 'NONE', #3907, 0.02727272727272712916 ) ;
#3503 = ORIENTED_EDGE ( 'NONE', *, *, #1813, .F. ) ;
#3504 = CARTESIAN_POINT ( 'NONE',  ( 0.1723030399288168479, 0.0000000000000000000, 1.010000000001161746 ) ) ;
#3505 = CARTESIAN_POINT ( 'NONE',  ( -0.4799999999999201572, 0.06350000000000000089, 0.9850000000018402924 ) ) ;
#3506 = ORIENTED_EDGE ( 'NONE', *, *, #5159, .T. ) ;
#3507 = ORIENTED_EDGE ( 'NONE', *, *, #1599, .F. ) ;
#3508 = VECTOR ( 'NONE', #96, 1000.000000000000000 ) ;
#3509 = ADVANCED_FACE ( 'NONE', ( #4902 ), #4363, .F. ) ;
#3510 = LINE ( 'NONE', #5810, #862 ) ;
#3511 = DIRECTION ( 'NONE',  ( 0.0000000000000000000, 0.0000000000000000000, 1.000000000000000000 ) ) ;
#3512 = ADVANCED_FACE ( 'NONE', ( #4334 ), #745, .F. ) ;
#3513 = DIRECTION ( 'NONE',  ( 0.0000000000000000000, -1.000000000000000000, 0.0000000000000000000 ) ) ;
#3514 = VECTOR ( 'NONE', #2112, 1000.000000000000000 ) ;
#3515 = ORIENTED_EDGE ( 'NONE', *, *, #2381, .T. ) ;
#3516 = ORIENTED_EDGE ( 'NONE', *, *, #311, .F. ) ;
#3517 = ORIENTED_EDGE ( 'NONE', *, *, #2310, .T. ) ;
#3518 = CARTESIAN_POINT ( 'NONE',  ( 0.4300000000014400081, 0.06350000000000000089, 0.9849999999946845719 ) ) ;
#3519 = EDGE_CURVE ( 'NONE', #5189, #5816, #3007, .T. ) ;
#3520 = AXIS2_PLACEMENT_3D ( 'NONE', #5740, #1165, #2604 ) ;
#3521 = EDGE_CURVE ( 'NONE', #2363, #5212, #3489, .T. ) ;
#3522 = CARTESIAN_POINT ( 'NONE',  ( 0.1550000000012374812, 0.1270000000000000018, 0.4499999999998394173 ) ) ;
#3523 = CARTESIAN_POINT ( 'NONE',  ( 0.9741903303925880664, 0.06350000000000000089, 0.8600000000011931434 ) ) ;
#3524 = EDGE_CURVE ( 'NONE', #2213, #3014, #1378, .T. ) ;
#3525 = CARTESIAN_POINT ( 'NONE',  ( 0.0000000000000000000, 0.06350000000000000089, 0.0000000000000000000 ) ) ;
#3526 = DIRECTION ( 'NONE',  ( 0.0000000000000000000, 0.0000000000000000000, -1.000000000000000000 ) ) ;
#3527 = VERTEX_POINT ( 'NONE', #779 ) ;
#3528 = LINE ( 'NONE', #1341, #1125 ) ;
#3529 = CARTESIAN_POINT ( 'NONE',  ( 1.004999999999256488, 0.06350000000000000089, 0.7500000000000284217 ) ) ;
#3530 = ORIENTED_EDGE ( 'NONE', *, *, #4945, .F. ) ;
#3531 = CARTESIAN_POINT ( 'NONE',  ( -0.4999999999997228883, 0.06350000000000000089, -1.009999999997705400 ) ) ;
#3532 = CONTEXT_DEPENDENT_SHAPE_REPRESENTATION ( #3008, #3308 ) ;
#3533 = LINE ( 'NONE', #696, #2862 ) ;
#3534 = DIRECTION ( 'NONE',  ( -1.000000000000000000, -2.106215023402124859E-29, 1.206487916730494377E-15 ) ) ;
#3535 = DIRECTION ( 'NONE',  ( 0.8898332631262904080, 7.965567402119379993E-15, -0.4562858356710386420 ) ) ;
#3536 = ORIENTED_EDGE ( 'NONE', *, *, #5119, .T. ) ;
#3537 = CARTESIAN_POINT ( 'NONE',  ( 0.6473668145331037405, 0.01999999999996719680, -0.6547194891145217133 ) ) ;
#3538 = VECTOR ( 'NONE', #2201, 1000.000000000000000 ) ;
#3539 = CARTESIAN_POINT ( 'NONE',  ( 0.0000000000000000000, 0.0000000000000000000, 0.0000000000000000000 ) ) ;
#3540 = CLOSED_SHELL ( 'NONE', ( #3844, #935, #5639, #2225, #3261, #4988, #5020, #3478, #488, #4289, #4721, #2263, #5893, #694, #4453, #4204 ) ) ;
#3541 = DIRECTION ( 'NONE',  ( -1.000000000000000000, 0.0000000000000000000, 0.0000000000000000000 ) ) ;
#3542 = AXIS2_PLACEMENT_3D ( 'NONE', #2234, #457, #4078 ) ;
#3543 = ORIENTED_EDGE ( 'NONE', *, *, #3665, .T. ) ;
#3544 = ORIENTED_EDGE ( 'NONE', *, *, #3560, .F. ) ;
#3545 = VECTOR ( 'NONE', #1552, 1000.000000000000000 ) ;
#3546 = DIRECTION ( 'NONE',  ( -0.0000000000000000000, -0.0000000000000000000, -1.000000000000000000 ) ) ;
#3547 = CARTESIAN_POINT ( 'NONE',  ( 0.1500000000005385914, 0.06350000000000000089, -0.7500000000000284217 ) ) ;
#3548 = FACE_BOUND ( 'NONE', #3122, .T. ) ;
#3549 = AXIS2_PLACEMENT_3D ( 'NONE', #3815, #1064, #4743 ) ;
#3550 = ORIENTED_EDGE ( 'NONE', *, *, #1923, .F. ) ;
#3551 = ORIENTED_EDGE ( 'NONE', *, *, #3326, .F. ) ;
#3552 = ORIENTED_EDGE ( 'NONE', *, *, #242, .F. ) ;
#3553 = CARTESIAN_POINT ( 'NONE',  ( 0.2200000000010907120, 0.06350000000000000089, -0.9850000000039913495 ) ) ;
#3554 = EDGE_CURVE ( 'NONE', #4918, #1660, #200, .T. ) ;
#3555 = AXIS2_PLACEMENT_3D ( 'NONE', #2590, #2036, #2099 ) ;
#3556 = CARTESIAN_POINT ( 'NONE',  ( 0.2200000000017746649, 0.06350000000000000089, 0.9850000000017797852 ) ) ;
#3557 = SURFACE_STYLE_FILL_AREA ( #4124 ) ;
#3558 = DIRECTION ( 'NONE',  ( 1.000000000000000000, 0.0000000000000000000, 0.0000000000000000000 ) ) ;
#3559 = DIRECTION ( 'NONE',  ( 1.000000000000000000, 0.0000000000000000000, 0.0000000000000000000 ) ) ;
#3560 = EDGE_CURVE ( 'NONE', #804, #2486, #3974, .T. ) ;
#3561 = EDGE_LOOP ( 'NONE', ( #5538, #4057, #3362, #551 ) ) ;
#3562 = LINE ( 'NONE', #1738, #1412 ) ;
#3563 = AXIS2_PLACEMENT_3D ( 'NONE', #374, #5842, #4978 ) ;
#3564 = DIRECTION ( 'NONE',  ( 0.0000000000000000000, 0.0000000000000000000, 1.000000000000000000 ) ) ;
#3565 = VERTEX_POINT ( 'NONE', #258 ) ;
#3566 = LINE ( 'NONE', #2661, #1302 ) ;
#3567 = DIRECTION ( 'NONE',  ( 0.0000000000000000000, 0.0000000000000000000, 1.000000000000000000 ) ) ;
#3568 = AXIS2_PLACEMENT_3D ( 'NONE', #2643, #1727, #4026 ) ;
#3569 = CARTESIAN_POINT ( 'NONE',  ( -0.7999999999990237143, 0.06350000000000000089, 0.9616911592296162326 ) ) ;
#3570 = DIRECTION ( 'NONE',  ( -0.0000000000000000000, -0.0000000000000000000, 1.000000000000000000 ) ) ;
#3571 = DIRECTION ( 'NONE',  ( -0.0000000000000000000, -1.000000000000000000, -0.0000000000000000000 ) ) ;
#3572 = DIRECTION ( 'NONE',  ( -1.000000000000000000, 2.106215023402124859E-29, -1.206487916730494377E-15 ) ) ;
#3573 = CARTESIAN_POINT ( 'NONE',  ( 0.9741903303925880664, 0.06350000000000000089, 0.4476725846167539657 ) ) ;
#3574 = EDGE_CURVE ( 'NONE', #2837, #2586, #2980, .T. ) ;
#3575 = DIRECTION ( 'NONE',  ( 1.000000000000000000, 0.0000000000000000000, 0.0000000000000000000 ) ) ;
#3576 = EDGE_LOOP ( 'NONE', ( #16, #3611, #2249, #3672 ) ) ;
#3577 = VERTEX_POINT ( 'NONE', #5224 ) ;
#3578 =( NAMED_UNIT ( * ) SI_UNIT ( $, .STERADIAN. ) SOLID_ANGLE_UNIT ( ) );
#3579 = DIRECTION ( 'NONE',  ( -1.000000000000000000, -0.0000000000000000000, -0.0000000000000000000 ) ) ;
#3580 = EDGE_LOOP ( 'NONE', ( #4622, #1879, #2640, #4481 ) ) ;
#3581 = VERTEX_POINT ( 'NONE', #5760 ) ;
#3582 = VERTEX_POINT ( 'NONE', #1639 ) ;
#3583 = DIRECTION ( 'NONE',  ( -0.4562858356710386420, 0.0000000000000000000, -0.8898332631262904080 ) ) ;
#3584 = CARTESIAN_POINT ( 'NONE',  ( 0.8000000000016882495, 0.1270000000000000018, 0.7500000000000284217 ) ) ;
#3585 = LINE ( 'NONE', #4065, #5944 ) ;
#3586 = FACE_OUTER_BOUND ( 'NONE', #534, .T. ) ;
#3587 =( NAMED_UNIT ( * ) PLANE_ANGLE_UNIT ( ) SI_UNIT ( $, .RADIAN. ) );
#3588 = ORIENTED_EDGE ( 'NONE', *, *, #1326, .F. ) ;
#3589 = LINE ( 'NONE', #5416, #1227 ) ;
#3590 = SURFACE_STYLE_FILL_AREA ( #3172 ) ;
#3591 = ORIENTED_EDGE ( 'NONE', *, *, #4811, .F. ) ;
#3592 = AXIS2_PLACEMENT_3D ( 'NONE', #2405, #3793, #3682 ) ;
#3593 = EDGE_CURVE ( 'NONE', #3322, #4315, #1091, .T. ) ;
#3594 = PLANE ( 'NONE',  #2956 ) ;
#3595 = PLANE ( 'NONE',  #4518 ) ;
#3596 = EDGE_CURVE ( 'NONE', #1859, #3973, #1182, .T. ) ;
#3597 =( REPRESENTATION_RELATIONSHIP ('NONE','NONE', #5149, #2235 ) REPRESENTATION_RELATIONSHIP_WITH_TRANSFORMATION ( #4433 )SHAPE_REPRESENTATION_RELATIONSHIP( ) );
#3598 = DIRECTION ( 'NONE',  ( -0.0000000000000000000, -0.0000000000000000000, -1.000000000000000000 ) ) ;
#3599 = VECTOR ( 'NONE', #222, 1000.000000000000000 ) ;
#3600 = DIRECTION ( 'NONE',  ( -1.000000000000000000, 0.0000000000000000000, 0.0000000000000000000 ) ) ;
#3601 = DIRECTION ( 'NONE',  ( -0.0000000000000000000, -0.0000000000000000000, -1.000000000000000000 ) ) ;
#3602 = MECHANICAL_DESIGN_GEOMETRIC_PRESENTATION_REPRESENTATION (  '', ( #418 ), #3393 ) ;
#3603 = CARTESIAN_POINT ( 'NONE',  ( -0.9683780866076574512, 0.06350000000000000089, 0.8600000000029695002 ) ) ;
#3604 = DIRECTION ( 'NONE',  ( 0.0000000000000000000, 0.0000000000000000000, -1.000000000000000000 ) ) ;
#3605 = ORIENTED_EDGE ( 'NONE', *, *, #2650, .F. ) ;
#3606 = ORIENTED_EDGE ( 'NONE', *, *, #4916, .F. ) ;
#3607 =( LENGTH_UNIT ( ) NAMED_UNIT ( * ) SI_UNIT ( .MILLI., .METRE. ) );
#3608 = CARTESIAN_POINT ( 'NONE',  ( -0.1499999999996504130, 0.0000000000000000000, 1.010000000001161746 ) ) ;
#3609 = LINE ( 'NONE', #829, #1547 ) ;
#3610 = EDGE_CURVE ( 'NONE', #2678, #3906, #1671, .T. ) ;
#3611 = ORIENTED_EDGE ( 'NONE', *, *, #5925, .F. ) ;
#3612 = ORIENTED_EDGE ( 'NONE', *, *, #3893, .T. ) ;
#3613 = AXIS2_PLACEMENT_3D ( 'NONE', #536, #2461, #3279 ) ;
#3614 = ORIENTED_EDGE ( 'NONE', *, *, #1016, .F. ) ;
#3615 = FACE_OUTER_BOUND ( 'NONE', #1003, .T. ) ;
#3616 = CARTESIAN_POINT ( 'NONE',  ( -0.9683780866076574512, 0.0000000000000000000, -0.4534848284016845810 ) ) ;
#3617 = CIRCLE ( 'NONE', #3708, 0.04999999999924899241 ) ;
#3618 = CARTESIAN_POINT ( 'NONE',  ( 0.0000000000000000000, 0.5999999999999999778, 0.0000000000000000000 ) ) ;
#3619 = PLANE ( 'NONE',  #3486 ) ;
#3620 = ORIENTED_EDGE ( 'NONE', *, *, #232, .F. ) ;
#3621 = CARTESIAN_POINT ( 'NONE',  ( -0.9683780866076574512, 0.06350000000000000089, -0.7500000000000284217 ) ) ;
#3622 = VECTOR ( 'NONE', #2476, 1000.000000000000000 ) ;
#3623 = CARTESIAN_POINT ( 'NONE',  ( 0.9999999999976694198, 0.0000000000000000000, -0.06999999999734995981 ) ) ;
#3624 = CARTESIAN_POINT ( 'NONE',  ( -0.9683780866076574512, 0.06350000000000000089, -0.7500000000000284217 ) ) ;
#3625 = AXIS2_PLACEMENT_3D ( 'NONE', #5417, #1, #482 ) ;
#3626 = LINE ( 'NONE', #1345, #4580 ) ;
#3627 = DIRECTION ( 'NONE',  ( -1.000000000000000000, 0.0000000000000000000, 0.0000000000000000000 ) ) ;
#3628 = EDGE_CURVE ( 'NONE', #3241, #2912, #3617, .T. ) ;
#3629 =( NAMED_UNIT ( * ) SI_UNIT ( $, .STERADIAN. ) SOLID_ANGLE_UNIT ( ) );
#3630 = ADVANCED_FACE ( 'NONE', ( #4422 ), #292, .F. ) ;
#3631 = PLANE ( 'NONE',  #2248 ) ;
#3632 = UNCERTAINTY_MEASURE_WITH_UNIT (LENGTH_MEASURE( 1.000000000000000082E-05 ), #3289, 'distance_accuracy_value', 'NONE');
#3633 = AXIS2_PLACEMENT_3D ( 'NONE', #5296, #3983, #2073 ) ;
#3634 = VERTEX_POINT ( 'NONE', #2124 ) ;
#3635 = EDGE_LOOP ( 'NONE', ( #2765, #2969, #2978, #2110 ) ) ;
#3636 = EDGE_CURVE ( 'NONE', #5250, #5903, #5789, .T. ) ;
#3637 = CARTESIAN_POINT ( 'NONE',  ( 0.9999999999976694198, 0.06350000000000000089, 0.07000000000090267349 ) ) ;
#3638 =( GEOMETRIC_REPRESENTATION_CONTEXT ( 3 ) GLOBAL_UNCERTAINTY_ASSIGNED_CONTEXT ( ( #606 ) ) GLOBAL_UNIT_ASSIGNED_CONTEXT ( ( #5657, #2994, #2511 ) ) REPRESENTATION_CONTEXT ( 'NONE', 'WORKASPACE' ) );
#3639 = EDGE_CURVE ( 'NONE', #527, #1618, #3673, .T. ) ;
#3640 = CARTESIAN_POINT ( 'NONE',  ( -0.1702182916155679238, 0.06350000000000000089, -0.9503329334420860253 ) ) ;
#3641 = AXIS2_PLACEMENT_3D ( 'NONE', #3043, #1213, #780 ) ;
#3642 = ORIENTED_EDGE ( 'NONE', *, *, #1774, .F. ) ;
#3643 = ORIENTED_EDGE ( 'NONE', *, *, #5159, .F. ) ;
#3644 = ORIENTED_EDGE ( 'NONE', *, *, #5777, .T. ) ;
#3645 = DIRECTION ( 'NONE',  ( 0.0000000000000000000, 0.0000000000000000000, 1.000000000000000000 ) ) ;
#3646 =( GEOMETRIC_REPRESENTATION_CONTEXT ( 3 ) GLOBAL_UNCERTAINTY_ASSIGNED_CONTEXT ( ( #2836 ) ) GLOBAL_UNIT_ASSIGNED_CONTEXT ( ( #3182, #5367, #428 ) ) REPRESENTATION_CONTEXT ( 'NONE', 'WORKASPACE' ) );
#3647 = FACE_OUTER_BOUND ( 'NONE', #5339, .T. ) ;
#3648 = PLANE ( 'NONE',  #569 ) ;
#3649 = CARTESIAN_POINT ( 'NONE',  ( 0.0000000000000000000, 0.0000000000000000000, 1.010000000001222142 ) ) ;
#3650 = VERTEX_POINT ( 'NONE', #444 ) ;
#3651 = ADVANCED_FACE ( 'NONE', ( #3615 ), #2838, .F. ) ;
#3652 = DIRECTION ( 'NONE',  ( -0.0000000000000000000, -0.0000000000000000000, -1.000000000000000000 ) ) ;
#3653 = CARTESIAN_POINT ( 'NONE',  ( -0.2200000000018864088, 0.06350000000000000089, -0.9549999999993558086 ) ) ;
#3654 = CARTESIAN_POINT ( 'NONE',  ( 0.4299999999978381671, 0.06350000000000000089, -0.9849999999999841105 ) ) ;
#3655 =( LENGTH_UNIT ( ) NAMED_UNIT ( * ) SI_UNIT ( .MILLI., .METRE. ) );
#3656 = AXIS2_PLACEMENT_3D ( 'NONE', #3338, #4239, #5642 ) ;
#3657 = FILL_AREA_STYLE ('',( #2776 ) ) ;
#3658 = CARTESIAN_POINT ( 'NONE',  ( 0.5000000000006110668, 0.06350000000000000089, -0.0000000000000000000 ) ) ;
#3659 = VECTOR ( 'NONE', #2271, 1000.000000000000000 ) ;
#3660 = SURFACE_STYLE_FILL_AREA ( #2270 ) ;
#3661 = EDGE_CURVE ( 'NONE', #1033, #3784, #409, .T. ) ;
#3662 = DIRECTION ( 'NONE',  ( -0.0000000000000000000, -1.000000000000000000, -0.0000000000000000000 ) ) ;
#3663 = FACE_OUTER_BOUND ( 'NONE', #4062, .T. ) ;
#3664 = ORIENTED_EDGE ( 'NONE', *, *, #5060, .T. ) ;
#3665 = EDGE_CURVE ( 'NONE', #1033, #3284, #5441, .T. ) ;
#3666 = CARTESIAN_POINT ( 'NONE',  ( -0.4800000000002674905, 0.06350000000000000089, -0.9850000000000650457 ) ) ;
#3667 = LINE ( 'NONE', #1265, #3065 ) ;
#3668 = EDGE_CURVE ( 'NONE', #2334, #2678, #1243, .T. ) ;
#3669 = DIRECTION ( 'NONE',  ( -0.0000000000000000000, -0.0000000000000000000, 1.000000000000000000 ) ) ;
#3670 = ORIENTED_EDGE ( 'NONE', *, *, #5573, .T. ) ;
#3671 = VERTEX_POINT ( 'NONE', #4034 ) ;
#3672 = ORIENTED_EDGE ( 'NONE', *, *, #2032, .T. ) ;
#3673 = LINE ( 'NONE', #1795, #528 ) ;
#3674 = CARTESIAN_POINT ( 'NONE',  ( 0.0000000000000000000, 0.1270000000000000018, -0.7500000000000284217 ) ) ;
#3675 = FILL_AREA_STYLE ('',( #4521 ) ) ;
#3676 = CARTESIAN_POINT ( 'NONE',  ( 1.230584742858188863, -0.08000000000002076284, -1.344174034569068699 ) ) ;
#3677 = ORIENTED_EDGE ( 'NONE', *, *, #4432, .T. ) ;
#3678 = CARTESIAN_POINT ( 'NONE',  ( -0.9683780866076574512, 0.0000000000000000000, 0.07000000000090267349 ) ) ;
#3679 = CARTESIAN_POINT ( 'NONE',  ( 0.0000000000000000000, 0.06350000000000000089, 0.0000000000000000000 ) ) ;
#3680 = CARTESIAN_POINT ( 'NONE',  ( -1.000000000001222134, 0.06350000000000000089, 0.8600000000029695002 ) ) ;
#3681 = DIRECTION ( 'NONE',  ( 0.0000000000000000000, -1.000000000000000000, 0.0000000000000000000 ) ) ;
#3682 = DIRECTION ( 'NONE',  ( 0.0000000000000000000, 0.0000000000000000000, -1.000000000000000000 ) ) ;
#3683 = CARTESIAN_POINT ( 'NONE',  ( 0.8250000000007418066, 0.1270000000000000018, -0.4499999999998394173 ) ) ;
#3684 = COLOUR_RGB ( '',0.7686274509803920907, 0.7686274509803920907, 0.7686274509803920907 ) ;
#3685 = CARTESIAN_POINT ( 'NONE',  ( -0.7999999999990237143, 0.06350000000000000089, 1.010000000001222142 ) ) ;
#3686 = DIRECTION ( 'NONE',  ( 0.0000000000000000000, 0.0000000000000000000, -1.000000000000000000 ) ) ;
#3687 = AXIS2_PLACEMENT_3D ( 'NONE', #1825, #470, #1851 ) ;
#3688 = LINE ( 'NONE', #1348, #3659 ) ;
#3689 = CARTESIAN_POINT ( 'NONE',  ( 1.140720422009984691, 0.0000000000000000000, -1.344174034569067366 ) ) ;
#3690 = UNCERTAINTY_MEASURE_WITH_UNIT (LENGTH_MEASURE( 1.000000000000000082E-05 ), #5894, 'distance_accuracy_value', 'NONE');
#3691 = ORIENTED_EDGE ( 'NONE', *, *, #3768, .F. ) ;
#3692 = CARTESIAN_POINT ( 'NONE',  ( 0.9999999999976694198, 0.0000000000000000000, 0.4218629150116726123 ) ) ;
#3693 = FACE_OUTER_BOUND ( 'NONE', #3100, .T. ) ;
#3694 = CYLINDRICAL_SURFACE ( 'NONE', #3018, 0.1000000000000000472 ) ;
#3695 = VECTOR ( 'NONE', #2037, 1000.000000000000000 ) ;
#3696 = ORIENTED_EDGE ( 'NONE', *, *, #4354, .F. ) ;
#3697 = VERTEX_POINT ( 'NONE', #4121 ) ;
#3698 = VERTEX_POINT ( 'NONE', #1702 ) ;
#3699 = EDGE_CURVE ( 'NONE', #957, #5715, #4001, .T. ) ;
#3700 = EDGE_CURVE ( 'NONE', #3350, #4800, #385, .T. ) ;
#3701 = DIRECTION ( 'NONE',  ( 0.0000000000000000000, 0.0000000000000000000, -1.000000000000000000 ) ) ;
#3702 = CARTESIAN_POINT ( 'NONE',  ( 0.1699999999999468048, 0.0000000000000000000, 0.9616911592296162326 ) ) ;
#3703 = ORIENTED_EDGE ( 'NONE', *, *, #758, .F. ) ;
#3704 = PLANE ( 'NONE',  #5366 ) ;
#3705 = EDGE_CURVE ( 'NONE', #3906, #3565, #1733, .T. ) ;
#3706 = LINE ( 'NONE', #1012, #4485 ) ;
#3707 = EDGE_CURVE ( 'NONE', #2148, #4922, #2219, .T. ) ;
#3708 = AXIS2_PLACEMENT_3D ( 'NONE', #3421, #5254, #2587 ) ;
#3709 = EDGE_CURVE ( 'NONE', #2513, #5217, #3163, .T. ) ;
#3710 = CARTESIAN_POINT ( 'NONE',  ( -0.1700000000006696155, 0.06350000000000000089, 0.9616911592296162326 ) ) ;
#3711 = DIRECTION ( 'NONE',  ( 0.0000000000000000000, -0.0000000000000000000, -1.000000000000000000 ) ) ;
#3712 = VECTOR ( 'NONE', #3600, 1000.000000000000000 ) ;
#3713 = DIRECTION ( 'NONE',  ( 1.000000000000000000, 0.0000000000000000000, 0.0000000000000000000 ) ) ;
#3714 = CARTESIAN_POINT ( 'NONE',  ( -0.4300000000003322831, 0.06350000000000000089, -0.9849999999965123321 ) ) ;
#3715 = AXIS2_PLACEMENT_3D ( 'NONE', #5112, #3794, #4242 ) ;
#3716 = LINE ( 'NONE', #5564, #2173 ) ;
#3717 = FACE_OUTER_BOUND ( 'NONE', #597, .T. ) ;
#3718 = EDGE_CURVE ( 'NONE', #4505, #2421, #4958, .T. ) ;
#3719 = DIRECTION ( 'NONE',  ( -0.0000000000000000000, 1.000000000000000000, -0.0000000000000000000 ) ) ;
#3720 = ORIENTED_EDGE ( 'NONE', *, *, #3399, .F. ) ;
#3721 = CARTESIAN_POINT ( 'NONE',  ( 0.8099999999986731147, 0.06350000000000000089, -0.9503329334420737018 ) ) ;
#3722 = CARTESIAN_POINT ( 'NONE',  ( 0.1500000000023149482, 0.1270000000000000018, 1.010000000001161746 ) ) ;
#3723 = VECTOR ( 'NONE', #633, 1000.000000000000000 ) ;
#3724 = PLANE ( 'NONE',  #5587 ) ;
#3725 = VERTEX_POINT ( 'NONE', #833 ) ;
#3726 = ORIENTED_EDGE ( 'NONE', *, *, #5154, .F. ) ;
#3727 = VERTEX_POINT ( 'NONE', #4929 ) ;
#3728 = VECTOR ( 'NONE', #2890, 1000.000000000000000 ) ;
#3729 = DIRECTION ( 'NONE',  ( 1.206487916730494377E-15, -1.745740669421566678E-14, 1.000000000000000000 ) ) ;
#3730 = ORIENTED_EDGE ( 'NONE', *, *, #3628, .T. ) ;
#3731 = CARTESIAN_POINT ( 'NONE',  ( 0.4799999999995918643, 0.06350000000000000089, 0.9616911592296162326 ) ) ;
#3732 = EDGE_CURVE ( 'NONE', #1644, #1005, #131, .T. ) ;
#3733 = VECTOR ( 'NONE', #5092, 1000.000000000000000 ) ;
#3734 = LINE ( 'NONE', #2888, #3314 ) ;
#3735 = VECTOR ( 'NONE', #1514, 1000.000000000000000 ) ;
#3736 = CARTESIAN_POINT ( 'NONE',  ( 0.5000000000006110668, 0.06350000000000000089, 0.7500000000000284217 ) ) ;
#3737 = AXIS2_PLACEMENT_3D ( 'NONE', #3977, #4871, #5317 ) ;
#3738 = EDGE_CURVE ( 'NONE', #2153, #3758, #2652, .T. ) ;
#3739 = CARTESIAN_POINT ( 'NONE',  ( 0.0000000000000000000, 0.0000000000000000000, -1.009999999997669429 ) ) ;
#3740 = VECTOR ( 'NONE', #1328, 1000.000000000000000 ) ;
#3741 = VECTOR ( 'NONE', #4181, 1000.000000000000000 ) ;
#3742 = CARTESIAN_POINT ( 'NONE',  ( -0.9683780866076574512, 0.06350000000000000089, -0.4534848284016845810 ) ) ;
#3743 = ORIENTED_EDGE ( 'NONE', *, *, #2849, .T. ) ;
#3744 = DIRECTION ( 'NONE',  ( 0.0000000000000000000, 0.0000000000000000000, 1.000000000000000000 ) ) ;
#3745 = VECTOR ( 'NONE', #4048, 1000.000000000000000 ) ;
#3746 =( LENGTH_UNIT ( ) NAMED_UNIT ( * ) SI_UNIT ( .MILLI., .METRE. ) );
#3747 = VECTOR ( 'NONE', #4746, 1000.000000000000000 ) ;
#3748 = FILL_AREA_STYLE ('',( #2804 ) ) ;
#3749 = CARTESIAN_POINT ( 'NONE',  ( 0.9741903303925880664, 0.0000000000000000000, -0.8599999999976404297 ) ) ;
#3750 = DIRECTION ( 'NONE',  ( -0.0000000000000000000, -1.000000000000000000, -0.0000000000000000000 ) ) ;
#3751 = VERTEX_POINT ( 'NONE', #2157 ) ;
#3752 = PRESENTATION_LAYER_ASSIGNMENT (  '', '', ( #1517 ) ) ;
#3753 = EDGE_CURVE ( 'NONE', #776, #5807, #5943, .T. ) ;
#3754 = DIRECTION ( 'NONE',  ( 0.0000000000000000000, 0.0000000000000000000, -1.000000000000000000 ) ) ;
#3755 = DIRECTION ( 'NONE',  ( -0.0000000000000000000, -1.000000000000000000, -0.0000000000000000000 ) ) ;
#3756 = VERTEX_POINT ( 'NONE', #5471 ) ;
#3757 = ORIENTED_EDGE ( 'NONE', *, *, #897, .F. ) ;
#3758 = VERTEX_POINT ( 'NONE', #1335 ) ;
#3759 = DIRECTION ( 'NONE',  ( 0.0000000000000000000, 0.0000000000000000000, -1.000000000000000000 ) ) ;
#3760 = PLANE ( 'NONE',  #5030 ) ;
#3761 = VERTEX_POINT ( 'NONE', #352 ) ;
#3762 = CARTESIAN_POINT ( 'NONE',  ( 0.1723030399283231873, 0.06350000000000000089, -1.009999999997669429 ) ) ;
#3763 = DIRECTION ( 'NONE',  ( 0.0000000000000000000, -0.0000000000000000000, 1.000000000000000000 ) ) ;
#3764 = CARTESIAN_POINT ( 'NONE',  ( 0.8080666877865554376, -0.08000000000002678580, -0.9994467618417960386 ) ) ;
#3765 = CYLINDRICAL_SURFACE ( 'NONE', #4417, 0.05000000000156137880 ) ;
#3766 = CARTESIAN_POINT ( 'NONE',  ( 0.1700000000011555046, 0.06350000000000000089, -0.9850000000000036504 ) ) ;
#3767 = ORIENTED_EDGE ( 'NONE', *, *, #1920, .T. ) ;
#3768 = EDGE_CURVE ( 'NONE', #4725, #1048, #5379, .T. ) ;
#3769 = LINE ( 'NONE', #3345, #1761 ) ;
#3770 = CARTESIAN_POINT ( 'NONE',  ( -0.4776969600710501140, 0.0000000000000000000, 1.010000000001222142 ) ) ;
#3771 = EDGE_CURVE ( 'NONE', #4821, #3952, #1765, .T. ) ;
#3772 = SHAPE_REPRESENTATION_RELATIONSHIP ( 'NONE' , 'NONE' ,  #2235, #1635 ) ;
#3773 = DIRECTION ( 'NONE',  ( -1.000000000000000000, 0.0000000000000000000, 0.0000000000000000000 ) ) ;
#3774 = LINE ( 'NONE', #5765, #655 ) ;
#3775 = CARTESIAN_POINT ( 'NONE',  ( 1.116452242106541037, 0.0000000000000000000, -0.6695480572325841484 ) ) ;
#3776 = ORIENTED_EDGE ( 'NONE', *, *, #4586, .F. ) ;
#3777 = DIRECTION ( 'NONE',  ( -0.0000000000000000000, -1.000000000000000000, -0.0000000000000000000 ) ) ;
#3778 = AXIS2_PLACEMENT_3D ( 'NONE', #2613, #5813, #4863 ) ;
#3779 = PLANE ( 'NONE',  #5540 ) ;
#3780 = SURFACE_STYLE_FILL_AREA ( #610 ) ;
#3781 = ORIENTED_EDGE ( 'NONE', *, *, #1040, .T. ) ;
#3782 = VECTOR ( 'NONE', #3669, 1000.000000000000000 ) ;
#3783 = ORIENTED_EDGE ( 'NONE', *, *, #4259, .T. ) ;
#3784 = VERTEX_POINT ( 'NONE', #4574 ) ;
#3785 = CYLINDRICAL_SURFACE ( 'NONE', #1609, 0.04999999999830909841 ) ;
#3786 = EDGE_CURVE ( 'NONE', #3871, #3698, #2280, .T. ) ;
#3787 = VERTEX_POINT ( 'NONE', #5656 ) ;
#3788 = FILL_AREA_STYLE ('',( #2764 ) ) ;
#3789 = VERTEX_POINT ( 'NONE', #3381 ) ;
#3790 = DIRECTION ( 'NONE',  ( 0.0000000000000000000, 0.0000000000000000000, -1.000000000000000000 ) ) ;
#3791 = FACE_OUTER_BOUND ( 'NONE', #5685, .T. ) ;
#3792 = CARTESIAN_POINT ( 'NONE',  ( -1.025000000000681588, 0.06350000000000000089, -0.5948528137388839898 ) ) ;
#3793 = DIRECTION ( 'NONE',  ( 1.000000000000000000, 0.0000000000000000000, 0.0000000000000000000 ) ) ;
#3794 = DIRECTION ( 'NONE',  ( 0.0000000000000000000, 0.0000000000000000000, -1.000000000000000000 ) ) ;
#3795 = ORIENTED_EDGE ( 'NONE', *, *, #5119, .F. ) ;
#3796 = AXIS2_PLACEMENT_3D ( 'NONE', #4671, #4281, #3897 ) ;
#3797 = LINE ( 'NONE', #2863, #1554 ) ;
#3798 = CARTESIAN_POINT ( 'NONE',  ( 1.405339415059282615, 0.01999999999997833025, -1.292355852750885159 ) ) ;
#3799 = PRESENTATION_STYLE_ASSIGNMENT (( #1435 ) ) ;
#3800 = VECTOR ( 'NONE', #731, 1000.000000000000000 ) ;
#3801 = EDGE_CURVE ( 'NONE', #5693, #1392, #5184, .T. ) ;
#3802 = CARTESIAN_POINT ( 'NONE',  ( -0.4776969600707364760, 0.0000000000000000000, -1.009999999997705400 ) ) ;
#3803 = ORIENTED_EDGE ( 'NONE', *, *, #2847, .F. ) ;
#3804 = LINE ( 'NONE', #5619, #1192 ) ;
#3805 = DIRECTION ( 'NONE',  ( 1.000000000000000000, 0.0000000000000000000, 0.0000000000000000000 ) ) ;
#3806 = ADVANCED_FACE ( 'NONE', ( #4794 ), #2873, .F. ) ;
#3807 = EDGE_LOOP ( 'NONE', ( #2368, #3550, #5319, #375 ) ) ;
#3808 = ORIENTED_EDGE ( 'NONE', *, *, #5620, .T. ) ;
#3809 = ORIENTED_EDGE ( 'NONE', *, *, #1115, .T. ) ;
#3810 = EDGE_CURVE ( 'NONE', #3913, #3577, #2447, .T. ) ;
#3811 = CARTESIAN_POINT ( 'NONE',  ( 0.4776969600710501140, 0.0000000000000000000, -1.009999999997669429 ) ) ;
#3812 = VERTEX_POINT ( 'NONE', #5682 ) ;
#3813 = DIRECTION ( 'NONE',  ( 0.0000000000000000000, 1.000000000000000000, 0.0000000000000000000 ) ) ;
#3814 = ORIENTED_EDGE ( 'NONE', *, *, #4070, .T. ) ;
#3815 = CARTESIAN_POINT ( 'NONE',  ( -0.1499999999996504130, 0.06350000000000000089, -1.009999999997669429 ) ) ;
#3816 = CARTESIAN_POINT ( 'NONE',  ( 1.116452242106540815, -0.08000000000002102651, -1.329345466451006041 ) ) ;
#3817 = VECTOR ( 'NONE', #1051, 1000.000000000000000 ) ;
#3818 = CARTESIAN_POINT ( 'NONE',  ( -0.4776969600707364760, 0.06350000000000000089, -1.009999999997705400 ) ) ;
#3819 = DIRECTION ( 'NONE',  ( 0.0000000000000000000, 0.0000000000000000000, -1.000000000000000000 ) ) ;
#3820 = CLOSED_SHELL ( 'NONE', ( #1936, #270, #4318, #1794, #2154, #3336 ) ) ;
#3821 = EDGE_CURVE ( 'NONE', #5103, #1978, #3030, .T. ) ;
#3822 = CARTESIAN_POINT ( 'NONE',  ( 0.8000000000016882495, 0.0000000000000000000, -1.009999999997669429 ) ) ;
#3823 = VECTOR ( 'NONE', #4562, 1000.000000000000000 ) ;
#3824 = VECTOR ( 'NONE', #3194, 1000.000000000000000 ) ;
#3825 = DIRECTION ( 'NONE',  ( -0.0000000000000000000, 1.000000000000000000, -0.0000000000000000000 ) ) ;
#3826 = VERTEX_POINT ( 'NONE', #2479 ) ;
#3827 = VECTOR ( 'NONE', #5650, 1000.000000000000000 ) ;
#3828 = DIRECTION ( 'NONE',  ( 1.000000000000000000, 0.0000000000000000000, 0.0000000000000000000 ) ) ;
#3829 = COLOUR_RGB ( '',0.8392156862745098200, 0.4705882352941176405, 0.3686274509803921795 ) ;
#3830 = DIRECTION ( 'NONE',  ( -1.000000000000000000, 0.0000000000000000000, 0.0000000000000000000 ) ) ;
#3831 = LINE ( 'NONE', #886, #3827 ) ;
#3832 = MECHANICAL_DESIGN_GEOMETRIC_PRESENTATION_REPRESENTATION (  '', ( #4789 ), #5464 ) ;
#3833 = DIRECTION ( 'NONE',  ( -0.0000000000000000000, -1.000000000000000000, -0.0000000000000000000 ) ) ;
#3834 = DIRECTION ( 'NONE',  ( -1.000000000000000000, 0.0000000000000000000, -0.0000000000000000000 ) ) ;
#3835 = ORIENTED_EDGE ( 'NONE', *, *, #3718, .T. ) ;
#3836 = PRODUCT_DEFINITION_FORMATION_WITH_SPECIFIED_SOURCE ( 'ANY', '', #5752, .NOT_KNOWN. ) ;
#3837 = LINE ( 'NONE', #1107, #907 ) ;
#3838 = VECTOR ( 'NONE', #2714, 1000.000000000000000 ) ;
#3839 = FILL_AREA_STYLE ('',( #3474 ) ) ;
#3840 =( NAMED_UNIT ( * ) SI_UNIT ( $, .STERADIAN. ) SOLID_ANGLE_UNIT ( ) );
#3841 = EDGE_LOOP ( 'NONE', ( #5722, #125, #652, #832 ) ) ;
#3842 = ORIENTED_EDGE ( 'NONE', *, *, #1774, .T. ) ;
#3843 = ORIENTED_EDGE ( 'NONE', *, *, #1122, .F. ) ;
#3844 = ADVANCED_FACE ( 'NONE', ( #1558 ), #1931, .T. ) ;
#3845 = VECTOR ( 'NONE', #4487, 1000.000000000000000 ) ;
#3846 = CARTESIAN_POINT ( 'NONE',  ( 0.1723030399288168479, 0.06350000000000000089, 1.010000000001161746 ) ) ;
#3847 = EDGE_CURVE ( 'NONE', #3789, #1166, #3865, .T. ) ;
#3848 = DIRECTION ( 'NONE',  ( -1.000000000000000000, 0.0000000000000000000, -0.0000000000000000000 ) ) ;
#3849 = ORIENTED_EDGE ( 'NONE', *, *, #3639, .F. ) ;
#3850 = DIRECTION ( 'NONE',  ( 1.000000000000000000, 0.0000000000000000000, 0.0000000000000000000 ) ) ;
#3851 = EDGE_CURVE ( 'NONE', #4402, #5798, #1960, .T. ) ;
#3852 = CARTESIAN_POINT ( 'NONE',  ( -0.8100000000013096724, 0.06350000000000000089, -0.9503329334421550811 ) ) ;
#3853 = SURFACE_STYLE_USAGE ( .BOTH. , #749 ) ;
#3854 = DIRECTION ( 'NONE',  ( 0.0000000000000000000, 1.000000000000000000, 0.0000000000000000000 ) ) ;
#3855 = DIRECTION ( 'NONE',  ( 0.0000000000000000000, 0.0000000000000000000, 1.000000000000000000 ) ) ;
#3856 = PLANE ( 'NONE',  #5133 ) ;
#3857 = EDGE_LOOP ( 'NONE', ( #2515, #5878, #2181, #2120 ) ) ;
#3858 = LINE ( 'NONE', #2437, #514 ) ;
#3859 = DIRECTION ( 'NONE',  ( 0.0000000000000000000, 0.0000000000000000000, -1.000000000000000000 ) ) ;
#3860 = DIRECTION ( 'NONE',  ( 0.0000000000000000000, 0.0000000000000000000, 1.000000000000000000 ) ) ;
#3861 = CARTESIAN_POINT ( 'NONE',  ( 0.4797817083846136477, 0.0000000000000000000, -0.9503329334420737018 ) ) ;
#3862 = DIRECTION ( 'NONE',  ( -0.0000000000000000000, -0.0000000000000000000, 1.000000000000000000 ) ) ;
#3863 = DIRECTION ( 'NONE',  ( -0.0000000000000000000, -1.000000000000000000, -0.0000000000000000000 ) ) ;
#3864 = VERTEX_POINT ( 'NONE', #5241 ) ;
#3865 = LINE ( 'NONE', #150, #4572 ) ;
#3866 = ORIENTED_EDGE ( 'NONE', *, *, #5129, .T. ) ;
#3867 = ORIENTED_EDGE ( 'NONE', *, *, #1544, .T. ) ;
#3868 = ORIENTED_EDGE ( 'NONE', *, *, #1414, .F. ) ;
#3869 = AXIS2_PLACEMENT_3D ( 'NONE', #1612, #231, #204 ) ;
#3870 = DIRECTION ( 'NONE',  ( -1.000000000000000000, 0.0000000000000000000, 0.0000000000000000000 ) ) ;
#3871 = VERTEX_POINT ( 'NONE', #4348 ) ;
#3872 = AXIS2_PLACEMENT_3D ( 'NONE', #3099, #1666, #863 ) ;
#3873 = CARTESIAN_POINT ( 'NONE',  ( 0.6473668145331036294, -0.08000000000003262834, -0.6645376709327052156 ) ) ;
#3874 = ORIENTED_EDGE ( 'NONE', *, *, #2999, .F. ) ;
#3875 = ORIENTED_EDGE ( 'NONE', *, *, #4532, .T. ) ;
#3876 = DIRECTION ( 'NONE',  ( -0.0000000000000000000, -0.0000000000000000000, 1.000000000000000000 ) ) ;
#3877 = EDGE_CURVE ( 'NONE', #1978, #3904, #1988, .T. ) ;
#3878 = COLOUR_RGB ( '',0.8392156862745098200, 0.4705882352941176405, 0.3686274509803921795 ) ;
#3879 = DIRECTION ( 'NONE',  ( 1.000000000000000000, -2.106215023402124859E-29, 1.206487916730494377E-15 ) ) ;
#3880 = SURFACE_STYLE_FILL_AREA ( #2126 ) ;
#3881 = PLANE ( 'NONE',  #4353 ) ;
#3882 = EDGE_CURVE ( 'NONE', #636, #4280, #3837, .T. ) ;
#3883 = ORIENTED_EDGE ( 'NONE', *, *, #4107, .F. ) ;
#3884 = DIRECTION ( 'NONE',  ( -1.000000000000000000, 0.0000000000000000000, -0.0000000000000000000 ) ) ;
#3885 = DIRECTION ( 'NONE',  ( -0.0000000000000000000, -1.000000000000000000, -0.0000000000000000000 ) ) ;
#3886 = ORIENTED_EDGE ( 'NONE', *, *, #3222, .T. ) ;
#3887 = ADVANCED_FACE ( 'NONE', ( #4707 ), #2417, .F. ) ;
#3888 = FILL_AREA_STYLE_COLOUR ( '', #3878 ) ;
#3889 = DIRECTION ( 'NONE',  ( -0.0000000000000000000, -1.000000000000000000, -0.0000000000000000000 ) ) ;
#3890 = SHAPE_DEFINITION_REPRESENTATION ( #614, #4964 ) ;
#3891 = EDGE_CURVE ( 'NONE', #2217, #3484, #3804, .T. ) ;
#3892 = FILL_AREA_STYLE_COLOUR ( '', #1325 ) ;
#3893 = EDGE_CURVE ( 'NONE', #5219, #5018, #3933, .T. ) ;
#3894 = VECTOR ( 'NONE', #2165, 1000.000000000000000 ) ;
#3895 = DIRECTION ( 'NONE',  ( -0.0000000000000000000, -1.000000000000000000, -0.0000000000000000000 ) ) ;
#3896 = ORIENTED_EDGE ( 'NONE', *, *, #4112, .T. ) ;
#3897 = DIRECTION ( 'NONE',  ( 0.0000000000000000000, -0.0000000000000000000, 1.000000000000000000 ) ) ;
#3898 = APPLICATION_CONTEXT ( 'automotive_design' ) ;
#3899 = EDGE_CURVE ( 'NONE', #2421, #3725, #1198, .T. ) ;
#3900 = VECTOR ( 'NONE', #5021, 1000.000000000000000 ) ;
#3901 = DIRECTION ( 'NONE',  ( -0.0000000000000000000, -1.000000000000000000, -0.0000000000000000000 ) ) ;
#3902 = ADVANCED_FACE ( 'NONE', ( #5804 ), #277, .T. ) ;
#3903 = CARTESIAN_POINT ( 'NONE',  ( 0.9741903303925880664, 0.06350000000000000089, 0.5608096696079201138 ) ) ;
#3904 = VERTEX_POINT ( 'NONE', #5743 ) ;
#3905 = ORIENTED_EDGE ( 'NONE', *, *, #953, .F. ) ;
#3906 = VERTEX_POINT ( 'NONE', #795 ) ;
#3907 = AXIS2_PLACEMENT_3D ( 'NONE', #1228, #4886, #4377 ) ;
#3908 = CARTESIAN_POINT ( 'NONE',  ( 0.4299999999978381671, 0.0000000000000000000, -0.9849999999999841105 ) ) ;
#3909 = STYLED_ITEM ( 'NONE', ( #4611 ), #3252 ) ;
#3910 = ORIENTED_EDGE ( 'NONE', *, *, #5004, .F. ) ;
#3911 = DIRECTION ( 'NONE',  ( -0.0000000000000000000, -1.000000000000000000, -0.0000000000000000000 ) ) ;
#3912 = ORIENTED_EDGE ( 'NONE', *, *, #4586, .T. ) ;
#3913 = VERTEX_POINT ( 'NONE', #4941 ) ;
#3914 = ORIENTED_EDGE ( 'NONE', *, *, #5323, .F. ) ;
#3915 = DIRECTION ( 'NONE',  ( 0.0000000000000000000, 0.0000000000000000000, 1.000000000000000000 ) ) ;
#3916 = LINE ( 'NONE', #2618, #1602 ) ;
#3917 = PLANE ( 'NONE',  #4897 ) ;
#3918 = EDGE_CURVE ( 'NONE', #1356, #1357, #2666, .T. ) ;
#3919 = LINE ( 'NONE', #4842, #1847 ) ;
#3920 = VERTEX_POINT ( 'NONE', #1748 ) ;
#3921 = CARTESIAN_POINT ( 'NONE',  ( -0.1499999999996504130, 0.1270000000000000018, 1.010000000001161746 ) ) ;
#3922 = VECTOR ( 'NONE', #2626, 1000.000000000000000 ) ;
#3923 = PLANE ( 'NONE',  #3406 ) ;
#3924 = VERTEX_POINT ( 'NONE', #4500 ) ;
#3925 = EDGE_CURVE ( 'NONE', #3952, #3634, #3987, .T. ) ;
#3926 = CARTESIAN_POINT ( 'NONE',  ( 0.0000000000000000000, 0.06350000000000000089, 1.010000000001208820 ) ) ;
#3927 = APPLICATION_PROTOCOL_DEFINITION ( 'draft international standard', 'automotive_design', 1998, #195 ) ;
#3928 = CARTESIAN_POINT ( 'NONE',  ( -0.4299999999980922971, 0.0000000000000000000, 0.9850000000018402924 ) ) ;
#3929 = EDGE_CURVE ( 'NONE', #2059, #5462, #2633, .T. ) ;
#3930 = DIRECTION ( 'NONE',  ( 0.0000000000000000000, 0.0000000000000000000, -1.000000000000000000 ) ) ;
#3931 = AXIS2_PLACEMENT_3D ( 'NONE', #3714, #5531, #849 ) ;
#3932 = ORIENTED_EDGE ( 'NONE', *, *, #933, .F. ) ;
#3933 = LINE ( 'NONE', #3091, #5049 ) ;
#3934 = VECTOR ( 'NONE', #869, 1000.000000000000000 ) ;
#3935 = SURFACE_STYLE_USAGE ( .BOTH. , #280 ) ;
#3936 = DIRECTION ( 'NONE',  ( 0.0000000000000000000, 0.0000000000000000000, 1.000000000000000000 ) ) ;
#3937 = EDGE_LOOP ( 'NONE', ( #3945, #4413, #4333, #2970, #5499 ) ) ;
#3938 = ORIENTED_EDGE ( 'NONE', *, *, #5753, .T. ) ;
#3939 = VERTEX_POINT ( 'NONE', #768 ) ;
#3940 = AXIS2_PLACEMENT_3D ( 'NONE', #2344, #1393, #2824 ) ;
#3941 = EDGE_CURVE ( 'NONE', #4715, #5711, #3054, .T. ) ;
#3942 = DIRECTION ( 'NONE',  ( -0.0000000000000000000, -1.000000000000000000, -0.0000000000000000000 ) ) ;
#3943 = DIRECTION ( 'NONE',  ( -0.0000000000000000000, -0.0000000000000000000, -1.000000000000000000 ) ) ;
#3944 = ORIENTED_EDGE ( 'NONE', *, *, #3610, .F. ) ;
#3945 = ORIENTED_EDGE ( 'NONE', *, *, #2220, .T. ) ;
#3946 = ORIENTED_EDGE ( 'NONE', *, *, #3360, .F. ) ;
#3947 = CARTESIAN_POINT ( 'NONE',  ( -0.1700000000007820533, 0.06350000000000000089, -0.9549999999993558086 ) ) ;
#3948 = VECTOR ( 'NONE', #4441, 1000.000000000000000 ) ;
#3949 = CARTESIAN_POINT ( 'NONE',  ( 0.8000000000016882495, 0.1270000000000000018, -0.7500000000000284217 ) ) ;
#3950 = LINE ( 'NONE', #3523, #948 ) ;
#3951 = FACE_OUTER_BOUND ( 'NONE', #1754, .T. ) ;
#3952 = VERTEX_POINT ( 'NONE', #3118 ) ;
#3953 = DIRECTION ( 'NONE',  ( -1.000000000000000000, -0.0000000000000000000, -0.0000000000000000000 ) ) ;
#3954 = LINE ( 'NONE', #1646, #997 ) ;
#3955 = EDGE_LOOP ( 'NONE', ( #3979, #2679, #681, #2850, #799 ) ) ;
#3956 = DIRECTION ( 'NONE',  ( 0.0000000000000000000, 0.0000000000000000000, -1.000000000000000000 ) ) ;
#3957 = PLANE ( 'NONE',  #5077 ) ;
#3958 = EDGE_CURVE ( 'NONE', #4528, #3327, #1167, .T. ) ;
#3959 = CARTESIAN_POINT ( 'NONE',  ( -0.1700000000007820533, 0.06350000000000000089, -0.9549999999993558086 ) ) ;
#3960 = ORIENTED_EDGE ( 'NONE', *, *, #2260, .T. ) ;
#3961 = CARTESIAN_POINT ( 'NONE',  ( 0.9999999999976694198, 0.06350000000000000089, 0.5403092531723885372 ) ) ;
#3962 = EDGE_CURVE ( 'NONE', #5916, #4821, #4853, .T. ) ;
#3963 = DIRECTION ( 'NONE',  ( -1.000000000000000000, 0.0000000000000000000, 0.0000000000000000000 ) ) ;
#3964 = CARTESIAN_POINT ( 'NONE',  ( -0.1499999999996504130, 0.1270000000000000018, 0.7500000000000284217 ) ) ;
#3965 = EDGE_CURVE ( 'NONE', #3864, #1063, #339, .T. ) ;
#3966 = VERTEX_POINT ( 'NONE', #5426 ) ;
#3967 = EDGE_LOOP ( 'NONE', ( #4852, #3606, #800, #5204 ) ) ;
#3968 = EDGE_CURVE ( 'NONE', #5816, #3751, #2171, .T. ) ;
#3969 = LINE ( 'NONE', #318, #2968 ) ;
#3970 = ORIENTED_EDGE ( 'NONE', *, *, #1008, .T. ) ;
#3971 =( GEOMETRIC_REPRESENTATION_CONTEXT ( 3 ) GLOBAL_UNCERTAINTY_ASSIGNED_CONTEXT ( ( #117 ) ) GLOBAL_UNIT_ASSIGNED_CONTEXT ( ( #929, #3311, #1921 ) ) REPRESENTATION_CONTEXT ( 'NONE', 'WORKASPACE' ) );
#3972 = ORIENTED_EDGE ( 'NONE', *, *, #4647, .T. ) ;
#3973 = VERTEX_POINT ( 'NONE', #2993 ) ;
#3974 = LINE ( 'NONE', #1573, #5801 ) ;
#3975 = DIRECTION ( 'NONE',  ( 0.0000000000000000000, -0.0000000000000000000, -1.000000000000000000 ) ) ;
#3976 = STYLED_ITEM ( 'NONE', ( #5435 ), #2154 ) ;
#3977 = CARTESIAN_POINT ( 'NONE',  ( 1.024999999996296207, 0.06350000000000000089, 0.5948528137447920416 ) ) ;
#3978 = CARTESIAN_POINT ( 'NONE',  ( -0.8249999999989654498, 0.06350000000000000089, 0.0000000000000000000 ) ) ;
#3979 = ORIENTED_EDGE ( 'NONE', *, *, #4331, .T. ) ;
#3980 = LINE ( 'NONE', #93, #959 ) ;
#3981 = CARTESIAN_POINT ( 'NONE',  ( -0.8249999999989654498, 0.1270000000000000018, 0.0000000000000000000 ) ) ;
#3982 = ORIENTED_EDGE ( 'NONE', *, *, #4396, .F. ) ;
#3983 = DIRECTION ( 'NONE',  ( 0.0000000000000000000, 0.0000000000000000000, -1.000000000000000000 ) ) ;
#3984 = CARTESIAN_POINT ( 'NONE',  ( 0.7372311353813078005, 0.0000000000000000000, -1.344174034569067588 ) ) ;
#3985 = CARTESIAN_POINT ( 'NONE',  ( 0.0000000000000000000, 0.06350000000000000089, 0.0000000000000000000 ) ) ;
#3986 = VERTEX_POINT ( 'NONE', #3961 ) ;
#3987 = LINE ( 'NONE', #3504, #1965 ) ;
#3988 = CARTESIAN_POINT ( 'NONE',  ( 0.9999999999976694198, 0.06350000000000000089, 0.4218629150116726123 ) ) ;
#3989 = EDGE_CURVE ( 'NONE', #3014, #2648, #5329, .T. ) ;
#3990 = CARTESIAN_POINT ( 'NONE',  ( 0.0000000000000000000, 0.06350000000000000089, 1.010000000001222142 ) ) ;
#3991 = ORIENTED_EDGE ( 'NONE', *, *, #501, .F. ) ;
#3992 = ORIENTED_EDGE ( 'NONE', *, *, #3899, .F. ) ;
#3993 = AXIS2_PLACEMENT_3D ( 'NONE', #3553, #806, #3645 ) ;
#3994 = ADVANCED_FACE ( 'NONE', ( #5774 ), #4822, .F. ) ;
#3995 = LINE ( 'NONE', #1086, #1502 ) ;
#3996 = CARTESIAN_POINT ( 'NONE',  ( -0.1499999999996504130, 0.1270000000000000018, 1.010000000001161746 ) ) ;
#3997 = EDGE_CURVE ( 'NONE', #233, #1607, #1722, .T. ) ;
#3998 = ORIENTED_EDGE ( 'NONE', *, *, #3851, .T. ) ;
#3999 = VERTEX_POINT ( 'NONE', #2206 ) ;
#4000 = ORIENTED_EDGE ( 'NONE', *, *, #2385, .T. ) ;
#4001 = LINE ( 'NONE', #1830, #1185 ) ;
#4002 = AXIS2_PLACEMENT_3D ( 'NONE', #3985, #4467, #1624 ) ;
#4003 = DIRECTION ( 'NONE',  ( -0.0000000000000000000, -0.0000000000000000000, -1.000000000000000000 ) ) ;
#4004 = SURFACE_STYLE_USAGE ( .BOTH. , #4962 ) ;
#4005 = DIRECTION ( 'NONE',  ( -0.4562858356710385865, 1.553418116443666980E-14, -0.8898332631262904080 ) ) ;
#4006 = DIRECTION ( 'NONE',  ( 1.000000000000000000, -0.0000000000000000000, 0.0000000000000000000 ) ) ;
#4007 = VERTEX_POINT ( 'NONE', #370 ) ;
#4008 = LINE ( 'NONE', #3621, #2691 ) ;
#4009 = CARTESIAN_POINT ( 'NONE',  ( 0.7614993152847518987, -0.08000000000003254508, -0.6695480572325860358 ) ) ;
#4010 = EDGE_LOOP ( 'NONE', ( #916, #4141, #5803, #3420 ) ) ;
#4011 = EDGE_CURVE ( 'NONE', #688, #2213, #4051, .T. ) ;
#4012 = FACE_OUTER_BOUND ( 'NONE', #4981, .T. ) ;
#4013 = CARTESIAN_POINT ( 'NONE',  ( 0.8099999999986731147, 0.06350000000000000089, -0.9999999999976694198 ) ) ;
#4014 = AXIS2_PLACEMENT_3D ( 'NONE', #92, #3686, #2299 ) ;
#4015 = DIRECTION ( 'NONE',  ( -0.0000000000000000000, -1.000000000000000000, -0.0000000000000000000 ) ) ;
#4016 = DIRECTION ( 'NONE',  ( 1.000000000000000000, 0.0000000000000000000, 0.0000000000000000000 ) ) ;
#4017 = VECTOR ( 'NONE', #419, 1000.000000000000000 ) ;
#4018 = CARTESIAN_POINT ( 'NONE',  ( -0.1723030399292113934, 0.06350000000000000089, -0.9999999999976694198 ) ) ;
#4019 = VECTOR ( 'NONE', #3855, 1000.000000000000000 ) ;
#4020 = CARTESIAN_POINT ( 'NONE',  ( 0.7614993152847518987, 0.01999999999996745700, -0.6695480572325842594 ) ) ;
#4021 = VECTOR ( 'NONE', #2267, 1000.000000000000000 ) ;
#4022 = EDGE_LOOP ( 'NONE', ( #810, #1300, #4803, #100 ) ) ;
#4023 = VERTEX_POINT ( 'NONE', #4379 ) ;
#4024 = VECTOR ( 'NONE', #3244, 1000.000000000000000 ) ;
#4025 = VECTOR ( 'NONE', #5511, 1000.000000000000000 ) ;
#4026 = DIRECTION ( 'NONE',  ( 1.000000000000000000, 0.0000000000000000000, 0.0000000000000000000 ) ) ;
#4027 = DIRECTION ( 'NONE',  ( -0.0000000000000000000, 0.0000000000000000000, -1.000000000000000000 ) ) ;
#4028 = VECTOR ( 'NONE', #5190, 1000.000000000000000 ) ;
#4029 = CIRCLE ( 'NONE', #2489, 0.04999999999933193995 ) ;
#4030 = ORIENTED_EDGE ( 'NONE', *, *, #2929, .F. ) ;
#4031 = ORIENTED_EDGE ( 'NONE', *, *, #2404, .T. ) ;
#4032 = ORIENTED_EDGE ( 'NONE', *, *, #3305, .T. ) ;
#4033 = EDGE_CURVE ( 'NONE', #995, #584, #246, .T. ) ;
#4034 = CARTESIAN_POINT ( 'NONE',  ( -0.4799999999999201572, 0.0000000000000000000, 0.9616911592296162326 ) ) ;
#4035 = EDGE_CURVE ( 'NONE', #3300, #5469, #906, .T. ) ;
#4036 = AXIS2_PLACEMENT_3D ( 'NONE', #5392, #1806, #816 ) ;
#4037 = PLANE ( 'NONE',  #1497 ) ;
#4038 = FACE_OUTER_BOUND ( 'NONE', #4292, .T. ) ;
#4039 = CARTESIAN_POINT ( 'NONE',  ( -1.621729730690456893E-15, -0.0000000000000000000, -1.344174034569066700 ) ) ;
#4040 = SURFACE_SIDE_STYLE ('',( #3076 ) ) ;
#4041 = ORIENTED_EDGE ( 'NONE', *, *, #764, .T. ) ;
#4042 = DIRECTION ( 'NONE',  ( 0.0000000000000000000, 0.0000000000000000000, 1.000000000000000000 ) ) ;
#4043 = AXIS2_PLACEMENT_3D ( 'NONE', #31, #4619, #4589 ) ;
#4044 = CARTESIAN_POINT ( 'NONE',  ( -0.9683780866076574512, 0.0000000000000000000, -0.4534848284016845810 ) ) ;
#4045 = VERTEX_POINT ( 'NONE', #3205 ) ;
#4046 = DIRECTION ( 'NONE',  ( 0.0000000000000000000, 0.0000000000000000000, 1.000000000000000000 ) ) ;
#4047 = CIRCLE ( 'NONE', #1724, 0.05000000000182788090 ) ;
#4048 = DIRECTION ( 'NONE',  ( -0.0000000000000000000, -1.000000000000000000, -0.0000000000000000000 ) ) ;
#4049 = DIRECTION ( 'NONE',  ( -0.0000000000000000000, -1.000000000000000000, -0.0000000000000000000 ) ) ;
#4050 = CARTESIAN_POINT ( 'NONE',  ( 0.1700000000011555046, 0.06350000000000000089, -0.9549999999975867793 ) ) ;
#4051 = LINE ( 'NONE', #5869, #1312 ) ;
#4052 = EDGE_CURVE ( 'NONE', #5916, #2363, #4638, .T. ) ;
#4053 = SURFACE_STYLE_USAGE ( .BOTH. , #5841 ) ;
#4054 = DIRECTION ( 'NONE',  ( -0.0000000000000000000, -0.0000000000000000000, 1.000000000000000000 ) ) ;
#4055 = UNCERTAINTY_MEASURE_WITH_UNIT (LENGTH_MEASURE( 1.000000000000000082E-05 ), #70, 'distance_accuracy_value', 'NONE');
#4056 = ORIENTED_EDGE ( 'NONE', *, *, #709, .T. ) ;
#4057 = ORIENTED_EDGE ( 'NONE', *, *, #421, .F. ) ;
#4058 = PLANE ( 'NONE',  #1235 ) ;
#4059 = FACE_OUTER_BOUND ( 'NONE', #3446, .T. ) ;
#4060 = ORIENTED_EDGE ( 'NONE', *, *, #5344, .T. ) ;
#4061 = ORIENTED_EDGE ( 'NONE', *, *, #5271, .T. ) ;
#4062 = EDGE_LOOP ( 'NONE', ( #118, #1647, #1240, #2343 ) ) ;
#4063 = CARTESIAN_POINT ( 'NONE',  ( 1.142696227290288968, -0.0000000000000000000, -0.5859480922925365265 ) ) ;
#4064 = DIRECTION ( 'NONE',  ( -1.000000000000000000, 0.0000000000000000000, 0.0000000000000000000 ) ) ;
#4065 = CARTESIAN_POINT ( 'NONE',  ( 0.5000000000006110668, 0.0000000000000000000, 1.010000000001208820 ) ) ;
#4066 = DIRECTION ( 'NONE',  ( -0.0000000000000000000, 1.000000000000000000, 1.745740669421566678E-14 ) ) ;
#4067 = DIRECTION ( 'NONE',  ( -0.0000000000000000000, -1.000000000000000000, -0.0000000000000000000 ) ) ;
#4068 = EDGE_LOOP ( 'NONE', ( #4504, #5543, #4570, #585 ) ) ;
#4069 = DIRECTION ( 'NONE',  ( 0.0000000000000000000, 0.0000000000000000000, 1.000000000000000000 ) ) ;
#4070 = EDGE_CURVE ( 'NONE', #3826, #688, #4208, .T. ) ;
#4071 = PRESENTATION_LAYER_ASSIGNMENT (  '', '', ( #3976 ) ) ;
#4072 = CARTESIAN_POINT ( 'NONE',  ( 0.0000000000000000000, 0.1270000000000000018, 0.4499999999998394173 ) ) ;
#4073 = EDGE_CURVE ( 'NONE', #4045, #3160, #2186, .T. ) ;
#4074 = FILL_AREA_STYLE ('',( #4498 ) ) ;
#4075 = PRESENTATION_LAYER_ASSIGNMENT (  '', '', ( #4833 ) ) ;
#4076 = ADVANCED_FACE ( 'NONE', ( #2697 ), #398, .F. ) ;
#4077 = CARTESIAN_POINT ( 'NONE',  ( -0.7999999999999118927, 0.1270000000000000018, -0.7500000000000284217 ) ) ;
#4078 = DIRECTION ( 'NONE',  ( 0.0000000000000000000, 0.0000000000000000000, -1.000000000000000000 ) ) ;
#4079 = AXIS2_PLACEMENT_3D ( 'NONE', #65, #520, #1409 ) ;
#4080 = ADVANCED_FACE ( 'NONE', ( #1780 ), #966, .F. ) ;
#4081 = DIRECTION ( 'NONE',  ( -0.0000000000000000000, -1.000000000000000000, -0.0000000000000000000 ) ) ;
#4082 = CARTESIAN_POINT ( 'NONE',  ( -0.1700000000006696155, 0.0000000000000000000, 0.9616911592296162326 ) ) ;
#4083 = DIRECTION ( 'NONE',  ( 0.0000000000000000000, 0.0000000000000000000, -1.000000000000000000 ) ) ;
#4084 = ORIENTED_EDGE ( 'NONE', *, *, #2418, .T. ) ;
#4085 = EDGE_LOOP ( 'NONE', ( #5017, #443, #1662, #917, #1535, #4600 ) ) ;
#4086 = FACE_OUTER_BOUND ( 'NONE', #3272, .T. ) ;
#4087 = EDGE_CURVE ( 'NONE', #3162, #1579, #5454, .T. ) ;
#4088 = DIRECTION ( 'NONE',  ( 1.000000000000000000, 0.0000000000000000000, 0.0000000000000000000 ) ) ;
#4089 = ORIENTED_EDGE ( 'NONE', *, *, #2385, .F. ) ;
#4090 = ORIENTED_EDGE ( 'NONE', *, *, #2572, .F. ) ;
#4091 = PRESENTATION_LAYER_ASSIGNMENT (  '', '', ( #5713 ) ) ;
#4092 = ORIENTED_EDGE ( 'NONE', *, *, #5809, .T. ) ;
#4093 = CARTESIAN_POINT ( 'NONE',  ( 0.8099999999986731147, 0.0000000000000000000, -1.009999999997669429 ) ) ;
#4094 = PLANE ( 'NONE',  #4681 ) ;
#4095 =( GEOMETRIC_REPRESENTATION_CONTEXT ( 3 ) GLOBAL_UNCERTAINTY_ASSIGNED_CONTEXT ( ( #5064 ) ) GLOBAL_UNIT_ASSIGNED_CONTEXT ( ( #1526, #1055, #2022 ) ) REPRESENTATION_CONTEXT ( 'NONE', 'WORKASPACE' ) );
#4096 = DIRECTION ( 'NONE',  ( -0.0000000000000000000, -1.000000000000000000, -0.0000000000000000000 ) ) ;
#4097 = DIRECTION ( 'NONE',  ( -0.8898332631262907411, 7.965567402119367371E-15, -0.4562858356710379759 ) ) ;
#4098 = ORIENTED_EDGE ( 'NONE', *, *, #1210, .F. ) ;
#4099 = DIRECTION ( 'NONE',  ( 1.000000000000000000, 0.0000000000000000000, 0.0000000000000000000 ) ) ;
#4100 = AXIS2_PLACEMENT_3D ( 'NONE', #5151, #2048, #5297 ) ;
#4101 = PLANE ( 'NONE',  #1401 ) ;
#4102 = EDGE_CURVE ( 'NONE', #4772, #2639, #5896, .T. ) ;
#4103 = FILL_AREA_STYLE_COLOUR ( '', #5173 ) ;
#4104 = CARTESIAN_POINT ( 'NONE',  ( 0.4799999999993995181, 0.06350000000000000089, -0.9549999999993434852 ) ) ;
#4105 = EDGE_CURVE ( 'NONE', #5715, #5686, #29, .T. ) ;
#4106 = DIRECTION ( 'NONE',  ( -0.4562858356710379759, 0.0000000000000000000, -0.8898332631262907411 ) ) ;
#4107 = EDGE_CURVE ( 'NONE', #3300, #475, #5483, .T. ) ;
#4108 = CARTESIAN_POINT ( 'NONE',  ( -0.1499999999996504130, 0.06350000000000000089, 0.0000000000000000000 ) ) ;
#4109 = LINE ( 'NONE', #4082, #1047 ) ;
#4110 = VECTOR ( 'NONE', #389, 1000.000000000000000 ) ;
#4111 = ORIENTED_EDGE ( 'NONE', *, *, #2940, .T. ) ;
#4112 = EDGE_CURVE ( 'NONE', #5591, #3826, #2353, .T. ) ;
#4113 = LINE ( 'NONE', #1352, #2184 ) ;
#4114 = PLANE ( 'NONE',  #759 ) ;
#4115 = DIRECTION ( 'NONE',  ( 0.0000000000000000000, 0.0000000000000000000, 1.000000000000000000 ) ) ;
#4116 = CIRCLE ( 'NONE', #3641, 0.04999999999993518657 ) ;
#4117 = ORIENTED_EDGE ( 'NONE', *, *, #490, .F. ) ;
#4118 = EDGE_LOOP ( 'NONE', ( #4198, #676, #3720, #500 ) ) ;
#4119 = ORIENTED_EDGE ( 'NONE', *, *, #3705, .T. ) ;
#4120 = AXIS2_PLACEMENT_3D ( 'NONE', #5936, #2441, #3236 ) ;
#4121 = CARTESIAN_POINT ( 'NONE',  ( 0.6375486327149217924, 0.01999999999996737027, -0.6645376709327036613 ) ) ;
#4122 = AXIS2_PLACEMENT_3D ( 'NONE', #1060, #1507, #3330 ) ;
#4123 = CARTESIAN_POINT ( 'NONE',  ( 0.4799999999995918643, 0.0000000000000000000, 0.9616911592296162326 ) ) ;
#4124 = FILL_AREA_STYLE ('',( #5821 ) ) ;
#4125 = DIRECTION ( 'NONE',  ( -1.000000000000000000, 0.0000000000000000000, 0.0000000000000000000 ) ) ;
#4126 = VERTEX_POINT ( 'NONE', #2749 ) ;
#4127 = CARTESIAN_POINT ( 'NONE',  ( -0.8099999999995333155, 0.0000000000000000000, 0.9616911592296162326 ) ) ;
#4128 = VECTOR ( 'NONE', #359, 1000.000000000000000 ) ;
#4129 = LINE ( 'NONE', #5866, #2570 ) ;
#4130 = CARTESIAN_POINT ( 'NONE',  ( -0.8099999999995333155, 0.0000000000000000000, 1.010000000001222142 ) ) ;
#4131 = DIRECTION ( 'NONE',  ( 0.0000000000000000000, -0.0000000000000000000, 1.000000000000000000 ) ) ;
#4132 = CIRCLE ( 'NONE', #4317, 0.05999999999872328987 ) ;
#4133 = LINE ( 'NONE', #1841, #3712 ) ;
#4134 = CARTESIAN_POINT ( 'NONE',  ( 0.1550000000012374812, 0.06350000000000000089, 0.4499999999998394173 ) ) ;
#4135 =( GEOMETRIC_REPRESENTATION_CONTEXT ( 3 ) GLOBAL_UNCERTAINTY_ASSIGNED_CONTEXT ( ( #432 ) ) GLOBAL_UNIT_ASSIGNED_CONTEXT ( ( #774, #859, #1295 ) ) REPRESENTATION_CONTEXT ( 'NONE', 'WORKASPACE' ) );
#4136 = CARTESIAN_POINT ( 'NONE',  ( -0.4299999999980922971, 0.06350000000000000089, 0.9850000000018402924 ) ) ;
#4137 = EDGE_CURVE ( 'NONE', #5182, #3329, #1866, .T. ) ;
#4138 = CARTESIAN_POINT ( 'NONE',  ( 0.0000000000000000000, 0.1270000000000000018, 0.0000000000000000000 ) ) ;
#4139 = ADVANCED_FACE ( 'NONE', ( #4189 ), #1284, .F. ) ;
#4140 = DIRECTION ( 'NONE',  ( 0.0000000000000000000, 0.0000000000000000000, 1.000000000000000000 ) ) ;
#4141 = ORIENTED_EDGE ( 'NONE', *, *, #3891, .F. ) ;
#4142 = CARTESIAN_POINT ( 'NONE',  ( -0.8099999999995333155, 0.06350000000000000089, 0.9616911592296162326 ) ) ;
#4143 = DIRECTION ( 'NONE',  ( 0.0000000000000000000, 0.0000000000000000000, 1.000000000000000000 ) ) ;
#4144 = ADVANCED_FACE ( 'NONE', ( #2296 ), #4974, .F. ) ;
#4145 = CARTESIAN_POINT ( 'NONE',  ( 0.8000000000016882495, 0.1270000000000000018, -0.7500000000000284217 ) ) ;
#4146 = VERTEX_POINT ( 'NONE', #3258 ) ;
#4147 = VERTEX_POINT ( 'NONE', #4585 ) ;
#4148 = VERTEX_POINT ( 'NONE', #4134 ) ;
#4149 = EDGE_CURVE ( 'NONE', #2560, #338, #1842, .T. ) ;
#4150 = LINE ( 'NONE', #3811, #5456 ) ;
#4151 = CARTESIAN_POINT ( 'NONE',  ( -0.7999999999999118927, 0.06350000000000000089, -1.009999999997705400 ) ) ;
#4152 = ORIENTED_EDGE ( 'NONE', *, *, #2086, .F. ) ;
#4153 = CARTESIAN_POINT ( 'NONE',  ( 0.4799999999993995181, 0.06350000000000000089, -0.9549999999993434852 ) ) ;
#4154 = CARTESIAN_POINT ( 'NONE',  ( 0.9999999999976694198, 0.0000000000000000000, -0.7500000000000284217 ) ) ;
#4155 = PRODUCT_DEFINITION ( 'UNKNOWN', '', #173, #1322 ) ;
#4156 = FACE_OUTER_BOUND ( 'NONE', #4167, .T. ) ;
#4157 = DIRECTION ( 'NONE',  ( 0.0000000000000000000, -0.0000000000000000000, 1.000000000000000000 ) ) ;
#4158 = EDGE_CURVE ( 'NONE', #2492, #2904, #1405, .T. ) ;
#4159 = SURFACE_SIDE_STYLE ('',( #572 ) ) ;
#4160 = CARTESIAN_POINT ( 'NONE',  ( 0.4799999999995918643, 0.0000000000000000000, 0.9850000000017899993 ) ) ;
#4161 = PRESENTATION_LAYER_ASSIGNMENT (  '', '', ( #797 ) ) ;
#4162 = DIRECTION ( 'NONE',  ( 1.000000000000000000, 0.0000000000000000000, 0.0000000000000000000 ) ) ;
#4163 = FILL_AREA_STYLE_COLOUR ( '', #1120 ) ;
#4164 = AXIS2_PLACEMENT_3D ( 'NONE', #4898, #2247, #1297 ) ;
#4165 = DIRECTION ( 'NONE',  ( 0.0000000000000000000, 0.0000000000000000000, -1.000000000000000000 ) ) ;
#4166 = UNCERTAINTY_MEASURE_WITH_UNIT (LENGTH_MEASURE( 1.000000000000000082E-05 ), #62, 'distance_accuracy_value', 'NONE');
#4167 = EDGE_LOOP ( 'NONE', ( #3304, #3874, #312, #3938 ) ) ;
#4168 = VECTOR ( 'NONE', #5614, 1000.000000000000000 ) ;
#4169 = LINE ( 'NONE', #5068, #2578 ) ;
#4170 = CARTESIAN_POINT ( 'NONE',  ( 1.353521233241100852, 0.01999999999997833025, -1.292355852750884937 ) ) ;
#4171 = EDGE_CURVE ( 'NONE', #804, #2673, #5059, .T. ) ;
#4172 = LINE ( 'NONE', #947, #4640 ) ;
#4173 = ORIENTED_EDGE ( 'NONE', *, *, #2404, .F. ) ;
#4174 = ORIENTED_EDGE ( 'NONE', *, *, #2500, .T. ) ;
#4175 = ORIENTED_EDGE ( 'NONE', *, *, #2069, .F. ) ;
#4176 = ADVANCED_FACE ( 'NONE', ( #1905 ), #1000, .T. ) ;
#4177 = FACE_OUTER_BOUND ( 'NONE', #4430, .T. ) ;
#4178 = CYLINDRICAL_SURFACE ( 'NONE', #2533, 0.1000000000000000472 ) ;
#4179 = AXIS2_PLACEMENT_3D ( 'NONE', #3679, #361, #1367 ) ;
#4180 = EDGE_LOOP ( 'NONE', ( #5626, #2785, #3696, #1935 ) ) ;
#4181 = DIRECTION ( 'NONE',  ( 1.000000000000000000, 0.0000000000000000000, 0.0000000000000000000 ) ) ;
#4182 = DIRECTION ( 'NONE',  ( 1.000000000000000000, 0.0000000000000000000, 0.0000000000000000000 ) ) ;
#4183 = MECHANICAL_DESIGN_GEOMETRIC_PRESENTATION_REPRESENTATION (  '', ( #2741 ), #4095 ) ;
#4184 = DIRECTION ( 'NONE',  ( -1.000000000000000000, 0.0000000000000000000, 0.0000000000000000000 ) ) ;
#4185 = DIRECTION ( 'NONE',  ( -0.0000000000000000000, 1.000000000000000000, 1.745740669421566678E-14 ) ) ;
#4186 = CARTESIAN_POINT ( 'NONE',  ( 0.0000000000000000000, 0.0000000000000000000, 0.0000000000000000000 ) ) ;
#4187 = AXIS2_PLACEMENT_3D ( 'NONE', #1283, #5453, #397 ) ;
#4188 = VERTEX_POINT ( 'NONE', #5185 ) ;
#4189 = FACE_OUTER_BOUND ( 'NONE', #3635, .T. ) ;
#4190 = ADVANCED_FACE ( 'NONE', ( #3693 ), #494, .F. ) ;
#4191 = VECTOR ( 'NONE', #3885, 1000.000000000000000 ) ;
#4192 = DIRECTION ( 'NONE',  ( -1.000000000000000000, 0.0000000000000000000, 0.0000000000000000000 ) ) ;
#4193 = CARTESIAN_POINT ( 'NONE',  ( -1.000000000001222134, 0.06350000000000000089, -0.8599999999994167865 ) ) ;
#4194 = VERTEX_POINT ( 'NONE', #1029 ) ;
#4195 = CARTESIAN_POINT ( 'NONE',  ( 1.059668451015293167, 0.01999999999997321976, -0.9994467618417942623 ) ) ;
#4196 = SURFACE_STYLE_USAGE ( .BOTH. , #2361 ) ;
#4197 = ORIENTED_EDGE ( 'NONE', *, *, #1251, .F. ) ;
#4198 = ORIENTED_EDGE ( 'NONE', *, *, #2002, .T. ) ;
#4199 = ORIENTED_EDGE ( 'NONE', *, *, #1850, .T. ) ;
#4200 = VECTOR ( 'NONE', #961, 1000.000000000000000 ) ;
#4201 = CARTESIAN_POINT ( 'NONE',  ( 0.8080666877865554376, -0.08000000000002678580, -0.9994467618417960386 ) ) ;
#4202 = FACE_OUTER_BOUND ( 'NONE', #4225, .T. ) ;
#4203 = VECTOR ( 'NONE', #297, 1000.000000000000000 ) ;
#4204 = ADVANCED_FACE ( 'NONE', ( #122 ), #4229, .T. ) ;
#4205 = ORIENTED_EDGE ( 'NONE', *, *, #4210, .F. ) ;
#4206 = EDGE_CURVE ( 'NONE', #1275, #3582, #5568, .T. ) ;
#4207 = CARTESIAN_POINT ( 'NONE',  ( 0.8099999999986731147, 0.0000000000000000000, -0.9503329334420737018 ) ) ;
#4208 = CIRCLE ( 'NONE', #5356, 0.02727272727272723671 ) ;
#4209 = CARTESIAN_POINT ( 'NONE',  ( 1.140720422009984691, 0.01999999999997875699, -1.316901307296339807 ) ) ;
#4210 = EDGE_CURVE ( 'NONE', #777, #1389, #5124, .T. ) ;
#4211 = CIRCLE ( 'NONE', #461, 0.009818181818181800566 ) ;
#4212 = FACE_OUTER_BOUND ( 'NONE', #5781, .T. ) ;
#4213 = DIRECTION ( 'NONE',  ( 0.0000000000000000000, -1.000000000000000000, 0.0000000000000000000 ) ) ;
#4214 = PRESENTATION_STYLE_ASSIGNMENT (( #1485 ) ) ;
#4215 = AXIS2_PLACEMENT_3D ( 'NONE', #5834, #4584, #1776 ) ;
#4216 = CARTESIAN_POINT ( 'NONE',  ( 0.7372311353813078005, 0.01999999999996719680, -0.6547194891145216022 ) ) ;
#4217 = EDGE_LOOP ( 'NONE', ( #3001, #3982, #1764, #4887 ) ) ;
#4218 =( NAMED_UNIT ( * ) SI_UNIT ( $, .STERADIAN. ) SOLID_ANGLE_UNIT ( ) );
#4219 = AXIS2_PLACEMENT_3D ( 'NONE', #5831, #3567, #1162 ) ;
#4220 = LINE ( 'NONE', #4309, #546 ) ;
#4221 = PRESENTATION_LAYER_ASSIGNMENT (  '', '', ( #2596 ) ) ;
#4222 = PLANE ( 'NONE',  #4014 ) ;
#4223 = DIRECTION ( 'NONE',  ( -0.0000000000000000000, -0.0000000000000000000, 1.000000000000000000 ) ) ;
#4224 = DIRECTION ( 'NONE',  ( -0.4562858356710386420, -1.553418116443667295E-14, 0.8898332631262904080 ) ) ;
#4225 = EDGE_LOOP ( 'NONE', ( #2690, #5309, #4798, #4765, #111, #5446, #4385, #5295 ) ) ;
#4226 = VECTOR ( 'NONE', #4054, 1000.000000000000000 ) ;
#4227 = DIRECTION ( 'NONE',  ( -0.0000000000000000000, 1.000000000000000000, -0.0000000000000000000 ) ) ;
#4228 = EDGE_CURVE ( 'NONE', #4899, #3425, #609, .T. ) ;
#4229 = PLANE ( 'NONE',  #1895 ) ;
#4230 = ORIENTED_EDGE ( 'NONE', *, *, #4920, .T. ) ;
#4231 = ORIENTED_EDGE ( 'NONE', *, *, #3112, .T. ) ;
#4232 = ORIENTED_EDGE ( 'NONE', *, *, #4764, .T. ) ;
#4233 = CARTESIAN_POINT ( 'NONE',  ( 0.1700000000011555046, 0.06350000000000000089, -0.9549999999975867793 ) ) ;
#4234 = SURFACE_SIDE_STYLE ('',( #980 ) ) ;
#4235 = ORIENTED_EDGE ( 'NONE', *, *, #42, .F. ) ;
#4236 = DIRECTION ( 'NONE',  ( 0.0000000000000000000, -1.000000000000000000, -1.745740669421566678E-14 ) ) ;
#4237 = LINE ( 'NONE', #590, #1097 ) ;
#4238 = LINE ( 'NONE', #5110, #3158 ) ;
#4239 = DIRECTION ( 'NONE',  ( 0.0000000000000000000, -0.0000000000000000000, 1.000000000000000000 ) ) ;
#4240 = ADVANCED_FACE ( 'NONE', ( #1415 ), #3779, .F. ) ;
#4241 = LINE ( 'NONE', #5505, #5037 ) ;
#4242 = DIRECTION ( 'NONE',  ( -1.000000000000000000, 0.0000000000000000000, -0.0000000000000000000 ) ) ;
#4243 = ORIENTED_EDGE ( 'NONE', *, *, #822, .T. ) ;
#4244 = EDGE_CURVE ( 'NONE', #3698, #4188, #1961, .T. ) ;
#4245 = MANIFOLD_SOLID_BREP ( 'Boss-Extrude1[3]', #5067 ) ;
#4246 = CARTESIAN_POINT ( 'NONE',  ( 0.9596684510152931891, -0.08000000000002678580, -0.9994467618417960386 ) ) ;
#4247 = DIRECTION ( 'NONE',  ( 1.000000000000000000, 0.0000000000000000000, 0.0000000000000000000 ) ) ;
#4248 = DIRECTION ( 'NONE',  ( -0.0000000000000000000, -1.000000000000000000, -0.0000000000000000000 ) ) ;
#4249 = EDGE_CURVE ( 'NONE', #4922, #949, #3237, .T. ) ;
#4250 = MECHANICAL_DESIGN_GEOMETRIC_PRESENTATION_REPRESENTATION (  '', ( #797 ), #1652 ) ;
#4251 = FACE_OUTER_BOUND ( 'NONE', #4992, .T. ) ;
#4252 = ORIENTED_EDGE ( 'NONE', *, *, #4228, .F. ) ;
#4253 = DIRECTION ( 'NONE',  ( 0.0000000000000000000, 1.000000000000000000, 0.0000000000000000000 ) ) ;
#4254 = AXIS2_PLACEMENT_3D ( 'NONE', #3873, #1569, #2883 ) ;
#4255 = FACE_OUTER_BOUND ( 'NONE', #5910, .T. ) ;
#4256 = ORIENTED_EDGE ( 'NONE', *, *, #4849, .F. ) ;
#4257 = ORIENTED_EDGE ( 'NONE', *, *, #2603, .T. ) ;
#4258 = EDGE_LOOP ( 'NONE', ( #4813, #736, #4826, #2195 ) ) ;
#4259 = EDGE_CURVE ( 'NONE', #472, #3650, #1309, .T. ) ;
#4260 = DIRECTION ( 'NONE',  ( -1.000000000000000000, -2.106215023402124579E-29, 1.206487916730494377E-15 ) ) ;
#4261 = STYLED_ITEM ( 'NONE', ( #1134 ), #2455 ) ;
#4262 = ORIENTED_EDGE ( 'NONE', *, *, #1855, .T. ) ;
#4263 = CARTESIAN_POINT ( 'NONE',  ( 0.0000000000000000000, 0.0000000000000000000, 0.0000000000000000000 ) ) ;
#4264 = ORIENTED_EDGE ( 'NONE', *, *, #56, .T. ) ;
#4265 = LINE ( 'NONE', #3731, #851 ) ;
#4266 = CARTESIAN_POINT ( 'NONE',  ( -1.000000000001222134, 0.06350000000000000089, -0.5403092531652831099 ) ) ;
#4267 = PLANE ( 'NONE',  #550 ) ;
#4268 = FACE_OUTER_BOUND ( 'NONE', #3328, .T. ) ;
#4269 = DIRECTION ( 'NONE',  ( 0.0000000000000000000, -0.0000000000000000000, 1.000000000000000000 ) ) ;
#4270 = DIRECTION ( 'NONE',  ( -0.0000000000000000000, 1.000000000000000000, 1.745740669421566678E-14 ) ) ;
#4271 = ORIENTED_EDGE ( 'NONE', *, *, #2260, .F. ) ;
#4272 = AXIS2_PLACEMENT_3D ( 'NONE', #2963, #1958, #5712 ) ;
#4273 = CARTESIAN_POINT ( 'NONE',  ( 0.7372311353813078005, -0.08000000000003280876, -0.6547194891145232676 ) ) ;
#4274 = LINE ( 'NONE', #1077, #2378 ) ;
#4275 = CARTESIAN_POINT ( 'NONE',  ( -0.7999999999990237143, 0.1270000000000000018, 0.7500000000000284217 ) ) ;
#4276 = VECTOR ( 'NONE', #5364, 1000.000000000000000 ) ;
#4277 = EDGE_CURVE ( 'NONE', #4805, #1389, #3268, .T. ) ;
#4278 = CARTESIAN_POINT ( 'NONE',  ( 0.8099999999986731147, 0.0000000000000000000, -1.009999999997669429 ) ) ;
#4279 = UNCERTAINTY_MEASURE_WITH_UNIT (LENGTH_MEASURE( 1.000000000000000082E-05 ), #2162, 'distance_accuracy_value', 'NONE');
#4280 = VERTEX_POINT ( 'NONE', #2811 ) ;
#4281 = DIRECTION ( 'NONE',  ( 0.0000000000000000000, 1.000000000000000000, 0.0000000000000000000 ) ) ;
#4282 = EDGE_CURVE ( 'NONE', #1487, #1632, #523, .T. ) ;
#4283 = CARTESIAN_POINT ( 'NONE',  ( 0.0000000000000000000, 0.1270000000000000018, 0.4499999999998394173 ) ) ;
#4284 = MANIFOLD_SOLID_BREP ( 'Boss-Extrude1[2]', #3436 ) ;
#4285 = CARTESIAN_POINT ( 'NONE',  ( 0.9741903303925880664, 0.06350000000000000089, 0.4476725846167539657 ) ) ;
#4286 = ORIENTED_EDGE ( 'NONE', *, *, #3470, .T. ) ;
#4287 = ORIENTED_EDGE ( 'NONE', *, *, #2297, .T. ) ;
#4288 = ORIENTED_EDGE ( 'NONE', *, *, #4984, .F. ) ;
#4289 = ADVANCED_FACE ( 'NONE', ( #1082 ), #4410, .F. ) ;
#4290 = CARTESIAN_POINT ( 'NONE',  ( -0.1723030399292113934, 0.0000000000000000000, -1.009999999997669429 ) ) ;
#4291 = MECHANICAL_DESIGN_GEOMETRIC_PRESENTATION_REPRESENTATION (  '', ( #5267 ), #5362 ) ;
#4292 = EDGE_LOOP ( 'NONE', ( #3218, #4578, #5491, #583 ) ) ;
#4293 = DIRECTION ( 'NONE',  ( 0.0000000000000000000, 0.0000000000000000000, 1.000000000000000000 ) ) ;
#4294 = ORIENTED_EDGE ( 'NONE', *, *, #4645, .F. ) ;
#4295 = MANIFOLD_SOLID_BREP ( 'Boss-Extrude6', #2474 ) ;
#4296 = PLANE ( 'NONE',  #2933 ) ;
#4297 = AXIS2_PLACEMENT_3D ( 'NONE', #3654, #5480, #5449 ) ;
#4298 = DIRECTION ( 'NONE',  ( 0.0000000000000000000, 0.0000000000000000000, -1.000000000000000000 ) ) ;
#4299 = DIRECTION ( 'NONE',  ( 0.0000000000000000000, -0.0000000000000000000, 1.000000000000000000 ) ) ;
#4300 = CLOSED_SHELL ( 'NONE', ( #2555, #2412, #2301, #753, #2995, #4473 ) ) ;
#4301 = PLANE ( 'NONE',  #2147 ) ;
#4302 = ORIENTED_EDGE ( 'NONE', *, *, #2828, .T. ) ;
#4303 = VECTOR ( 'NONE', #1881, 1000.000000000000000 ) ;
#4304 = FACE_OUTER_BOUND ( 'NONE', #1791, .T. ) ;
#4305 = ORIENTED_EDGE ( 'NONE', *, *, #861, .T. ) ;
#4306 = AXIS2_PLACEMENT_3D ( 'NONE', #2990, #4915, #5708 ) ;
#4307 = CARTESIAN_POINT ( 'NONE',  ( 0.9999999999976694198, 0.0000000000000000000, 0.07000000000090267349 ) ) ;
#4308 = VECTOR ( 'NONE', #796, 1000.000000000000114 ) ;
#4309 = CARTESIAN_POINT ( 'NONE',  ( -0.9683780866076574512, 0.06350000000000000089, -0.4534848284016845810 ) ) ;
#4310 = DIRECTION ( 'NONE',  ( -0.0000000000000000000, -1.000000000000000000, -0.0000000000000000000 ) ) ;
#4311 = PRESENTATION_LAYER_ASSIGNMENT (  '', '', ( #4789 ) ) ;
#4312 = DIRECTION ( 'NONE',  ( -0.0000000000000000000, -0.0000000000000000000, -1.000000000000000000 ) ) ;
#4313 = VECTOR ( 'NONE', #3570, 1000.000000000000000 ) ;
#4314 = CARTESIAN_POINT ( 'NONE',  ( -0.7999999999999118927, 0.06350000000000000089, 0.0000000000000000000 ) ) ;
#4315 = VERTEX_POINT ( 'NONE', #4823 ) ;
#4316 = FILL_AREA_STYLE ('',( #670 ) ) ;
#4317 = AXIS2_PLACEMENT_3D ( 'NONE', #3491, #5316, #624 ) ;
#4318 = ADVANCED_FACE ( 'NONE', ( #1560 ), #671, .F. ) ;
#4319 = FILL_AREA_STYLE_COLOUR ( '', #5926 ) ;
#4320 = MANIFOLD_SOLID_BREP ( 'Boss-Extrude1[14]', #5628 ) ;
#4321 = ADVANCED_FACE ( 'NONE', ( #3120 ), #701, .T. ) ;
#4322 = COLOUR_RGB ( '',0.7686274509803920907, 0.7686274509803920907, 0.7686274509803920907 ) ;
#4323 = ORIENTED_EDGE ( 'NONE', *, *, #3700, .T. ) ;
#4324 = ORIENTED_EDGE ( 'NONE', *, *, #876, .T. ) ;
#4325 = ORIENTED_EDGE ( 'NONE', *, *, #1548, .F. ) ;
#4326 = AXIS2_PLACEMENT_3D ( 'NONE', #4702, #4339, #1614 ) ;
#4327 = EDGE_CURVE ( 'NONE', #321, #2979, #1812, .T. ) ;
#4328 = CARTESIAN_POINT ( 'NONE',  ( 1.230584742858188863, -0.08000000000002094325, -1.334355852750886973 ) ) ;
#4329 = VERTEX_POINT ( 'NONE', #3207 ) ;
#4330 = DIRECTION ( 'NONE',  ( -0.0000000000000000000, -0.0000000000000000000, 1.000000000000000000 ) ) ;
#4331 = EDGE_CURVE ( 'NONE', #4370, #4528, #2142, .T. ) ;
#4332 = ORIENTED_EDGE ( 'NONE', *, *, #2440, .T. ) ;
#4333 = ORIENTED_EDGE ( 'NONE', *, *, #5679, .T. ) ;
#4334 = FACE_OUTER_BOUND ( 'NONE', #5340, .T. ) ;
#4335 = DIRECTION ( 'NONE',  ( 0.0000000000000000000, -1.000000000000000000, -1.745740669421566678E-14 ) ) ;
#4336 = CARTESIAN_POINT ( 'NONE',  ( -0.9683780866076574512, 0.06350000000000000089, -0.5666219133892980153 ) ) ;
#4337 = CARTESIAN_POINT ( 'NONE',  ( 0.8250000000007418066, 0.1270000000000000018, 0.0000000000000000000 ) ) ;
#4338 = ORIENTED_EDGE ( 'NONE', *, *, #1177, .T. ) ;
#4339 = DIRECTION ( 'NONE',  ( 0.0000000000000000000, -1.000000000000000000, 0.0000000000000000000 ) ) ;
#4340 = DIRECTION ( 'NONE',  ( 0.0000000000000000000, 0.0000000000000000000, 1.000000000000000000 ) ) ;
#4341 = ORIENTED_EDGE ( 'NONE', *, *, #3989, .T. ) ;
#4342 = DIRECTION ( 'NONE',  ( 0.0000000000000000000, 0.0000000000000000000, -1.000000000000000000 ) ) ;
#4343 = EDGE_CURVE ( 'NONE', #2754, #5250, #852, .T. ) ;
#4344 = CARTESIAN_POINT ( 'NONE',  ( 0.9999999999976694198, 0.06350000000000000089, -0.8599999999976404297 ) ) ;
#4345 = CARTESIAN_POINT ( 'NONE',  ( 0.2200000000010907120, 0.0000000000000000000, -0.9850000000039913495 ) ) ;
#4346 = CARTESIAN_POINT ( 'NONE',  ( -0.4999999999997228883, 0.1270000000000000018, -0.7500000000000284217 ) ) ;
#4347 = ORIENTED_EDGE ( 'NONE', *, *, #2500, .F. ) ;
#4348 = CARTESIAN_POINT ( 'NONE',  ( 0.1500000000023149482, 0.06350000000000000089, 1.010000000001161746 ) ) ;
#4349 = SURFACE_STYLE_FILL_AREA ( #3839 ) ;
#4350 = ORIENTED_EDGE ( 'NONE', *, *, #4560, .F. ) ;
#4351 = ORIENTED_EDGE ( 'NONE', *, *, #4228, .T. ) ;
#4352 = ORIENTED_EDGE ( 'NONE', *, *, #3709, .F. ) ;
#4353 = AXIS2_PLACEMENT_3D ( 'NONE', #4337, #1541, #1095 ) ;
#4354 = EDGE_CURVE ( 'NONE', #2937, #5806, #151, .T. ) ;
#4355 = DIRECTION ( 'NONE',  ( 0.0000000000000000000, 1.000000000000000000, -0.0000000000000000000 ) ) ;
#4356 = STYLED_ITEM ( 'NONE', ( #1416 ), #2263 ) ;
#4357 = PLANE ( 'NONE',  #3115 ) ;
#4358 = ORIENTED_EDGE ( 'NONE', *, *, #5213, .T. ) ;
#4359 = ORIENTED_EDGE ( 'NONE', *, *, #1144, .T. ) ;
#4360 = ORIENTED_EDGE ( 'NONE', *, *, #153, .T. ) ;
#4361 = EDGE_CURVE ( 'NONE', #1632, #5518, #2209, .T. ) ;
#4362 = MANIFOLD_SOLID_BREP ( 'Boss-Extrude1[1]', #643 ) ;
#4363 = PLANE ( 'NONE',  #2449 ) ;
#4364 = MECHANICAL_DESIGN_GEOMETRIC_PRESENTATION_REPRESENTATION (  '', ( #4563 ), #2915 ) ;
#4365 = CARTESIAN_POINT ( 'NONE',  ( 0.9741903303925880664, 0.06350000000000000089, 0.07000000000090267349 ) ) ;
#4366 = DIRECTION ( 'NONE',  ( 0.0000000000000000000, 0.0000000000000000000, 1.000000000000000000 ) ) ;
#4367 = ORIENTED_EDGE ( 'NONE', *, *, #3665, .F. ) ;
#4368 = DIRECTION ( 'NONE',  ( -0.0000000000000000000, -1.000000000000000000, -0.0000000000000000000 ) ) ;
#4369 = FACE_OUTER_BOUND ( 'NONE', #74, .T. ) ;
#4370 = VERTEX_POINT ( 'NONE', #3988 ) ;
#4371 = LINE ( 'NONE', #4817, #2340 ) ;
#4372 = MANIFOLD_SOLID_BREP ( 'Boss-Extrude5', #5923 ) ;
#4373 = LINE ( 'NONE', #787, #3922 ) ;
#4374 = DIRECTION ( 'NONE',  ( 0.0000000000000000000, 0.0000000000000000000, 1.000000000000000000 ) ) ;
#4375 = AXIS2_PLACEMENT_3D ( 'NONE', #1942, #1041, #2371 ) ;
#4376 = EDGE_CURVE ( 'NONE', #2610, #2586, #2607, .T. ) ;
#4377 = DIRECTION ( 'NONE',  ( -1.000000000000000000, 0.0000000000000000000, 0.0000000000000000000 ) ) ;
#4378 = VERTEX_POINT ( 'NONE', #1287 ) ;
#4379 = CARTESIAN_POINT ( 'NONE',  ( -0.4776969600710501140, 0.0000000000000000000, 1.010000000001222142 ) ) ;
#4380 = VECTOR ( 'NONE', #3441, 1000.000000000000000 ) ;
#4381 = FILL_AREA_STYLE ('',( #1657 ) ) ;
#4382 = LINE ( 'NONE', #2081, #2497 ) ;
#4383 = EDGE_LOOP ( 'NONE', ( #1267, #1112, #349, #4205, #4637, #4908 ) ) ;
#4384 = ORIENTED_EDGE ( 'NONE', *, *, #242, .T. ) ;
#4385 = ORIENTED_EDGE ( 'NONE', *, *, #4662, .T. ) ;
#4386 = AXIS2_PLACEMENT_3D ( 'NONE', #2860, #2829, #3372 ) ;
#4387 = PLANE ( 'NONE',  #2388 ) ;
#4388 = VECTOR ( 'NONE', #393, 1000.000000000000000 ) ;
#4389 = DIRECTION ( 'NONE',  ( -0.0000000000000000000, 1.000000000000000000, 1.745740669421566678E-14 ) ) ;
#4390 = ORIENTED_EDGE ( 'NONE', *, *, #4547, .F. ) ;
#4391 = ORIENTED_EDGE ( 'NONE', *, *, #2674, .F. ) ;
#4392 = ORIENTED_EDGE ( 'NONE', *, *, #5344, .F. ) ;
#4393 = DIRECTION ( 'NONE',  ( -1.000000000000000000, 0.0000000000000000000, 0.0000000000000000000 ) ) ;
#4394 = CARTESIAN_POINT ( 'NONE',  ( -0.1549999999985729460, 0.1270000000000000018, -0.4499999999998394173 ) ) ;
#4395 = CARTESIAN_POINT ( 'NONE',  ( -1.000000000001222134, 0.0000000000000000000, -0.06999999999734995981 ) ) ;
#4396 = EDGE_CURVE ( 'NONE', #1058, #2513, #3716, .T. ) ;
#4397 = FACE_OUTER_BOUND ( 'NONE', #4010, .T. ) ;
#4398 = EDGE_LOOP ( 'NONE', ( #2116, #5282, #5045, #4799 ) ) ;
#4399 = CARTESIAN_POINT ( 'NONE',  ( 0.9741903303925880664, 0.0000000000000000000, -0.06999999999734995981 ) ) ;
#4400 = EDGE_CURVE ( 'NONE', #4023, #2153, #462, .T. ) ;
#4401 = CARTESIAN_POINT ( 'NONE',  ( 1.116452242106540815, 0.01999999999997897904, -1.329345466451004265 ) ) ;
#4402 = VERTEX_POINT ( 'NONE', #1897 ) ;
#4403 = DIRECTION ( 'NONE',  ( 1.000000000000000000, 0.0000000000000000000, 0.0000000000000000000 ) ) ;
#4404 = VECTOR ( 'NONE', #5130, 1000.000000000000114 ) ;
#4405 = CARTESIAN_POINT ( 'NONE',  ( 0.4776969600682981487, 0.06350000000000000089, 1.010000000001208820 ) ) ;
#4406 = COLOUR_RGB ( '',0.8392156862745098200, 0.4705882352941176405, 0.3686274509803921795 ) ;
#4407 = ORIENTED_EDGE ( 'NONE', *, *, #437, .T. ) ;
#4408 = CARTESIAN_POINT ( 'NONE',  ( -1.000000000001222134, 0.0000000000000000000, 0.7500000000000284217 ) ) ;
#4409 = EDGE_CURVE ( 'NONE', #4832, #14, #30, .T. ) ;
#4410 = PLANE ( 'NONE',  #5160 ) ;
#4411 = MANIFOLD_SOLID_BREP ( 'Boss-Extrude7', #3056 ) ;
#4412 = CARTESIAN_POINT ( 'NONE',  ( -0.4776969600707364760, 0.0000000000000000000, -1.009999999997705400 ) ) ;
#4413 = ORIENTED_EDGE ( 'NONE', *, *, #871, .T. ) ;
#4414 = VERTEX_POINT ( 'NONE', #2781 ) ;
#4415 = ORIENTED_EDGE ( 'NONE', *, *, #3019, .T. ) ;
#4416 = CARTESIAN_POINT ( 'NONE',  ( 0.1700000000011555046, 0.0000000000000000000, -0.9549999999975867793 ) ) ;
#4417 = AXIS2_PLACEMENT_3D ( 'NONE', #1428, #2321, #25 ) ;
#4418 = LINE ( 'NONE', #4953, #2335 ) ;
#4419 = ORIENTED_EDGE ( 'NONE', *, *, #3877, .F. ) ;
#4420 = ORIENTED_EDGE ( 'NONE', *, *, #4137, .T. ) ;
#4421 = ORIENTED_EDGE ( 'NONE', *, *, #3965, .F. ) ;
#4422 = FACE_OUTER_BOUND ( 'NONE', #5688, .T. ) ;
#4423 = MECHANICAL_DESIGN_GEOMETRIC_PRESENTATION_REPRESENTATION (  '', ( #2395 ), #5559 ) ;
#4424 = DIRECTION ( 'NONE',  ( 0.4562858356710378649, -1.553418116443667611E-14, 0.8898332631262907411 ) ) ;
#4425 = DIRECTION ( 'NONE',  ( -0.0000000000000000000, -1.000000000000000000, -0.0000000000000000000 ) ) ;
#4426 = DIRECTION ( 'NONE',  ( 0.0000000000000000000, -1.000000000000000000, -1.745740669421566678E-14 ) ) ;
#4427 = EDGE_LOOP ( 'NONE', ( #3038, #3343, #2428, #1725 ) ) ;
#4428 = CARTESIAN_POINT ( 'NONE',  ( 0.1723030399283231873, 0.06350000000000000089, -0.9999999999976694198 ) ) ;
#4429 = DIRECTION ( 'NONE',  ( -1.000000000000000000, 0.0000000000000000000, -0.0000000000000000000 ) ) ;
#4430 = EDGE_LOOP ( 'NONE', ( #474, #5244, #5341, #190 ) ) ;
#4431 = LINE ( 'NONE', #1717, #3538 ) ;
#4432 = EDGE_CURVE ( 'NONE', #1010, #4651, #5095, .T. ) ;
#4433 = ITEM_DEFINED_TRANSFORMATION ( 'NONE', 'NONE', #4995,  #2872 ) ;
#4434 = FILL_AREA_STYLE ('',( #3892 ) ) ;
#4435 = CARTESIAN_POINT ( 'NONE',  ( 0.0000000000000000000, 0.06350000000000000089, 0.7500000000000284217 ) ) ;
#4436 = ORIENTED_EDGE ( 'NONE', *, *, #5777, .F. ) ;
#4437 = ADVANCED_FACE ( 'NONE', ( #2383 ), #4222, .F. ) ;
#4438 = DIRECTION ( 'NONE',  ( -0.0000000000000000000, -1.000000000000000000, -0.0000000000000000000 ) ) ;
#4439 = ADVANCED_FACE ( 'NONE', ( #4587 ), #2354, .F. ) ;
#4440 = MANIFOLD_SOLID_BREP ( 'Boss-Extrude4', #3540 ) ;
#4441 = DIRECTION ( 'NONE',  ( -0.0000000000000000000, -0.0000000000000000000, -1.000000000000000000 ) ) ;
#4442 = EDGE_CURVE ( 'NONE', #1636, #5333, #5, .T. ) ;
#4443 = ORIENTED_EDGE ( 'NONE', *, *, #901, .F. ) ;
#4444 = EDGE_LOOP ( 'NONE', ( #2510, #1829, #2487, #41 ) ) ;
#4445 = EDGE_CURVE ( 'NONE', #5370, #890, #5546, .T. ) ;
#4446 = DIRECTION ( 'NONE',  ( -0.0000000000000000000, -0.0000000000000000000, 1.000000000000000000 ) ) ;
#4447 = CARTESIAN_POINT ( 'NONE',  ( 0.4797817083846136477, 0.06350000000000000089, -0.9503329334420737018 ) ) ;
#4448 = CYLINDRICAL_SURFACE ( 'NONE', #3778, 0.1000000000000001582 ) ;
#4449 = ORIENTED_EDGE ( 'NONE', *, *, #933, .T. ) ;
#4450 =( GEOMETRIC_REPRESENTATION_CONTEXT ( 3 ) GLOBAL_UNCERTAINTY_ASSIGNED_CONTEXT ( ( #4279 ) ) GLOBAL_UNIT_ASSIGNED_CONTEXT ( ( #2162, #3587, #296 ) ) REPRESENTATION_CONTEXT ( 'NONE', 'WORKASPACE' ) );
#4451 = ORIENTED_EDGE ( 'NONE', *, *, #2475, .F. ) ;
#4452 = ORIENTED_EDGE ( 'NONE', *, *, #1992, .F. ) ;
#4453 = ADVANCED_FACE ( 'NONE', ( #3377 ), #782, .F. ) ;
#4454 = DIRECTION ( 'NONE',  ( 0.0000000000000000000, 1.000000000000000000, -0.0000000000000000000 ) ) ;
#4455 = CARTESIAN_POINT ( 'NONE',  ( 0.9741903303925880664, 0.06350000000000000089, 0.8600000000011931434 ) ) ;
#4456 = CARTESIAN_POINT ( 'NONE',  ( 0.4799999999995918643, 0.0000000000000000000, 0.9616911592296162326 ) ) ;
#4457 = DIRECTION ( 'NONE',  ( 0.0000000000000000000, 0.0000000000000000000, 1.000000000000000000 ) ) ;
#4458 = LINE ( 'NONE', #5885, #1368 ) ;
#4459 = ORIENTED_EDGE ( 'NONE', *, *, #5585, .T. ) ;
#4460 = CARTESIAN_POINT ( 'NONE',  ( 0.8099999999976695841, 0.0000000000000000000, 1.010000000001208820 ) ) ;
#4461 = DIRECTION ( 'NONE',  ( 0.0000000000000000000, 0.0000000000000000000, -1.000000000000000000 ) ) ;
#4462 = ORIENTED_EDGE ( 'NONE', *, *, #1338, .T. ) ;
#4463 = PRESENTATION_LAYER_ASSIGNMENT (  '', '', ( #418 ) ) ;
#4464 = CARTESIAN_POINT ( 'NONE',  ( -0.4797817083854738485, 0.0000000000000000000, -0.9503329334421550811 ) ) ;
#4465 = FILL_AREA_STYLE ('',( #4103 ) ) ;
#4466 = STYLED_ITEM ( 'NONE', ( #4214 ), #1585 ) ;
#4467 = DIRECTION ( 'NONE',  ( 0.0000000000000000000, 1.000000000000000000, -0.0000000000000000000 ) ) ;
#4468 = ORIENTED_EDGE ( 'NONE', *, *, #4662, .F. ) ;
#4469 = DIRECTION ( 'NONE',  ( 0.0000000000000000000, 1.000000000000000000, 0.0000000000000000000 ) ) ;
#4470 = DIRECTION ( 'NONE',  ( 0.0000000000000000000, 0.0000000000000000000, 1.000000000000000000 ) ) ;
#4471 = ADVANCED_FACE ( 'NONE', ( #5347 ), #2928, .T. ) ;
#4472 = FACE_OUTER_BOUND ( 'NONE', #5280, .T. ) ;
#4473 = ADVANCED_FACE ( 'NONE', ( #5823 ), #1078, .T. ) ;
#4474 = EDGE_LOOP ( 'NONE', ( #1002, #441, #2701, #3905, #2846 ) ) ;
#4475 = EDGE_LOOP ( 'NONE', ( #8, #642, #5545, #3466 ) ) ;
#4476 = VECTOR ( 'NONE', #3103, 1000.000000000000000 ) ;
#4477 = CARTESIAN_POINT ( 'NONE',  ( -0.2199999999989786514, 0.0000000000000000000, 0.9849999999964609287 ) ) ;
#4478 = LINE ( 'NONE', #2757, #5640 ) ;
#4479 =( NAMED_UNIT ( * ) SI_UNIT ( $, .STERADIAN. ) SOLID_ANGLE_UNIT ( ) );
#4480 = VECTOR ( 'NONE', #1456, 1000.000000000000000 ) ;
#4481 = ORIENTED_EDGE ( 'NONE', *, *, #2406, .T. ) ;
#4482 = ORIENTED_EDGE ( 'NONE', *, *, #2958, .F. ) ;
#4483 = EDGE_LOOP ( 'NONE', ( #3643, #1148, #1334, #1680 ) ) ;
#4484 = DIRECTION ( 'NONE',  ( 0.0000000000000000000, 0.0000000000000000000, 1.000000000000000000 ) ) ;
#4485 = VECTOR ( 'NONE', #4182, 1000.000000000000000 ) ;
#4486 = CARTESIAN_POINT ( 'NONE',  ( -0.4797817083854738485, 0.06350000000000000089, -0.9503329334421550811 ) ) ;
#4487 = DIRECTION ( 'NONE',  ( -1.000000000000000000, -0.0000000000000000000, -0.0000000000000000000 ) ) ;
#4488 = DIRECTION ( 'NONE',  ( 0.0000000000000000000, 0.0000000000000000000, 1.000000000000000000 ) ) ;
#4489 = CARTESIAN_POINT ( 'NONE',  ( 1.069884869604737387, -0.08000000000002678580, -0.9994467618417960386 ) ) ;
#4490 = EDGE_LOOP ( 'NONE', ( #1143, #2250, #4566, #4264 ) ) ;
#4491 = FACE_OUTER_BOUND ( 'NONE', #1248, .T. ) ;
#4492 = CARTESIAN_POINT ( 'NONE',  ( 0.1723030399283231873, 0.0000000000000000000, -1.009999999997669429 ) ) ;
#4493 = EDGE_LOOP ( 'NONE', ( #89, #3453, #607, #2024, #2576, #3388, #1763, #2038 ) ) ;
#4494 = DIRECTION ( 'NONE',  ( -0.0000000000000000000, -1.000000000000000000, -0.0000000000000000000 ) ) ;
#4495 = PRODUCT_CONTEXT ( 'NONE', #3898, 'mechanical' ) ;
#4496 = CARTESIAN_POINT ( 'NONE',  ( 0.1700000000011555046, 0.0000000000000000000, -0.9549999999975867793 ) ) ;
#4497 = CIRCLE ( 'NONE', #5249, 0.05181818181818173552 ) ;
#4498 = FILL_AREA_STYLE_COLOUR ( '', #2097 ) ;
#4499 = FACE_OUTER_BOUND ( 'NONE', #5328, .T. ) ;
#4500 = CARTESIAN_POINT ( 'NONE',  ( 1.301703051422919089, 0.01999999999997833025, -1.292355852750885159 ) ) ;
#4501 = VECTOR ( 'NONE', #576, 1000.000000000000000 ) ;
#4502 = CARTESIAN_POINT ( 'NONE',  ( 0.4299999999982951349, 0.06350000000000000089, -0.9549999999993434852 ) ) ;
#4503 = LINE ( 'NONE', #3603, #954 ) ;
#4504 = ORIENTED_EDGE ( 'NONE', *, *, #717, .T. ) ;
#4505 = VERTEX_POINT ( 'NONE', #2620 ) ;
#4506 = VECTOR ( 'NONE', #4739, 1000.000000000000000 ) ;
#4507 = AXIS2_PLACEMENT_3D ( 'NONE', #5677, #603, #1186 ) ;
#4508 = SURFACE_STYLE_USAGE ( .BOTH. , #2675 ) ;
#4509 = EDGE_CURVE ( 'NONE', #225, #1129, #4758, .T. ) ;
#4510 = VECTOR ( 'NONE', #3000, 1000.000000000000000 ) ;
#4511 = SURFACE_STYLE_FILL_AREA ( #5405 ) ;
#4512 = AXIS2_PLACEMENT_3D ( 'NONE', #133, #1512, #3365 ) ;
#4513 = VERTEX_POINT ( 'NONE', #1707 ) ;
#4514 = ORIENTED_EDGE ( 'NONE', *, *, #3554, .T. ) ;
#4515 = ORIENTED_EDGE ( 'NONE', *, *, #4890, .T. ) ;
#4516 = DIRECTION ( 'NONE',  ( 0.0000000000000000000, -1.000000000000000000, 0.0000000000000000000 ) ) ;
#4517 = ADVANCED_FACE ( 'NONE', ( #356 ), #1983, .T. ) ;
#4518 = AXIS2_PLACEMENT_3D ( 'NONE', #2231, #927, #2262 ) ;
#4519 = AXIS2_PLACEMENT_3D ( 'NONE', #1453, #5199, #4157 ) ;
#4520 = DIRECTION ( 'NONE',  ( -0.0000000000000000000, -1.000000000000000000, -0.0000000000000000000 ) ) ;
#4521 = FILL_AREA_STYLE_COLOUR ( '', #4322 ) ;
#4522 = EDGE_CURVE ( 'NONE', #236, #250, #2591, .T. ) ;
#4523 = CARTESIAN_POINT ( 'NONE',  ( -0.1499999999996504130, 0.0000000000000000000, 1.010000000001161746 ) ) ;
#4524 = LINE ( 'NONE', #2128, #2434 ) ;
#4525 = ORIENTED_EDGE ( 'NONE', *, *, #5855, .F. ) ;
#4526 = CARTESIAN_POINT ( 'NONE',  ( 0.8099999999986731147, 0.06350000000000000089, -0.9999999999976694198 ) ) ;
#4527 = LINE ( 'NONE', #5478, #814 ) ;
#4528 = VERTEX_POINT ( 'NONE', #5651 ) ;
#4529 = CARTESIAN_POINT ( 'NONE',  ( 0.0000000000000000000, 0.1270000000000000018, 1.010000000001161746 ) ) ;
#4530 = DIRECTION ( 'NONE',  ( -0.7071067811865474617, 0.0000000000000000000, 0.7071067811865474617 ) ) ;
#4531 = LINE ( 'NONE', #1745, #1715 ) ;
#4532 = EDGE_CURVE ( 'NONE', #3023, #3787, #5384, .T. ) ;
#4533 = FACE_OUTER_BOUND ( 'NONE', #2163, .T. ) ;
#4534 = CARTESIAN_POINT ( 'NONE',  ( 0.6386302697678637452, -0.08000000000003255896, -0.6690175682283844294 ) ) ;
#4535 = EDGE_CURVE ( 'NONE', #1636, #2148, #1215, .T. ) ;
#4536 = DIRECTION ( 'NONE',  ( 0.0000000000000000000, 0.0000000000000000000, 1.000000000000000000 ) ) ;
#4537 = DIRECTION ( 'NONE',  ( -0.0000000000000000000, 1.000000000000000000, -0.0000000000000000000 ) ) ;
#4538 = UNCERTAINTY_MEASURE_WITH_UNIT (LENGTH_MEASURE( 1.000000000000000082E-05 ), #4709, 'distance_accuracy_value', 'NONE');
#4539 = EDGE_LOOP ( 'NONE', ( #3543, #2174, #4573, #5681, #1669 ) ) ;
#4540 = ORIENTED_EDGE ( 'NONE', *, *, #4171, .F. ) ;
#4541 = DIRECTION ( 'NONE',  ( -0.0000000000000000000, -1.000000000000000000, -0.0000000000000000000 ) ) ;
#4542 = SURFACE_SIDE_STYLE ('',( #4511 ) ) ;
#4543 = EDGE_LOOP ( 'NONE', ( #4032, #2053, #5704, #329 ) ) ;
#4544 = ORIENTED_EDGE ( 'NONE', *, *, #1623, .F. ) ;
#4545 = ORIENTED_EDGE ( 'NONE', *, *, #2381, .F. ) ;
#4546 = DIRECTION ( 'NONE',  ( -0.7071067811865474617, 0.0000000000000000000, 0.7071067811865474617 ) ) ;
#4547 = EDGE_CURVE ( 'NONE', #1922, #3401, #3075, .T. ) ;
#4548 = CARTESIAN_POINT ( 'NONE',  ( 1.998999999999999888, 0.0000000000000000000, 0.0000000000000000000 ) ) ;
#4549 = DIRECTION ( 'NONE',  ( 0.0000000000000000000, -0.0000000000000000000, -1.000000000000000000 ) ) ;
#4550 = EDGE_CURVE ( 'NONE', #4625, #3924, #4497, .T. ) ;
#4551 = EDGE_LOOP ( 'NONE', ( #2647, #5463, #4545, #5418 ) ) ;
#4552 = CARTESIAN_POINT ( 'NONE',  ( 1.069884869604737387, 0.01999999999997321976, -0.9994467618417942623 ) ) ;
#4553 = DIRECTION ( 'NONE',  ( -1.000000000000000000, -0.0000000000000000000, -0.0000000000000000000 ) ) ;
#4554 = ADVANCED_FACE ( 'NONE', ( #1735 ), #182, .F. ) ;
#4555 = AXIS2_PLACEMENT_3D ( 'NONE', #504, #4653, #533 ) ;
#4556 = CARTESIAN_POINT ( 'NONE',  ( 0.0000000000000000000, 0.06350000000000000089, 0.7500000000000284217 ) ) ;
#4557 = DIRECTION ( 'NONE',  ( -0.4562858356710378649, 1.553418116443667926E-14, -0.8898332631262907411 ) ) ;
#4558 = PLANE ( 'NONE',  #4215 ) ;
#4559 = VECTOR ( 'NONE', #5466, 1000.000000000000000 ) ;
#4560 = EDGE_CURVE ( 'NONE', #1292, #1852, #328, .T. ) ;
#4561 = DIRECTION ( 'NONE',  ( -0.0000000000000000000, 0.0000000000000000000, 1.000000000000000000 ) ) ;
#4562 = DIRECTION ( 'NONE',  ( 0.0000000000000000000, 0.0000000000000000000, 1.000000000000000000 ) ) ;
#4563 = STYLED_ITEM ( 'NONE', ( #2512 ), #2348 ) ;
#4564 = DIRECTION ( 'NONE',  ( -0.0000000000000000000, -1.000000000000000000, -0.0000000000000000000 ) ) ;
#4565 = EDGE_CURVE ( 'NONE', #5438, #3634, #2161, .T. ) ;
#4566 = ORIENTED_EDGE ( 'NONE', *, *, #5205, .F. ) ;
#4567 = DIRECTION ( 'NONE',  ( -0.0000000000000000000, -1.000000000000000000, -0.0000000000000000000 ) ) ;
#4568 = DIRECTION ( 'NONE',  ( -0.0000000000000000000, -1.000000000000000000, -0.0000000000000000000 ) ) ;
#4569 = CARTESIAN_POINT ( 'NONE',  ( -0.9683780866076574512, 0.06350000000000000089, 0.7500000000000284217 ) ) ;
#4570 = ORIENTED_EDGE ( 'NONE', *, *, #4137, .F. ) ;
#4571 = ORIENTED_EDGE ( 'NONE', *, *, #5698, .F. ) ;
#4572 = VECTOR ( 'NONE', #552, 1000.000000000000000 ) ;
#4573 = ORIENTED_EDGE ( 'NONE', *, *, #4532, .F. ) ;
#4574 = CARTESIAN_POINT ( 'NONE',  ( 0.5000000000006110668, 0.1270000000000000018, -1.009999999997669429 ) ) ;
#4575 = DIRECTION ( 'NONE',  ( -0.0000000000000000000, 1.000000000000000000, -0.0000000000000000000 ) ) ;
#4576 = VECTOR ( 'NONE', #2569, 1000.000000000000000 ) ;
#4577 = FACE_OUTER_BOUND ( 'NONE', #5572, .T. ) ;
#4578 = ORIENTED_EDGE ( 'NONE', *, *, #4764, .F. ) ;
#4579 = CARTESIAN_POINT ( 'NONE',  ( 0.9741903303925880664, 0.0000000000000000000, 0.07000000000090267349 ) ) ;
#4580 = VECTOR ( 'NONE', #5868, 1000.000000000000000 ) ;
#4581 = EDGE_CURVE ( 'NONE', #3160, #472, #3045, .T. ) ;
#4582 = DIRECTION ( 'NONE',  ( 0.0000000000000000000, -0.0000000000000000000, 1.000000000000000000 ) ) ;
#4583 = EDGE_CURVE ( 'NONE', #2977, #4023, #2192, .T. ) ;
#4584 = DIRECTION ( 'NONE',  ( 1.206487916730494377E-15, 1.745740669421566678E-14, -1.000000000000000000 ) ) ;
#4585 = CARTESIAN_POINT ( 'NONE',  ( 0.9072664326886286101, 0.01999999999997401426, -1.045075345408897904 ) ) ;
#4586 = EDGE_CURVE ( 'NONE', #132, #5194, #3106, .T. ) ;
#4587 = FACE_OUTER_BOUND ( 'NONE', #3004, .T. ) ;
#4588 = EDGE_CURVE ( 'NONE', #4007, #4147, #2898, .T. ) ;
#4589 = DIRECTION ( 'NONE',  ( 0.0000000000000000000, 0.0000000000000000000, 1.000000000000000000 ) ) ;
#4590 = CARTESIAN_POINT ( 'NONE',  ( 0.0000000000000000000, 0.1270000000000000018, -0.4499999999998394173 ) ) ;
#4591 = VECTOR ( 'NONE', #4937, 1000.000000000000000 ) ;
#4592 = ORIENTED_EDGE ( 'NONE', *, *, #4249, .F. ) ;
#4593 = DIRECTION ( 'NONE',  ( -0.0000000000000000000, -1.000000000000000000, -0.0000000000000000000 ) ) ;
#4594 = FILL_AREA_STYLE_COLOUR ( '', #850 ) ;
#4595 = VECTOR ( 'NONE', #700, 1000.000000000000000 ) ;
#4596 =( LENGTH_UNIT ( ) NAMED_UNIT ( * ) SI_UNIT ( .MILLI., .METRE. ) );
#4597 = EDGE_CURVE ( 'NONE', #1110, #2997, #4963, .T. ) ;
#4598 = VECTOR ( 'NONE', #4652, 1000.000000000000000 ) ;
#4599 = EDGE_LOOP ( 'NONE', ( #2392, #2817, #5311, #4235, #1387 ) ) ;
#4600 = ORIENTED_EDGE ( 'NONE', *, *, #5162, .F. ) ;
#4601 = ORIENTED_EDGE ( 'NONE', *, *, #2365, .T. ) ;
#4602 = AXIS2_PLACEMENT_3D ( 'NONE', #4819, #4788, #2508 ) ;
#4603 = AXIS2_PLACEMENT_3D ( 'NONE', #1925, #3773, #1377 ) ;
#4604 = VECTOR ( 'NONE', #3942, 1000.000000000000000 ) ;
#4605 = FACE_OUTER_BOUND ( 'NONE', #5825, .T. ) ;
#4606 = VECTOR ( 'NONE', #1480, 1000.000000000000000 ) ;
#4607 = CARTESIAN_POINT ( 'NONE',  ( 0.6375486327149217924, 0.01999999999997906230, -1.334355852750885418 ) ) ;
#4608 = ORIENTED_EDGE ( 'NONE', *, *, #1102, .F. ) ;
#4609 = LINE ( 'NONE', #480, #5548 ) ;
#4610 = AXIS2_PLACEMENT_3D ( 'NONE', #179, #3860, #3288 ) ;
#4611 = PRESENTATION_STYLE_ASSIGNMENT (( #2658 ) ) ;
#4612 = AXIS2_PLACEMENT_3D ( 'NONE', #4526, #2227, #4069 ) ;
#4613 = CARTESIAN_POINT ( 'NONE',  ( -0.1549999999985729460, 0.06350000000000000089, -0.4499999999998394173 ) ) ;
#4614 = AXIS2_PLACEMENT_3D ( 'NONE', #4971, #846, #4530 ) ;
#4615 = DIRECTION ( 'NONE',  ( -0.0000000000000000000, 1.000000000000000000, 1.745740669421566678E-14 ) ) ;
#4616 = CARTESIAN_POINT ( 'NONE',  ( 0.7372311353813078005, 0.0000000000000000000, -0.6819922163872492726 ) ) ;
#4617 = EDGE_CURVE ( 'NONE', #1129, #1140, #5884, .T. ) ;
#4618 = PRESENTATION_LAYER_ASSIGNMENT (  '', '', ( #5655 ) ) ;
#4619 = DIRECTION ( 'NONE',  ( 0.0000000000000000000, 1.000000000000000000, -0.0000000000000000000 ) ) ;
#4620 = ADVANCED_FACE ( 'NONE', ( #3586 ), #5413, .T. ) ;
#4621 = CARTESIAN_POINT ( 'NONE',  ( 1.059668451015293167, 0.0000000000000000000, -0.9994467618417947063 ) ) ;
#4622 = ORIENTED_EDGE ( 'NONE', *, *, #868, .F. ) ;
#4623 = CARTESIAN_POINT ( 'NONE',  ( 1.230584742858188863, 0.0000000000000000000, -0.6547194891145220463 ) ) ;
#4624 = LINE ( 'NONE', #2309, #1074 ) ;
#4625 = VERTEX_POINT ( 'NONE', #3798 ) ;
#4626 = VERTEX_POINT ( 'NONE', #5207 ) ;
#4627 = ORIENTED_EDGE ( 'NONE', *, *, #2450, .F. ) ;
#4628 = LINE ( 'NONE', #3846, #2682 ) ;
#4629 = EDGE_LOOP ( 'NONE', ( #724, #4730, #4294, #2632 ) ) ;
#4630 = EDGE_CURVE ( 'NONE', #1595, #2754, #545, .T. ) ;
#4631 = DIRECTION ( 'NONE',  ( -1.000000000000000000, 0.0000000000000000000, 0.0000000000000000000 ) ) ;
#4632 = LINE ( 'NONE', #5168, #1772 ) ;
#4633 = LINE ( 'NONE', #3680, #4200 ) ;
#4634 = FACE_OUTER_BOUND ( 'NONE', #5911, .T. ) ;
#4635 = CARTESIAN_POINT ( 'NONE',  ( -1.000000000001222134, 0.0000000000000000000, -0.4218629150081198986 ) ) ;
#4636 = FACE_OUTER_BOUND ( 'NONE', #73, .T. ) ;
#4637 = ORIENTED_EDGE ( 'NONE', *, *, #4688, .F. ) ;
#4638 = LINE ( 'NONE', #2778, #644 ) ;
#4639 =( NAMED_UNIT ( * ) PLANE_ANGLE_UNIT ( ) SI_UNIT ( $, .RADIAN. ) );
#4640 = VECTOR ( 'NONE', #2842, 1000.000000000000000 ) ;
#4641 = DIRECTION ( 'NONE',  ( -0.4562858356710379759, 1.553418116443667611E-14, -0.8898332631262907411 ) ) ;
#4642 = CARTESIAN_POINT ( 'NONE',  ( -1.000000000001222134, 0.06350000000000000089, 0.7500000000000284217 ) ) ;
#4643 = VERTEX_POINT ( 'NONE', #5115 ) ;
#4644 =( GEOMETRIC_REPRESENTATION_CONTEXT ( 3 ) GLOBAL_UNCERTAINTY_ASSIGNED_CONTEXT ( ( #5902 ) ) GLOBAL_UNIT_ASSIGNED_CONTEXT ( ( #2240, #5011, #401 ) ) REPRESENTATION_CONTEXT ( 'NONE', 'WORKASPACE' ) );
#4645 = EDGE_CURVE ( 'NONE', #408, #1010, #2507, .T. ) ;
#4646 = CARTESIAN_POINT ( 'NONE',  ( -1.000000000001222134, 0.06350000000000000089, 0.7500000000000284217 ) ) ;
#4647 = EDGE_CURVE ( 'NONE', #4194, #3650, #1521, .T. ) ;
#4648 = DIRECTION ( 'NONE',  ( 1.000000000000000000, 0.0000000000000000000, -0.0000000000000000000 ) ) ;
#4649 = VERTEX_POINT ( 'NONE', #1076 ) ;
#4650 = ORIENTED_EDGE ( 'NONE', *, *, #4396, .T. ) ;
#4651 = VERTEX_POINT ( 'NONE', #5176 ) ;
#4652 = DIRECTION ( 'NONE',  ( -0.0000000000000000000, -1.000000000000000000, -0.0000000000000000000 ) ) ;
#4653 = DIRECTION ( 'NONE',  ( -1.000000000000000000, 0.0000000000000000000, -0.0000000000000000000 ) ) ;
#4654 = COLOUR_RGB ( '',0.7686274509803920907, 0.7686274509803920907, 0.7686274509803920907 ) ;
#4655 = ORIENTED_EDGE ( 'NONE', *, *, #3810, .F. ) ;
#4656 = CARTESIAN_POINT ( 'NONE',  ( -0.8249999999989652277, 0.06350000000000000089, -0.3000000000001890044 ) ) ;
#4657 = DIRECTION ( 'NONE',  ( -0.0000000000000000000, -0.0000000000000000000, 1.000000000000000000 ) ) ;
#4658 = AXIS2_PLACEMENT_3D ( 'NONE', #3192, #324, #2649 ) ;
#4659 = DIRECTION ( 'NONE',  ( -0.0000000000000000000, 1.000000000000000000, -0.0000000000000000000 ) ) ;
#4660 = LINE ( 'NONE', #2373, #3080 ) ;
#4661 = DIRECTION ( 'NONE',  ( -0.0000000000000000000, -0.0000000000000000000, -1.000000000000000000 ) ) ;
#4662 = EDGE_CURVE ( 'NONE', #1188, #3162, #4754, .T. ) ;
#4663 = SURFACE_STYLE_USAGE ( .BOTH. , #515 ) ;
#4664 = ORIENTED_EDGE ( 'NONE', *, *, #5227, .T. ) ;
#4665 = CARTESIAN_POINT ( 'NONE',  ( -0.1723030399313822680, 0.06350000000000000089, 1.000000000001161737 ) ) ;
#4666 = DIRECTION ( 'NONE',  ( 0.0000000000000000000, -0.0000000000000000000, 1.000000000000000000 ) ) ;
#4667 = DIRECTION ( 'NONE',  ( 1.000000000000000000, -0.0000000000000000000, -0.0000000000000000000 ) ) ;
#4668 = LINE ( 'NONE', #2985, #5093 ) ;
#4669 = FACE_OUTER_BOUND ( 'NONE', #4835, .T. ) ;
#4670 = ORIENTED_EDGE ( 'NONE', *, *, #171, .F. ) ;
#4671 = CARTESIAN_POINT ( 'NONE',  ( -0.2199999999989786514, 0.06350000000000000089, 0.9849999999964609287 ) ) ;
#4672 = FILL_AREA_STYLE_COLOUR ( '', #1113 ) ;
#4673 = PLANE ( 'NONE',  #3687 ) ;
#4674 = VECTOR ( 'NONE', #1371, 1000.000000000000000 ) ;
#4675 = ORIENTED_EDGE ( 'NONE', *, *, #121, .F. ) ;
#4676 = ORIENTED_EDGE ( 'NONE', *, *, #1258, .T. ) ;
#4677 = EDGE_LOOP ( 'NONE', ( #5470, #1242, #1583, #1026, #1054 ) ) ;
#4678 = ADVANCED_FACE ( 'NONE', ( #2955 ), #3287, .F. ) ;
#4679 = VECTOR ( 'NONE', #5623, 1000.000000000000000 ) ;
#4680 = PLANE ( 'NONE',  #3254 ) ;
#4681 = AXIS2_PLACEMENT_3D ( 'NONE', #3674, #477, #2314 ) ;
#4682 = DIRECTION ( 'NONE',  ( -0.0000000000000000000, 0.0000000000000000000, -1.000000000000000000 ) ) ;
#4683 = VERTEX_POINT ( 'NONE', #2925 ) ;
#4684 = DIRECTION ( 'NONE',  ( 0.0000000000000000000, 1.000000000000000000, 0.0000000000000000000 ) ) ;
#4685 = EDGE_CURVE ( 'NONE', #3826, #3014, #5146, .T. ) ;
#4686 = CARTESIAN_POINT ( 'NONE',  ( -0.2199999999989786514, 0.0000000000000000000, 0.9849999999964609287 ) ) ;
#4687 = VECTOR ( 'NONE', #807, 999.9999999999998863 ) ;
#4688 = EDGE_CURVE ( 'NONE', #704, #777, #630, .T. ) ;
#4689 = CARTESIAN_POINT ( 'NONE',  ( 0.0000000000000000000, 0.06350000000000000089, 1.010000000001161746 ) ) ;
#4690 = SURFACE_STYLE_FILL_AREA ( #1945 ) ;
#4691 = PLANE ( 'NONE',  #3592 ) ;
#4692 = VECTOR ( 'NONE', #347, 1000.000000000000000 ) ;
#4693 = STYLED_ITEM ( 'NONE', ( #5423 ), #1561 ) ;
#4694 = PRESENTATION_STYLE_ASSIGNMENT (( #4663 ) ) ;
#4695 = ORIENTED_EDGE ( 'NONE', *, *, #3918, .T. ) ;
#4696 = CARTESIAN_POINT ( 'NONE',  ( 0.0000000000000000000, 0.5999999999999999778, 0.0000000000000000000 ) ) ;
#4697 = EDGE_CURVE ( 'NONE', #3966, #2552, #2177, .T. ) ;
#4698 = CARTESIAN_POINT ( 'NONE',  ( 0.9741903303925880664, 0.06350000000000000089, -0.06999999999734995981 ) ) ;
#4699 = VECTOR ( 'NONE', #4557, 1000.000000000000000 ) ;
#4700 = SURFACE_SIDE_STYLE ('',( #2867 ) ) ;
#4701 = AXIS2_PLACEMENT_3D ( 'NONE', #2222, #2684, #3073 ) ;
#4702 = CARTESIAN_POINT ( 'NONE',  ( 0.0000000000000000000, 0.06350000000000000089, 0.0000000000000000000 ) ) ;
#4703 = EDGE_CURVE ( 'NONE', #3581, #3350, #4220, .T. ) ;
#4704 = DIRECTION ( 'NONE',  ( 0.0000000000000000000, 0.0000000000000000000, 1.000000000000000000 ) ) ;
#4705 = VERTEX_POINT ( 'NONE', #1550 ) ;
#4706 = VECTOR ( 'NONE', #4536, 1000.000000000000000 ) ;
#4707 = FACE_OUTER_BOUND ( 'NONE', #4068, .T. ) ;
#4708 = SURFACE_SIDE_STYLE ('',( #1467 ) ) ;
#4709 =( LENGTH_UNIT ( ) NAMED_UNIT ( * ) SI_UNIT ( .MILLI., .METRE. ) );
#4710 = ORIENTED_EDGE ( 'NONE', *, *, #3899, .T. ) ;
#4711 = ORIENTED_EDGE ( 'NONE', *, *, #3593, .F. ) ;
#4712 = ORIENTED_EDGE ( 'NONE', *, *, #85, .F. ) ;
#4713 = DIRECTION ( 'NONE',  ( 0.0000000000000000000, -1.000000000000000000, -1.745740669421566678E-14 ) ) ;
#4714 = LINE ( 'NONE', #587, #23 ) ;
#4715 = VERTEX_POINT ( 'NONE', #178 ) ;
#4716 = DIRECTION ( 'NONE',  ( -0.0000000000000000000, -1.000000000000000000, -0.0000000000000000000 ) ) ;
#4717 = ADVANCED_FACE ( 'NONE', ( #2832 ), #210, .F. ) ;
#4718 = DIRECTION ( 'NONE',  ( -1.000000000000000000, 0.0000000000000000000, 0.0000000000000000000 ) ) ;
#4719 = PLANE ( 'NONE',  #1594 ) ;
#4720 = CARTESIAN_POINT ( 'NONE',  ( 0.9999999999976694198, 0.0000000000000000000, -0.7500000000000284217 ) ) ;
#4721 = ADVANCED_FACE ( 'NONE', ( #1459 ), #3316, .F. ) ;
#4722 = LINE ( 'NONE', #1946, #608 ) ;
#4723 = EDGE_CURVE ( 'NONE', #4023, #3920, #1020, .T. ) ;
#4724 = DIRECTION ( 'NONE',  ( -0.4562858356710379759, 0.0000000000000000000, 0.8898332631262907411 ) ) ;
#4725 = VERTEX_POINT ( 'NONE', #4787 ) ;
#4726 = LINE ( 'NONE', #599, #2141 ) ;
#4727 = LINE ( 'NONE', #5648, #5065 ) ;
#4728 = DIRECTION ( 'NONE',  ( 0.0000000000000000000, 0.0000000000000000000, 1.000000000000000000 ) ) ;
#4729 = FACE_OUTER_BOUND ( 'NONE', #3169, .T. ) ;
#4730 = ORIENTED_EDGE ( 'NONE', *, *, #5274, .F. ) ;
#4731 = DIRECTION ( 'NONE',  ( 0.0000000000000000000, -1.000000000000000000, 0.0000000000000000000 ) ) ;
#4732 = VECTOR ( 'NONE', #1363, 1000.000000000000000 ) ;
#4733 = DIRECTION ( 'NONE',  ( -0.0000000000000000000, -1.000000000000000000, -0.0000000000000000000 ) ) ;
#4734 = FACE_OUTER_BOUND ( 'NONE', #5596, .T. ) ;
#4735 = ORIENTED_EDGE ( 'NONE', *, *, #5425, .F. ) ;
#4736 = ORIENTED_EDGE ( 'NONE', *, *, #2032, .F. ) ;
#4737 = CIRCLE ( 'NONE', #5889, 0.1000000000000000472 ) ;
#4738 = ORIENTED_EDGE ( 'NONE', *, *, #3560, .T. ) ;
#4739 = DIRECTION ( 'NONE',  ( -0.0000000000000000000, -0.0000000000000000000, -1.000000000000000000 ) ) ;
#4740 = ORIENTED_EDGE ( 'NONE', *, *, #3699, .T. ) ;
#4741 = LINE ( 'NONE', #618, #801 ) ;
#4742 = ORIENTED_EDGE ( 'NONE', *, *, #4277, .T. ) ;
#4743 = DIRECTION ( 'NONE',  ( 0.0000000000000000000, 0.0000000000000000000, -1.000000000000000000 ) ) ;
#4744 = LINE ( 'NONE', #3816, #2547 ) ;
#4745 = DIRECTION ( 'NONE',  ( -1.206487916730494377E-15, 1.745740669421566678E-14, -1.000000000000000000 ) ) ;
#4746 = DIRECTION ( 'NONE',  ( -1.000000000000000000, -0.0000000000000000000, -0.0000000000000000000 ) ) ;
#4747 = DIRECTION ( 'NONE',  ( -0.0000000000000000000, -1.000000000000000000, -0.0000000000000000000 ) ) ;
#4748 = ORIENTED_EDGE ( 'NONE', *, *, #114, .F. ) ;
#4749 = FILL_AREA_STYLE ('',( #3283 ) ) ;
#4750 = VERTEX_POINT ( 'NONE', #664 ) ;
#4751 = VECTOR ( 'NONE', #3876, 1000.000000000000000 ) ;
#4752 = EDGE_CURVE ( 'NONE', #3864, #5104, #2410, .T. ) ;
#4753 = DIRECTION ( 'NONE',  ( -0.0000000000000000000, -0.0000000000000000000, -1.000000000000000000 ) ) ;
#4754 = LINE ( 'NONE', #1101, #5827 ) ;
#4755 = EDGE_CURVE ( 'NONE', #2648, #3697, #5725, .T. ) ;
#4756 = DIRECTION ( 'NONE',  ( 0.0000000000000000000, 0.0000000000000000000, 1.000000000000000000 ) ) ;
#4757 = DIRECTION ( 'NONE',  ( 1.000000000000000000, -0.0000000000000000000, -0.0000000000000000000 ) ) ;
#4758 = LINE ( 'NONE', #4039, #1899 ) ;
#4759 = AXIS2_PLACEMENT_3D ( 'NONE', #2386, #1079, #4224 ) ;
#4760 = PLANE ( 'NONE',  #4100 ) ;
#4761 = ORIENTED_EDGE ( 'NONE', *, *, #3962, .T. ) ;
#4762 = EDGE_CURVE ( 'NONE', #1439, #20, #2853, .T. ) ;
#4763 = DIRECTION ( 'NONE',  ( 0.0000000000000000000, -0.0000000000000000000, -1.000000000000000000 ) ) ;
#4764 = EDGE_CURVE ( 'NONE', #2251, #3023, #4727, .T. ) ;
#4765 = ORIENTED_EDGE ( 'NONE', *, *, #5395, .T. ) ;
#4766 = ORIENTED_EDGE ( 'NONE', *, *, #4685, .T. ) ;
#4767 = ORIENTED_EDGE ( 'NONE', *, *, #1508, .F. ) ;
#4768 = DIRECTION ( 'NONE',  ( -0.0000000000000000000, -1.000000000000000000, -0.0000000000000000000 ) ) ;
#4769 = MECHANICAL_DESIGN_GEOMETRIC_PRESENTATION_REPRESENTATION (  '', ( #5167 ), #651 ) ;
#4770 = ORIENTED_EDGE ( 'NONE', *, *, #1069, .F. ) ;
#4771 = DIRECTION ( 'NONE',  ( 0.0000000000000000000, -0.0000000000000000000, 1.000000000000000000 ) ) ;
#4772 = VERTEX_POINT ( 'NONE', #2439 ) ;
#4773 = ORIENTED_EDGE ( 'NONE', *, *, #1330, .F. ) ;
#4774 = EDGE_CURVE ( 'NONE', #668, #256, #143, .T. ) ;
#4775 = PLANE ( 'NONE',  #336 ) ;
#4776 = AXIS2_PLACEMENT_3D ( 'NONE', #1924, #3830, #3403 ) ;
#4777 = DIRECTION ( 'NONE',  ( -1.000000000000000000, 0.0000000000000000000, 0.0000000000000000000 ) ) ;
#4778 = CARTESIAN_POINT ( 'NONE',  ( -0.4999999999997228883, 0.1270000000000000018, -1.009999999997705400 ) ) ;
#4779 = VECTOR ( 'NONE', #4757, 1000.000000000000000 ) ;
#4780 = DIRECTION ( 'NONE',  ( 0.0000000000000000000, 0.0000000000000000000, 1.000000000000000000 ) ) ;
#4781 = AXIS2_PLACEMENT_3D ( 'NONE', #5837, #820, #1655 ) ;
#4782 = EDGE_LOOP ( 'NONE', ( #4544, #5570, #1364, #4325 ) ) ;
#4783 = VECTOR ( 'NONE', #718, 1000.000000000000000 ) ;
#4784 = CARTESIAN_POINT ( 'NONE',  ( 0.1500000000005385914, 0.06350000000000000089, -1.009999999997669429 ) ) ;
#4785 = VERTEX_POINT ( 'NONE', #3499 ) ;
#4786 = DIRECTION ( 'NONE',  ( -0.0000000000000000000, -0.0000000000000000000, -1.000000000000000000 ) ) ;
#4787 = CARTESIAN_POINT ( 'NONE',  ( -0.4999999999970583531, 0.06350000000000000089, 1.010000000001222142 ) ) ;
#4788 = DIRECTION ( 'NONE',  ( -0.0000000000000000000, 1.000000000000000000, -0.0000000000000000000 ) ) ;
#4789 = STYLED_ITEM ( 'NONE', ( #1728 ), #1635 ) ;
#4790 = VECTOR ( 'NONE', #4716, 1000.000000000000000 ) ;
#4791 = ADVANCED_FACE ( 'NONE', ( #1161 ), #2600, .F. ) ;
#4792 = CARTESIAN_POINT ( 'NONE',  ( -1.000000000001222134, 0.06350000000000000089, 0.07000000000090267349 ) ) ;
#4793 = ORIENTED_EDGE ( 'NONE', *, *, #460, .F. ) ;
#4794 = FACE_OUTER_BOUND ( 'NONE', #617, .T. ) ;
#4795 = AXIS2_PLACEMENT_3D ( 'NONE', #2347, #1515, #137 ) ;
#4796 = EDGE_CURVE ( 'NONE', #1236, #516, #5268, .T. ) ;
#4797 = FILL_AREA_STYLE_COLOUR ( '', #5687 ) ;
#4798 = ORIENTED_EDGE ( 'NONE', *, *, #5698, .T. ) ;
#4799 = ORIENTED_EDGE ( 'NONE', *, *, #3636, .F. ) ;
#4800 = VERTEX_POINT ( 'NONE', #726 ) ;
#4801 = AXIS2_PLACEMENT_3D ( 'NONE', #4844, #3464, #1023 ) ;
#4802 = CARTESIAN_POINT ( 'NONE',  ( -1.000000000001222134, 0.0000000000000000000, -0.7500000000000284217 ) ) ;
#4803 = ORIENTED_EDGE ( 'NONE', *, *, #568, .F. ) ;
#4804 = PLANE ( 'NONE',  #509 ) ;
#4805 = VERTEX_POINT ( 'NONE', #3531 ) ;
#4806 = ORIENTED_EDGE ( 'NONE', *, *, #728, .T. ) ;
#4807 = EDGE_LOOP ( 'NONE', ( #5026, #2845 ) ) ;
#4808 = DIRECTION ( 'NONE',  ( 0.0000000000000000000, 0.0000000000000000000, -1.000000000000000000 ) ) ;
#4809 = PLANE ( 'NONE',  #5263 ) ;
#4810 = CARTESIAN_POINT ( 'NONE',  ( 0.9741903303925880664, 0.0000000000000000000, -0.8599999999976404297 ) ) ;
#4811 = EDGE_CURVE ( 'NONE', #2953, #4901, #240, .T. ) ;
#4812 = DIRECTION ( 'NONE',  ( -1.000000000000000000, 0.0000000000000000000, -0.0000000000000000000 ) ) ;
#4813 = ORIENTED_EDGE ( 'NONE', *, *, #5440, .T. ) ;
#4814 = CARTESIAN_POINT ( 'NONE',  ( -0.4800000000002674905, 0.06350000000000000089, -0.9549999999994245314 ) ) ;
#4815 = CARTESIAN_POINT ( 'NONE',  ( 1.059668451015293167, 0.01999999999997321976, -0.9994467618417942623 ) ) ;
#4816 = ORIENTED_EDGE ( 'NONE', *, *, #5004, .T. ) ;
#4817 = CARTESIAN_POINT ( 'NONE',  ( -0.1549999999985729460, 0.1270000000000000018, 0.4499999999998394173 ) ) ;
#4818 = LINE ( 'NONE', #5768, #2471 ) ;
#4819 = CARTESIAN_POINT ( 'NONE',  ( 1.140720422009984691, 0.0000000000000000000, -0.6819922163872492726 ) ) ;
#4820 = CARTESIAN_POINT ( 'NONE',  ( 1.069884869604737387, -0.08000000000002678580, -0.9994467618417960386 ) ) ;
#4821 = VERTEX_POINT ( 'NONE', #1683 ) ;
#4822 = CYLINDRICAL_SURFACE ( 'NONE', #4781, 0.009818181818181800566 ) ;
#4823 = CARTESIAN_POINT ( 'NONE',  ( 0.9741903303925880664, 0.06350000000000000089, 0.7500000000000284217 ) ) ;
#4824 = FILL_AREA_STYLE ('',( #4797 ) ) ;
#4825 = EDGE_LOOP ( 'NONE', ( #4816, #4367, #5603, #5386, #3245, #1565, #1964 ) ) ;
#4826 = ORIENTED_EDGE ( 'NONE', *, *, #4952, .F. ) ;
#4827 = ORIENTED_EDGE ( 'NONE', *, *, #4868, .F. ) ;
#4828 = VECTOR ( 'NONE', #4389, 1000.000000000000000 ) ;
#4829 = EDGE_CURVE ( 'NONE', #4705, #1278, #4431, .T. ) ;
#4830 = LINE ( 'NONE', #2612, #1411 ) ;
#4831 = ADVANCED_FACE ( 'NONE', ( #1135 ), #5324, .F. ) ;
#4832 = VERTEX_POINT ( 'NONE', #5391 ) ;
#4833 = STYLED_ITEM ( 'NONE', ( #216 ), #2326 ) ;
#4834 = CARTESIAN_POINT ( 'NONE',  ( 1.140720422009984691, -0.08000000000003280876, -0.6547194891145232676 ) ) ;
#4835 = EDGE_LOOP ( 'NONE', ( #3185, #497, #362, #2284 ) ) ;
#4836 = ORIENTED_EDGE ( 'NONE', *, *, #1837, .F. ) ;
#4837 = ORIENTED_EDGE ( 'NONE', *, *, #1787, .F. ) ;
#4838 = CARTESIAN_POINT ( 'NONE',  ( 0.7372311353813078005, 0.01999999999996767558, -0.6819922163872489396 ) ) ;
#4839 = AXIS2_PLACEMENT_3D ( 'NONE', #1783, #1817, #4165 ) ;
#4840 = CARTESIAN_POINT ( 'NONE',  ( -0.7999999999999118927, 0.1270000000000000018, -1.009999999997705400 ) ) ;
#4841 = PRESENTATION_STYLE_ASSIGNMENT (( #3853 ) ) ;
#4842 = CARTESIAN_POINT ( 'NONE',  ( -0.7999999999999118927, 0.06350000000000000089, -1.009999999997705400 ) ) ;
#4843 = ORIENTED_EDGE ( 'NONE', *, *, #1210, .T. ) ;
#4844 = CARTESIAN_POINT ( 'NONE',  ( 0.0000000000000000000, 0.06350000000000000089, 0.0000000000000000000 ) ) ;
#4845 = CARTESIAN_POINT ( 'NONE',  ( 0.5000000000006110668, 0.1270000000000000018, 1.010000000001208820 ) ) ;
#4846 = ORIENTED_EDGE ( 'NONE', *, *, #3405, .T. ) ;
#4847 = CARTESIAN_POINT ( 'NONE',  ( -1.025000000000681588, 0.06350000000000000089, -0.5948528137388839898 ) ) ;
#4848 = FACE_OUTER_BOUND ( 'NONE', #4427, .T. ) ;
#4849 = EDGE_CURVE ( 'NONE', #1606, #2979, #4880, .T. ) ;
#4850 = VECTOR ( 'NONE', #4270, 1000.000000000000000 ) ;
#4851 = CARTESIAN_POINT ( 'NONE',  ( 0.4776969600682981487, 0.0000000000000000000, 1.010000000001208820 ) ) ;
#4852 = ORIENTED_EDGE ( 'NONE', *, *, #5421, .T. ) ;
#4853 = LINE ( 'NONE', #306, #3514 ) ;
#4854 = AXIS2_PLACEMENT_3D ( 'NONE', #1465, #4731, #4763 ) ;
#4855 = SURFACE_SIDE_STYLE ('',( #4349 ) ) ;
#4856 = CARTESIAN_POINT ( 'NONE',  ( 0.0000000000000000000, 0.06350000000000000089, 1.010000000001222142 ) ) ;
#4857 = VERTEX_POINT ( 'NONE', #3051 ) ;
#4858 = EDGE_LOOP ( 'NONE', ( #3536, #4252, #1726, #4695 ) ) ;
#4859 = ORIENTED_EDGE ( 'NONE', *, *, #3847, .F. ) ;
#4860 = VECTOR ( 'NONE', #3179, 1000.000000000000000 ) ;
#4861 = LINE ( 'NONE', #2245, #5277 ) ;
#4862 = CYLINDRICAL_SURFACE ( 'NONE', #5269, 0.009818181818181800566 ) ;
#4863 = DIRECTION ( 'NONE',  ( -1.000000000000000000, 0.0000000000000000000, 0.0000000000000000000 ) ) ;
#4864 = ORIENTED_EDGE ( 'NONE', *, *, #5305, .T. ) ;
#4865 = ORIENTED_EDGE ( 'NONE', *, *, #5205, .T. ) ;
#4866 = VERTEX_POINT ( 'NONE', #2535 ) ;
#4867 = DIRECTION ( 'NONE',  ( -1.000000000000000000, 0.0000000000000000000, 0.0000000000000000000 ) ) ;
#4868 = EDGE_CURVE ( 'NONE', #3480, #1487, #2168, .T. ) ;
#4869 = LINE ( 'NONE', #1154, #747 ) ;
#4870 = CARTESIAN_POINT ( 'NONE',  ( 0.4299999999982951349, 0.06350000000000000089, -0.9549999999993434852 ) ) ;
#4871 = DIRECTION ( 'NONE',  ( 0.0000000000000000000, 1.000000000000000000, 0.0000000000000000000 ) ) ;
#4872 = DIRECTION ( 'NONE',  ( -0.0000000000000000000, -1.000000000000000000, -0.0000000000000000000 ) ) ;
#4873 = EDGE_CURVE ( 'NONE', #2953, #4772, #4818, .T. ) ;
#4874 = CARTESIAN_POINT ( 'NONE',  ( 0.9999999999976694198, 0.06350000000000000089, -0.7500000000000284217 ) ) ;
#4875 = CARTESIAN_POINT ( 'NONE',  ( 0.9072664326886286101, 0.01999999999997242178, -0.9538181782746905091 ) ) ;
#4876 = VECTOR ( 'NONE', #2866, 1000.000000000000000 ) ;
#4877 = PLANE ( 'NONE',  #5696 ) ;
#4878 = ORIENTED_EDGE ( 'NONE', *, *, #4432, .F. ) ;
#4879 = ADVANCED_FACE ( 'NONE', ( #4913 ), #1649, .T. ) ;
#4880 = LINE ( 'NONE', #2989, #3243 ) ;
#4881 = APPLICATION_PROTOCOL_DEFINITION ( 'draft international standard', 'automotive_design', 1998, #5533 ) ;
#4882 = VECTOR ( 'NONE', #1849, 1000.000000000000000 ) ;
#4883 = ADVANCED_FACE ( 'NONE', ( #1586 ), #695, .F. ) ;
#4884 = AXIS2_PLACEMENT_3D ( 'NONE', #1797, #4064, #2651 ) ;
#4885 = VECTOR ( 'NONE', #2957, 1000.000000000000114 ) ;
#4886 = DIRECTION ( 'NONE',  ( -0.0000000000000000000, 1.000000000000000000, 1.745740669421566678E-14 ) ) ;
#4887 = ORIENTED_EDGE ( 'NONE', *, *, #5759, .T. ) ;
#4888 = CARTESIAN_POINT ( 'NONE',  ( -0.9683780866076574512, 0.06350000000000000089, 0.07000000000090267349 ) ) ;
#4889 = CIRCLE ( 'NONE', #654, 0.05000000000156137880 ) ;
#4890 = EDGE_CURVE ( 'NONE', #3060, #1859, #4373, .T. ) ;
#4891 = CARTESIAN_POINT ( 'NONE',  ( -0.8099999999995333155, 0.0000000000000000000, 1.000000000001222134 ) ) ;
#4892 = STYLED_ITEM ( 'NONE', ( #452 ), #317 ) ;
#4893 = ORIENTED_EDGE ( 'NONE', *, *, #3396, .T. ) ;
#4894 = VERTEX_POINT ( 'NONE', #4464 ) ;
#4895 = AXIS2_PLACEMENT_3D ( 'NONE', #5500, #5052, #1011 ) ;
#4896 = CARTESIAN_POINT ( 'NONE',  ( 1.353521233241100852, -0.08000000000002167877, -1.292355852750886713 ) ) ;
#4897 = AXIS2_PLACEMENT_3D ( 'NONE', #5727, #5382, #2711 ) ;
#4898 = CARTESIAN_POINT ( 'NONE',  ( 1.059668451015293167, 0.01999999999997321976, -0.9994467618417942623 ) ) ;
#4899 = VERTEX_POINT ( 'NONE', #762 ) ;
#4900 = ORIENTED_EDGE ( 'NONE', *, *, #512, .T. ) ;
#4901 = VERTEX_POINT ( 'NONE', #1619 ) ;
#4902 = FACE_OUTER_BOUND ( 'NONE', #542, .T. ) ;
#4903 = MECHANICAL_DESIGN_GEOMETRIC_PRESENTATION_REPRESENTATION (  '', ( #1517 ), #186 ) ;
#4904 = DIRECTION ( 'NONE',  ( 1.000000000000000000, 0.0000000000000000000, 0.0000000000000000000 ) ) ;
#4905 = CARTESIAN_POINT ( 'NONE',  ( -0.1499999999996504130, 0.06350000000000000089, -1.009999999997669429 ) ) ;
#4906 = DIRECTION ( 'NONE',  ( -0.0000000000000000000, 0.0000000000000000000, -1.000000000000000000 ) ) ;
#4907 = LINE ( 'NONE', #2224, #592 ) ;
#4908 = ORIENTED_EDGE ( 'NONE', *, *, #5634, .T. ) ;
#4909 = DIRECTION ( 'NONE',  ( -1.000000000000000000, 0.0000000000000000000, 0.0000000000000000000 ) ) ;
#4910 = DIRECTION ( 'NONE',  ( 0.0000000000000000000, 0.0000000000000000000, 1.000000000000000000 ) ) ;
#4911 = ORIENTED_EDGE ( 'NONE', *, *, #1434, .F. ) ;
#4912 = ADVANCED_FACE ( 'NONE', ( #4012 ), #2134, .F. ) ;
#4913 = FACE_OUTER_BOUND ( 'NONE', #382, .T. ) ;
#4914 = PRODUCT_CONTEXT ( 'NONE', #5844, 'mechanical' ) ;
#4915 = DIRECTION ( 'NONE',  ( -0.0000000000000000000, -1.000000000000000000, -0.0000000000000000000 ) ) ;
#4916 = EDGE_CURVE ( 'NONE', #2218, #5490, #3566, .T. ) ;
#4917 = FACE_OUTER_BOUND ( 'NONE', #1477, .T. ) ;
#4918 = VERTEX_POINT ( 'NONE', #1252 ) ;
#4919 = DIRECTION ( 'NONE',  ( 1.000000000000000000, 0.0000000000000000000, 0.0000000000000000000 ) ) ;
#4920 = EDGE_CURVE ( 'NONE', #1922, #2217, #3431, .T. ) ;
#4921 = LINE ( 'NONE', #4020, #282 ) ;
#4922 = VERTEX_POINT ( 'NONE', #4613 ) ;
#4923 = ORIENTED_EDGE ( 'NONE', *, *, #4630, .F. ) ;
#4924 = DIRECTION ( 'NONE',  ( 0.0000000000000000000, -0.0000000000000000000, -1.000000000000000000 ) ) ;
#4925 = ORIENTED_EDGE ( 'NONE', *, *, #262, .F. ) ;
#4926 = PRESENTATION_LAYER_ASSIGNMENT (  '', '', ( #4466 ) ) ;
#4927 = ORIENTED_EDGE ( 'NONE', *, *, #1663, .T. ) ;
#4928 = ORIENTED_EDGE ( 'NONE', *, *, #5461, .F. ) ;
#4929 = CARTESIAN_POINT ( 'NONE',  ( -0.1700000000006696155, 0.06350000000000000089, 0.9850000000017899993 ) ) ;
#4930 = DIRECTION ( 'NONE',  ( -0.0000000000000000000, -1.000000000000000000, -0.0000000000000000000 ) ) ;
#4931 = AXIS2_PLACEMENT_3D ( 'NONE', #319, #2583, #1178 ) ;
#4932 = DIRECTION ( 'NONE',  ( -0.0000000000000000000, -1.000000000000000000, -0.0000000000000000000 ) ) ;
#4933 = ORIENTED_EDGE ( 'NONE', *, *, #615, .F. ) ;
#4934 = CARTESIAN_POINT ( 'NONE',  ( 0.1500000000005385914, 0.1270000000000000018, -1.009999999997669429 ) ) ;
#4935 = CARTESIAN_POINT ( 'NONE',  ( 0.9741903303925880664, 0.0000000000000000000, 0.4476725846167539657 ) ) ;
#4936 = EDGE_LOOP ( 'NONE', ( #1200, #2687, #2212, #521 ) ) ;
#4937 = DIRECTION ( 'NONE',  ( -0.0000000000000000000, -0.0000000000000000000, 1.000000000000000000 ) ) ;
#4938 = DIRECTION ( 'NONE',  ( -0.4562858356710386420, 1.553418116443667295E-14, -0.8898332631262904080 ) ) ;
#4939 = LINE ( 'NONE', #4972, #4313 ) ;
#4940 = LINE ( 'NONE', #5836, #5808 ) ;
#4941 = CARTESIAN_POINT ( 'NONE',  ( -0.8099999999995333155, 0.06350000000000000089, 0.9616911592296162326 ) ) ;
#4942 = ADVANCED_FACE ( 'NONE', ( #4156 ), #2290, .F. ) ;
#4943 = FILL_AREA_STYLE_COLOUR ( '', #1709 ) ;
#4944 = CARTESIAN_POINT ( 'NONE',  ( -0.7999999999999118927, 0.06350000000000000089, -0.9503329334421550811 ) ) ;
#4945 = EDGE_CURVE ( 'NONE', #5415, #1119, #2320, .T. ) ;
#4946 = ORIENTED_EDGE ( 'NONE', *, *, #4327, .F. ) ;
#4947 = ORIENTED_EDGE ( 'NONE', *, *, #423, .T. ) ;
#4948 = VECTOR ( 'NONE', #2946, 1000.000000000000000 ) ;
#4949 = EDGE_CURVE ( 'NONE', #5182, #4683, #1863, .T. ) ;
#4950 = SURFACE_SIDE_STYLE ('',( #3124 ) ) ;
#4951 = CARTESIAN_POINT ( 'NONE',  ( 0.9999999999976694198, 0.06350000000000000089, -0.06999999999734995981 ) ) ;
#4952 = EDGE_CURVE ( 'NONE', #4126, #3581, #4129, .T. ) ;
#4953 = CARTESIAN_POINT ( 'NONE',  ( -0.9683780866076574512, 0.06350000000000000089, -0.8599999999994167865 ) ) ;
#4954 = AXIS2_PLACEMENT_3D ( 'NONE', #2233, #5922, #964 ) ;
#4955 = VERTEX_POINT ( 'NONE', #5420 ) ;
#4956 = ORIENTED_EDGE ( 'NONE', *, *, #4685, .F. ) ;
#4957 = ORIENTED_EDGE ( 'NONE', *, *, #1251, .T. ) ;
#4958 = LINE ( 'NONE', #5880, #5232 ) ;
#4959 = PRODUCT_DEFINITION ( 'UNKNOWN', '', #3836, #1438 ) ;
#4960 = VECTOR ( 'NONE', #268, 1000.000000000000114 ) ;
#4961 = LINE ( 'NONE', #2221, #4024 ) ;
#4962 = SURFACE_SIDE_STYLE ('',( #3557 ) ) ;
#4963 = LINE ( 'NONE', #4523, #4110 ) ;
#4964 = SHAPE_REPRESENTATION ( 'SOT1118D Mold body', ( #2872 ), #1808 ) ;
#4965 = EDGE_LOOP ( 'NONE', ( #2393, #1603, #3944, #3257, #1987, #3503, #4350 ) ) ;
#4966 = ADVANCED_FACE ( 'NONE', ( #2346 ), #3594, .F. ) ;
#4967 = CARTESIAN_POINT ( 'NONE',  ( -1.000000000001222134, 0.0000000000000000000, 0.07000000000090267349 ) ) ;
#4968 = CARTESIAN_POINT ( 'NONE',  ( 0.0000000000000000000, 0.0000000000000000000, -1.009999999997705400 ) ) ;
#4969 = EDGE_LOOP ( 'NONE', ( #3408, #5044, #4540, #3083 ) ) ;
#4970 = FACE_OUTER_BOUND ( 'NONE', #350, .T. ) ;
#4971 = CARTESIAN_POINT ( 'NONE',  ( 0.9741903303925880664, 0.06350000000000000089, 0.5608096696079201138 ) ) ;
#4972 = CARTESIAN_POINT ( 'NONE',  ( 0.5000000000006110668, 0.1270000000000000018, -1.009999999997669429 ) ) ;
#4973 = PLANE ( 'NONE',  #1386 ) ;
#4974 = CYLINDRICAL_SURFACE ( 'NONE', #3931, 0.04999999999993529759 ) ;
#4975 = VECTOR ( 'NONE', #5170, 1000.000000000000000 ) ;
#4976 = DIRECTION ( 'NONE',  ( -0.0000000000000000000, -0.0000000000000000000, 1.000000000000000000 ) ) ;
#4977 = EDGE_CURVE ( 'NONE', #5576, #2312, #2676, .T. ) ;
#4978 = DIRECTION ( 'NONE',  ( 0.7071067811865474617, 0.0000000000000000000, -0.7071067811865474617 ) ) ;
#4979 = VECTOR ( 'NONE', #3572, 1000.000000000000000 ) ;
#4980 = CARTESIAN_POINT ( 'NONE',  ( -0.1700000000007820533, 0.0000000000000000000, -0.9549999999993558086 ) ) ;
#4981 = EDGE_LOOP ( 'NONE', ( #2730, #647, #2732, #4740 ) ) ;
#4982 = ORIENTED_EDGE ( 'NONE', *, *, #3041, .F. ) ;
#4983 = AXIS2_PLACEMENT_3D ( 'NONE', #445, #4575, #2683 ) ;
#4984 = EDGE_CURVE ( 'NONE', #3698, #1110, #2799, .T. ) ;
#4985 = PLANE ( 'NONE',  #3568 ) ;
#4986 = LINE ( 'NONE', #5373, #3740 ) ;
#4987 = VECTOR ( 'NONE', #5404, 1000.000000000000000 ) ;
#4988 = ADVANCED_FACE ( 'NONE', ( #2261 ), #483, .F. ) ;
#4989 = CYLINDRICAL_SURFACE ( 'NONE', #3872, 0.05000000000182788090 ) ;
#4990 = VECTOR ( 'NONE', #4049, 1000.000000000000000 ) ;
#4991 = ORIENTED_EDGE ( 'NONE', *, *, #4583, .T. ) ;
#4992 = EDGE_LOOP ( 'NONE', ( #3050, #2909, #5852, #2861 ) ) ;
#4993 = EDGE_LOOP ( 'NONE', ( #2950, #1572, #5544, #5279 ) ) ;
#4994 = DIRECTION ( 'NONE',  ( -0.0000000000000000000, -1.000000000000000000, -0.0000000000000000000 ) ) ;
#4995 = AXIS2_PLACEMENT_3D ( 'NONE', #2926, #4756, #4247 ) ;
#4996 = MECHANICAL_DESIGN_GEOMETRIC_PRESENTATION_REPRESENTATION (  '', ( #3355 ), #3177 ) ;
#4997 = CARTESIAN_POINT ( 'NONE',  ( 0.9706851247026639928, 0.0000000000000000000, -1.045075345408898349 ) ) ;
#4998 = PRESENTATION_STYLE_ASSIGNMENT (( #4004 ) ) ;
#4999 = LINE ( 'NONE', #5348, #1351 ) ;
#5000 = ORIENTED_EDGE ( 'NONE', *, *, #1701, .F. ) ;
#5001 = LINE ( 'NONE', #874, #3838 ) ;
#5002 = AXIS2_PLACEMENT_3D ( 'NONE', #4138, #3233, #1379 ) ;
#5003 =( LENGTH_UNIT ( ) NAMED_UNIT ( * ) SI_UNIT ( .MILLI., .METRE. ) );
#5004 = EDGE_CURVE ( 'NONE', #5806, #3284, #3200, .T. ) ;
#5005 = DIRECTION ( 'NONE',  ( 1.000000000000000000, 0.0000000000000000000, -0.0000000000000000000 ) ) ;
#5006 = SURFACE_STYLE_FILL_AREA ( #4465 ) ;
#5007 = CARTESIAN_POINT ( 'NONE',  ( 0.0000000000000000000, 0.1270000000000000018, 1.010000000001208820 ) ) ;
#5008 = DIRECTION ( 'NONE',  ( -0.0000000000000000000, 1.000000000000000000, -0.0000000000000000000 ) ) ;
#5009 = FILL_AREA_STYLE_COLOUR ( '', #4406 ) ;
#5010 = DIRECTION ( 'NONE',  ( 0.0000000000000000000, 0.0000000000000000000, 1.000000000000000000 ) ) ;
#5011 =( NAMED_UNIT ( * ) PLANE_ANGLE_UNIT ( ) SI_UNIT ( $, .RADIAN. ) );
#5012 = UNCERTAINTY_MEASURE_WITH_UNIT (LENGTH_MEASURE( 1.000000000000000082E-05 ), #1194, 'distance_accuracy_value', 'NONE');
#5013 = VERTEX_POINT ( 'NONE', #24 ) ;
#5014 = FACE_OUTER_BOUND ( 'NONE', #3095, .T. ) ;
#5015 = CARTESIAN_POINT ( 'NONE',  ( 0.0000000000000000000, 0.0000000000000000000, 0.0000000000000000000 ) ) ;
#5016 = CARTESIAN_POINT ( 'NONE',  ( 0.1500000000005385914, 0.1270000000000000018, -1.009999999997669429 ) ) ;
#5017 = ORIENTED_EDGE ( 'NONE', *, *, #3378, .T. ) ;
#5018 = VERTEX_POINT ( 'NONE', #5528 ) ;
#5019 = ORIENTED_EDGE ( 'NONE', *, *, #4149, .T. ) ;
#5020 = ADVANCED_FACE ( 'NONE', ( #4970 ), #4101, .T. ) ;
#5021 = DIRECTION ( 'NONE',  ( 0.0000000000000000000, 1.000000000000000000, 0.0000000000000000000 ) ) ;
#5022 = EDGE_CURVE ( 'NONE', #5098, #1859, #3250, .T. ) ;
#5023 = DIRECTION ( 'NONE',  ( 0.0000000000000000000, 0.0000000000000000000, 1.000000000000000000 ) ) ;
#5024 = CARTESIAN_POINT ( 'NONE',  ( 0.4799999999993995181, 0.06350000000000000089, -0.9849999999999841105 ) ) ;
#5025 = VECTOR ( 'NONE', #5529, 1000.000000000000114 ) ;
#5026 = ORIENTED_EDGE ( 'NONE', *, *, #2538, .T. ) ;
#5027 = LINE ( 'NONE', #4967, #2001 ) ;
#5028 = LINE ( 'NONE', #900, #5242 ) ;
#5029 = ADVANCED_FACE ( 'NONE', ( #5085 ), #2771, .T. ) ;
#5030 = AXIS2_PLACEMENT_3D ( 'NONE', #3676, #45, #478 ) ;
#5031 = DIRECTION ( 'NONE',  ( 1.000000000000000000, -0.0000000000000000000, 0.0000000000000000000 ) ) ;
#5032 = PLANE ( 'NONE',  #769 ) ;
#5033 = LINE ( 'NONE', #2203, #561 ) ;
#5034 = VECTOR ( 'NONE', #4140, 1000.000000000000000 ) ;
#5035 = FACE_OUTER_BOUND ( 'NONE', #714, .T. ) ;
#5036 = CARTESIAN_POINT ( 'NONE',  ( 0.1500000000005385914, 0.06350000000000000089, -1.009999999997669429 ) ) ;
#5037 = VECTOR ( 'NONE', #5111, 1000.000000000000000 ) ;
#5038 = DIRECTION ( 'NONE',  ( 1.000000000000000000, 0.0000000000000000000, 0.0000000000000000000 ) ) ;
#5039 = CARTESIAN_POINT ( 'NONE',  ( -0.1549999999985729460, 0.06350000000000000089, 0.4499999999998394173 ) ) ;
#5040 = LINE ( 'NONE', #3184, #5419 ) ;
#5041 = VERTEX_POINT ( 'NONE', #5891 ) ;
#5042 = CYLINDRICAL_SURFACE ( 'NONE', #4120, 0.009818181818181800566 ) ;
#5043 = FACE_OUTER_BOUND ( 'NONE', #2522, .T. ) ;
#5044 = ORIENTED_EDGE ( 'NONE', *, *, #5938, .F. ) ;
#5045 = ORIENTED_EDGE ( 'NONE', *, *, #3112, .F. ) ;
#5046 = AXIS2_PLACEMENT_3D ( 'NONE', #4838, #2554, #4393 ) ;
#5047 = ORIENTED_EDGE ( 'NONE', *, *, #2818, .F. ) ;
#5048 = CARTESIAN_POINT ( 'NONE',  ( -0.2200000000006079870, 0.06350000000000000089, -0.9849999999999963229 ) ) ;
#5049 = VECTOR ( 'NONE', #4919, 1000.000000000000000 ) ;
#5050 = DIRECTION ( 'NONE',  ( -0.0000000000000000000, -1.000000000000000000, -0.0000000000000000000 ) ) ;
#5051 = ORIENTED_EDGE ( 'NONE', *, *, #953, .T. ) ;
#5052 = DIRECTION ( 'NONE',  ( 0.0000000000000000000, 0.0000000000000000000, -1.000000000000000000 ) ) ;
#5053 = EDGE_CURVE ( 'NONE', #300, #4378, #4633, .T. ) ;
#5054 = VECTOR ( 'NONE', #3471, 1000.000000000000000 ) ;
#5055 = CARTESIAN_POINT ( 'NONE',  ( -0.4999999999970583531, 0.06350000000000000089, 0.0000000000000000000 ) ) ;
#5056 = CARTESIAN_POINT ( 'NONE',  ( 0.8080666877865554376, 0.01999999999997321976, -0.9994467618417942623 ) ) ;
#5057 = EDGE_CURVE ( 'NONE', #251, #1048, #451, .T. ) ;
#5058 = DIRECTION ( 'NONE',  ( 0.0000000000000000000, -1.000000000000000000, -1.745740669421566678E-14 ) ) ;
#5059 = LINE ( 'NONE', #931, #4679 ) ;
#5060 = EDGE_CURVE ( 'NONE', #1140, #1241, #5503, .T. ) ;
#5061 = DIRECTION ( 'NONE',  ( -0.0000000000000000000, -0.0000000000000000000, -1.000000000000000000 ) ) ;
#5062 = FACE_OUTER_BOUND ( 'NONE', #2998, .T. ) ;
#5063 = CARTESIAN_POINT ( 'NONE',  ( 1.004999999999256488, 0.06350000000000000089, 0.8600000000011931434 ) ) ;
#5064 = UNCERTAINTY_MEASURE_WITH_UNIT (LENGTH_MEASURE( 1.000000000000000082E-05 ), #1526, 'distance_accuracy_value', 'NONE');
#5065 = VECTOR ( 'NONE', #601, 1000.000000000000000 ) ;
#5066 = VERTEX_POINT ( 'NONE', #926 ) ;
#5067 = CLOSED_SHELL ( 'NONE', ( #227, #1759, #384, #2106, #715, #427 ) ) ;
#5068 = CARTESIAN_POINT ( 'NONE',  ( 0.7372311353813078005, -0.08000000000002076284, -1.344174034569068699 ) ) ;
#5069 = EDGE_CURVE ( 'NONE', #5462, #4785, #510, .T. ) ;
#5070 = DIRECTION ( 'NONE',  ( 0.0000000000000000000, 0.0000000000000000000, 1.000000000000000000 ) ) ;
#5071 = MECHANICAL_DESIGN_GEOMETRIC_PRESENTATION_REPRESENTATION (  '', ( #5455 ), #3638 ) ;
#5072 = FILL_AREA_STYLE_COLOUR ( '', #411 ) ;
#5073 = AXIS2_PLACEMENT_3D ( 'NONE', #656, #4659, #136 ) ;
#5074 = ORIENTED_EDGE ( 'NONE', *, *, #5057, .F. ) ;
#5075 = ORIENTED_EDGE ( 'NONE', *, *, #4560, .T. ) ;
#5076 = EDGE_LOOP ( 'NONE', ( #629, #3691, #249, #2101, #921, #588 ) ) ;
#5077 = AXIS2_PLACEMENT_3D ( 'NONE', #3928, #666, #5737 ) ;
#5078 =( GEOMETRIC_REPRESENTATION_CONTEXT ( 3 ) GLOBAL_UNCERTAINTY_ASSIGNED_CONTEXT ( ( #5536 ) ) GLOBAL_UNIT_ASSIGNED_CONTEXT ( ( #3746, #5616, #3317 ) ) REPRESENTATION_CONTEXT ( 'NONE', 'WORKASPACE' ) );
#5079 = CARTESIAN_POINT ( 'NONE',  ( 0.7372311353813078005, 0.0000000000000000000, -1.316901307296340251 ) ) ;
#5080 = VECTOR ( 'NONE', #5451, 1000.000000000000000 ) ;
#5081 = ORIENTED_EDGE ( 'NONE', *, *, #12, .F. ) ;
#5082 = DIRECTION ( 'NONE',  ( -0.0000000000000000000, -0.0000000000000000000, 1.000000000000000000 ) ) ;
#5083 = CARTESIAN_POINT ( 'NONE',  ( 1.140720422009984691, 0.0000000000000000000, -0.6547194891145219353 ) ) ;
#5084 = CIRCLE ( 'NONE', #2877, 0.06000000000015866947 ) ;
#5085 = FACE_OUTER_BOUND ( 'NONE', #761, .T. ) ;
#5086 = DIRECTION ( 'NONE',  ( -1.000000000000000000, 0.0000000000000000000, 0.0000000000000000000 ) ) ;
#5087 = DIRECTION ( 'NONE',  ( 0.0000000000000000000, 0.0000000000000000000, -1.000000000000000000 ) ) ;
#5088 = MECHANICAL_DESIGN_GEOMETRIC_PRESENTATION_REPRESENTATION (  '', ( #5655 ), #4135 ) ;
#5089 = CARTESIAN_POINT ( 'NONE',  ( 0.0000000000000000000, 0.0000000000000000000, 1.010000000001208820 ) ) ;
#5090 = ORIENTED_EDGE ( 'NONE', *, *, #2310, .F. ) ;
#5091 = ADVANCED_FACE ( 'NONE', ( #3337 ), #4719, .T. ) ;
#5092 = DIRECTION ( 'NONE',  ( -0.0000000000000000000, -0.0000000000000000000, -1.000000000000000000 ) ) ;
#5093 = VECTOR ( 'NONE', #5320, 1000.000000000000000 ) ;
#5094 = EDGE_CURVE ( 'NONE', #559, #977, #5138, .T. ) ;
#5095 = LINE ( 'NONE', #518, #940 ) ;
#5096 = PLANE ( 'NONE',  #5002 ) ;
#5097 = DIRECTION ( 'NONE',  ( -1.000000000000000000, 0.0000000000000000000, 0.0000000000000000000 ) ) ;
#5098 = VERTEX_POINT ( 'NONE', #2008 ) ;
#5099 = LINE ( 'NONE', #3721, #5360 ) ;
#5100 = DIRECTION ( 'NONE',  ( -1.000000000000000000, 0.0000000000000000000, 0.0000000000000000000 ) ) ;
#5101 =( NAMED_UNIT ( * ) SI_UNIT ( $, .STERADIAN. ) SOLID_ANGLE_UNIT ( ) );
#5102 = EDGE_LOOP ( 'NONE', ( #2377, #1096, #3123, #3455 ) ) ;
#5103 = VERTEX_POINT ( 'NONE', #570 ) ;
#5104 = VERTEX_POINT ( 'NONE', #5198 ) ;
#5105 = CARTESIAN_POINT ( 'NONE',  ( -0.5624999999995771160, 0.1270000000000000018, -0.5624999999995771160 ) ) ;
#5106 = CARTESIAN_POINT ( 'NONE',  ( 0.8099999999976695841, 0.06350000000000000089, 1.010000000001208820 ) ) ;
#5107 = EDGE_LOOP ( 'NONE', ( #2546, #3588, #2931, #4515 ) ) ;
#5108 = CARTESIAN_POINT ( 'NONE',  ( 0.5000000000006110668, 0.1270000000000000018, 1.010000000001208820 ) ) ;
#5109 = DIRECTION ( 'NONE',  ( 0.0000000000000000000, 0.0000000000000000000, -1.000000000000000000 ) ) ;
#5110 = CARTESIAN_POINT ( 'NONE',  ( 0.9741903303925880664, 0.06350000000000000089, -0.8599999999976404297 ) ) ;
#5111 = DIRECTION ( 'NONE',  ( -1.000000000000000000, 0.0000000000000000000, 0.0000000000000000000 ) ) ;
#5112 = CARTESIAN_POINT ( 'NONE',  ( 0.9999999999976694198, 0.06350000000000000089, -0.7500000000000284217 ) ) ;
#5113 = ORIENTED_EDGE ( 'NONE', *, *, #3707, .T. ) ;
#5114 = PRESENTATION_STYLE_ASSIGNMENT (( #2409 ) ) ;
#5115 = CARTESIAN_POINT ( 'NONE',  ( -0.4799999999999201572, 0.06350000000000000089, 0.9616911592296162326 ) ) ;
#5116 =( NAMED_UNIT ( * ) PLANE_ANGLE_UNIT ( ) SI_UNIT ( $, .RADIAN. ) );
#5117 = CIRCLE ( 'NONE', #4164, 0.1000000000000000472 ) ;
#5118 = PLANE ( 'NONE',  #2502 ) ;
#5119 = EDGE_CURVE ( 'NONE', #1357, #3425, #2431, .T. ) ;
#5120 = DIRECTION ( 'NONE',  ( -0.0000000000000000000, -1.000000000000000000, -0.0000000000000000000 ) ) ;
#5121 = ORIENTED_EDGE ( 'NONE', *, *, #5213, .F. ) ;
#5122 = CARTESIAN_POINT ( 'NONE',  ( 0.5000000000006110668, 0.0000000000000000000, -1.009999999997669429 ) ) ;
#5123 =( GEOMETRIC_REPRESENTATION_CONTEXT ( 3 ) GLOBAL_UNCERTAINTY_ASSIGNED_CONTEXT ( ( #2900 ) ) GLOBAL_UNIT_ASSIGNED_CONTEXT ( ( #5233, #1100, #4218 ) ) REPRESENTATION_CONTEXT ( 'NONE', 'WORKASPACE' ) );
#5124 = LINE ( 'NONE', #2360, #3058 ) ;
#5125 = EDGE_CURVE ( 'NONE', #391, #668, #3309, .T. ) ;
#5126 = ORIENTED_EDGE ( 'NONE', *, *, #2483, .F. ) ;
#5127 = ORIENTED_EDGE ( 'NONE', *, *, #5234, .T. ) ;
#5128 = ORIENTED_EDGE ( 'NONE', *, *, #4033, .T. ) ;
#5129 = EDGE_CURVE ( 'NONE', #1063, #4832, #4238, .T. ) ;
#5130 = DIRECTION ( 'NONE',  ( -0.7071067811865474617, 0.0000000000000000000, 0.7071067811865474617 ) ) ;
#5131 = ADVANCED_FACE ( 'NONE', ( #4212 ), #4267, .T. ) ;
#5132 = SURFACE_STYLE_USAGE ( .BOTH. , #4234 ) ;
#5133 = AXIS2_PLACEMENT_3D ( 'NONE', #5321, #3428, #3564 ) ;
#5134 = ORIENTED_EDGE ( 'NONE', *, *, #498, .F. ) ;
#5135 = FACE_OUTER_BOUND ( 'NONE', #2706, .T. ) ;
#5136 = DIRECTION ( 'NONE',  ( -0.4562858356710379204, -1.553418116443667926E-14, 0.8898332631262907411 ) ) ;
#5137 = VECTOR ( 'NONE', #4516, 1000.000000000000000 ) ;
#5138 = LINE ( 'NONE', #3764, #4975 ) ;
#5139 = CARTESIAN_POINT ( 'NONE',  ( -0.4776969600707364760, 0.06350000000000000089, -1.009999999997705400 ) ) ;
#5140 = EDGE_CURVE ( 'NONE', #3273, #804, #3153, .T. ) ;
#5141 = FACE_OUTER_BOUND ( 'NONE', #4490, .T. ) ;
#5142 = AXIS2_PLACEMENT_3D ( 'NONE', #2414, #2899, #3834 ) ;
#5143 = CARTESIAN_POINT ( 'NONE',  ( 0.5000000000006110668, 0.1270000000000000018, -0.7500000000000284217 ) ) ;
#5144 = ORIENTED_EDGE ( 'NONE', *, *, #5598, .T. ) ;
#5145 = FACE_OUTER_BOUND ( 'NONE', #4022, .T. ) ;
#5146 = LINE ( 'NONE', #4273, #3335 ) ;
#5147 =( LENGTH_UNIT ( ) NAMED_UNIT ( * ) SI_UNIT ( .MILLI., .METRE. ) );
#5148 = VECTOR ( 'NONE', #5264, 1000.000000000000000 ) ;
#5149 = SHAPE_REPRESENTATION ( 'SOT1118D', ( #4219, #4995, #4610 ), #5843 ) ;
#5150 = CARTESIAN_POINT ( 'NONE',  ( 0.6473668145331037405, 0.01999999999997923578, -1.344174034569067144 ) ) ;
#5151 = CARTESIAN_POINT ( 'NONE',  ( 0.7372311353813078005, 0.01999999999997875699, -1.316901307296339807 ) ) ;
#5152 = ORIENTED_EDGE ( 'NONE', *, *, #788, .T. ) ;
#5153 = CARTESIAN_POINT ( 'NONE',  ( -0.8099999999995333155, 0.06350000000000000089, 1.000000000001222134 ) ) ;
#5154 = EDGE_CURVE ( 'NONE', #4148, #1828, #5641, .T. ) ;
#5155 = VECTOR ( 'NONE', #5355, 1000.000000000000000 ) ;
#5156 = ORIENTED_EDGE ( 'NONE', *, *, #3524, .F. ) ;
#5157 = ORIENTED_EDGE ( 'NONE', *, *, #2438, .F. ) ;
#5158 = EDGE_LOOP ( 'NONE', ( #1633, #5187, #3605, #5659 ) ) ;
#5159 = EDGE_CURVE ( 'NONE', #20, #4625, #169, .T. ) ;
#5160 = AXIS2_PLACEMENT_3D ( 'NONE', #1592, #3963, #5775 ) ;
#5161 = CARTESIAN_POINT ( 'NONE',  ( 0.4776969600710501140, 0.06350000000000000089, -0.9999999999976694198 ) ) ;
#5162 = EDGE_CURVE ( 'NONE', #2997, #5916, #1044, .T. ) ;
#5163 = CIRCLE ( 'NONE', #848, 0.02727272727272712916 ) ;
#5164 = CARTESIAN_POINT ( 'NONE',  ( -0.1723030399292113934, 0.06350000000000000089, -1.009999999997669429 ) ) ;
#5165 = ORIENTED_EDGE ( 'NONE', *, *, #5925, .T. ) ;
#5166 = DIRECTION ( 'NONE',  ( -0.0000000000000000000, 1.000000000000000000, 1.745740669421566678E-14 ) ) ;
#5167 = STYLED_ITEM ( 'NONE', ( #1022 ), #4440 ) ;
#5168 = CARTESIAN_POINT ( 'NONE',  ( -0.1499999999996504130, 0.06350000000000000089, 1.010000000001161746 ) ) ;
#5169 = COLOUR_RGB ( '',0.7921568627450980005, 0.8196078431372548767, 0.9333333333333333481 ) ;
#5170 = DIRECTION ( 'NONE',  ( -0.0000000000000000000, 1.000000000000000000, 1.745740669421566678E-14 ) ) ;
#5171 = SURFACE_STYLE_USAGE ( .BOTH. , #571 ) ;
#5172 = FILL_AREA_STYLE_COLOUR ( '', #503 ) ;
#5173 = COLOUR_RGB ( '',0.2980392156862745057, 0.2980392156862745057, 0.2980392156862745057 ) ;
#5174 =( GEOMETRIC_REPRESENTATION_CONTEXT ( 3 ) GLOBAL_UNCERTAINTY_ASSIGNED_CONTEXT ( ( #3690 ) ) GLOBAL_UNIT_ASSIGNED_CONTEXT ( ( #5894, #5800, #791 ) ) REPRESENTATION_CONTEXT ( 'NONE', 'WORKASPACE' ) );
#5175 = ORIENTED_EDGE ( 'NONE', *, *, #2634, .T. ) ;
#5176 = CARTESIAN_POINT ( 'NONE',  ( 0.9999999999976694198, 0.06350000000000000089, 0.07000000000090267349 ) ) ;
#5177 =( NAMED_UNIT ( * ) PLANE_ANGLE_UNIT ( ) SI_UNIT ( $, .RADIAN. ) );
#5178 =( GEOMETRIC_REPRESENTATION_CONTEXT ( 3 ) GLOBAL_UNCERTAINTY_ASSIGNED_CONTEXT ( ( #1818 ) ) GLOBAL_UNIT_ASSIGNED_CONTEXT ( ( #593, #1864, #1398 ) ) REPRESENTATION_CONTEXT ( 'NONE', 'WORKASPACE' ) );
#5179 = CARTESIAN_POINT ( 'NONE',  ( -1.000000000001222134, 0.0000000000000000000, -0.06999999999734995981 ) ) ;
#5180 = PRODUCT_DEFINITION_SHAPE ( 'NONE', 'NONE',  #128 ) ;
#5181 = PLANE ( 'NONE',  #5142 ) ;
#5182 = VERTEX_POINT ( 'NONE', #3736 ) ;
#5183 = CIRCLE ( 'NONE', #180, 0.02727272727272712916 ) ;
#5184 = LINE ( 'NONE', #187, #818 ) ;
#5185 = CARTESIAN_POINT ( 'NONE',  ( 0.1500000000023149482, 0.1270000000000000018, 0.7500000000000284217 ) ) ;
#5186 = PRESENTATION_STYLE_ASSIGNMENT (( #188 ) ) ;
#5187 = ORIENTED_EDGE ( 'NONE', *, *, #5053, .F. ) ;
#5188 = ORIENTED_EDGE ( 'NONE', *, *, #1040, .F. ) ;
#5189 = VERTEX_POINT ( 'NONE', #2462 ) ;
#5190 = DIRECTION ( 'NONE',  ( 0.0000000000000000000, 0.0000000000000000000, 1.000000000000000000 ) ) ;
#5191 = ORIENTED_EDGE ( 'NONE', *, *, #5855, .T. ) ;
#5192 = DIRECTION ( 'NONE',  ( 0.0000000000000000000, 0.0000000000000000000, -1.000000000000000000 ) ) ;
#5193 = ADVANCED_FACE ( 'NONE', ( #5608 ), #107, .T. ) ;
#5194 = VERTEX_POINT ( 'NONE', #1944 ) ;
#5195 = LINE ( 'NONE', #1719, #3449 ) ;
#5196 = CARTESIAN_POINT ( 'NONE',  ( 1.024999999996296207, 0.06350000000000000089, 0.5948528137447920416 ) ) ;
#5197 = EDGE_CURVE ( 'NONE', #3484, #3329, #83, .T. ) ;
#5198 = CARTESIAN_POINT ( 'NONE',  ( 0.9999999999976694198, 0.0000000000000000000, -0.8599999999976404297 ) ) ;
#5199 = DIRECTION ( 'NONE',  ( 0.0000000000000000000, 1.000000000000000000, 0.0000000000000000000 ) ) ;
#5200 = LINE ( 'NONE', #625, #3695 ) ;
#5201 = ADVANCED_FACE ( 'NONE', ( #1482 ), #3394, .F. ) ;
#5202 = ADVANCED_FACE ( 'NONE', ( #985 ), #591, .F. ) ;
#5203 = DIRECTION ( 'NONE',  ( 0.0000000000000000000, 0.0000000000000000000, -1.000000000000000000 ) ) ;
#5204 = ORIENTED_EDGE ( 'NONE', *, *, #2564, .F. ) ;
#5205 = EDGE_CURVE ( 'NONE', #4626, #2364, #5555, .T. ) ;
#5206 = LINE ( 'NONE', #4307, #2820 ) ;
#5207 = CARTESIAN_POINT ( 'NONE',  ( 0.4799999999995918643, 0.06350000000000000089, 0.9616911592296162326 ) ) ;
#5208 = LINE ( 'NONE', #4142, #649 ) ;
#5209 = CARTESIAN_POINT ( 'NONE',  ( 0.5000000000006110668, 0.1270000000000000018, -0.7500000000000284217 ) ) ;
#5210 = VECTOR ( 'NONE', #1156, 1000.000000000000000 ) ;
#5211 = DIRECTION ( 'NONE',  ( -0.0000000000000000000, -1.000000000000000000, -0.0000000000000000000 ) ) ;
#5212 = VERTEX_POINT ( 'NONE', #1918 ) ;
#5213 = EDGE_CURVE ( 'NONE', #4649, #4188, #1452, .T. ) ;
#5214 = SURFACE_STYLE_USAGE ( .BOTH. , #4855 ) ;
#5215 = SURFACE_STYLE_USAGE ( .BOTH. , #1501 ) ;
#5216 = ORIENTED_EDGE ( 'NONE', *, *, #1294, .T. ) ;
#5217 = VERTEX_POINT ( 'NONE', #326 ) ;
#5218 = VECTOR ( 'NONE', #2043, 1000.000000000000000 ) ;
#5219 = VERTEX_POINT ( 'NONE', #4840 ) ;
#5220 = CARTESIAN_POINT ( 'NONE',  ( -0.1723030399313822680, 0.0000000000000000000, 1.010000000001161746 ) ) ;
#5221 = AXIS2_PLACEMENT_3D ( 'NONE', #3282, #3339, #4131 ) ;
#5222 = LINE ( 'NONE', #3418, #2629 ) ;
#5223 = ORIENTED_EDGE ( 'NONE', *, *, #4112, .F. ) ;
#5224 = CARTESIAN_POINT ( 'NONE',  ( -0.8099999999995333155, 0.06350000000000000089, 1.010000000001222142 ) ) ;
#5225 = CARTESIAN_POINT ( 'NONE',  ( 0.4799999999995918643, 0.06350000000000000089, 0.9616911592296162326 ) ) ;
#5226 = DIRECTION ( 'NONE',  ( 0.0000000000000000000, 0.0000000000000000000, -1.000000000000000000 ) ) ;
#5227 = EDGE_CURVE ( 'NONE', #4315, #2878, #685, .T. ) ;
#5228 = DIRECTION ( 'NONE',  ( -0.0000000000000000000, 1.000000000000000000, 1.745740669421566678E-14 ) ) ;
#5229 = CARTESIAN_POINT ( 'NONE',  ( 0.9741903303925880664, 0.0000000000000000000, -0.7500000000000284217 ) ) ;
#5230 = FACE_OUTER_BOUND ( 'NONE', #4258, .T. ) ;
#5231 = ORIENTED_EDGE ( 'NONE', *, *, #4052, .T. ) ;
#5232 = VECTOR ( 'NONE', #867, 1000.000000000000000 ) ;
#5233 =( LENGTH_UNIT ( ) NAMED_UNIT ( * ) SI_UNIT ( .MILLI., .METRE. ) );
#5234 = EDGE_CURVE ( 'NONE', #4750, #4505, #3072, .T. ) ;
#5235 = DIRECTION ( 'NONE',  ( 0.0000000000000000000, 0.0000000000000000000, 1.000000000000000000 ) ) ;
#5236 = SURFACE_STYLE_USAGE ( .BOTH. , #2566 ) ;
#5237 = VECTOR ( 'NONE', #1545, 1000.000000000000000 ) ;
#5238 = DIRECTION ( 'NONE',  ( 0.0000000000000000000, 0.0000000000000000000, -1.000000000000000000 ) ) ;
#5239 = UNCERTAINTY_MEASURE_WITH_UNIT (LENGTH_MEASURE( 1.000000000000000082E-05 ), #5658, 'distance_accuracy_value', 'NONE');
#5240 = ORIENTED_EDGE ( 'NONE', *, *, #4087, .F. ) ;
#5241 = CARTESIAN_POINT ( 'NONE',  ( 0.9999999999976694198, 0.06350000000000000089, -0.8599999999976404297 ) ) ;
#5242 = VECTOR ( 'NONE', #450, 1000.000000000000000 ) ;
#5243 = LINE ( 'NONE', #3903, #1656 ) ;
#5244 = ORIENTED_EDGE ( 'NONE', *, *, #3286, .F. ) ;
#5245 = ORIENTED_EDGE ( 'NONE', *, *, #871, .F. ) ;
#5246 = EDGE_LOOP ( 'NONE', ( #103, #5369, #2351, #4449 ) ) ;
#5247 = EDGE_CURVE ( 'NONE', #5286, #2673, #4869, .T. ) ;
#5248 = CARTESIAN_POINT ( 'NONE',  ( 0.7614993152847518987, 0.0000000000000000000, -1.329345466451004709 ) ) ;
#5249 = AXIS2_PLACEMENT_3D ( 'NONE', #1246, #4426, #808 ) ;
#5250 = VERTEX_POINT ( 'NONE', #5289 ) ;
#5251 = LINE ( 'NONE', #130, #5882 ) ;
#5252 = EDGE_LOOP ( 'NONE', ( #3970, #39, #323, #1631 ) ) ;
#5253 = ORIENTED_EDGE ( 'NONE', *, *, #2006, .T. ) ;
#5254 = DIRECTION ( 'NONE',  ( -0.0000000000000000000, -1.000000000000000000, -0.0000000000000000000 ) ) ;
#5255 = VECTOR ( 'NONE', #394, 1000.000000000000000 ) ;
#5256 = DIRECTION ( 'NONE',  ( 0.0000000000000000000, 1.000000000000000000, 0.0000000000000000000 ) ) ;
#5257 = PLANE ( 'NONE',  #1907 ) ;
#5258 = CLOSED_SHELL ( 'NONE', ( #5494, #3031, #2592, #3366, #1043, #2889 ) ) ;
#5259 = CARTESIAN_POINT ( 'NONE',  ( 0.4300000000014400081, 0.06350000000000000089, 0.9849999999946845719 ) ) ;
#5260 = STYLED_ITEM ( 'NONE', ( #5621 ), #4245 ) ;
#5261 = ORIENTED_EDGE ( 'NONE', *, *, #967, .F. ) ;
#5262 = DIRECTION ( 'NONE',  ( 1.000000000000000000, -0.0000000000000000000, 0.0000000000000000000 ) ) ;
#5263 = AXIS2_PLACEMENT_3D ( 'NONE', #2034, #3010, #4424 ) ;
#5264 = DIRECTION ( 'NONE',  ( 1.000000000000000000, 0.0000000000000000000, 0.0000000000000000000 ) ) ;
#5265 = ORIENTED_EDGE ( 'NONE', *, *, #5197, .F. ) ;
#5266 = SURFACE_STYLE_USAGE ( .BOTH. , #2988 ) ;
#5267 = STYLED_ITEM ( 'NONE', ( #732 ), #4320 ) ;
#5268 = LINE ( 'NONE', #365, #5155 ) ;
#5269 = AXIS2_PLACEMENT_3D ( 'NONE', #4328, #193, #2028 ) ;
#5270 = AXIS2_PLACEMENT_3D ( 'NONE', #757, #2834, #548 ) ;
#5271 = EDGE_CURVE ( 'NONE', #5333, #1207, #2525, .T. ) ;
#5272 = CARTESIAN_POINT ( 'NONE',  ( 0.1723030399288168479, 0.06350000000000000089, 1.010000000001161746 ) ) ;
#5273 = ORIENTED_EDGE ( 'NONE', *, *, #3738, .F. ) ;
#5274 = EDGE_CURVE ( 'NONE', #1010, #1206, #5381, .T. ) ;
#5275 = MECHANICAL_DESIGN_GEOMETRIC_PRESENTATION_REPRESENTATION (  '', ( #4892 ), #712 ) ;
#5276 = CIRCLE ( 'NONE', #5744, 0.009818181818181800566 ) ;
#5277 = VECTOR ( 'NONE', #4446, 1000.000000000000000 ) ;
#5278 = VERTEX_POINT ( 'NONE', #3490 ) ;
#5279 = ORIENTED_EDGE ( 'NONE', *, *, #4535, .T. ) ;
#5280 = EDGE_LOOP ( 'NONE', ( #2004, #2060, #3849, #5175 ) ) ;
#5281 = LINE ( 'NONE', #5220, #3445 ) ;
#5282 = ORIENTED_EDGE ( 'NONE', *, *, #758, .T. ) ;
#5283 = DIRECTION ( 'NONE',  ( 0.0000000000000000000, 1.000000000000000000, -0.0000000000000000000 ) ) ;
#5284 = EDGE_LOOP ( 'NONE', ( #2938, #5157, #4392, #3313 ) ) ;
#5285 = ORIENTED_EDGE ( 'NONE', *, *, #4688, .T. ) ;
#5286 = VERTEX_POINT ( 'NONE', #3461 ) ;
#5287 = DIRECTION ( 'NONE',  ( 1.000000000000000000, 0.0000000000000000000, 0.0000000000000000000 ) ) ;
#5288 = PRODUCT_RELATED_PRODUCT_CATEGORY ( 'part', '', ( #992 ) ) ;
#5289 = CARTESIAN_POINT ( 'NONE',  ( -0.1499999999996504130, 0.06350000000000000089, -0.7500000000000284217 ) ) ;
#5290 =( LENGTH_UNIT ( ) NAMED_UNIT ( * ) SI_UNIT ( .MILLI., .METRE. ) );
#5291 = CARTESIAN_POINT ( 'NONE',  ( 0.0000000000000000000, 0.5999999999999999778, -1.998999999999999888 ) ) ;
#5292 = ORIENTED_EDGE ( 'NONE', *, *, #5871, .F. ) ;
#5293 = LINE ( 'NONE', #2102, #2211 ) ;
#5294 = LINE ( 'NONE', #691, #2259 ) ;
#5295 = ORIENTED_EDGE ( 'NONE', *, *, #4087, .T. ) ;
#5296 = CARTESIAN_POINT ( 'NONE',  ( -0.9683780866076574512, 0.06350000000000000089, -0.7500000000000284217 ) ) ;
#5297 = DIRECTION ( 'NONE',  ( 1.000000000000000000, 0.0000000000000000000, 0.0000000000000000000 ) ) ;
#5298 = EDGE_LOOP ( 'NONE', ( #1933, #3094, #3809, #3591 ) ) ;
#5299 = CARTESIAN_POINT ( 'NONE',  ( 0.2200000000004044831, 0.06350000000000000089, -0.9549999999975867793 ) ) ;
#5300 = ADVANCED_FACE ( 'NONE', ( #2589 ), #5726, .F. ) ;
#5301 = LINE ( 'NONE', #2114, #4226 ) ;
#5302 = ORIENTED_EDGE ( 'NONE', *, *, #2086, .T. ) ;
#5303 = ORIENTED_EDGE ( 'NONE', *, *, #2406, .F. ) ;
#5304 = ORIENTED_EDGE ( 'NONE', *, *, #982, .T. ) ;
#5305 = EDGE_CURVE ( 'NONE', #5438, #3939, #1314, .T. ) ;
#5306 = DIRECTION ( 'NONE',  ( 0.0000000000000000000, -0.0000000000000000000, -1.000000000000000000 ) ) ;
#5307 = CARTESIAN_POINT ( 'NONE',  ( 0.8250000000007418066, 0.1270000000000000018, -0.4499999999998394173 ) ) ;
#5308 =( LENGTH_UNIT ( ) NAMED_UNIT ( * ) SI_UNIT ( .MILLI., .METRE. ) );
#5309 = ORIENTED_EDGE ( 'NONE', *, *, #1414, .T. ) ;
#5310 = ORIENTED_EDGE ( 'NONE', *, *, #1744, .T. ) ;
#5311 = ORIENTED_EDGE ( 'NONE', *, *, #2864, .F. ) ;
#5312 = DIRECTION ( 'NONE',  ( -1.000000000000000000, -0.0000000000000000000, -0.0000000000000000000 ) ) ;
#5313 = ADVANCED_FACE ( 'NONE', ( #5315 ), #4809, .T. ) ;
#5314 = PRESENTATION_LAYER_ASSIGNMENT (  '', '', ( #604 ) ) ;
#5315 = FACE_OUTER_BOUND ( 'NONE', #5717, .T. ) ;
#5316 = DIRECTION ( 'NONE',  ( -0.0000000000000000000, -1.000000000000000000, -0.0000000000000000000 ) ) ;
#5317 = DIRECTION ( 'NONE',  ( 0.0000000000000000000, -0.0000000000000000000, 1.000000000000000000 ) ) ;
#5318 = DIRECTION ( 'NONE',  ( 0.0000000000000000000, 1.000000000000000000, 0.0000000000000000000 ) ) ;
#5319 = ORIENTED_EDGE ( 'NONE', *, *, #3997, .F. ) ;
#5320 = DIRECTION ( 'NONE',  ( -0.0000000000000000000, -0.0000000000000000000, -1.000000000000000000 ) ) ;
#5321 = CARTESIAN_POINT ( 'NONE',  ( -0.9683780866076574512, 0.06350000000000000089, -0.8599999999994167865 ) ) ;
#5322 = ORIENTED_EDGE ( 'NONE', *, *, #4829, .F. ) ;
#5323 = EDGE_CURVE ( 'NONE', #3477, #2901, #1672, .T. ) ;
#5324 = PLANE ( 'NONE',  #454 ) ;
#5325 = CARTESIAN_POINT ( 'NONE',  ( -0.4776969600707364760, 0.0000000000000000000, -0.9999999999977053911 ) ) ;
#5326 = AXIS2_PLACEMENT_3D ( 'NONE', #119, #3777, #3323 ) ;
#5327 = CARTESIAN_POINT ( 'NONE',  ( 0.0000000000000000000, 0.1270000000000000018, 0.7500000000000284217 ) ) ;
#5328 = EDGE_LOOP ( 'NONE', ( #3912, #3027, #3140, #5144 ) ) ;
#5329 = LINE ( 'NONE', #3537, #4979 ) ;
#5330 = AXIS2_PLACEMENT_3D ( 'NONE', #5299, #4469, #1231 ) ;
#5331 = SURFACE_STYLE_FILL_AREA ( #4381 ) ;
#5332 = DIRECTION ( 'NONE',  ( -1.000000000000000000, 0.0000000000000000000, 0.0000000000000000000 ) ) ;
#5333 = VERTEX_POINT ( 'NONE', #4394 ) ;
#5334 = ORIENTED_EDGE ( 'NONE', *, *, #3263, .T. ) ;
#5335 = VECTOR ( 'NONE', #4615, 1000.000000000000000 ) ;
#5336 = SURFACE_STYLE_USAGE ( .BOTH. , #4950 ) ;
#5337 = LINE ( 'NONE', #3450, #943 ) ;
#5338 = CARTESIAN_POINT ( 'NONE',  ( 0.7614993152847520097, 0.01999999999996745700, -0.6695480572325841484 ) ) ;
#5339 = EDGE_LOOP ( 'NONE', ( #5660, #4608, #4390, #5692 ) ) ;
#5340 = EDGE_LOOP ( 'NONE', ( #2672, #1730, #2277, #3191 ) ) ;
#5341 = ORIENTED_EDGE ( 'NONE', *, *, #4158, .F. ) ;
#5342 = EDGE_CURVE ( 'NONE', #2251, #199, #2125, .T. ) ;
#5343 = DIRECTION ( 'NONE',  ( -0.0000000000000000000, -1.000000000000000000, -0.0000000000000000000 ) ) ;
#5344 = EDGE_CURVE ( 'NONE', #776, #4147, #3422, .T. ) ;
#5345 = CARTESIAN_POINT ( 'NONE',  ( 0.6473668145331036294, 0.01999999999996737027, -0.6645376709327034392 ) ) ;
#5346 = CARTESIAN_POINT ( 'NONE',  ( -0.1499999999996504130, 0.1270000000000000018, -1.009999999997669429 ) ) ;
#5347 = FACE_OUTER_BOUND ( 'NONE', #3955, .T. ) ;
#5348 = CARTESIAN_POINT ( 'NONE',  ( 0.4799999999993995181, 0.06350000000000000089, -0.9549999999993434852 ) ) ;
#5349 = ORIENTED_EDGE ( 'NONE', *, *, #893, .F. ) ;
#5350 = LINE ( 'NONE', #2257, #5939 ) ;
#5351 = VECTOR ( 'NONE', #4066, 1000.000000000000000 ) ;
#5352 = CARTESIAN_POINT ( 'NONE',  ( 0.5000000000006110668, 0.0000000000000000000, -1.009999999997669429 ) ) ;
#5353 = ORIENTED_EDGE ( 'NONE', *, *, #4868, .T. ) ;
#5354 = CLOSED_SHELL ( 'NONE', ( #2516, #544, #1399, #5029, #3485, #928, #1001 ) ) ;
#5355 = DIRECTION ( 'NONE',  ( -1.000000000000000000, -0.0000000000000000000, -0.0000000000000000000 ) ) ;
#5356 = AXIS2_PLACEMENT_3D ( 'NONE', #4616, #5008, #4 ) ;
#5357 = LINE ( 'NONE', #1588, #1498 ) ;
#5358 = DIRECTION ( 'NONE',  ( -1.000000000000000000, 0.0000000000000000000, 0.0000000000000000000 ) ) ;
#5359 = AXIS2_PLACEMENT_3D ( 'NONE', #5881, #1766, #5913 ) ;
#5360 = VECTOR ( 'NONE', #4310, 1000.000000000000000 ) ;
#5361 = FACE_OUTER_BOUND ( 'NONE', #4118, .T. ) ;
#5362 =( GEOMETRIC_REPRESENTATION_CONTEXT ( 3 ) GLOBAL_UNCERTAINTY_ASSIGNED_CONTEXT ( ( #491 ) ) GLOBAL_UNIT_ASSIGNED_CONTEXT ( ( #2571, #3411, #5714 ) ) REPRESENTATION_CONTEXT ( 'NONE', 'WORKASPACE' ) );
#5363 = ORIENTED_EDGE ( 'NONE', *, *, #4331, .F. ) ;
#5364 = DIRECTION ( 'NONE',  ( -1.000000000000000000, -0.0000000000000000000, -0.0000000000000000000 ) ) ;
#5365 = MECHANICAL_DESIGN_GEOMETRIC_PRESENTATION_REPRESENTATION (  '', ( #1712 ), #5078 ) ;
#5366 = AXIS2_PLACEMENT_3D ( 'NONE', #2851, #4684, #2369 ) ;
#5367 =( NAMED_UNIT ( * ) PLANE_ANGLE_UNIT ( ) SI_UNIT ( $, .RADIAN. ) );
#5368 = FACE_OUTER_BOUND ( 'NONE', #505, .T. ) ;
#5369 = ORIENTED_EDGE ( 'NONE', *, *, #4890, .F. ) ;
#5370 = VERTEX_POINT ( 'NONE', #5761 ) ;
#5371 =( GEOMETRIC_REPRESENTATION_CONTEXT ( 3 ) GLOBAL_UNCERTAINTY_ASSIGNED_CONTEXT ( ( #5012 ) ) GLOBAL_UNIT_ASSIGNED_CONTEXT ( ( #1194, #3021, #3501 ) ) REPRESENTATION_CONTEXT ( 'NONE', 'WORKASPACE' ) );
#5372 = LINE ( 'NONE', #346, #3460 ) ;
#5373 = CARTESIAN_POINT ( 'NONE',  ( 0.9741903303925880664, 0.06350000000000000089, 0.5608096696079201138 ) ) ;
#5374 = COLOUR_RGB ( '',0.8392156862745098200, 0.4705882352941176405, 0.3686274509803921795 ) ;
#5375 = DIRECTION ( 'NONE',  ( 1.000000000000000000, -0.0000000000000000000, -0.0000000000000000000 ) ) ;
#5376 = EDGE_LOOP ( 'NONE', ( #2242, #783, #3803, #3299, #68 ) ) ;
#5377 = ORIENTED_EDGE ( 'NONE', *, *, #1658, .F. ) ;
#5378 = ORIENTED_EDGE ( 'NONE', *, *, #1319, .F. ) ;
#5379 = LINE ( 'NONE', #5854, #1004 ) ;
#5380 = AXIS2_PLACEMENT_3D ( 'NONE', #1630, #798, #3093 ) ;
#5381 = LINE ( 'NONE', #4365, #2288 ) ;
#5382 = DIRECTION ( 'NONE',  ( 0.7071067811865475727, -0.0000000000000000000, 0.7071067811865475727 ) ) ;
#5383 = EDGE_CURVE ( 'NONE', #2639, #4148, #5695, .T. ) ;
#5384 = LINE ( 'NONE', #5209, #834 ) ;
#5385 = LINE ( 'NONE', #1676, #5790 ) ;
#5386 = ORIENTED_EDGE ( 'NONE', *, *, #1599, .T. ) ;
#5387 = CARTESIAN_POINT ( 'NONE',  ( 0.8000000000016882495, 0.1270000000000000018, -1.009999999997669429 ) ) ;
#5388 = EDGE_CURVE ( 'NONE', #3697, #2904, #4211, .T. ) ;
#5389 = PLANE ( 'NONE',  #3625 ) ;
#5390 = EDGE_LOOP ( 'NONE', ( #1638, #620, #2760, #1133 ) ) ;
#5391 = CARTESIAN_POINT ( 'NONE',  ( 0.9741903303925880664, 0.06350000000000000089, -0.7500000000000284217 ) ) ;
#5392 = CARTESIAN_POINT ( 'NONE',  ( -1.000000000001222134, 0.06350000000000000089, 0.07000000000090267349 ) ) ;
#5393 = EDGE_CURVE ( 'NONE', #5217, #256, #4116, .T. ) ;
#5394 = LINE ( 'NONE', #1344, #4990 ) ;
#5395 = EDGE_CURVE ( 'NONE', #223, #636, #3916, .T. ) ;
#5396 = ADVANCED_FACE ( 'NONE', ( #202 ), #2498, .T. ) ;
#5397 = DIRECTION ( 'NONE',  ( 0.0000000000000000000, 0.0000000000000000000, 1.000000000000000000 ) ) ;
#5398 = DIRECTION ( 'NONE',  ( -0.0000000000000000000, -1.000000000000000000, -0.0000000000000000000 ) ) ;
#5399 = DIRECTION ( 'NONE',  ( 0.0000000000000000000, 0.0000000000000000000, 1.000000000000000000 ) ) ;
#5400 = EDGE_LOOP ( 'NONE', ( #3644, #2514, #5310, #1525, #4525 ) ) ;
#5401 = VERTEX_POINT ( 'NONE', #2981 ) ;
#5402 = DIRECTION ( 'NONE',  ( 0.0000000000000000000, -1.000000000000000000, 0.0000000000000000000 ) ) ;
#5403 = ADVANCED_FACE ( 'NONE', ( #3647 ), #387, .F. ) ;
#5404 = DIRECTION ( 'NONE',  ( 0.0000000000000000000, -1.000000000000000000, 0.0000000000000000000 ) ) ;
#5405 = FILL_AREA_STYLE ('',( #2645 ) ) ;
#5406 = EDGE_LOOP ( 'NONE', ( #952, #5940, #3383, #5829, #4859, #4846 ) ) ;
#5407 = VECTOR ( 'NONE', #540, 1000.000000000000000 ) ;
#5408 = ORIENTED_EDGE ( 'NONE', *, *, #48, .T. ) ;
#5409 = VERTEX_POINT ( 'NONE', #4486 ) ;
#5410 = DIRECTION ( 'NONE',  ( 1.000000000000000000, -0.0000000000000000000, 0.0000000000000000000 ) ) ;
#5411 = PLANE ( 'NONE',  #4884 ) ;
#5412 = VECTOR ( 'NONE', #5283, 1000.000000000000000 ) ;
#5413 = PLANE ( 'NONE',  #67 ) ;
#5414 = PLANE ( 'NONE',  #108 ) ;
#5415 = VERTEX_POINT ( 'NONE', #894 ) ;
#5416 = CARTESIAN_POINT ( 'NONE',  ( 0.0000000000000000000, 0.1270000000000000018, -1.009999999997669429 ) ) ;
#5417 = CARTESIAN_POINT ( 'NONE',  ( 0.1699999999999468048, 0.06350000000000000089, 0.9616911592296162326 ) ) ;
#5418 = ORIENTED_EDGE ( 'NONE', *, *, #4282, .T. ) ;
#5419 = VECTOR ( 'NONE', #1380, 1000.000000000000000 ) ;
#5420 = CARTESIAN_POINT ( 'NONE',  ( -0.8100000000013096724, 0.0000000000000000000, -0.9503329334421550811 ) ) ;
#5421 = EDGE_CURVE ( 'NONE', #3999, #5490, #410, .T. ) ;
#5422 = PLANE ( 'NONE',  #4614 ) ;
#5423 = PRESENTATION_STYLE_ASSIGNMENT (( #3087 ) ) ;
#5424 = DIRECTION ( 'NONE',  ( 0.0000000000000000000, -1.000000000000000000, 0.0000000000000000000 ) ) ;
#5425 = EDGE_CURVE ( 'NONE', #3756, #3412, #4961, .T. ) ;
#5426 = CARTESIAN_POINT ( 'NONE',  ( -0.9683780866076574512, 0.06350000000000000089, -0.8599999999994167865 ) ) ;
#5427 = AXIS2_PLACEMENT_3D ( 'NONE', #661, #2504, #4340 ) ;
#5428 = DIRECTION ( 'NONE',  ( -0.0000000000000000000, -1.000000000000000000, -0.0000000000000000000 ) ) ;
#5429 = LINE ( 'NONE', #4642, #2839 ) ;
#5430 = PRODUCT_DEFINITION_CONTEXT ( 'detailed design', #2671, 'design' ) ;
#5431 = EDGE_LOOP ( 'NONE', ( #5475, #2545, #4338, #4230, #2198, #5597, #290, #857 ) ) ;
#5432 = ORIENTED_EDGE ( 'NONE', *, *, #868, .T. ) ;
#5433 = CARTESIAN_POINT ( 'NONE',  ( 0.4797817083846136477, 0.06350000000000000089, -0.9503329334420737018 ) ) ;
#5434 = CARTESIAN_POINT ( 'NONE',  ( -0.7999999999990237143, 0.0000000000000000000, 1.010000000001222142 ) ) ;
#5435 = PRESENTATION_STYLE_ASSIGNMENT (( #5850 ) ) ;
#5436 = AXIS2_PLACEMENT_3D ( 'NONE', #5089, #4561, #3713 ) ;
#5437 = ORIENTED_EDGE ( 'NONE', *, *, #279, .F. ) ;
#5438 = VERTEX_POINT ( 'NONE', #2734 ) ;
#5439 = EDGE_LOOP ( 'NONE', ( #383, #3614, #2072, #1626 ) ) ;
#5440 = EDGE_CURVE ( 'NONE', #1564, #3350, #5495, .T. ) ;
#5441 = LINE ( 'NONE', #2681, #1088 ) ;
#5442 = AXIS2_PLACEMENT_3D ( 'NONE', #4968, #22, #417 ) ;
#5443 = CARTESIAN_POINT ( 'NONE',  ( 0.8000000000016882495, 0.1270000000000000018, 1.010000000001208820 ) ) ;
#5444 = CARTESIAN_POINT ( 'NONE',  ( 0.8080666877865554376, 0.0000000000000000000, -0.9994467618417947063 ) ) ;
#5445 = LINE ( 'NONE', #3303, #885 ) ;
#5446 = ORIENTED_EDGE ( 'NONE', *, *, #2924, .T. ) ;
#5447 = DIRECTION ( 'NONE',  ( -0.0000000000000000000, -1.000000000000000000, -0.0000000000000000000 ) ) ;
#5448 = DIRECTION ( 'NONE',  ( 1.000000000000000000, 0.0000000000000000000, 0.0000000000000000000 ) ) ;
#5449 = DIRECTION ( 'NONE',  ( 0.0000000000000000000, 0.0000000000000000000, 1.000000000000000000 ) ) ;
#5450 = PLANE ( 'NONE',  #2786 ) ;
#5451 = DIRECTION ( 'NONE',  ( -0.0000000000000000000, 1.000000000000000000, 1.745740669421566678E-14 ) ) ;
#5452 = VECTOR ( 'NONE', #1343, 1000.000000000000000 ) ;
#5453 = DIRECTION ( 'NONE',  ( 1.000000000000000000, 0.0000000000000000000, 0.0000000000000000000 ) ) ;
#5454 = LINE ( 'NONE', #5036, #160 ) ;
#5455 = STYLED_ITEM ( 'NONE', ( #2966 ), #4284 ) ;
#5456 = VECTOR ( 'NONE', #2794, 1000.000000000000000 ) ;
#5457 = VECTOR ( 'NONE', #1413, 1000.000000000000000 ) ;
#5458 = ADVANCED_FACE ( 'NONE', ( #354 ), #5519, .F. ) ;
#5459 = CARTESIAN_POINT ( 'NONE',  ( 0.9741903303925880664, 0.0000000000000000000, 0.7500000000000284217 ) ) ;
#5460 = AXIS2_PLACEMENT_3D ( 'NONE', #4283, #2023, #152 ) ;
#5461 = EDGE_CURVE ( 'NONE', #4194, #884, #556, .T. ) ;
#5462 = VERTEX_POINT ( 'NONE', #4997 ) ;
#5463 = ORIENTED_EDGE ( 'NONE', *, *, #2739, .F. ) ;
#5464 =( GEOMETRIC_REPRESENTATION_CONTEXT ( 3 ) GLOBAL_UNCERTAINTY_ASSIGNED_CONTEXT ( ( #2415 ) ) GLOBAL_UNIT_ASSIGNED_CONTEXT ( ( #631, #91, #2470 ) ) REPRESENTATION_CONTEXT ( 'NONE', 'WORKASPACE' ) );
#5465 = PLANE ( 'NONE',  #5928 ) ;
#5466 = DIRECTION ( 'NONE',  ( -0.0000000000000000000, -1.000000000000000000, -0.0000000000000000000 ) ) ;
#5467 = AXIS2_PLACEMENT_3D ( 'NONE', #5577, #4236, #1860 ) ;
#5468 = ORIENTED_EDGE ( 'NONE', *, *, #3259, .T. ) ;
#5469 = VERTEX_POINT ( 'NONE', #1856 ) ;
#5470 = ORIENTED_EDGE ( 'NONE', *, *, #1992, .T. ) ;
#5471 = CARTESIAN_POINT ( 'NONE',  ( -0.4999999999970583531, 0.1270000000000000018, 1.010000000001222142 ) ) ;
#5472 = VECTOR ( 'NONE', #1068, 1000.000000000000000 ) ;
#5473 = PLANE ( 'NONE',  #1804 ) ;
#5474 = SURFACE_STYLE_USAGE ( .BOTH. , #4040 ) ;
#5475 = ORIENTED_EDGE ( 'NONE', *, *, #2964, .T. ) ;
#5476 = LINE ( 'NONE', #3108, #2972 ) ;
#5477 = VECTOR ( 'NONE', #3096, 1000.000000000000000 ) ;
#5478 = CARTESIAN_POINT ( 'NONE',  ( -1.000000000001222134, 0.06350000000000000089, -0.06999999999734995981 ) ) ;
#5479 = ADVANCED_FACE ( 'NONE', ( #1360 ), #5473, .F. ) ;
#5480 = DIRECTION ( 'NONE',  ( -0.0000000000000000000, -1.000000000000000000, -0.0000000000000000000 ) ) ;
#5481 = CYLINDRICAL_SURFACE ( 'NONE', #944, 0.04999999999924888833 ) ;
#5482 = DIRECTION ( 'NONE',  ( 1.000000000000000000, 0.0000000000000000000, 0.0000000000000000000 ) ) ;
#5483 = LINE ( 'NONE', #1894, #1986 ) ;
#5484 = PLANE ( 'NONE',  #4801 ) ;
#5485 = ORIENTED_EDGE ( 'NONE', *, *, #498, .T. ) ;
#5486 = FACE_OUTER_BOUND ( 'NONE', #2659, .T. ) ;
#5487 = LINE ( 'NONE', #4951, #4692 ) ;
#5488 = EDGE_CURVE ( 'NONE', #4414, #2962, #2190, .T. ) ;
#5489 = FILL_AREA_STYLE ('',( #2391 ) ) ;
#5490 = VERTEX_POINT ( 'NONE', #3584 ) ;
#5491 = ORIENTED_EDGE ( 'NONE', *, *, #1155, .F. ) ;
#5492 = ORIENTED_EDGE ( 'NONE', *, *, #1867, .F. ) ;
#5493 = CARTESIAN_POINT ( 'NONE',  ( 0.4776969600710501140, 0.0000000000000000000, -1.009999999997669429 ) ) ;
#5494 = ADVANCED_FACE ( 'NONE', ( #1831 ), #4037, .F. ) ;
#5495 = LINE ( 'NONE', #3616, #4687 ) ;
#5496 = SURFACE_STYLE_FILL_AREA ( #3675 ) ;
#5497 = ADVANCED_FACE ( 'NONE', ( #3219 ), #5411, .F. ) ;
#5498 = FACE_OUTER_BOUND ( 'NONE', #5439, .T. ) ;
#5499 = ORIENTED_EDGE ( 'NONE', *, *, #4597, .F. ) ;
#5500 = CARTESIAN_POINT ( 'NONE',  ( -0.1702182916155679238, 0.06350000000000000089, -0.9503329334420860253 ) ) ;
#5501 = CARTESIAN_POINT ( 'NONE',  ( -0.1700000000006696155, 0.0000000000000000000, 0.9850000000017899993 ) ) ;
#5502 = VECTOR ( 'NONE', #3331, 1000.000000000000000 ) ;
#5503 = LINE ( 'NONE', #3228, #360 ) ;
#5504 = FACE_OUTER_BOUND ( 'NONE', #1388, .T. ) ;
#5505 = CARTESIAN_POINT ( 'NONE',  ( -0.1700000000006696155, 0.06350000000000000089, 0.9616911592296162326 ) ) ;
#5506 =( GEOMETRIC_REPRESENTATION_CONTEXT ( 3 ) GLOBAL_UNCERTAINTY_ASSIGNED_CONTEXT ( ( #5239 ) ) GLOBAL_UNIT_ASSIGNED_CONTEXT ( ( #5658, #1962, #3840 ) ) REPRESENTATION_CONTEXT ( 'NONE', 'WORKASPACE' ) );
#5507 = DIRECTION ( 'NONE',  ( -0.0000000000000000000, -1.000000000000000000, -0.0000000000000000000 ) ) ;
#5508 = DIRECTION ( 'NONE',  ( -0.0000000000000000000, -0.0000000000000000000, -1.000000000000000000 ) ) ;
#5509 = EDGE_CURVE ( 'NONE', #321, #1519, #2090, .T. ) ;
#5510 = VECTOR ( 'NONE', #1391, 1000.000000000000000 ) ;
#5511 = DIRECTION ( 'NONE',  ( 1.000000000000000000, -0.0000000000000000000, 0.0000000000000000000 ) ) ;
#5512 = ORIENTED_EDGE ( 'NONE', *, *, #3274, .T. ) ;
#5513 = CARTESIAN_POINT ( 'NONE',  ( 0.6473668145331036294, -0.08000000000002094325, -1.334355852750886973 ) ) ;
#5514 = DIRECTION ( 'NONE',  ( 1.000000000000000000, -0.0000000000000000000, 0.0000000000000000000 ) ) ;
#5515 = LINE ( 'NONE', #5016, #3782 ) ;
#5516 = EDGE_LOOP ( 'NONE', ( #4323, #1637, #831, #1038 ) ) ;
#5517 = ORIENTED_EDGE ( 'NONE', *, *, #1052, .F. ) ;
#5518 = VERTEX_POINT ( 'NONE', #4548 ) ;
#5519 = CYLINDRICAL_SURFACE ( 'NONE', #1407, 0.02727272727272723671 ) ;
#5520 = AXIS2_PLACEMENT_3D ( 'NONE', #1687, #1139, #3930 ) ;
#5521 =( NAMED_UNIT ( * ) SI_UNIT ( $, .STERADIAN. ) SOLID_ANGLE_UNIT ( ) );
#5522 = ADVANCED_FACE ( 'NONE', ( #5945 ), #2253, .F. ) ;
#5523 = ORIENTED_EDGE ( 'NONE', *, *, #615, .T. ) ;
#5524 = CARTESIAN_POINT ( 'NONE',  ( -0.4999999999997228883, 0.06350000000000000089, -0.9503329334421550811 ) ) ;
#5525 = CARTESIAN_POINT ( 'NONE',  ( 0.8099999999976695841, 0.06350000000000000089, 0.9616911592296162326 ) ) ;
#5526 = EDGE_CURVE ( 'NONE', #2586, #3356, #3165, .T. ) ;
#5527 = AXIS2_PLACEMENT_3D ( 'NONE', #1481, #1973, #5109 ) ;
#5528 = CARTESIAN_POINT ( 'NONE',  ( -0.4999999999997228883, 0.1270000000000000018, -1.009999999997705400 ) ) ;
#5529 = DIRECTION ( 'NONE',  ( -0.7071067811865474617, -0.0000000000000000000, 0.7071067811865474617 ) ) ;
#5530 = LINE ( 'NONE', #3312, #5237 ) ;
#5531 = DIRECTION ( 'NONE',  ( -0.0000000000000000000, -1.000000000000000000, -0.0000000000000000000 ) ) ;
#5532 = VECTOR ( 'NONE', #4312, 1000.000000000000000 ) ;
#5533 = APPLICATION_CONTEXT ( 'automotive_design' ) ;
#5534 = SURFACE_STYLE_FILL_AREA ( #3748 ) ;
#5535 = PLANE ( 'NONE',  #219 ) ;
#5536 = UNCERTAINTY_MEASURE_WITH_UNIT (LENGTH_MEASURE( 1.000000000000000082E-05 ), #3746, 'distance_accuracy_value', 'NONE');
#5537 = VECTOR ( 'NONE', #1838, 1000.000000000000000 ) ;
#5538 = ORIENTED_EDGE ( 'NONE', *, *, #1850, .F. ) ;
#5539 = CYLINDRICAL_SURFACE ( 'NONE', #937, 0.009818181818181800566 ) ;
#5540 = AXIS2_PLACEMENT_3D ( 'NONE', #2332, #5514, #973 ) ;
#5541 = CARTESIAN_POINT ( 'NONE',  ( -1.000000000001222134, 0.06350000000000000089, -0.06999999999734995981 ) ) ;
#5542 = VECTOR ( 'NONE', #5791, 1000.000000000000000 ) ;
#5543 = ORIENTED_EDGE ( 'NONE', *, *, #5197, .T. ) ;
#5544 = ORIENTED_EDGE ( 'NONE', *, *, #5622, .F. ) ;
#5545 = ORIENTED_EDGE ( 'NONE', *, *, #2149, .F. ) ;
#5546 = CIRCLE ( 'NONE', #2967, 0.05000000000182788090 ) ;
#5547 = CARTESIAN_POINT ( 'NONE',  ( -0.2199999999989786514, 0.06350000000000000089, 0.9849999999964609287 ) ) ;
#5548 = VECTOR ( 'NONE', #2318, 1000.000000000000000 ) ;
#5549 = CARTESIAN_POINT ( 'NONE',  ( 0.0000000000000000000, 0.1270000000000000018, -0.4499999999998394173 ) ) ;
#5550 = EDGE_LOOP ( 'NONE', ( #2041, #2083, #2971, #3005, #3910, #3198 ) ) ;
#5551 = FACE_OUTER_BOUND ( 'NONE', #1117, .T. ) ;
#5552 = CARTESIAN_POINT ( 'NONE',  ( 0.1500000000005385914, 0.1270000000000000018, -0.7500000000000284217 ) ) ;
#5553 = MECHANICAL_DESIGN_GEOMETRIC_PRESENTATION_REPRESENTATION (  '', ( #1820 ), #5178 ) ;
#5554 = PRODUCT_DEFINITION_SHAPE ( 'NONE', 'NONE',  #5950 ) ;
#5555 = LINE ( 'NONE', #3280, #5732 ) ;
#5556 = FACE_OUTER_BOUND ( 'NONE', #4782, .T. ) ;
#5557 = ADVANCED_FACE ( 'NONE', ( #4605 ), #4094, .T. ) ;
#5558 = DIRECTION ( 'NONE',  ( -0.0000000000000000000, -0.0000000000000000000, -1.000000000000000000 ) ) ;
#5559 =( GEOMETRIC_REPRESENTATION_CONTEXT ( 3 ) GLOBAL_UNCERTAINTY_ASSIGNED_CONTEXT ( ( #3632 ) ) GLOBAL_UNIT_ASSIGNED_CONTEXT ( ( #3289, #2300, #63 ) ) REPRESENTATION_CONTEXT ( 'NONE', 'WORKASPACE' ) );
#5560 = DIRECTION ( 'NONE',  ( 0.0000000000000000000, -1.000000000000000000, 0.0000000000000000000 ) ) ;
#5561 = ORIENTED_EDGE ( 'NONE', *, *, #4984, .T. ) ;
#5562 = CARTESIAN_POINT ( 'NONE',  ( 0.5000000000006110668, 0.06350000000000000089, 1.010000000001208820 ) ) ;
#5563 = EDGE_CURVE ( 'NONE', #3906, #1826, #4150, .T. ) ;
#5564 = CARTESIAN_POINT ( 'NONE',  ( -0.4800000000002674905, 0.06350000000000000089, -0.9549999999994245314 ) ) ;
#5565 = FILL_AREA_STYLE ('',( #882 ) ) ;
#5566 = PLANE ( 'NONE',  #44 ) ;
#5567 = ORIENTED_EDGE ( 'NONE', *, *, #3290, .F. ) ;
#5568 = LINE ( 'NONE', #98, #2082 ) ;
#5569 = EDGE_CURVE ( 'NONE', #1090, #3322, #531, .T. ) ;
#5570 = ORIENTED_EDGE ( 'NONE', *, *, #51, .F. ) ;
#5571 = EDGE_LOOP ( 'NONE', ( #4041, #2625, #479, #1057, #2605, #4341, #2814, #1084, #3487, #217, #3029, #4462, #3664 ) ) ;
#5572 = EDGE_LOOP ( 'NONE', ( #124, #564, #3037, #3544 ) ) ;
#5573 = EDGE_CURVE ( 'NONE', #5807, #225, #1896, .T. ) ;
#5574 = PLANE ( 'NONE',  #1212 ) ;
#5575 = PRESENTATION_STYLE_ASSIGNMENT (( #5132 ) ) ;
#5576 = VERTEX_POINT ( 'NONE', #5161 ) ;
#5577 = CARTESIAN_POINT ( 'NONE',  ( 0.6473668145331036294, 0.01999999999997906230, -1.334355852750885196 ) ) ;
#5578 = CARTESIAN_POINT ( 'NONE',  ( -0.9683780866076574512, 0.0000000000000000000, -0.06999999999734995981 ) ) ;
#5579 = CARTESIAN_POINT ( 'NONE',  ( 0.4799999999995918643, 0.06350000000000000089, 0.9616911592296162326 ) ) ;
#5580 = LINE ( 'NONE', #2856, #2780 ) ;
#5581 = CARTESIAN_POINT ( 'NONE',  ( 0.1723030399283231873, 0.06350000000000000089, -1.009999999997669429 ) ) ;
#5582 = ORIENTED_EDGE ( 'NONE', *, *, #1319, .T. ) ;
#5583 = AXIS2_PLACEMENT_3D ( 'NONE', #2822, #4682, #2795 ) ;
#5584 = CARTESIAN_POINT ( 'NONE',  ( 0.9999999999976694198, 0.06350000000000000089, -0.8599999999976404297 ) ) ;
#5585 = EDGE_CURVE ( 'NONE', #2879, #5438, #4628, .T. ) ;
#5586 = DIRECTION ( 'NONE',  ( 0.0000000000000000000, -1.000000000000000000, 0.0000000000000000000 ) ) ;
#5587 = AXIS2_PLACEMENT_3D ( 'NONE', #5541, #1385, #4648 ) ;
#5588 = LINE ( 'NONE', #2384, #5644 ) ;
#5589 = EDGE_CURVE ( 'NONE', #830, #3727, #502, .T. ) ;
#5590 = FACE_OUTER_BOUND ( 'NONE', #5571, .T. ) ;
#5591 = VERTEX_POINT ( 'NONE', #3275 ) ;
#5592 = ADVANCED_FACE ( 'NONE', ( #4177 ), #5574, .T. ) ;
#5593 = VECTOR ( 'NONE', #5097, 1000.000000000000000 ) ;
#5594 = DIRECTION ( 'NONE',  ( -0.0000000000000000000, -0.0000000000000000000, -1.000000000000000000 ) ) ;
#5595 = ORIENTED_EDGE ( 'NONE', *, *, #1254, .F. ) ;
#5596 = EDGE_LOOP ( 'NONE', ( #1741, #376, #1784, #2175, #3463, #5253, #5512 ) ) ;
#5597 = ORIENTED_EDGE ( 'NONE', *, *, #2564, .T. ) ;
#5598 = EDGE_CURVE ( 'NONE', #4918, #132, #3301, .T. ) ;
#5599 = PLANE ( 'NONE',  #4122 ) ;
#5600 = ORIENTED_EDGE ( 'NONE', *, *, #80, .T. ) ;
#5601 = LINE ( 'NONE', #77, #1260 ) ;
#5602 = CIRCLE ( 'NONE', #5427, 0.04999999999815178675 ) ;
#5603 = ORIENTED_EDGE ( 'NONE', *, *, #2365, .F. ) ;
#5604 = EDGE_CURVE ( 'NONE', #5469, #574, #934, .T. ) ;
#5605 = LINE ( 'NONE', #5108, #5840 ) ;
#5606 = PLANE ( 'NONE',  #3613 ) ;
#5607 = AXIS2_PLACEMENT_3D ( 'NONE', #1396, #3763, #1065 ) ;
#5608 = FACE_OUTER_BOUND ( 'NONE', #492, .T. ) ;
#5609 = CARTESIAN_POINT ( 'NONE',  ( 0.9741903303925880664, 0.06350000000000000089, 0.8600000000011931434 ) ) ;
#5610 = FACE_OUTER_BOUND ( 'NONE', #5741, .T. ) ;
#5611 = PRESENTATION_LAYER_ASSIGNMENT (  '', '', ( #532 ) ) ;
#5612 = CARTESIAN_POINT ( 'NONE',  ( 0.0000000000000000000, 0.1270000000000000018, 1.010000000001222142 ) ) ;
#5613 = ORIENTED_EDGE ( 'NONE', *, *, #495, .F. ) ;
#5614 = DIRECTION ( 'NONE',  ( -0.0000000000000000000, 1.000000000000000000, 1.745740669421566678E-14 ) ) ;
#5615 = CARTESIAN_POINT ( 'NONE',  ( 1.998999999999999888, 0.5999999999999999778, 0.0000000000000000000 ) ) ;
#5616 =( NAMED_UNIT ( * ) PLANE_ANGLE_UNIT ( ) SI_UNIT ( $, .RADIAN. ) );
#5617 = DIRECTION ( 'NONE',  ( 0.0000000000000000000, 0.0000000000000000000, 1.000000000000000000 ) ) ;
#5618 = EDGE_LOOP ( 'NONE', ( #3783, #2996, #3886, #4286, #611, #2454, #873, #5600, #706, #1731, #2975, #2584 ) ) ;
#5619 = CARTESIAN_POINT ( 'NONE',  ( 0.8000000000016882495, 0.06350000000000000089, 1.010000000001208820 ) ) ;
#5620 = EDGE_CURVE ( 'NONE', #2912, #1644, #586, .T. ) ;
#5621 = PRESENTATION_STYLE_ASSIGNMENT (( #582 ) ) ;
#5622 = EDGE_CURVE ( 'NONE', #1636, #5693, #102, .T. ) ;
#5623 = DIRECTION ( 'NONE',  ( -0.0000000000000000000, 1.000000000000000000, 1.745740669421566678E-14 ) ) ;
#5624 = VECTOR ( 'NONE', #5735, 1000.000000000000000 ) ;
#5625 = ORIENTED_EDGE ( 'NONE', *, *, #4011, .T. ) ;
#5626 = ORIENTED_EDGE ( 'NONE', *, *, #1813, .T. ) ;
#5627 = VERTEX_POINT ( 'NONE', #43 ) ;
#5628 = CLOSED_SHELL ( 'NONE', ( #3003, #5497, #794, #4791, #3493, #5091, #5666 ) ) ;
#5629 = VECTOR ( 'NONE', #486, 1000.000000000000000 ) ;
#5630 = EDGE_CURVE ( 'NONE', #2486, #2059, #5163, .T. ) ;
#5631 = FACE_OUTER_BOUND ( 'NONE', #5390, .T. ) ;
#5632 = VECTOR ( 'NONE', #2882, 1000.000000000000000 ) ;
#5633 = DIRECTION ( 'NONE',  ( 0.0000000000000000000, -0.0000000000000000000, 1.000000000000000000 ) ) ;
#5634 = EDGE_CURVE ( 'NONE', #704, #4955, #2396, .T. ) ;
#5635 = ORIENTED_EDGE ( 'NONE', *, *, #460, .T. ) ;
#5636 = FACE_OUTER_BOUND ( 'NONE', #196, .T. ) ;
#5637 = STYLED_ITEM ( 'NONE', ( #308 ), #4372 ) ;
#5638 = DIRECTION ( 'NONE',  ( 0.0000000000000000000, 0.0000000000000000000, 1.000000000000000000 ) ) ;
#5639 = ADVANCED_FACE ( 'NONE', ( #1937 ), #3785, .F. ) ;
#5640 = VECTOR ( 'NONE', #4568, 1000.000000000000000 ) ;
#5641 = LINE ( 'NONE', #2916, #3248 ) ;
#5642 = DIRECTION ( 'NONE',  ( 1.000000000000000000, 0.0000000000000000000, -0.0000000000000000000 ) ) ;
#5643 = FACE_OUTER_BOUND ( 'NONE', #674, .T. ) ;
#5644 = VECTOR ( 'NONE', #5262, 1000.000000000000000 ) ;
#5645 = PRODUCT_RELATED_PRODUCT_CATEGORY ( 'part', '', ( #5752 ) ) ;
#5646 = VERTEX_POINT ( 'NONE', #2425 ) ;
#5647 = CARTESIAN_POINT ( 'NONE',  ( 0.8250000000007418066, 0.1270000000000000018, 0.4499999999998394173 ) ) ;
#5648 = CARTESIAN_POINT ( 'NONE',  ( 0.0000000000000000000, 0.1270000000000000018, -0.7500000000000284217 ) ) ;
#5649 = AXIS2_PLACEMENT_3D ( 'NONE', #2773, #4213, #53 ) ;
#5650 = DIRECTION ( 'NONE',  ( -1.000000000000000000, 0.0000000000000000000, 0.0000000000000000000 ) ) ;
#5651 = CARTESIAN_POINT ( 'NONE',  ( 0.9741903303925880664, 0.06350000000000000089, 0.4476725846167539657 ) ) ;
#5652 = DIRECTION ( 'NONE',  ( -0.0000000000000000000, -1.000000000000000000, -0.0000000000000000000 ) ) ;
#5653 = UNCERTAINTY_MEASURE_WITH_UNIT (LENGTH_MEASURE( 1.000000000000000082E-05 ), #2833, 'distance_accuracy_value', 'NONE');
#5654 = EDGE_LOOP ( 'NONE', ( #1732, #1457, #2731, #889 ) ) ;
#5655 = STYLED_ITEM ( 'NONE', ( #1202 ), #694 ) ;
#5656 = CARTESIAN_POINT ( 'NONE',  ( 0.5000000000006110668, 0.06350000000000000089, -0.7500000000000284217 ) ) ;
#5657 =( LENGTH_UNIT ( ) NAMED_UNIT ( * ) SI_UNIT ( .MILLI., .METRE. ) );
#5658 =( LENGTH_UNIT ( ) NAMED_UNIT ( * ) SI_UNIT ( .MILLI., .METRE. ) );
#5659 = ORIENTED_EDGE ( 'NONE', *, *, #2572, .T. ) ;
#5660 = ORIENTED_EDGE ( 'NONE', *, *, #725, .T. ) ;
#5661 = ORIENTED_EDGE ( 'NONE', *, *, #1183, .T. ) ;
#5662 = ADVANCED_FACE ( 'NONE', ( #5631 ), #4680, .T. ) ;
#5663 = CARTESIAN_POINT ( 'NONE',  ( 1.230584742858188863, 0.01999999999996737027, -0.6645376709327034392 ) ) ;
#5664 = CARTESIAN_POINT ( 'NONE',  ( -0.2199999999989786514, 0.06350000000000000089, 0.9849999999964609287 ) ) ;
#5665 = ORIENTED_EDGE ( 'NONE', *, *, #2269, .T. ) ;
#5666 = ADVANCED_FACE ( 'NONE', ( #2819 ), #5599, .F. ) ;
#5667 = CARTESIAN_POINT ( 'NONE',  ( -0.1549999999985729460, 0.1270000000000000018, 0.0000000000000000000 ) ) ;
#5668 = DIRECTION ( 'NONE',  ( -1.000000000000000000, 0.0000000000000000000, -0.0000000000000000000 ) ) ;
#5669 = LINE ( 'NONE', #261, #1131 ) ;
#5670 = FACE_OUTER_BOUND ( 'NONE', #3580, .T. ) ;
#5671 = ORIENTED_EDGE ( 'NONE', *, *, #1115, .F. ) ;
#5672 = LINE ( 'NONE', #1486, #4480 ) ;
#5673 = EDGE_LOOP ( 'NONE', ( #2435, #3359, #526, #257 ) ) ;
#5674 = CARTESIAN_POINT ( 'NONE',  ( 0.8182831063759994361, 0.01999999999997321976, -0.9994467618417942623 ) ) ;
#5675 = CARTESIAN_POINT ( 'NONE',  ( -0.1702182916155679238, 0.06350000000000000089, -0.9503329334420860253 ) ) ;
#5676 = DIRECTION ( 'NONE',  ( -1.000000000000000000, 0.0000000000000000000, 0.0000000000000000000 ) ) ;
#5677 = CARTESIAN_POINT ( 'NONE',  ( 0.0000000000000000000, 0.0000000000000000000, 0.0000000000000000000 ) ) ;
#5678 = VECTOR ( 'NONE', #5228, 1000.000000000000000 ) ;
#5679 = EDGE_CURVE ( 'NONE', #4146, #5066, #3361, .T. ) ;
#5680 = LINE ( 'NONE', #94, #440 ) ;
#5681 = ORIENTED_EDGE ( 'NONE', *, *, #1484, .F. ) ;
#5682 = CARTESIAN_POINT ( 'NONE',  ( 0.8000000000016882495, 0.1270000000000000018, -1.009999999997669429 ) ) ;
#5683 = VECTOR ( 'NONE', #3034, 1000.000000000000000 ) ;
#5684 =( NAMED_UNIT ( * ) PLANE_ANGLE_UNIT ( ) SI_UNIT ( $, .RADIAN. ) );
#5685 = EDGE_LOOP ( 'NONE', ( #156, #2313, #4421, #5942 ) ) ;
#5686 = VERTEX_POINT ( 'NONE', #2908 ) ;
#5687 = COLOUR_RGB ( '',0.8392156862745098200, 0.4705882352941176405, 0.3686274509803921795 ) ;
#5688 = EDGE_LOOP ( 'NONE', ( #1382, #1230, #2387, #284 ) ) ;
#5689 = DIRECTION ( 'NONE',  ( -0.0000000000000000000, -1.000000000000000000, -0.0000000000000000000 ) ) ;
#5690 = ORIENTED_EDGE ( 'NONE', *, *, #279, .T. ) ;
#5691 = CYLINDRICAL_SURFACE ( 'NONE', #4254, 0.009818181818181800566 ) ;
#5692 = ORIENTED_EDGE ( 'NONE', *, *, #1177, .F. ) ;
#5693 = VERTEX_POINT ( 'NONE', #616 ) ;
#5694 = FACE_OUTER_BOUND ( 'NONE', #3189, .T. ) ;
#5695 = LINE ( 'NONE', #3522, #2087 ) ;
#5696 = AXIS2_PLACEMENT_3D ( 'NONE', #5352, #2531, #207 ) ;
#5697 = FACE_OUTER_BOUND ( 'NONE', #2992, .T. ) ;
#5698 = EDGE_CURVE ( 'NONE', #1606, #223, #2456, .T. ) ;
#5699 = FACE_OUTER_BOUND ( 'NONE', #5376, .T. ) ;
#5700 = ORIENTED_EDGE ( 'NONE', *, *, #2475, .T. ) ;
#5701 = CARTESIAN_POINT ( 'NONE',  ( -0.7999999999999118927, 0.06350000000000000089, -0.7500000000000284217 ) ) ;
#5702 = EDGE_CURVE ( 'NONE', #2713, #3160, #3969, .T. ) ;
#5703 = FACE_OUTER_BOUND ( 'NONE', #5618, .T. ) ;
#5704 = ORIENTED_EDGE ( 'NONE', *, *, #5234, .F. ) ;
#5705 = VECTOR ( 'NONE', #2617, 1000.000000000000000 ) ;
#5706 = FILL_AREA_STYLE ('',( #3888 ) ) ;
#5707 = CARTESIAN_POINT ( 'NONE',  ( 1.353521233241100852, 0.0000000000000000000, -1.292355852750885381 ) ) ;
#5708 = DIRECTION ( 'NONE',  ( 0.0000000000000000000, 0.0000000000000000000, 1.000000000000000000 ) ) ;
#5709 = COLOUR_RGB ( '',0.7686274509803920907, 0.7686274509803920907, 0.7686274509803920907 ) ;
#5710 = CARTESIAN_POINT ( 'NONE',  ( -0.1499999999996504130, 0.06350000000000000089, -0.9503329334420860253 ) ) ;
#5711 = VERTEX_POINT ( 'NONE', #221 ) ;
#5712 = DIRECTION ( 'NONE',  ( 0.0000000000000000000, 0.0000000000000000000, 1.000000000000000000 ) ) ;
#5713 = STYLED_ITEM ( 'NONE', ( #4694 ), #3009 ) ;
#5714 =( NAMED_UNIT ( * ) SI_UNIT ( $, .STERADIAN. ) SOLID_ANGLE_UNIT ( ) );
#5715 = VERTEX_POINT ( 'NONE', #4802 ) ;
#5716 = ORIENTED_EDGE ( 'NONE', *, *, #728, .F. ) ;
#5717 = EDGE_LOOP ( 'NONE', ( #1530, #2574, #2844, #2025 ) ) ;
#5718 = ADVANCED_FACE ( 'NONE', ( #3064 ), #3033, .F. ) ;
#5719 = DIRECTION ( 'NONE',  ( -0.0000000000000000000, -1.000000000000000000, -0.0000000000000000000 ) ) ;
#5720 = LINE ( 'NONE', #3363, #3599 ) ;
#5721 = ORIENTED_EDGE ( 'NONE', *, *, #5569, .T. ) ;
#5722 = ORIENTED_EDGE ( 'NONE', *, *, #4647, .F. ) ;
#5723 = ORIENTED_EDGE ( 'NONE', *, *, #2448, .F. ) ;
#5724 = CARTESIAN_POINT ( 'NONE',  ( -1.000000000001222134, 0.06350000000000000089, -0.06999999999734995981 ) ) ;
#5725 = CIRCLE ( 'NONE', #3434, 0.009818181818181800566 ) ;
#5726 = PLANE ( 'NONE',  #5835 ) ;
#5727 = CARTESIAN_POINT ( 'NONE',  ( -0.5624999999995771160, 0.1270000000000000018, -0.5624999999995771160 ) ) ;
#5728 = CYLINDRICAL_SURFACE ( 'NONE', #2133, 0.04999999999993529759 ) ;
#5729 = AXIS2_PLACEMENT_3D ( 'NONE', #4195, #1441, #5100 ) ;
#5730 = ORIENTED_EDGE ( 'NONE', *, *, #3997, .T. ) ;
#5731 = DIRECTION ( 'NONE',  ( -0.0000000000000000000, -1.000000000000000000, -0.0000000000000000000 ) ) ;
#5732 = VECTOR ( 'NONE', #2827, 1000.000000000000000 ) ;
#5733 = PLANE ( 'NONE',  #2942 ) ;
#5734 = ORIENTED_EDGE ( 'NONE', *, *, #4723, .F. ) ;
#5735 = DIRECTION ( 'NONE',  ( -0.0000000000000000000, -1.000000000000000000, -0.0000000000000000000 ) ) ;
#5736 = ADVANCED_FACE ( 'NONE', ( #2548 ), #2151, .F. ) ;
#5737 = DIRECTION ( 'NONE',  ( 0.0000000000000000000, -0.0000000000000000000, 1.000000000000000000 ) ) ;
#5738 = AXIS2_PLACEMENT_3D ( 'NONE', #1114, #2973, #1238 ) ;
#5739 = VECTOR ( 'NONE', #817, 1000.000000000000000 ) ;
#5740 = CARTESIAN_POINT ( 'NONE',  ( -0.4300000000009355783, 0.0000000000000000000, -0.9549999999994245314 ) ) ;
#5741 = EDGE_LOOP ( 'NONE', ( #4359, #2067, #245, #2084, #2478, #4119, #4601, #1237 ) ) ;
#5742 = EDGE_CURVE ( 'NONE', #3756, #3527, #738, .T. ) ;
#5743 = CARTESIAN_POINT ( 'NONE',  ( 0.6386302697678637452, 0.01999999999997898598, -1.329875955455205983 ) ) ;
#5744 = AXIS2_PLACEMENT_3D ( 'NONE', #1127, #170, #5226 ) ;
#5745 = CIRCLE ( 'NONE', #3178, 0.04999999999993518657 ) ;
#5746 = EDGE_CURVE ( 'NONE', #4821, #5212, #5281, .T. ) ;
#5747 = CARTESIAN_POINT ( 'NONE',  ( 0.9706851247026639928, 0.0000000000000000000, -0.9538181782746908421 ) ) ;
#5748 = VECTOR ( 'NONE', #2805, 1000.000000000000000 ) ;
#5749 = ORIENTED_EDGE ( 'NONE', *, *, #273, .F. ) ;
#5750 = ORIENTED_EDGE ( 'NONE', *, *, #2200, .T. ) ;
#5751 = ORIENTED_EDGE ( 'NONE', *, *, #4011, .F. ) ;
#5752 = PRODUCT ( 'SOT1118D LF', 'SOT1118D LF', '', ( #4495 ) ) ;
#5753 = EDGE_CURVE ( 'NONE', #2987, #3028, #2517, .T. ) ;
#5754 = DIRECTION ( 'NONE',  ( -0.0000000000000000000, 1.000000000000000000, 1.745740669421566678E-14 ) ) ;
#5755 = LINE ( 'NONE', #5164, #3298 ) ;
#5756 = ORIENTED_EDGE ( 'NONE', *, *, #4762, .T. ) ;
#5757 = ORIENTED_EDGE ( 'NONE', *, *, #568, .T. ) ;
#5758 = ORIENTED_EDGE ( 'NONE', *, *, #4210, .T. ) ;
#5759 = EDGE_CURVE ( 'NONE', #5409, #4894, #4830, .T. ) ;
#5760 = CARTESIAN_POINT ( 'NONE',  ( -0.9683780866076574512, 0.06350000000000000089, -0.4534848284016845810 ) ) ;
#5761 = CARTESIAN_POINT ( 'NONE',  ( -0.4776969600710501140, 0.06350000000000000089, 1.000000000001222134 ) ) ;
#5762 =( NAMED_UNIT ( * ) PLANE_ANGLE_UNIT ( ) SI_UNIT ( $, .RADIAN. ) );
#5763 = PLANE ( 'NONE',  #3869 ) ;
#5764 = LINE ( 'NONE', #3495, #4019 ) ;
#5765 = CARTESIAN_POINT ( 'NONE',  ( 0.0000000000000000000, 0.5999999999999999778, -1.998999999999999888 ) ) ;
#5766 = FACE_OUTER_BOUND ( 'NONE', #4539, .T. ) ;
#5767 = ORIENTED_EDGE ( 'NONE', *, *, #717, .F. ) ;
#5768 = CARTESIAN_POINT ( 'NONE',  ( 0.0000000000000000000, 0.1270000000000000018, -0.4499999999998394173 ) ) ;
#5769 = APPLICATION_PROTOCOL_DEFINITION ( 'draft international standard', 'automotive_design', 1998, #2974 ) ;
#5770 = CARTESIAN_POINT ( 'NONE',  ( 0.1550000000012374812, 0.1270000000000000018, 0.0000000000000000000 ) ) ;
#5771 = EDGE_CURVE ( 'NONE', #1826, #1292, #4889, .T. ) ;
#5772 = CARTESIAN_POINT ( 'NONE',  ( 0.9999999999976694198, 0.06350000000000000089, -0.7500000000000284217 ) ) ;
#5773 = ORIENTED_EDGE ( 'NONE', *, *, #1358, .T. ) ;
#5774 = FACE_OUTER_BOUND ( 'NONE', #2704, .T. ) ;
#5775 = DIRECTION ( 'NONE',  ( 0.0000000000000000000, 0.0000000000000000000, 1.000000000000000000 ) ) ;
#5776 = AXIS2_PLACEMENT_3D ( 'NONE', #2528, #2949, #4780 ) ;
#5777 = EDGE_CURVE ( 'NONE', #3412, #236, #3995, .T. ) ;
#5778 = LINE ( 'NONE', #3476, #3948 ) ;
#5779 = EDGE_CURVE ( 'NONE', #5066, #830, #645, .T. ) ;
#5780 = ORIENTED_EDGE ( 'NONE', *, *, #512, .F. ) ;
#5781 = EDGE_LOOP ( 'NONE', ( #4000, #3960, #4865, #1073, #3297, #3551 ) ) ;
#5782 = CARTESIAN_POINT ( 'NONE',  ( -0.8249999999989654498, 0.1270000000000000018, 0.4499999999998394173 ) ) ;
#5783 = PLANE ( 'NONE',  #2237 ) ;
#5784 = AXIS2_PLACEMENT_3D ( 'NONE', #673, #1527, #2484 ) ;
#5785 = EDGE_LOOP ( 'NONE', ( #269, #3507, #2494, #5795 ) ) ;
#5786 = ADVANCED_FACE ( 'NONE', ( #3416 ), #4387, .F. ) ;
#5787 = ORIENTED_EDGE ( 'NONE', *, *, #4070, .F. ) ;
#5788 = ORIENTED_EDGE ( 'NONE', *, *, #3290, .T. ) ;
#5789 = LINE ( 'NONE', #1209, #3319 ) ;
#5790 = VECTOR ( 'NONE', #390, 1000.000000000000000 ) ;
#5791 = DIRECTION ( 'NONE',  ( -0.0000000000000000000, -0.0000000000000000000, 1.000000000000000000 ) ) ;
#5792 = CARTESIAN_POINT ( 'NONE',  ( 1.069884869604737387, 0.0000000000000000000, -0.9994467618417947063 ) ) ;
#5793 = CARTESIAN_POINT ( 'NONE',  ( 1.116452242106540815, 0.01999999999996745700, -0.6695480572325842594 ) ) ;
#5794 = DIRECTION ( 'NONE',  ( 0.0000000000000000000, 0.0000000000000000000, 1.000000000000000000 ) ) ;
#5795 = ORIENTED_EDGE ( 'NONE', *, *, #5563, .T. ) ;
#5796 = FACE_OUTER_BOUND ( 'NONE', #2532, .T. ) ;
#5797 = FACE_OUTER_BOUND ( 'NONE', #1529, .T. ) ;
#5798 = VERTEX_POINT ( 'NONE', #4416 ) ;
#5799 = CARTESIAN_POINT ( 'NONE',  ( -0.4776969600707364760, 0.06350000000000000089, -0.9999999999977053911 ) ) ;
#5800 =( NAMED_UNIT ( * ) PLANE_ANGLE_UNIT ( ) SI_UNIT ( $, .RADIAN. ) );
#5801 = VECTOR ( 'NONE', #3459, 1000.000000000000000 ) ;
#5802 = LINE ( 'NONE', #4851, #5054 ) ;
#5803 = ORIENTED_EDGE ( 'NONE', *, *, #4920, .F. ) ;
#5804 = FACE_OUTER_BOUND ( 'NONE', #1503, .T. ) ;
#5805 = DIRECTION ( 'NONE',  ( -1.000000000000000000, 0.0000000000000000000, 0.0000000000000000000 ) ) ;
#5806 = VERTEX_POINT ( 'NONE', #4447 ) ;
#5807 = VERTEX_POINT ( 'NONE', #5248 ) ;
#5808 = VECTOR ( 'NONE', #5397, 1000.000000000000000 ) ;
#5809 = EDGE_CURVE ( 'NONE', #1978, #559, #5337, .T. ) ;
#5810 = CARTESIAN_POINT ( 'NONE',  ( 0.8099999999976695841, 0.0000000000000000000, 0.9616911592296162326 ) ) ;
#5811 = CARTESIAN_POINT ( 'NONE',  ( -0.4999999999970583531, 0.0000000000000000000, 1.010000000001222142 ) ) ;
#5812 = ADVANCED_FACE ( 'NONE', ( #708 ), #287, .F. ) ;
#5813 = DIRECTION ( 'NONE',  ( -0.0000000000000000000, 1.000000000000000000, 1.745740669421566678E-14 ) ) ;
#5814 = EDGE_LOOP ( 'NONE', ( #5468, #5081, #213, #3101 ) ) ;
#5815 = VERTEX_POINT ( 'NONE', #5782 ) ;
#5816 = VERTEX_POINT ( 'NONE', #2089 ) ;
#5817 = DIRECTION ( 'NONE',  ( 0.0000000000000000000, 0.0000000000000000000, -1.000000000000000000 ) ) ;
#5818 = EDGE_CURVE ( 'NONE', #2953, #1275, #2490, .T. ) ;
#5819 = MECHANICAL_DESIGN_GEOMETRIC_PRESENTATION_REPRESENTATION (  '', ( #3251 ), #3238 ) ;
#5820 = DIRECTION ( 'NONE',  ( 1.000000000000000000, 0.0000000000000000000, 0.0000000000000000000 ) ) ;
#5821 = FILL_AREA_STYLE_COLOUR ( '', #3451 ) ;
#5822 = ADVANCED_FACE ( 'NONE', ( #775 ), #4862, .F. ) ;
#5823 = FACE_OUTER_BOUND ( 'NONE', #5845, .T. ) ;
#5824 = DIRECTION ( 'NONE',  ( 0.0000000000000000000, 0.0000000000000000000, -1.000000000000000000 ) ) ;
#5825 = EDGE_LOOP ( 'NONE', ( #3053, #1677, #1410, #1590 ) ) ;
#5826 = DIRECTION ( 'NONE',  ( -0.0000000000000000000, -1.000000000000000000, -0.0000000000000000000 ) ) ;
#5827 = VECTOR ( 'NONE', #5586, 1000.000000000000000 ) ;
#5828 = CARTESIAN_POINT ( 'NONE',  ( 0.0000000000000000000, 0.1270000000000000018, 0.7500000000000284217 ) ) ;
#5829 = ORIENTED_EDGE ( 'NONE', *, *, #1663, .F. ) ;
#5830 = CARTESIAN_POINT ( 'NONE',  ( 0.0000000000000000000, 0.5999999999999999778, 0.0000000000000000000 ) ) ;
#5831 = CARTESIAN_POINT ( 'NONE',  ( 0.0000000000000000000, 0.0000000000000000000, 0.0000000000000000000 ) ) ;
#5832 = MECHANICAL_DESIGN_GEOMETRIC_PRESENTATION_REPRESENTATION (  '', ( #3340 ), #2865 ) ;
#5833 = PLANE ( 'NONE',  #4036 ) ;
#5834 = CARTESIAN_POINT ( 'NONE',  ( 0.6473668145331037405, -0.08000000000003280876, -0.6547194891145233786 ) ) ;
#5835 = AXIS2_PLACEMENT_3D ( 'NONE', #1244, #2557, #3975 ) ;
#5836 = CARTESIAN_POINT ( 'NONE',  ( 0.8000000000016882495, 0.06350000000000000089, -0.0000000000000000000 ) ) ;
#5837 = CARTESIAN_POINT ( 'NONE',  ( 0.6473668145331036294, -0.08000000000002094325, -1.334355852750886973 ) ) ;
#5838 = EDGE_CURVE ( 'NONE', #2364, #4715, #1124, .T. ) ;
#5839 = AXIS2_PLACEMENT_3D ( 'NONE', #5811, #3870, #1634 ) ;
#5840 = VECTOR ( 'NONE', #1365, 1000.000000000000000 ) ;
#5841 = SURFACE_SIDE_STYLE ('',( #3660 ) ) ;
#5842 = DIRECTION ( 'NONE',  ( 0.7071067811865475727, -0.0000000000000000000, 0.7071067811865475727 ) ) ;
#5843 =( GEOMETRIC_REPRESENTATION_CONTEXT ( 3 ) GLOBAL_UNCERTAINTY_ASSIGNED_CONTEXT ( ( #5653 ) ) GLOBAL_UNIT_ASSIGNED_CONTEXT ( ( #2833, #5177, #1224 ) ) REPRESENTATION_CONTEXT ( 'NONE', 'WORKASPACE' ) );
#5844 = APPLICATION_CONTEXT ( 'automotive_design' ) ;
#5845 = EDGE_LOOP ( 'NONE', ( #1160, #3992, #1423, #4030 ) ) ;
#5846 = EDGE_LOOP ( 'NONE', ( #4174, #5292, #2503, #1915 ) ) ;
#5847 = AXIS2_PLACEMENT_3D ( 'NONE', #355, #1767, #388 ) ;
#5848 = SURFACE_STYLE_FILL_AREA ( #469 ) ;
#5849 = VECTOR ( 'NONE', #5428, 1000.000000000000000 ) ;
#5850 = SURFACE_STYLE_USAGE ( .BOTH. , #4542 ) ;
#5851 = ORIENTED_EDGE ( 'NONE', *, *, #3801, .T. ) ;
#5852 = ORIENTED_EDGE ( 'NONE', *, *, #1744, .F. ) ;
#5853 = ORIENTED_EDGE ( 'NONE', *, *, #232, .T. ) ;
#5854 = CARTESIAN_POINT ( 'NONE',  ( -0.4999999999970583531, 0.06350000000000000089, 1.010000000001222142 ) ) ;
#5855 = EDGE_CURVE ( 'NONE', #3412, #2560, #3125, .T. ) ;
#5856 = VECTOR ( 'NONE', #5731, 1000.000000000000000 ) ;
#5857 = DIRECTION ( 'NONE',  ( -0.0000000000000000000, 1.000000000000000000, 1.745740669421566678E-14 ) ) ;
#5858 = LINE ( 'NONE', #4456, #3845 ) ;
#5859 = CARTESIAN_POINT ( 'NONE',  ( 0.0000000000000000000, 0.0000000000000000000, 1.010000000001222142 ) ) ;
#5860 = FACE_OUTER_BOUND ( 'NONE', #4217, .T. ) ;
#5861 = ADVANCED_FACE ( 'NONE', ( #1695 ), #3098, .T. ) ;
#5862 = ORIENTED_EDGE ( 'NONE', *, *, #421, .T. ) ;
#5863 = CARTESIAN_POINT ( 'NONE',  ( -0.4300000000003322831, 0.06350000000000000089, -0.9849999999965123321 ) ) ;
#5864 = DIRECTION ( 'NONE',  ( -0.0000000000000000000, -1.000000000000000000, -0.0000000000000000000 ) ) ;
#5865 = ORIENTED_EDGE ( 'NONE', *, *, #64, .F. ) ;
#5866 = CARTESIAN_POINT ( 'NONE',  ( -0.9683780866076574512, 0.06350000000000000089, -0.4534848284016845810 ) ) ;
#5867 = DIRECTION ( 'NONE',  ( -0.0000000000000000000, -0.0000000000000000000, 1.000000000000000000 ) ) ;
#5868 = DIRECTION ( 'NONE',  ( 1.000000000000000000, -0.0000000000000000000, -0.0000000000000000000 ) ) ;
#5869 = CARTESIAN_POINT ( 'NONE',  ( 0.7614993152847520097, -0.08000000000003254508, -0.6695480572325859248 ) ) ;
#5870 = ADVANCED_BREP_SHAPE_REPRESENTATION ( '', ( #317, #2872 ), #1808 ) ;
#5871 = EDGE_CURVE ( 'NONE', #3761, #4329, #4986, .T. ) ;
#5872 = LINE ( 'NONE', #2669, #2107 ) ;
#5873 = ORIENTED_EDGE ( 'NONE', *, *, #3443, .F. ) ;
#5874 = ORIENTED_EDGE ( 'NONE', *, *, #2446, .T. ) ;
#5875 = DIRECTION ( 'NONE',  ( -0.0000000000000000000, -1.000000000000000000, -0.0000000000000000000 ) ) ;
#5876 = DIRECTION ( 'NONE',  ( 0.0000000000000000000, 1.000000000000000000, -0.0000000000000000000 ) ) ;
#5877 = ORIENTED_EDGE ( 'NONE', *, *, #1394, .T. ) ;
#5878 = ORIENTED_EDGE ( 'NONE', *, *, #3668, .F. ) ;
#5879 = EDGE_LOOP ( 'NONE', ( #1893, #5322, #4302, #1971, #2129, #2337 ) ) ;
#5880 = CARTESIAN_POINT ( 'NONE',  ( -0.9683780866076574512, 0.06350000000000000089, 0.7500000000000284217 ) ) ;
#5881 = CARTESIAN_POINT ( 'NONE',  ( -0.2200000000018864088, 0.0000000000000000000, -0.9549999999993558086 ) ) ;
#5882 = VECTOR ( 'NONE', #1510, 1000.000000000000000 ) ;
#5883 = LINE ( 'NONE', #2282, #476 ) ;
#5884 = LINE ( 'NONE', #2223, #5351 ) ;
#5885 = CARTESIAN_POINT ( 'NONE',  ( 0.0000000000000000000, 0.1270000000000000018, -0.7500000000000284217 ) ) ;
#5886 = ORIENTED_EDGE ( 'NONE', *, *, #751, .T. ) ;
#5887 = CARTESIAN_POINT ( 'NONE',  ( 0.8099999999986731147, 0.0000000000000000000, -0.9999999999976694198 ) ) ;
#5888 = DIRECTION ( 'NONE',  ( 1.000000000000000000, -0.0000000000000000000, -0.0000000000000000000 ) ) ;
#5889 = AXIS2_PLACEMENT_3D ( 'NONE', #4621, #3719, #2327 ) ;
#5890 = EDGE_CURVE ( 'NONE', #3952, #2879, #5906, .T. ) ;
#5891 = CARTESIAN_POINT ( 'NONE',  ( 1.116452242106540815, 0.01999999999997897904, -1.329345466451004265 ) ) ;
#5892 = FACE_OUTER_BOUND ( 'NONE', #675, .T. ) ;
#5893 = ADVANCED_FACE ( 'NONE', ( #2644 ), #4114, .F. ) ;
#5894 =( LENGTH_UNIT ( ) NAMED_UNIT ( * ) SI_UNIT ( .MILLI., .METRE. ) );
#5895 = CARTESIAN_POINT ( 'NONE',  ( -0.1700000000007820533, 0.06350000000000000089, -0.9849999999999963229 ) ) ;
#5896 = LINE ( 'NONE', #880, #3823 ) ;
#5897 = EDGE_CURVE ( 'NONE', #4126, #1564, #4478, .T. ) ;
#5898 =( NAMED_UNIT ( * ) PLANE_ANGLE_UNIT ( ) SI_UNIT ( $, .RADIAN. ) );
#5899 = VECTOR ( 'NONE', #1426, 1000.000000000000000 ) ;
#5900 = DIRECTION ( 'NONE',  ( 0.0000000000000000000, 0.0000000000000000000, 1.000000000000000000 ) ) ;
#5901 = CARTESIAN_POINT ( 'NONE',  ( 0.9741903303925880664, 0.0000000000000000000, 0.4476725846167539657 ) ) ;
#5902 = UNCERTAINTY_MEASURE_WITH_UNIT (LENGTH_MEASURE( 1.000000000000000082E-05 ), #2240, 'distance_accuracy_value', 'NONE');
#5903 = VERTEX_POINT ( 'NONE', #3547 ) ;
#5904 = EDGE_LOOP ( 'NONE', ( #3447, #5716, #4711, #3240 ) ) ;
#5905 = AXIS2_PLACEMENT_3D ( 'NONE', #5196, #507, #2798 ) ;
#5906 = LINE ( 'NONE', #2275, #3171 ) ;
#5907 = DIRECTION ( 'NONE',  ( -1.000000000000000000, 0.0000000000000000000, 0.0000000000000000000 ) ) ;
#5908 = VECTOR ( 'NONE', #5120, 1000.000000000000000 ) ;
#5909 = ORIENTED_EDGE ( 'NONE', *, *, #4035, .T. ) ;
#5910 = EDGE_LOOP ( 'NONE', ( #2646, #3217, #5363, #4407 ) ) ;
#5911 = EDGE_LOOP ( 'NONE', ( #2830, #2077, #721, #5750 ) ) ;
#5912 = DIRECTION ( 'NONE',  ( 0.0000000000000000000, 1.000000000000000000, 0.0000000000000000000 ) ) ;
#5913 = DIRECTION ( 'NONE',  ( 0.0000000000000000000, 0.0000000000000000000, 1.000000000000000000 ) ) ;
#5914 = DIRECTION ( 'NONE',  ( 1.000000000000000000, -0.0000000000000000000, 0.0000000000000000000 ) ) ;
#5915 = CARTESIAN_POINT ( 'NONE',  ( 0.8250000000007418066, 0.06350000000000000089, 0.4499999999998394173 ) ) ;
#5916 = VERTEX_POINT ( 'NONE', #378 ) ;
#5917 = CARTESIAN_POINT ( 'NONE',  ( -0.4800000000002674905, 0.06350000000000000089, -0.9549999999994245314 ) ) ;
#5918 = DIRECTION ( 'NONE',  ( -0.0000000000000000000, -0.0000000000000000000, -1.000000000000000000 ) ) ;
#5919 = CARTESIAN_POINT ( 'NONE',  ( -1.000000000001222134, 0.06350000000000000089, 0.8600000000029695002 ) ) ;
#5920 = CARTESIAN_POINT ( 'NONE',  ( 0.9741903303925880664, 0.0000000000000000000, 0.7500000000000284217 ) ) ;
#5921 = VECTOR ( 'NONE', #2742, 1000.000000000000000 ) ;
#5922 = DIRECTION ( 'NONE',  ( -0.0000000000000000000, 1.000000000000000000, 1.745740669421566678E-14 ) ) ;
#5923 = CLOSED_SHELL ( 'NONE', ( #5131, #5403, #5202, #1667, #3630, #1779, #565, #4139, #4439, #1561, #4554, #2918, #3887, #2692 ) ) ;
#5924 = CARTESIAN_POINT ( 'NONE',  ( 1.239321287623428747, -0.08000000000003255896, -0.6690175682283844294 ) ) ;
#5925 = EDGE_CURVE ( 'NONE', #2218, #5182, #3667, .T. ) ;
#5926 = COLOUR_RGB ( '',0.8392156862745098200, 0.4705882352941176405, 0.3686274509803921795 ) ;
#5927 = AXIS2_PLACEMENT_3D ( 'NONE', #1575, #5256, #1126 ) ;
#5928 = AXIS2_PLACEMENT_3D ( 'NONE', #3637, #2788, #468 ) ;
#5929 = DIRECTION ( 'NONE',  ( -0.0000000000000000000, -1.000000000000000000, -0.0000000000000000000 ) ) ;
#5930 = COLOUR_RGB ( '',0.8392156862745098200, 0.4705882352941176405, 0.3686274509803921795 ) ;
#5931 = EDGE_CURVE ( 'NONE', #3284, #3787, #5937, .T. ) ;
#5932 = PLANE ( 'NONE',  #4839 ) ;
#5933 = ORIENTED_EDGE ( 'NONE', *, *, #1837, .T. ) ;
#5934 = VECTOR ( 'NONE', #3579, 1000.000000000000000 ) ;
#5935 = EDGE_CURVE ( 'NONE', #3060, #408, #5487, .T. ) ;
#5936 = CARTESIAN_POINT ( 'NONE',  ( 0.6473668145331036294, -0.08000000000003262834, -0.6645376709327052156 ) ) ;
#5937 = LINE ( 'NONE', #860, #1902 ) ;
#5938 = EDGE_CURVE ( 'NONE', #2673, #1532, #466, .T. ) ;
#5939 = VECTOR ( 'NONE', #449, 1000.000000000000000 ) ;
#5940 = ORIENTED_EDGE ( 'NONE', *, *, #3396, .F. ) ;
#5941 = EDGE_LOOP ( 'NONE', ( #3517, #3211, #4956, #5223 ) ) ;
#5942 = ORIENTED_EDGE ( 'NONE', *, *, #4752, .T. ) ;
#5943 = LINE ( 'NONE', #4063, #1471 ) ;
#5944 = VECTOR ( 'NONE', #1798, 1000.000000000000000 ) ;
#5945 = FACE_OUTER_BOUND ( 'NONE', #4483, .T. ) ;
#5946 =( LENGTH_UNIT ( ) NAMED_UNIT ( * ) SI_UNIT ( .MILLI., .METRE. ) );
#5947 =( NAMED_UNIT ( * ) PLANE_ANGLE_UNIT ( ) SI_UNIT ( $, .RADIAN. ) );
#5948 = EDGE_LOOP ( 'NONE', ( #1111, #5216, #3364, #5582 ) ) ;
#5949 = VECTOR ( 'NONE', #3149, 1000.000000000000000 ) ;
#5950 = NEXT_ASSEMBLY_USAGE_OCCURRENCE ( 'NAUO1', ' ', ' ', #128, #4959, $ ) ;
#5951 = NEXT_ASSEMBLY_USAGE_OCCURRENCE ( 'NAUO2', ' ', ' ', #128, #4155, $ ) ;
ENDSEC;
END-ISO-10303-21;
