  0
SECTION
  2
HEADER
  9
$ACADVER
  1
AC1024
  9
$ACADMAINTVER
 70
6
  9
$DWGCODEPAGE
  3
ANSI_1252
  9
$LASTSAVEDBY
  1
ezdxf
  9
$INSBASE
 10
0.0
 20
0.0
 30
0.0
  9
$EXTMIN
 10
1e+20
 20
1e+20
 30
1e+20
  9
$EXTMAX
 10
-1e+20
 20
-1e+20
 30
-1e+20
  9
$LIMMIN
 10
0.0
 20
0.0
  9
$LIMMAX
 10
420.0
 20
297.0
  9
$ORTHOMODE
 70
0
  9
$REGENMODE
 70
1
  9
$FILLMODE
 70
1
  9
$QTEXTMODE
 70
0
  9
$MIRRTEXT
 70
1
  9
$LTSCALE
 40
1.0
  9
$ATTMODE
 70
1
  9
$TEXTSIZE
 40
2.5
  9
$TRACEWID
 40
1.0
  9
$TEXTSTYLE
  7
Standard
  9
$CLAYER
  8
0
  9
$CELTYPE
  6
ByLayer
  9
$CECOLOR
 62
256
  9
$CELTSCALE
 40
1.0
  9
$DISPSILH
 70
0
  9
$DIMSCALE
 40
1.0
  9
$DIMASZ
 40
2.5
  9
$DIMEXO
 40
0.625
  9
$DIMDLI
 40
3.75
  9
$DIMRND
 40
0.0
  9
$DIMDLE
 40
0.0
  9
$DIMEXE
 40
1.25
  9
$DIMTP
 40
0.0
  9
$DIMTM
 40
0.0
  9
$DIMTXT
 40
2.5
  9
$DIMCEN
 40
2.5
  9
$DIMTSZ
 40
0.0
  9
$DIMTOL
 70
0
  9
$DIMLIM
 70
0
  9
$DIMTIH
 70
0
  9
$DIMTOH
 70
0
  9
$DIMSE1
 70
0
  9
$DIMSE2
 70
0
  9
$DIMTAD
 70
1
  9
$DIMZIN
 70
8
  9
$DIMBLK
  1

  9
$DIMASO
 70
1
  9
$DIMSHO
 70
1
  9
$DIMPOST
  1

  9
$DIMAPOST
  1

  9
$DIMALT
 70
0
  9
$DIMALTD
 70
3
  9
$DIMALTF
 40
0.03937007874
  9
$DIMLFAC
 40
1.0
  9
$DIMTOFL
 70
1
  9
$DIMTVP
 40
0.0
  9
$DIMTIX
 70
0
  9
$DIMSOXD
 70
0
  9
$DIMSAH
 70
0
  9
$DIMBLK1
  1

  9
$DIMBLK2
  1

  9
$DIMSTYLE
  2
ISO-25
  9
$DIMCLRD
 70
0
  9
$DIMCLRE
 70
0
  9
$DIMCLRT
 70
0
  9
$DIMTFAC
 40
1.0
  9
$DIMGAP
 40
0.625
  9
$DIMJUST
 70
0
  9
$DIMSD1
 70
0
  9
$DIMSD2
 70
0
  9
$DIMTOLJ
 70
0
  9
$DIMTZIN
 70
8
  9
$DIMALTZ
 70
0
  9
$DIMALTTZ
 70
0
  9
$DIMUPT
 70
0
  9
$DIMDEC
 70
2
  9
$DIMTDEC
 70
2
  9
$DIMALTU
 70
2
  9
$DIMALTTD
 70
3
  9
$DIMTXSTY
  7
Standard
  9
$DIMAUNIT
 70
0
  9
$DIMADEC
 70
0
  9
$DIMALTRND
 40
0.0
  9
$DIMAZIN
 70
0
  9
$DIMDSEP
 70
44
  9
$DIMATFIT
 70
3
  9
$DIMFRAC
 70
0
  9
$DIMLDRBLK
  1

  9
$DIMLUNIT
 70
2
  9
$DIMLWD
 70
-2
  9
$DIMLWE
 70
-2
  9
$DIMTMOVE
 70
0
  9
$DIMFXL
 40
1.0
  9
$DIMFXLON
 70
0
  9
$DIMJOGANG
 40
0.785398163397
  9
$DIMTFILL
 70
0
  9
$DIMTFILLCLR
 70
0
  9
$DIMARCSYM
 70
0
  9
$DIMLTYPE
  6

  9
$DIMLTEX1
  6

  9
$DIMLTEX2
  6

  9
$DIMTXTDIRECTION
 70
0
  9
$LUNITS
 70
2
  9
$LUPREC
 70
4
  9
$SKETCHINC
 40
1.0
  9
$FILLETRAD
 40
10.0
  9
$AUNITS
 70
0
  9
$AUPREC
 70
2
  9
$MENU
  1
.
  9
$ELEVATION
 40
0.0
  9
$PELEVATION
 40
0.0
  9
$THICKNESS
 40
0.0
  9
$LIMCHECK
 70
0
  9
$CHAMFERA
 40
0.0
  9
$CHAMFERB
 40
0.0
  9
$CHAMFERC
 40
0.0
  9
$CHAMFERD
 40
0.0
  9
$SKPOLY
 70
0
  9
$TDCREATE
 40
2461318.2691203705
  9
$TDUCREATE
 40
2458532.153996898
  9
$TDUPDATE
 40
2461318.2691203705
  9
$TDUUPDATE
 40
2458532.1544311
  9
$TDINDWG
 40
0.0
  9
$TDUSRTIMER
 40
0.0
  9
$USRTIMER
 70
1
  9
$ANGBASE
 50
0.0
  9
$ANGDIR
 70
0
  9
$PDMODE
 70
0
  9
$PDSIZE
 40
0.0
  9
$PLINEWID
 40
0.0
  9
$SPLFRAME
 70
0
  9
$SPLINETYPE
 70
6
  9
$SPLINESEGS
 70
8
  9
$HANDSEED
  5
3E
  9
$SURFTAB1
 70
6
  9
$SURFTAB2
 70
6
  9
$SURFTYPE
 70
6
  9
$SURFU
 70
6
  9
$SURFV
 70
6
  9
$UCSBASE
  2

  9
$UCSNAME
  2

  9
$UCSORG
 10
0.0
 20
0.0
 30
0.0
  9
$UCSXDIR
 10
1.0
 20
0.0
 30
0.0
  9
$UCSYDIR
 10
0.0
 20
1.0
 30
0.0
  9
$UCSORTHOREF
  2

  9
$UCSORTHOVIEW
 70
0
  9
$UCSORGTOP
 10
0.0
 20
0.0
 30
0.0
  9
$UCSORGBOTTOM
 10
0.0
 20
0.0
 30
0.0
  9
$UCSORGLEFT
 10
0.0
 20
0.0
 30
0.0
  9
$UCSORGRIGHT
 10
0.0
 20
0.0
 30
0.0
  9
$UCSORGFRONT
 10
0.0
 20
0.0
 30
0.0
  9
$UCSORGBACK
 10
0.0
 20
0.0
 30
0.0
  9
$PUCSBASE
  2

  9
$PUCSNAME
  2

  9
$PUCSORG
 10
0.0
 20
0.0
 30
0.0
  9
$PUCSXDIR
 10
1.0
 20
0.0
 30
0.0
  9
$PUCSYDIR
 10
0.0
 20
1.0
 30
0.0
  9
$PUCSORTHOREF
  2

  9
$PUCSORTHOVIEW
 70
0
  9
$PUCSORGTOP
 10
0.0
 20
0.0
 30
0.0
  9
$PUCSORGBOTTOM
 10
0.0
 20
0.0
 30
0.0
  9
$PUCSORGLEFT
 10
0.0
 20
0.0
 30
0.0
  9
$PUCSORGRIGHT
 10
0.0
 20
0.0
 30
0.0
  9
$PUCSORGFRONT
 10
0.0
 20
0.0
 30
0.0
  9
$PUCSORGBACK
 10
0.0
 20
0.0
 30
0.0
  9
$USERI1
 70
0
  9
$USERI2
 70
0
  9
$USERI3
 70
0
  9
$USERI4
 70
0
  9
$USERI5
 70
0
  9
$USERR1
 40
0.0
  9
$USERR2
 40
0.0
  9
$USERR3
 40
0.0
  9
$USERR4
 40
0.0
  9
$USERR5
 40
0.0
  9
$WORLDVIEW
 70
1
  9
$SHADEDGE
 70
3
  9
$SHADEDIF
 70
70
  9
$TILEMODE
 70
1
  9
$MAXACTVP
 70
64
  9
$PINSBASE
 10
0.0
 20
0.0
 30
0.0
  9
$PLIMCHECK
 70
0
  9
$PEXTMIN
 10
1e+20
 20
1e+20
 30
1e+20
  9
$PEXTMAX
 10
-1e+20
 20
-1e+20
 30
-1e+20
  9
$PLIMMIN
 10
0.0
 20
0.0
  9
$PLIMMAX
 10
420.0
 20
297.0
  9
$UNITMODE
 70
0
  9
$VISRETAIN
 70
1
  9
$PLINEGEN
 70
0
  9
$PSLTSCALE
 70
1
  9
$TREEDEPTH
 70
3020
  9
$CMLSTYLE
  2
Standard
  9
$CMLJUST
 70
0
  9
$CMLSCALE
 40
20.0
  9
$PROXYGRAPHICS
 70
1
  9
$MEASUREMENT
 70
1
  9
$CELWEIGHT
370
-1
  9
$ENDCAPS
280
0
  9
$JOINSTYLE
280
0
  9
$LWDISPLAY
290
0
  9
$INSUNITS
 70
4
  9
$HYPERLINKBASE
  1

  9
$STYLESHEET
  1

  9
$XEDIT
290
1
  9
$CEPSNTYPE
380
0
  9
$PSTYLEMODE
290
1
  9
$FINGERPRINTGUID
  2
{33552A1E-F902-4DA0-9563-6849D86ED6FF}
  9
$VERSIONGUID
  2
{E02EEF8B-C44B-4ECE-99A5-98607D15C636}
  9
$EXTNAMES
290
1
  9
$PSVPSCALE
 40
0.0
  9
$OLESTARTUP
290
0
  9
$SORTENTS
280
127
  9
$INDEXCTL
280
0
  9
$HIDETEXT
280
1
  9
$XCLIPFRAME
280
1
  9
$HALOGAP
280
0
  9
$OBSCOLOR
 70
257
  9
$OBSLTYPE
280
0
  9
$INTERSECTIONDISPLAY
280
0
  9
$INTERSECTIONCOLOR
 70
257
  9
$DIMASSOC
280
2
  9
$PROJECTNAME
  1

  9
$CAMERADISPLAY
290
0
  9
$LENSLENGTH
 40
50.0
  9
$CAMERAHEIGHT
 40
0.0
  9
$STEPSPERSEC
 40
24.0
  9
$STEPSIZE
 40
100.0
  9
$3DDWFPREC
 40
2.0
  9
$PSOLWIDTH
 40
0.005
  9
$PSOLHEIGHT
 40
0.08
  9
$LOFTANG1
 40
1.570796326795
  9
$LOFTANG2
 40
1.570796326795
  9
$LOFTMAG1
 40
0.0
  9
$LOFTMAG2
 40
0.0
  9
$LOFTPARAM
 70
7
  9
$LOFTNORMALS
280
1
  9
$LATITUDE
 40
37.795
  9
$LONGITUDE
 40
-122.394
  9
$NORTHDIRECTION
 40
0.0
  9
$TIMEZONE
 70
-8000
  9
$LIGHTGLYPHDISPLAY
280
1
  9
$TILEMODELIGHTSYNCH
280
1
  9
$CMATERIAL
347
20
  9
$SOLIDHIST
280
0
  9
$SHOWHIST
280
1
  9
$DWFFRAME
280
2
  9
$DGNFRAME
280
2
  9
$REALWORLDSCALE
290
1
  9
$INTERFERECOLOR
 62
256
  9
$CSHADOW
280
0
  9
$SHADOWPLANELOCATION
 40
0.0
  0
ENDSEC
  0
SECTION
  2
CLASSES
  0
CLASS
  1
ACDBDICTIONARYWDFLT
  2
AcDbDictionaryWithDefault
  3
ObjectDBX Classes
 90
0
 91
0
280
0
281
0
  0
CLASS
  1
SUN
  2
AcDbSun
  3
SCENEOE
 90
1153
 91
0
280
0
281
0
  0
CLASS
  1
VISUALSTYLE
  2
AcDbVisualStyle
  3
ObjectDBX Classes
 90
4095
 91
0
280
0
281
0
  0
CLASS
  1
MATERIAL
  2
AcDbMaterial
  3
ObjectDBX Classes
 90
1153
 91
0
280
0
281
0
  0
CLASS
  1
SCALE
  2
AcDbScale
  3
ObjectDBX Classes
 90
1153
 91
0
280
0
281
0
  0
CLASS
  1
TABLESTYLE
  2
AcDbTableStyle
  3
ObjectDBX Classes
 90
4095
 91
0
280
0
281
0
  0
CLASS
  1
MLEADERSTYLE
  2
AcDbMLeaderStyle
  3
ACDB_MLEADERSTYLE_CLASS
 90
4095
 91
0
280
0
281
0
  0
CLASS
  1
DICTIONARYVAR
  2
AcDbDictionaryVar
  3
ObjectDBX Classes
 90
0
 91
0
280
0
281
0
  0
CLASS
  1
CELLSTYLEMAP
  2
AcDbCellStyleMap
  3
ObjectDBX Classes
 90
1152
 91
0
280
0
281
0
  0
CLASS
  1
MENTALRAYRENDERSETTINGS
  2
AcDbMentalRayRenderSettings
  3
SCENEOE
 90
1024
 91
0
280
0
281
0
  0
CLASS
  1
ACDBDETAILVIEWSTYLE
  2
AcDbDetailViewStyle
  3
ObjectDBX Classes
 90
1025
 91
0
280
0
281
0
  0
CLASS
  1
ACDBSECTIONVIEWSTYLE
  2
AcDbSectionViewStyle
  3
ObjectDBX Classes
 90
1025
 91
0
280
0
281
0
  0
CLASS
  1
RASTERVARIABLES
  2
AcDbRasterVariables
  3
ISM
 90
0
 91
0
280
0
281
0
  0
CLASS
  1
ACDBPLACEHOLDER
  2
AcDbPlaceHolder
  3
ObjectDBX Classes
 90
0
 91
0
280
0
281
0
  0
CLASS
  1
LAYOUT
  2
AcDbLayout
  3
ObjectDBX Classes
 90
0
 91
0
280
0
281
0
  0
ENDSEC
  0
SECTION
  2
TABLES
  0
TABLE
  2
VPORT
  5
8
330
0
100
AcDbSymbolTable
 70
1
  0
VPORT
  5
23
330
8
100
AcDbSymbolTableRecord
100
AcDbViewportTableRecord
  2
*Active
 70
0
 10
0.0
 20
0.0
 11
1.0
 21
1.0
 12
0.0
 22
0.0
 13
0.0
 23
0.0
 14
0.5
 24
0.5
 15
0.5
 25
0.5
 16
0.0
 26
0.0
 36
1.0
 17
0.0
 27
0.0
 37
0.0
 40
1000.0
 41
1.34
 42
50.0
 43
0.0
 44
0.0
 50
0.0
 51
0.0
 71
0
 72
1000
 73
1
 74
3
 75
0
 76
0
 77
0
 78
0
281
0
 65
0
146
0.0
  0
ENDTAB
  0
TABLE
  2
LTYPE
  5
2
330
0
100
AcDbSymbolTable
 70
3
  0
LTYPE
  5
24
330
2
100
AcDbSymbolTableRecord
100
AcDbLinetypeTableRecord
  2
ByBlock
 70
0
  3

 72
65
 73
0
 40
0.0
  0
LTYPE
  5
25
330
2
100
AcDbSymbolTableRecord
100
AcDbLinetypeTableRecord
  2
ByLayer
 70
0
  3

 72
65
 73
0
 40
0.0
  0
LTYPE
  5
26
330
2
100
AcDbSymbolTableRecord
100
AcDbLinetypeTableRecord
  2
Continuous
 70
0
  3

 72
65
 73
0
 40
0.0
  0
ENDTAB
  0
TABLE
  2
LAYER
  5
1
330
0
100
AcDbSymbolTable
 70
3
  0
LAYER
  5
27
330
1
100
AcDbSymbolTableRecord
100
AcDbLayerTableRecord
  2
0
 70
0
 62
7
  6
Continuous
370
-3
390
13
347
21
  0
LAYER
  5
28
330
1
100
AcDbSymbolTableRecord
100
AcDbLayerTableRecord
  2
Defpoints
 70
0
 62
7
  6
Continuous
290
0
370
-3
390
13
347
21
  0
LAYER
  5
2F
330
1
100
AcDbSymbolTableRecord
100
AcDbLayerTableRecord
  2
LOGO
 70
0
 62
7
  6
Continuous
370
-3
390
13
347
21
  0
ENDTAB
  0
TABLE
  2
STYLE
  5
5
330
0
100
AcDbSymbolTable
 70
1
  0
STYLE
  5
29
330
5
100
AcDbSymbolTableRecord
100
AcDbTextStyleTableRecord
  2
Standard
 70
0
 40
0.0
 41
1.0
 50
0.0
 71
0
 42
2.5
  3
txt
  4

  0
ENDTAB
  0
TABLE
  2
VIEW
  5
7
330
0
100
AcDbSymbolTable
 70
0
  0
ENDTAB
  0
TABLE
  2
UCS
  5
6
330
0
100
AcDbSymbolTable
 70
0
  0
ENDTAB
  0
TABLE
  2
APPID
  5
3
330
0
100
AcDbSymbolTable
 70
3
  0
APPID
  5
2A
330
3
100
AcDbSymbolTableRecord
100
AcDbRegAppTableRecord
  2
ACAD
 70
0
  0
APPID
  5
3B
330
3
100
AcDbSymbolTableRecord
100
AcDbRegAppTableRecord
  2
HATCHBACKGROUNDCOLOR
 70
0
  0
APPID
  5
3C
330
3
100
AcDbSymbolTableRecord
100
AcDbRegAppTableRecord
  2
EZDXF
 70
0
  0
ENDTAB
  0
TABLE
  2
DIMSTYLE
  5
4
330
0
100
AcDbSymbolTable
 70
1
100
AcDbDimStyleTable
  0
DIMSTYLE
105
2B
330
4
100
AcDbSymbolTableRecord
100
AcDbDimStyleTableRecord
  2
Standard
 70
0
 40
1.0
 41
2.5
 42
0.625
 43
3.75
 44
1.25
 45
0.0
 46
0.0
 47
0.0
 48
0.0
 49
2.5
140
2.5
141
2.5
142
0.0
143
0.03937007874
144
1.0
145
0.0
146
1.0
147
0.625
148
0.0
 69
0
 70
0
 71
0
 72
0
 73
0
 74
0
 75
0
 76
0
 77
1
 78
8
 79
3
170
0
171
3
172
1
173
0
174
0
175
0
176
0
177
0
178
0
179
2
271
2
272
2
273
2
274
3
275
0
276
0
277
2
278
44
279
0
280
0
281
0
282
0
283
0
284
8
285
0
286
0
288
0
289
3
290
0
371
-2
372
-2
  0
ENDTAB
  0
TABLE
  2
BLOCK_RECORD
  5
9
330
0
100
AcDbSymbolTable
 70
2
  0
BLOCK_RECORD
  5
17
330
9
100
AcDbSymbolTableRecord
100
AcDbBlockTableRecord
  2
*Model_Space
340
1A
 70
0
280
1
281
0
  0
BLOCK_RECORD
  5
1B
330
9
100
AcDbSymbolTableRecord
100
AcDbBlockTableRecord
  2
*Paper_Space
340
1E
 70
0
280
1
281
0
  0
ENDTAB
  0
ENDSEC
  0
SECTION
  2
BLOCKS
  0
BLOCK
  5
18
330
17
100
AcDbEntity
  8
0
100
AcDbBlockBegin
  2
*Model_Space
 70
0
 10
0.0
 20
0.0
 30
0.0
  3
*Model_Space
  1

  0
ENDBLK
  5
19
330
17
100
AcDbEntity
  8
0
100
AcDbBlockEnd
  0
BLOCK
  5
1C
330
1B
100
AcDbEntity
  8
0
100
AcDbBlockBegin
  2
*Paper_Space
 70
0
 10
0.0
 20
0.0
 30
0.0
  3
*Paper_Space
  1

  0
ENDBLK
  5
1D
330
1B
100
AcDbEntity
  8
0
100
AcDbBlockEnd
  0
ENDSEC
  0
SECTION
  2
ENTITIES
  0
LWPOLYLINE
  5
30
330
17
100
AcDbEntity
  8
LOGO
100
AcDbPolyline
 90
152
 70
1
 10
2.953726254262056
 20
8.851436921578179
 10
2.957622990745251
 20
8.851436921578179
 10
2.9624939113492452
 20
8.851436921578179
 10
2.96639064783244
 20
8.850462737457379
 10
2.9712615684364345
 20
8.850462737457379
 10
2.9751583049196295
 20
8.849488553336581
 10
2.9810034096444227
 20
8.847540185094983
 10
2.988796882610813
 20
8.846566000974185
 10
2.9985387238188013
 20
8.843643448611788
 10
3.011203117389187
 20
8.84169508037019
 10
3.02484169508037
 20
8.838772528007793
 10
3.0394544568923525
 20
8.836824159766197
 10
3.0550414028251343
 20
8.8339016074038
 10
3.0706283487579156
 20
8.830979055041404
 10
3.0871894788114953
 20
8.828056502679006
 10
3.104724792985875
 20
8.82513395031661
 10
3.1232342912810522
 20
8.821237213833415
 10
3.142717973697029
 20
8.81734047735022
 10
3.1622016561130057
 20
8.813443740867024
 10
3.1797369702873843
 20
8.809547004383829
 10
3.197272284461764
 20
8.805650267900633
 10
3.2118850462737463
 20
8.802727715538238
 10
3.2284461763273256
 20
8.798830979055042
 10
3.2528007793472966
 20
8.792985874330249
 10
3.2830004870920604
 20
8.787140769605456
 10
3.3180711154408185
 20
8.779347296639065
 10
3.3560642961519727
 20
8.771553823672674
 10
3.3969800292255243
 20
8.763760350706283
 10
3.4388699464198735
 20
8.755966877739892
 10
3.4817340477350216
 20
8.747199220652703
 10
3.6093521675596687
 20
8.722844617632733
 10
3.702873843156357
 20
8.704335119337555
 10
3.76716999512908
 20
8.687773989283974
 10
3.810034096444228
 20
8.671212859230394
 10
3.834388699464199
 20
8.650754992693619
 10
3.8480272771553823
 20
8.62445202143205
 10
3.8548465660009748
 20
8.587433024841696
 10
3.8606916707257666
 20
8.537749634680955
 10
3.8782269849001465
 20
8.399415489527522
 10
3.893813930832928
 20
8.279590842669265
 10
3.9055041402825132
 20
8.172430589381394
 10
3.9162201656113007
 20
8.070141256697516
 10
3.925962006819289
 20
7.9678519240136385
 10
3.934729663906478
 20
7.85874330248417
 10
3.9444715051144663
 20
7.735996103263517
 10
3.954213346322455
 20
7.593765221626888
 10
3.9707744763760355
 20
7.2752070141256695
 10
3.9805163175840237
 20
6.956648806624452
 10
3.9824646858256205
 20
6.640038967364832
 10
3.9766195811008287
 20
6.326351680467608
 10
3.962981003409644
 20
6.015586945932782
 10
3.9415489527520706
 20
5.70871894788115
 10
3.9123234291281057
 20
5.406721870433512
 10
3.8753044325377495
 20
5.109595713589869
 10
3.8626400389673647
 20
5.021919142717974
 10
3.8499756453969805
 20
4.936190940087677
 10
3.836337067705796
 20
4.851436921578179
 10
3.8217243058938135
 20
4.76668290306868
 10
3.806137359961033
 20
4.683877252800779
 10
3.7895762299074525
 20
4.60009741841208
 10
3.773015099853872
 20
4.516317584023381
 10
3.7554797856794937
 20
4.432537749634681
 10
3.745737944471505
 20
4.388699464198734
 10
3.736970287384316
 20
4.35070628348758
 10
3.7282026302971265
 20
4.315635655138822
 10
3.7194349732099363
 20
4.279590842669265
 10
3.709693132001948
 20
4.24159766195811
 10
3.6980029225523627
 20
4.197759376522162
 10
3.684364344861179
 20
4.145153433999026
 10
3.6668290306867997
 20
4.081831466147102
 10
3.642474427666829
 20
3.993180711154408
 10
3.618119824646858
 20
3.9113492450073064
 10
3.592791037506088
 20
3.8304919629810033
 10
3.5645396980029225
 20
3.7467121285923044
 10
3.5323916220165614
 20
3.6570871894788115
 10
3.495372625426205
 20
3.556746225036532
 10
3.45056015586946
 20
3.44179249878227
 10
3.397954213346322
 20
3.3073550901120314
 10
3.3833414515343394
 20
3.272284461763273
 10
3.3697028738431563
 20
3.2411105698977107
 10
3.358012664393571
 20
3.2157817827569413
 10
3.3463224549439845
 20
3.1953239162201656
 10
3.3365806137359963
 20
3.180711154408183
 10
3.327812956648807
 20
3.170969313200195
 10
3.3209936678032146
 20
3.1670725767169996
 10
3.3151485630784214
 20
3.1690209449585973
 10
3.3132001948368246
 20
3.1738918655625916
 10
3.3122260107160253
 20
3.1855820750121775
 10
3.3132001948368246
 20
3.205065757428154
 10
3.3161227471992203
 20
3.235265465172918
 10
3.321967851924014
 20
3.2771553823672672
 10
3.329761324890404
 20
3.3336580613735998
 10
3.3404773502191913
 20
3.406721870433512
 10
3.3541159279103745
 20
3.4973209936678034
 10
3.4037993180711155
 20
3.8645884072089625
 10
3.4456892352654656
 20
4.24159766195811
 10
3.478811495372626
 20
4.623477837311252
 10
3.502191914271797
 20
5.000487092060399
 10
3.515830491962981
 20
5.36678032148076
 10
3.519727228446176
 20
5.715538236726742
 10
3.513882123721384
 20
6.037993180711154
 10
3.4973209936678034
 20
6.327325864588407
 10
3.494398441305407
 20
6.353628835849976
 10
3.492450073063809
 20
6.383828543594739
 10
3.489527520701413
 20
6.415976619581101
 10
3.486604968339016
 20
6.45007306380906
 10
3.484656600097419
 20
6.484169508037019
 10
3.4817340477350216
 20
6.518265952264978
 10
3.478811495372626
 20
6.550414028251339
 10
3.4768631271310277
 20
6.580613735996104
 10
3.4700438382854366
 20
6.657574281539211
 10
3.4622503653190453
 20
6.7394057476863125
 10
3.4525085241110567
 20
6.82513395031661
 10
3.4417924987822697
 20
6.911836337067706
 10
3.431076473453483
 20
6.998538723818801
 10
3.418412079883098
 20
7.085241110569897
 10
3.405747686312713
 20
7.1680467608377985
 10
3.393083292742328
 20
7.247929858743302
 10
3.389186556259133
 20
7.26643935703848
 10
3.386264003896737
 20
7.286897223575256
 10
3.382367267413542
 20
7.309303458353629
 10
3.3784705309303456
 20
7.332683877252801
 10
3.3745737944471506
 20
7.355090112031174
 10
3.370677057963955
 20
7.378470530930346
 10
3.367754505601559
 20
7.39990258158792
 10
3.364831953239162
 20
7.418412079883098
 10
3.358986848514369
 20
7.453482708231856
 10
3.3521675596687777
 20
7.4885533365806145
 10
3.345348270823185
 20
7.526546517291768
 10
3.335606429615197
 20
7.570384802727716
 10
3.3239162201656116
 20
7.621042377009254
 10
3.310277642474427
 20
7.681441792498783
 10
3.292742328300049
 20
7.754505601558694
 10
3.271310277642474
 20
7.842182172430589
 10
3.235265465172918
 20
7.979542133463225
 10
3.197272284461764
 20
8.117876278616658
 10
3.1553823672674133
 20
8.252313687286897
 10
3.113492450073064
 20
8.381880175353142
 10
3.0706283487579156
 20
8.501704822211398
 10
3.0287384315635655
 20
8.609839259620069
 10
2.987822698490015
 20
8.703360935216756
 10
2.950803701899659
 20
8.778373112518267
 10
2.9430102289332685
 20
8.792985874330249
 10
2.9381393083292746
 20
8.805650267900633
 10
2.9342425718460796
 20
8.81734047735022
 10
2.9322942036044815
 20
8.826108134437408
 10
2.9322942036044815
 20
8.8339016074038
 10
2.9342425718460796
 20
8.84072089624939
 10
2.9381393083292746
 20
8.845591816853386
 10
2.9430102289332685
 20
8.849488553336581
 10
2.9459327812956646
 20
8.850462737457379
 10
2.9498295177788596
 20
8.850462737457379
  0
LWPOLYLINE
  5
31
330
17
100
AcDbEntity
  8
LOGO
100
AcDbPolyline
 90
416
 70
1
 10
6.044812469556747
 20
10.013638577691184
 10
6.0613735996103255
 20
10.009741841207989
 10
6.07501217730151
 20
9.999025815879202
 10
6.086702386751096
 20
9.978567949342425
 10
6.099366780321481
 20
9.948368241597663
 10
6.113979542133464
 20
9.907452508524111
 10
6.132489040428641
 20
9.859717486604968
 10
6.156843643448612
 20
9.801266439357038
 10
6.184120798830978
 20
9.735996103263519
 10
6.214320506575743
 20
9.668777398928398
 10
6.244520214320507
 20
9.603507062834876
 10
6.272771553823673
 20
9.543107647345348
 10
6.297126156843643
 20
9.494398441305407
 10
6.315635655138821
 20
9.45932781295665
 10
6.322454943984413
 20
9.447637603507063
 10
6.331222601071603
 20
9.43302484169508
 10
6.3399902581587915
 20
9.4174378957623
 10
6.348757915245981
 20
9.39990258158792
 10
6.358499756453969
 20
9.382367267413542
 10
6.3672674135411595
 20
9.364831953239161
 10
6.376035070628349
 20
9.348270823185583
 10
6.384802727715538
 20
9.332683877252801
 10
6.430589381393084
 20
9.246955674622503
 10
6.493911349245008
 20
9.135898684851437
 10
6.570871894788115
 20
9.00828056502679
 10
6.656600097418412
 20
8.867998051631758
 10
6.748173404773501
 20
8.722844617632733
 10
6.841695080370189
 20
8.577691183633707
 10
6.934242571846078
 20
8.438382854359475
 10
7.019970774476376
 20
8.312713102776424
 10
7.044325377496347
 20
8.27666829030687
 10
7.071602532878714
 20
8.237700925474915
 10
7.09985387238188
 20
8.196785192401364
 10
7.128105211885046
 20
8.155869459327814
 10
7.156356551388213
 20
8.114953726254262
 10
7.183633706770579
 20
8.07598636142231
 10
7.20896249391135
 20
8.039941548952752
 10
7.230394544568923
 20
8.00779347296639
 10
7.250852411105699
 20
7.978567949342426
 10
7.271310277642474
 20
7.949342425718461
 10
7.29176814417925
 20
7.921091086215295
 10
7.310277642474428
 20
7.893813930832927
 10
7.327812956648806
 20
7.869459327812956
 10
7.343399902581588
 20
7.848027277155382
 10
7.356064296151973
 20
7.830491962981003
 10
7.365806137359962
 20
7.8178275694106185
 10
7.393083292742328
 20
7.781782756941062
 10
7.436921578178276
 20
7.724305893813931
 10
7.492450073063809
 20
7.651242084754019
 10
7.554797856794934
 20
7.5684364344861175
 10
7.619094008767657
 20
7.482708231855821
 10
7.679493424257184
 20
7.401850949829518
 10
7.73307355090112
 20
7.330735509011204
 10
7.773015099853872
 20
7.276181198246468
 10
7.810034096444228
 20
7.227471992206527
 10
7.859717486604968
 20
7.162201656113006
 10
7.9181685338528975
 20
7.086215294690696
 10
7.9824646858256205
 20
7.003409644422796
 10
8.047735021919143
 20
6.919629810034096
 10
8.110082805650269
 20
6.839746712128592
 10
8.1656113005358
 20
6.768631271310277
 10
8.211397954213346
 20
6.712128592303945
 10
8.227959084266926
 20
6.69069654164637
 10
8.248416950803701
 20
6.665367754505602
 10
8.270823185582076
 20
6.638090599123234
 10
8.294203604481247
 20
6.60789089137847
 10
8.319532391622017
 20
6.577691183633707
 10
8.343886994641988
 20
6.5465172917681445
 10
8.368241597661958
 20
6.516317584023381
 10
8.390647832440331
 20
6.488066244520215
 10
8.413054067218704
 20
6.459814905017049
 10
8.436434486117877
 20
6.430589381393084
 10
8.459814905017048
 20
6.401363857769119
 10
8.48319532391622
 20
6.372138334145154
 10
8.505601558694593
 20
6.344861178762786
 10
8.526059425231368
 20
6.319532391622017
 10
8.544568923526548
 20
6.297126156843643
 10
8.560155869459328
 20
6.278616658548466
 10
8.57476863127131
 20
6.261081344374087
 10
8.591329761324891
 20
6.240623477837311
 10
8.610813443740867
 20
6.2172430589381396
 10
8.630297126156844
 20
6.193862640038967
 10
8.650754992693619
 20
6.168533852898198
 10
8.670238675109596
 20
6.144179249878228
 10
8.689722357525573
 20
6.120798830979055
 10
8.707257671699951
 20
6.098392596200682
 10
8.749147588894301
 20
6.046760837798344
 10
8.788114953726256
 20
5.999025815879201
 10
8.82415976619581
 20
5.954213346322455
 10
8.85825621042377
 20
5.912323429128105
 10
8.89137847053093
 20
5.873356064296152
 10
8.921578178275693
 20
5.836337067705797
 10
8.94982951777886
 20
5.8032148075986365
 10
8.97613248904043
 20
5.771066731612275
 10
8.989771066731612
 20
5.754505601558695
 10
9.008280565026789
 20
5.734047735021919
 10
9.028738431563566
 20
5.70871894788115
 10
9.052118850462737
 20
5.681441792498783
 10
9.076473453482707
 20
5.653190452995616
 10
9.101802240623478
 20
5.622990745250853
 10
9.127131027764248
 20
5.592791037506089
 10
9.151485630784219
 20
5.563565513882124
 10
9.17584023380419
 20
5.53336580613736
 10
9.201169020944958
 20
5.503166098392596
 10
9.226497808085728
 20
5.473940574768631
 10
9.250852411105699
 20
5.444715051144666
 10
9.27423283000487
 20
5.4174378957622995
 10
9.294690696541647
 20
5.393083292742329
 10
9.312226010716024
 20
5.371651242084754
 10
9.326838772528008
 20
5.355090112031174
 10
9.340477350219192
 20
5.3395031660983925
 10
9.356064296151972
 20
5.320019483682416
 10
9.374573794447151
 20
5.298587433024841
 10
9.394057476863129
 20
5.276181198246469
 10
9.413541159279104
 20
5.2528007793472975
 10
9.43399902581588
 20
5.228446176327326
 10
9.454456892352654
 20
5.205065757428153
 10
9.472966390647832
 20
5.1826595226497805
 10
9.493424257184607
 20
5.15927910375061
 10
9.515830491962982
 20
5.131027764247444
 10
9.542133463224548
 20
5.101802240623479
 10
9.569410618606918
 20
5.069654164637116
 10
9.597661958110082
 20
5.036531904529956
 10
9.624939113492449
 20
5.004383828543595
 10
9.652216268874819
 20
4.973209936678032
 10
9.677545056015587
 20
4.943984413054067
 10
9.701899659035558
 20
4.916707257671701
 10
9.72528007793473
 20
4.8894301022893325
 10
9.747686312713103
 20
4.863127131027765
 10
9.769118363370678
 20
4.838772528007794
 10
9.787627861665854
 20
4.81636629322942
 10
9.803214807598637
 20
4.797856794934242
 10
9.815879201169022
 20
4.78324403312226
 10
9.82367267413541
 20
4.772528007793473
 10
9.832440331222601
 20
4.761811982464685
 10
9.846078908913784
 20
4.745250852411106
 10
9.864588407208963
 20
4.723818801753532
 10
9.886994641987336
 20
4.698490014612761
 10
9.912323429128104
 20
4.669264490988796
 10
9.939600584510472
 20
4.638090599123235
 10
9.967851924013639
 20
4.605942523136872
 10
9.998051631758404
 20
4.571846078908913
 10
10.028251339503168
 20
4.536775450560157
 10
10.060399415489528
 20
4.500730638090599
 10
10.093521675596689
 20
4.462737457379445
 10
10.12566975158305
 20
4.426692644909888
 10
10.156843643448614
 20
4.390647832440331
 10
10.185094982951778
 20
4.35849975645397
 10
10.210423770092548
 20
4.330248416950804
 10
10.231855820750123
 20
4.305893813930833
 10
10.2503653190453
 20
4.284461763273259
 10
10.270823185582078
 20
4.2610813443740865
 10
10.291281052118851
 20
4.237700925474915
 10
10.311738918655626
 20
4.215294690696542
 10
10.331222601071604
 20
4.192888455918168
 10
10.349732099366781
 20
4.173404773502192
 10
10.366293229420362
 20
4.154895275207014
 10
10.379931807111545
 20
4.140282513395031
 10
10.412079883097908
 20
4.104237700925475
 10
10.444227959084268
 20
4.06721870433512
 10
10.475401850949831
 20
4.031173891865563
 10
10.502679006332198
 20
3.9961032635168046
 10
10.52508524111057
 20
3.9659035557720412
 10
10.541646371164152
 20
3.9415489527520706
 10
10.550414028251339
 20
3.92498782269849
 10
10.55138821237214
 20
3.918168533852898
 10
10.546517291768145
 20
3.9191427179736973
 10
10.539698002922554
 20
3.9230394544568923
 10
10.528981977593768
 20
3.929858743302484
 10
10.51631758402338
 20
3.938626400389674
 10
10.5007306380906
 20
3.9493424257184606
 10
10.48416950803702
 20
3.9620068192888453
 10
10.465660009741843
 20
3.9756453969800294
 10
10.446176327325867
 20
3.9912323429128103
 10
10.42669264490989
 20
4.006819288845592
 10
10.406234778373113
 20
4.023380418899172
 10
10.385776911836338
 20
4.039941548952752
 10
10.365319045299561
 20
4.056502679006332
 10
10.346809547004385
 20
4.071115440818314
 10
10.329274232830008
 20
4.084754018509498
 10
10.314661471018024
 20
4.0964442279590845
 10
10.302971261568437
 20
4.106186069167073
 10
10.245494398441306
 20
4.151972722844618
 10
10.1685338528982
 20
4.214320506575743
 10
10.079883097905505
 20
4.289332683877253
 10
9.983438869946422
 20
4.370189965903556
 10
9.886020457866538
 20
4.454943984413054
 10
9.792498782269849
 20
4.535801266439357
 10
9.70871894788115
 20
4.609839259620069
 10
9.640526059425232
 20
4.671212859230395
 10
9.61714564052606
 20
4.69167072576717
 10
9.593765221626889
 20
4.714076960545543
 10
9.568436434486117
 20
4.736483195323917
 10
9.544081831466146
 20
4.75888943010229
 10
9.520701412566975
 20
4.780321480759864
 10
9.499269361909402
 20
4.799805163175841
 10
9.479785679493425
 20
4.8173404773502195
 10
9.463224549439843
 20
4.8319532391622015
 10
9.335606429615199
 20
4.9469069654164635
 10
9.195323916220165
 20
5.077447637603507
 10
9.046273745737945
 20
5.219678519240136
 10
8.894301022893327
 20
5.36678032148076
 10
8.744276668290308
 20
5.514856307842183
 10
8.601071602532878
 20
5.65806137359961
 10
8.470530930345836
 20
5.79152459814905
 10
8.35752557233317
 20
5.910375060886508
 10
8.32440331222601
 20
5.9464198733560645
 10
8.288358499756454
 20
5.984413054067218
 10
8.250365319045299
 20
6.0253287871407695
 10
8.211397954213346
 20
6.067218704335119
 10
8.172430589381394
 20
6.10813443740867
 10
8.135411592791037
 20
6.147101802240623
 10
8.10131514856308
 20
6.18314661471018
 10
8.071115440818314
 20
6.214320506575743
 10
8.02435460301997
 20
6.264003896736483
 10
7.976619581100827
 20
6.315635655138821
 10
7.925962006819289
 20
6.370189965903555
 10
7.870433511933755
 20
6.4315635655138825
 10
7.8110082805650265
 20
6.497808085728202
 10
7.744763760350707
 20
6.572820263029713
 10
7.670725767169995
 20
6.656600097418412
 10
7.587920116902095
 20
6.751095957135899
 10
7.5684364344861175
 20
6.772528007793474
 10
7.5460301997077455
 20
6.798830979055041
 10
7.520701412566975
 20
6.827082318558207
 10
7.493424257184607
 20
6.85825621042377
 10
7.465172917681442
 20
6.890404286410131
 10
7.436921578178276
 20
6.922552362396493
 10
7.409644422795909
 20
6.954700438382854
 10
7.38334145153434
 20
6.984900146127618
 10
7.35801266439357
 20
7.013151485630784
 10
7.333658061373599
 20
7.04140282513395
 10
7.310277642474428
 20
7.068679980516318
 10
7.288845591816853
 20
7.094008767657088
 10
7.269361909400876
 20
7.116415002435461
 10
7.2537749634680955
 20
7.134924500730638
 10
7.24111056989771
 20
7.15051144666342
 10
7.232342912810521
 20
7.160253287871408
 10
7.223575255723332
 20
7.170969313200195
 10
7.20896249391135
 20
7.188504627374574
 10
7.190452995616172
 20
7.210910862152947
 10
7.169020944958597
 20
7.237213833414515
 10
7.143692157817827
 20
7.2674135411592795
 10
7.115440818314662
 20
7.300535801266439
 10
7.086215294690696
 20
7.335606429615197
 10
7.056989771066731
 20
7.371651242084755
 10
7.0258158792011685
 20
7.407696054554311
 10
6.995616171456406
 20
7.444715051144667
 10
6.964442279590843
 20
7.480759863614223
 10
6.936190940087677
 20
7.515830491962981
 10
6.909887968826108
 20
7.547978567949342
 10
6.886507549926936
 20
7.576229907452509
 10
6.86702386751096
 20
7.599610326351681
 10
6.852411105698977
 20
7.618119824646858
 10
6.84072089624939
 20
7.6327325864588405
 10
6.829030686799805
 20
7.647345348270823
 10
6.8183146614710175
 20
7.6609839259620065
 10
6.80857282026303
 20
7.672674135411593
 10
6.79980516317584
 20
7.68339016074038
 10
6.792011690209449
 20
7.69118363370677
 10
6.787140769605455
 20
7.697028738431564
 10
6.783244033122259
 20
7.700925474914759
 10
6.773502191914272
 20
7.712615684364345
 10
6.753044325377496
 20
7.736970287384316
 10
6.72479298587433
 20
7.773989283974672
 10
6.688748173404774
 20
7.819775937652217
 10
6.647832440331222
 20
7.872381880175354
 10
6.604968339016074
 20
7.928884559181685
 10
6.560155869459328
 20
7.987335606429615
 10
6.516317584023381
 20
8.045786653677546
 10
6.49098879688261
 20
8.078908913784705
 10
6.470530930345835
 20
8.104237700925475
 10
6.454943984413054
 20
8.122747199220653
 10
6.443253774963468
 20
8.13443740867024
 10
6.433511933755479
 20
8.140282513395032
 10
6.425718460789089
 20
8.14125669751583
 10
6.419873356064296
 20
8.137359961032635
 10
6.414028251339503
 20
8.130540672187044
 10
6.411105698977107
 20
8.12566975158305
 10
6.40818314661471
 20
8.119824646858257
 10
6.406234778373113
 20
8.113005358012664
 10
6.405260594252314
 20
8.106186069167073
 10
6.4042864101315145
 20
8.097418412079884
 10
6.4042864101315145
 20
8.088650754992694
 10
6.405260594252314
 20
8.077934729663907
 10
6.406234778373113
 20
8.06721870433512
 10
6.407208962493911
 20
8.035070628348757
 10
6.406234778373113
 20
7.977593765221627
 10
6.4042864101315145
 20
7.901607403799319
 10
6.40038967364832
 20
7.812956648806624
 10
6.3964929371651245
 20
7.7174866049683395
 10
6.39162201656113
 20
7.622990745250853
 10
6.385776911836337
 20
7.533365806137359
 10
6.379931807111544
 20
7.457379444715051
 10
6.377983438869946
 20
7.43302484169508
 10
6.376035070628349
 20
7.405747686312714
 10
6.373112518265952
 20
7.375547978567949
 10
6.370189965903555
 20
7.344374086702387
 10
6.3682415976619575
 20
7.312226010716025
 10
6.365319045299562
 20
7.281052118850463
 10
6.362396492937165
 20
7.250852411105699
 10
6.3604481246955675
 20
7.223575255723332
 10
6.3526546517291775
 20
7.1320019483682415
 10
6.344861178762786
 20
7.043351193375548
 10
6.336093521675597
 20
6.954700438382854
 10
6.3253774963468095
 20
6.864101315148563
 10
6.313687286897224
 20
6.765708718947881
 10
6.301022893326839
 20
6.659522649780809
 10
6.285435947394057
 20
6.539698002922552
 10
6.26692644909888
 20
6.405260594252314
 10
6.255236239649294
 20
6.323429128105213
 10
6.241597661958109
 20
6.237700925474915
 10
6.226984900146127
 20
6.149050170482222
 10
6.211397954213346
 20
6.055528494885534
 10
6.193862640038967
 20
5.958110082805651
 10
6.174378957622991
 20
5.856794934242572
 10
6.1539210910862145
 20
5.750608865075499
 10
6.131514856307842
 20
5.640526059425231
 10
6.099366780321481
 20
5.480759863614224
 10
6.072089624939113
 20
5.3531417437895765
 10
6.048709206039941
 20
5.246955674622504
 10
6.0253287871407695
 20
5.149537262542621
 10
5.999025815879201
 20
5.048222113979542
 10
5.96687773989284
 20
4.931320019483683
 10
5.925962006819288
 20
4.787140769605455
 10
5.873356064296152
 20
4.6030199707744766
 10
5.788602045786653
 20
4.329274232830005
 10
5.690209449585972
 20
4.054554310764734
 10
5.581100828056503
 20
3.781782756941062
 10
5.461276181198246
 20
3.513882123721383
 10
5.333658061373599
 20
3.2547491475888948
 10
5.19922065270336
 20
3.007306380905991
 10
5.058938139308329
 20
2.7735021919142717
 10
4.913784705309303
 20
2.5572333170969315
 10
4.827082318558207
 20
2.438382854359474
 10
4.751095957135898
 20
2.339990258158792
 10
4.687773989283974
 20
2.264978080857282
 10
4.64198733560643
 20
2.2162688748173407
 10
4.61665854846566
 20
2.196785192401364
 10
4.613735996103264
 20
2.210423770092547
 10
4.638090599123235
 20
2.260107160253288
 10
4.692644909887968
 20
2.347783731125183
 10
4.792011690209449
 20
2.5094982951777887
 10
4.888455918168534
 20
2.685825621042377
 10
4.98295177788602
 20
2.8748173404773505
 10
5.073550901120312
 20
3.0716025328787144
 10
5.15830491962981
 20
3.2752070141256695
 10
5.236239649293717
 20
3.4817340477350216
 10
5.306380905991232
 20
3.6882610813443746
 10
5.36678032148076
 20
3.8918655625913297
 10
5.371651242084754
 20
3.90842669264491
 10
5.376522162688748
 20
3.926936190940088
 10
5.382367267413541
 20
3.9454456892352656
 10
5.387238188017536
 20
3.963955187530443
 10
5.393083292742329
 20
3.9824646858256214
 10
5.397954213346323
 20
3.999025815879201
 10
5.402825133950317
 20
4.014612761811983
 10
5.406721870433512
 20
4.028251339503166
 10
5.423283000487092
 20
4.085728202630297
 10
5.442766682903068
 20
4.161714564052606
 10
5.465172917681442
 20
4.249391134924501
 10
5.487579152459815
 20
4.3458353628835855
 10
5.5109595713589865
 20
4.444227959084267
 10
5.532391622016561
 20
4.54164637116415
 10
5.550901120311739
 20
4.631271310277643
 10
5.56648806624452
 20
4.710180224062348
 10
5.571358986848514
 20
4.738431563565514
 10
5.577204091573307
 20
4.767657087189479
 10
5.5830491962981
 20
4.7968826108134435
 10
5.587920116902095
 20
4.8251339503166095
 10
5.593765221626887
 20
4.851436921578179
 10
5.597661958110083
 20
4.8748173404773505
 10
5.601558694593278
 20
4.894301022893327
 10
5.605455431076473
 20
4.909887968826109
 10
5.613248904042863
 20
4.951777886020458
 10
5.622016561130054
 20
4.999512907939601
 10
5.6317584023380425
 20
5.056989771066732
 10
5.642474427666828
 20
5.128105211885046
 10
5.655138821237214
 20
5.217730150998539
 10
5.670725767169995
 20
5.329761324890405
 10
5.690209449585972
 20
5.468095470043838
 10
5.712615684364344
 20
5.635655138821237
 10
5.723331709693132
 20
5.726254262055528
 10
5.735021919142717
 20
5.8314661471018026
 10
5.7467121285923035
 20
5.952264978080858
 10
5.757428153921091
 20
6.087676570871895
 10
5.769118363370676
 20
6.237700925474915
 10
5.780808572820263
 20
6.402338041889918
 10
5.792498782269849
 20
6.5815879201169025
 10
5.805163175840233
 20
6.775450560155869
 10
5.81685338528982
 20
7.088163662932295
 10
5.821724305893814
 20
7.450560155869459
 10
5.818801753531417
 20
7.845104724792986
 10
5.80808572820263
 20
8.257184607890892
 10
5.79152459814905
 20
8.670238675109596
 10
5.769118363370676
 20
9.068679980516318
 10
5.74086702386751
 20
9.436921578178277
 10
5.707744763760351
 20
9.75840233804189
 10
5.7038480272771555
 20
9.795421334632247
 10
5.701899659035558
 20
9.826595226497808
 10
5.702873843156357
 20
9.851924013638577
 10
5.705796395518752
 20
9.872381880175354
 10
5.711641500243545
 20
9.887968826108134
 10
5.719434973209937
 20
9.89868485143692
 10
5.729176814417925
 20
9.905504140282513
 10
5.74184120798831
 20
9.907452508524111
 10
5.7496346809547
 20
9.908426692644909
 10
5.762299074525085
 20
9.912323429128106
 10
5.780808572820263
 20
9.918168533852898
 10
5.8041889917194345
 20
9.92596200681929
 10
5.833414515343399
 20
9.937652216268875
 10
5.8684851436921575
 20
9.95031660983926
 10
5.909400876765709
 20
9.966877739892839
 10
5.956161714564052
 20
9.985387238188018
 10
5.994154895275207
 20
10.0
 10
6.022406234778373
 20
10.009741841207989
  0
LWPOLYLINE
  5
32
330
17
100
AcDbEntity
  8
LOGO
100
AcDbPolyline
 90
2066
 70
1
 10
15.276181198246471
 20
17.562591329761325
 10
15.297613248904044
 20
17.55966877739893
 10
15.320993667803215
 20
17.554797856794934
 10
15.345348270823186
 20
17.548952752070143
 10
15.369702873843156
 20
17.54115927910375
 10
15.39210910862153
 20
17.53239162201656
 10
15.545056015586947
 20
17.453482708231856
 10
15.687286897223577
 20
17.347296639064783
 10
15.816853385289821
 20
17.21675596687774
 10
15.934729663906479
 20
17.063809059912323
 10
16.037018996590355
 20
16.889430102289335
 10
16.123721383341454
 20
16.697515830491962
 10
16.19288845591817
 20
16.488066244520216
 10
16.244520214320506
 20
16.264003896736483
 10
16.253287871407696
 20
16.195811008280565
 10
16.26010716025329
 20
16.11105698977107
 10
16.263029712615687
 20
16.01558694593278
 10
16.264003896736483
 20
15.914271797369702
 10
16.262055528494887
 20
15.811982464685824
 10
16.257184607890892
 20
15.715538236726742
 10
16.2503653190453
 20
15.628835849975646
 10
16.240623477837314
 20
15.557720409157332
 10
16.229907452508524
 20
15.505114466634193
 10
16.21724305893814
 20
15.447637603507063
 10
16.20360448124696
 20
15.388212372138334
 10
16.188991719434974
 20
15.328787140769606
 10
16.17340477350219
 20
15.272284461763274
 10
16.15879201169021
 20
15.220652703360937
 10
16.145153433999027
 20
15.176814417924989
 10
16.13346322454944
 20
15.14271797369703
 10
16.0837798343887
 20
15.022893326838773
 10
16.033122260107163
 20
14.911836337067706
 10
15.980516317584025
 20
14.806624452021433
 10
15.924013638577692
 20
14.706283487579151
 10
15.863614223088165
 20
14.60789089137847
 10
15.797369702873844
 20
14.510472479298588
 10
15.724305893813932
 20
14.411105698977106
 10
15.64344861178763
 20
14.308816366293229
 10
15.465172917681443
 20
14.110082805650269
 10
15.265465172917681
 20
13.9171943497321
 10
15.04237700925475
 20
13.731125182659524
 10
14.796882610813444
 20
13.551875304432537
 10
14.529956161714564
 20
13.379444715051147
 10
14.240623477837314
 20
13.214807598636142
 10
13.930832927423284
 20
13.056989771066732
 10
13.598636142230882
 20
12.90793960058451
 10
13.529469069654168
 20
12.878714076960545
 10
13.46712128592304
 20
12.852411105698977
 10
13.409644422795909
 20
12.829030686799806
 10
13.353141743789577
 20
12.806624452021431
 10
13.294690696541647
 20
12.784218217243058
 10
13.229420360448126
 20
12.759863614223088
 10
13.154408183146616
 20
12.732586458840721
 10
13.06770579639552
 20
12.701412566975158
 10
13.010228933268388
 20
12.680954700438383
 10
12.937165124208475
 20
12.656600097418412
 10
12.853385289819776
 20
12.628348757915246
 10
12.765708718947883
 20
12.600097418412082
 10
12.677057963955189
 20
12.571846078908914
 10
12.596200681928885
 20
12.545543107647346
 10
12.52605942523137
 20
12.52411105698977
 10
12.473453482708234
 20
12.50852411105699
 10
12.456892352654652
 20
12.503653190452996
 10
12.438382854359476
 20
12.498782269849002
 10
12.419873356064297
 20
12.492937165124209
 10
12.401363857769118
 20
12.488066244520216
 10
12.382854359473942
 20
12.48222113979542
 10
12.36629322942036
 20
12.477350219191427
 10
12.35070628348758
 20
12.472479298587432
 10
12.337067705796397
 20
12.468582562104238
 10
12.277642474427669
 20
12.452021432050659
 10
12.19288845591817
 20
12.428641013151486
 10
12.09254749147589
 20
12.402338041889916
 10
11.98246468582562
 20
12.374086702386752
 10
11.871407696054556
 20
12.346809547004385
 10
11.766195811008282
 20
12.321480759863613
 10
11.67559668777399
 20
12.30004870920604
 10
11.606429615197273
 20
12.284461763273258
 10
11.586945932781298
 20
12.280565026790063
 10
11.56746225036532
 20
12.275694106186068
 10
11.546030199707745
 20
12.271797369702874
 10
11.52459814905017
 20
12.26692644909888
 10
11.503166098392597
 20
12.262055528494885
 10
11.483682415976622
 20
12.25815879201169
 10
11.46614710180224
 20
12.254262055528496
 10
11.45056015586946
 20
12.250365319045299
 10
11.433024841695081
 20
12.246468582562104
 10
11.410618606916708
 20
12.24159766195811
 10
11.38334145153434
 20
12.235752557233317
 10
11.352167559668779
 20
12.229907452508526
 10
11.319045299561619
 20
12.223088163662933
 10
11.28300048709206
 20
12.21626887481734
 10
11.247929858743303
 20
12.20847540185095
 10
11.211885046273746
 20
12.201656113005358
 10
11.176814417924989
 20
12.194836824159767
 10
11.14174378957623
 20
12.188017535314174
 10
11.10959571358987
 20
12.181198246468584
 10
11.078421821724307
 20
12.17535314174379
 10
11.051144666341939
 20
12.169508037018998
 10
11.027764247442766
 20
12.164637116415003
 10
11.010228933268388
 20
12.160740379931807
 10
10.997564539698004
 20
12.15781782756941
 10
10.98490014612762
 20
12.155869459327812
 10
10.96639064783244
 20
12.151972722844619
 10
10.94301022893327
 20
12.147101802240625
 10
10.914758889430104
 20
12.14223088163663
 10
10.88358499756454
 20
12.136385776911837
 10
10.849488553336581
 20
12.130540672187044
 10
10.814417924987824
 20
12.12469556746225
 10
10.778373112518267
 20
12.118850462737457
 10
10.74232830004871
 20
12.113005358012666
 10
10.706283487579153
 20
12.107160253287871
 10
10.672187043351194
 20
12.100340964442278
 10
10.640038967364832
 20
12.095470043838285
 10
10.611787627861668
 20
12.090599123234291
 10
10.587433024841697
 20
12.085728202630296
 10
10.56794934242572
 20
12.0828056502679
 10
10.554310764734536
 20
12.079883097905505
 10
10.54359473940575
 20
12.077934729663907
 10
10.529956161714566
 20
12.07501217730151
 10
10.515343399902582
 20
12.073063809059912
 10
10.499756453969802
 20
12.070141256697516
 10
10.48416950803702
 20
12.06721870433512
 10
10.467608377983439
 20
12.065270336093523
 10
10.452021432050659
 20
12.062347783731125
 10
10.437408670238677
 20
12.060399415489528
 10
10.421821724305897
 20
12.05845104724793
 10
10.403312226010717
 20
12.055528494885534
 10
10.381880175353142
 20
12.052605942523137
 10
10.35947394057477
 20
12.049683390160741
 10
10.336093521675597
 20
12.045786653677546
 10
10.311738918655626
 20
12.04286410131515
 10
10.289332683877253
 20
12.038967364831953
 10
10.26692644909888
 20
12.036044812469557
 10
10.118850462737457
 20
12.004870920603993
 10
9.999025815879202
 20
11.959084266926448
 10
9.907452508524111
 20
11.898684851436922
 10
9.845104724792986
 20
11.82464685825621
 10
9.810034096444227
 20
11.735996103263517
 10
9.805163175840233
 20
11.63370677057964
 10
9.827569410618608
 20
11.517778860204578
 10
9.880175353141743
 20
11.388212372138334
 10
9.902581587920116
 20
11.349245007306381
 10
9.935703848027277
 20
11.303458353628836
 10
9.979542133463225
 20
11.2508524111057
 10
10.031173891865564
 20
11.193375547978569
 10
10.089624939113493
 20
11.13297613248904
 10
10.152946906965417
 20
11.071602532878714
 10
10.220165611300537
 20
11.009254749147589
 10
10.290306867998053
 20
10.948855333658063
 10
10.495859717486606
 20
10.780321480759863
 10
10.693619094008769
 20
10.622503653190455
 10
10.886507549926936
 20
10.47540185094983
 10
11.081344374086703
 20
10.333170969313201
 10
11.280077934729665
 20
10.194836824159767
 10
11.487579152459816
 20
10.057476863127132
 10
11.70871894788115
 20
9.916220165611302
 10
11.947394057476863
 20
9.769118363370676
 10
12.070141256697516
 20
9.696054554310765
 10
12.20847540185095
 20
9.618119824646858
 10
12.356551388212374
 20
9.537262542620555
 10
12.510472479298588
 20
9.455431076473452
 10
12.664393570384803
 20
9.37554797856795
 10
12.815392109108622
 20
9.30053580126644
 10
12.957622990745252
 20
9.231368728689723
 10
13.087189478811496
 20
9.171943497320994
 10
13.121285923039455
 20
9.157330735509012
 10
13.153433999025816
 20
9.142717973697028
 10
13.183633706770582
 20
9.129079396005846
 10
13.210910862152948
 20
9.11641500243546
 10
13.235265465172919
 20
9.105698977106673
 10
13.254749147588896
 20
9.095957135898685
 10
13.269361909400878
 20
9.089137847053093
 10
13.277155382367269
 20
9.085241110569898
 10
13.28300048709206
 20
9.0823185582075
 10
13.290793960058453
 20
9.078421821724305
 10
13.299561617145642
 20
9.074525085241111
 10
13.30832927423283
 20
9.069654164637116
 10
13.319045299561617
 20
9.06575742815392
 10
13.329761324890406
 20
9.060886507549927
 10
13.339503166098394
 20
9.056015586945934
 10
13.35021919142718
 20
9.052118850462739
 10
13.363857769118365
 20
9.047247929858743
 10
13.385289819775938
 20
9.038480272771553
 10
13.412566975158306
 20
9.027764247442768
 10
13.444715051144668
 20
9.015099853872382
 10
13.480759863614225
 20
9.0004870920604
 10
13.520701412566977
 20
8.98392596200682
 10
13.561617145640527
 20
8.967364831953239
 10
13.603507062834877
 20
8.950803701899659
 10
13.703848027277155
 20
8.910862152946908
 10
13.811982464685828
 20
8.869946419873356
 10
13.922065270336095
 20
8.828056502679006
 10
14.031173891865565
 20
8.788114953726256
 10
14.137359961032637
 20
8.751095957135899
 10
14.235752557233319
 20
8.71699951290794
 10
14.324403312226012
 20
8.687773989283974
 10
14.397467121285924
 20
8.665367754505601
 10
14.416950803701901
 20
8.659522649780808
 10
14.440331222601074
 20
8.652703360935217
 10
14.46760837798344
 20
8.643935703848028
 10
14.497808085728204
 20
8.635168046760837
 10
14.529956161714564
 20
8.625426205552849
 10
14.565026790063323
 20
8.614710180224062
 10
14.60204578665368
 20
8.603019970774477
 10
14.641013151485632
 20
8.591329761324891
 10
14.654651729176816
 20
8.586458840720896
 10
14.670238675109596
 20
8.5825621042377
 10
14.686799805163178
 20
8.577691183633707
 10
14.703360935216757
 20
8.572820263029712
 10
14.720896249391137
 20
8.568923526546518
 10
14.736483195323917
 20
8.564052605942523
 10
14.7520701412567
 20
8.560155869459328
 10
14.765708718947883
 20
8.557233317096932
 10
14.779347296639067
 20
8.554310764734534
 10
14.796882610813444
 20
8.549439844130541
 10
14.816366293229422
 20
8.544568923526548
 10
14.837798343886996
 20
8.538723818801754
 10
14.86020457866537
 20
8.532878714076961
 10
14.882610813443742
 20
8.527033609352168
 10
14.905017048222113
 20
8.521188504627375
 10
14.926449098879688
 20
8.515343399902582
 10
14.948855333658061
 20
8.508524111056989
 10
14.975158304919631
 20
8.501704822211398
 10
15.004383828543595
 20
8.493911349245007
 10
15.035557720409159
 20
8.486117876278618
 10
15.066731612274722
 20
8.478324403312225
 10
15.098879688261082
 20
8.470530930345836
 10
15.129079396005846
 20
8.462737457379445
 10
15.157330735509012
 20
8.456892352654652
 10
15.18460789089138
 20
8.450073063809059
 10
15.212859230394546
 20
8.444227959084266
 10
15.24111056989771
 20
8.437408670238675
 10
15.26741354115928
 20
8.431563565513882
 10
15.291768144179251
 20
8.425718460789088
 10
15.314174378957624
 20
8.420847540185095
 10
15.332683877252801
 20
8.4159766195811
 10
15.347296639064785
 20
8.413054067218704
 10
15.387238188017536
 20
8.403312226010716
 10
15.433999025815881
 20
8.393570384802729
 10
15.486604968339016
 20
8.38285435947394
 10
15.546030199707747
 20
8.372138334145154
 10
15.613248904042864
 20
8.35947394057477
 10
15.688261081344375
 20
8.345835362883586
 10
15.773989283974672
 20
8.331222601071604
 10
15.868485143692158
 20
8.315635655138822
 10
15.956161714564054
 20
8.30102289332684
 10
16.031173891865564
 20
8.289332683877253
 10
16.096444227959086
 20
8.278616658548465
 10
16.157817827569414
 20
8.269849001461276
 10
16.21626887481734
 20
8.262055528494885
 10
16.27569410618607
 20
8.255236239649294
 10
16.340964442279592
 20
8.248416950803703
 10
16.414028251339506
 20
8.24062347783731
 10
16.494885533365807
 20
8.232830004870921
 10
16.55918168533853
 20
8.226010716025328
 10
16.61081344374087
 20
8.220165611300535
 10
16.65075499269362
 20
8.215294690696542
 10
16.679980516317585
 20
8.210423770092547
 10
16.70043838285436
 20
8.206527033609351
 10
16.714076960545544
 20
8.202630297126158
 10
16.721870433511935
 20
8.197759376522162
 10
16.728689722357526
 20
8.190940087676571
 10
16.72576716999513
 20
8.185094982951778
 10
16.715051144666344
 20
8.178275694106187
 10
16.69264490988797
 20
8.172430589381394
 10
16.65952264978081
 20
8.1665854846566
 10
16.614710180224062
 20
8.15976619581101
 10
16.555284948855334
 20
8.152946906965417
 10
16.482221139795424
 20
8.144179249878228
 10
16.44325377496347
 20
8.140282513395032
 10
16.406234778373115
 20
8.136385776911837
 10
16.370189965903556
 20
8.132489040428641
 10
16.338041889917196
 20
8.129566488066244
 10
16.30979055041403
 20
8.12566975158305
 10
16.28641013151486
 20
8.12372138334145
 10
16.26887481734048
 20
8.121773015099855
 10
16.25815879201169
 20
8.119824646858257
 10
16.197759376522164
 20
8.113979542133464
 10
16.11690209449586
 20
8.10813443740867
 10
16.019483682415977
 20
8.102289332683878
 10
15.913297613248904
 20
8.097418412079884
 10
15.803214807598637
 20
8.093521675596687
 10
15.695080370189968
 20
8.090599123234291
 10
15.594739405747688
 20
8.089624939113492
 10
15.50803701899659
 20
8.090599123234291
 10
15.192401363857769
 20
8.10131514856308
 10
14.876765708718949
 20
8.12566975158305
 10
14.562104237700927
 20
8.162688748173405
 10
14.246468582562105
 20
8.211397954213346
 10
13.928884559181688
 20
8.273745737944472
 10
13.610326351680468
 20
8.348757915245981
 10
13.288845591816855
 20
8.436434486117877
 10
12.965416463711643
 20
8.536775450560155
 10
12.86799805163176
 20
8.569897710667316
 10
12.76765708718948
 20
8.604968339016073
 10
12.6673161227472
 20
8.64198733560643
 10
12.56697515830492
 20
8.679006332196785
 10
12.469556746225036
 20
8.71699951290794
 10
12.375060886507551
 20
8.754992693619094
 10
12.287384315635657
 20
8.791037506088651
 10
12.205552849488555
 20
8.827082318558208
 10
12.186069167072578
 20
8.834875791524597
 10
12.164637116415003
 20
8.845591816853386
 10
12.139308329274234
 20
8.856307842182172
 10
12.113005358012666
 20
8.867998051631758
 10
12.085728202630298
 20
8.879688261081345
 10
12.057476863127132
 20
8.891378470530931
 10
12.031173891865564
 20
8.903068679980516
 10
12.005845104724795
 20
8.914758889430102
 10
11.92693619094009
 20
8.949829517778861
 10
11.820750121773017
 20
9.001461276181198
 10
11.696054554310766
 20
9.062834875791525
 10
11.561617145640527
 20
9.130053580126644
 10
11.427179736970288
 20
9.198246468582562
 10
11.30150998538724
 20
9.263516804676083
 10
11.194349732099369
 20
9.320019483682417
 10
11.114466634193864
 20
9.363857769118363
 10
11.070628348757916
 20
9.390160740379931
 10
11.02581587920117
 20
9.415489527520702
 10
10.978080857282027
 20
9.443740867023868
 10
10.92644909887969
 20
9.473940574768632
 10
10.86799805163176
 20
9.509011203117389
 10
10.80077934729664
 20
9.548952752070141
 10
10.723818801753533
 20
9.594739405747687
 10
10.634193862640041
 20
9.648319532391623
 10
10.584510472479298
 20
9.679493424257183
 10
10.510472479298588
 20
9.728202630297126
 10
10.418899171943497
 20
9.788602045786654
 10
10.317584023380421
 20
9.854846566000974
 10
10.216268874817342
 20
9.923039454456891
 10
10.121773015099855
 20
9.987335606429616
 10
10.041889917194352
 20
10.04188991719435
 10
9.985387238188018
 20
10.081831466147102
 10
9.906478324403313
 20
10.138334145153435
 10
9.827569410618608
 20
10.195811008280565
 10
9.751583049196297
 20
10.251339503166099
 10
9.680467608377983
 20
10.304919629810033
 10
9.61714564052606
 20
10.352654651729177
 10
9.562591329761325
 20
10.393570384802729
 10
9.520701412566975
 20
10.426692644909888
 10
9.492450073063809
 20
10.449098879688261
 10
9.480759863614223
 20
10.458840720896248
 10
9.465172917681443
 20
10.470530930345834
 10
9.447637603507063
 20
10.485143692157818
 10
9.428153921091088
 20
10.5007306380906
 10
9.406721870433513
 20
10.517291768144178
 10
9.385289819775938
 20
10.534827082318559
 10
9.362883584997565
 20
10.552362396492939
 10
9.34145153433999
 20
10.568923526546518
 10
9.306380905991233
 20
10.596200681928885
 10
9.27423283000487
 20
10.621529469069653
 10
9.242084754018508
 20
10.647832440331223
 10
9.206039941548951
 20
10.677057963955187
 10
9.164150024354603
 20
10.712128592303944
 10
9.113492450073064
 20
10.755966877739892
 10
9.051144666341939
 20
10.809547004383829
 10
8.972235752557234
 20
10.876765708718947
 10
8.878714076960545
 20
10.958597174866052
 10
8.773502191914272
 20
11.053093034583535
 10
8.663419386264003
 20
11.154408183146614
 10
8.555284948855332
 20
11.255723331709694
 10
8.456892352654652
 20
11.350219191427179
 10
8.374086702386752
 20
11.432050657574282
 10
8.313687286897224
 20
11.493424257184607
 10
8.28348757915246
 20
11.529469069654164
 10
8.27666829030687
 20
11.54018509498295
 10
8.273745737944472
 20
11.54992693619094
 10
8.279590842669265
 20
11.564539698002921
 10
8.295177788602047
 20
11.587920116902096
 10
8.32537749634681
 20
11.623964929371652
 10
8.374086702386752
 20
11.677545056015587
 10
8.443253774963468
 20
11.753531417437896
 10
8.537749634680955
 20
11.855820750121774
 10
8.589381393083292
 20
11.912323429128104
 10
8.640038967364832
 20
11.967851924013639
 10
8.687773989283974
 20
12.019483682415977
 10
8.732586458840721
 20
12.068192888455918
 10
8.771553823672674
 20
12.110082805650267
 10
8.803701899659035
 20
12.146127618119824
 10
8.828056502679006
 20
12.173404773502192
 10
8.844617632732586
 20
12.190940087676571
 10
8.85728202630297
 20
12.204578665367753
 10
8.871894788114954
 20
12.221139795421335
 10
8.889430102289333
 20
12.240623477837312
 10
8.908913784705309
 20
12.261081344374086
 10
8.929371651242086
 20
12.28348757915246
 10
8.94982951777886
 20
12.304919629810033
 10
8.970287384315636
 20
12.327325864588408
 10
8.990745250852411
 20
12.347783731125183
 10
9.064783244033123
 20
12.426692644909886
 10
9.135898684851437
 20
12.504627374573793
 10
9.204091573307355
 20
12.579639551875305
 10
9.264490988796881
 20
12.648806624452023
 10
9.316122747199222
 20
12.709206039941549
 10
9.355090112031174
 20
12.75791524598149
 10
9.380418899171943
 20
12.79201169020945
 10
9.388212372138334
 20
12.807598636142231
 10
9.385289819775938
 20
12.814417924987824
 10
9.379444715051145
 20
12.819288845591817
 10
9.368728689722357
 20
12.824159766195812
 10
9.352167559668777
 20
12.828056502679006
 10
9.327812956648806
 20
12.832927423283
 10
9.296639064783244
 20
12.836824159766197
 10
9.254749147588893
 20
12.84072089624939
 10
9.203117389186556
 20
12.845591816853384
 10
9.128105211885046
 20
12.852411105698977
 10
9.062834875791525
 20
12.790063321967853
 10
9.035557720409157
 20
12.763760350706285
 10
8.9985387238188
 20
12.726741354115928
 10
8.947881149537263
 20
12.674135411592792
 10
8.876765708718947
 20
12.600097418412082
 10
8.78226984900146
 20
12.501704822211398
 10
8.659522649780808
 20
12.373112518265952
 10
8.502679006332196
 20
12.209449585971749
 10
8.308816366293229
 20
12.005845104724795
 10
8.251339503166099
 20
11.945445689235266
 10
8.19191427179737
 20
11.88309790550414
 10
8.131514856307842
 20
11.819775937652215
 10
8.071115440818314
 20
11.756453969800292
 10
8.013638577691184
 20
11.697028738431564
 10
7.9610326351680465
 20
11.642474427666828
 10
7.914271797369703
 20
11.593765221626887
 10
7.8753044325377495
 20
11.553823672674136
 10
7.717486604968339
 20
11.390160740379933
 10
7.591816853385289
 20
11.261568436434485
 10
7.497320993667803
 20
11.161227471992207
 10
7.427179736970287
 20
11.087189478811494
 10
7.378470530930346
 20
11.03360935216756
 10
7.3472966390647825
 20
10.996590355577204
 10
7.329761324890404
 20
10.971261568436436
 10
7.320019483682416
 20
10.953726254262056
 10
7.31709693132002
 20
10.935216755966877
 10
7.318071115440818
 20
10.910862152946907
 10
7.323916220165611
 20
10.880662445202145
 10
7.334632245494398
 20
10.843643448611786
 10
7.351193375547979
 20
10.79980516317584
 10
7.372625426205553
 20
10.748173404773501
 10
7.39990258158792
 20
10.689722357525572
 10
7.4320506575742815
 20
10.623477837311253
 10
7.461276181198246
 20
10.565026790063323
 10
7.488553336580614
 20
10.512420847540184
 10
7.514856307842182
 20
10.463711641500243
 10
7.543107647345348
 20
10.414028251339504
 10
7.57525572333171
 20
10.35849975645397
 10
7.615197272284461
 20
10.294203604481247
 10
7.662932294203605
 20
10.216268874817342
 10
7.723331709693132
 20
10.121773015099855
 10
7.8110082805650265
 20
9.986361422308816
 10
7.916220165611301
 20
9.829517778860204
 10
8.036044812469557
 20
9.657087189478812
 10
8.162688748173405
 20
9.477837311251827
 10
8.294203604481247
 20
9.295664880662446
 10
8.42377009254749
 20
9.120311738918657
 10
8.547491475888943
 20
8.955674622503652
 10
8.660496833901608
 20
8.810521188504627
 10
8.674135411592792
 20
8.792985874330249
 10
8.689722357525573
 20
8.774476376035071
 10
8.705309303458353
 20
8.754018509498296
 10
8.721870433511933
 20
8.73356064296152
 10
8.738431563565515
 20
8.712128592303944
 10
8.754018509498296
 20
8.691670725767171
 10
8.769605455431076
 20
8.673161227471992
 10
8.78324403312226
 20
8.655625913297614
 10
8.829030686799804
 20
8.597174866049684
 10
8.869946419873356
 20
8.545543107647346
 10
8.90793960058451
 20
8.497808085728202
 10
8.943010228933268
 20
8.453969800292255
 10
8.97613248904043
 20
8.413054067218704
 10
9.007306380905991
 20
8.374086702386752
 10
9.037506088650755
 20
8.337067705796395
 10
9.067705796395519
 20
8.30004870920604
 10
9.085241110569898
 20
8.278616658548465
 10
9.101802240623478
 20
8.258158792011692
 10
9.118363370677057
 20
8.238675109595714
 10
9.13297613248904
 20
8.220165611300535
 10
9.145640526059426
 20
8.203604481246956
 10
9.15733073550901
 20
8.189965903555773
 10
9.1660983925962
 20
8.179249878226985
 10
9.170969313200194
 20
8.172430589381394
 10
9.177788602045787
 20
8.164637116415003
 10
9.188504627374574
 20
8.150998538723819
 10
9.202143205065758
 20
8.13443740867024
 10
9.219678519240137
 20
8.113005358012664
 10
9.24013638577691
 20
8.089624939113492
 10
9.262542620555285
 20
8.063321967851925
 10
9.285923039454456
 20
8.035070628348757
 10
9.310277642474427
 20
8.006819288845591
 10
9.336580613735997
 20
7.975645396980029
 10
9.364831953239163
 20
7.942523136872869
 10
9.395031660983927
 20
7.907452508524112
 10
9.426205552849488
 20
7.872381880175354
 10
9.455431076473454
 20
7.837311251826596
 10
9.484656600097418
 20
7.8032148075986365
 10
9.510959571358988
 20
7.772040915733073
 10
9.53433999025816
 20
7.744763760350707
 10
9.55674622503653
 20
7.7184607890891375
 10
9.5811008280565
 20
7.69118363370677
 10
9.606429615197273
 20
7.661958110082805
 10
9.630784218217244
 20
7.63370677057964
 10
9.655138821237214
 20
7.606429615197272
 10
9.678519240136385
 20
7.580126643935704
 10
9.698977106673162
 20
7.556746225036532
 10
9.71651242084754
 20
7.536288358499757
 10
9.733073550901121
 20
7.517778860204579
 10
9.750608865075499
 20
7.4992693619094
 10
9.76716999512908
 20
7.479785679493424
 10
9.784705309303458
 20
7.460301997077448
 10
9.800292255236238
 20
7.44179249878227
 10
9.814905017048222
 20
7.42523136872869
 10
9.827569410618608
 20
7.4106186069167075
 10
9.838285435947395
 20
7.398928397467121
 10
9.887968826108134
 20
7.34242571846079
 10
9.94252313687287
 20
7.281052118850463
 10
10.0029225523624
 20
7.214807598636143
 10
10.070141256697516
 20
7.140769605455431
 10
10.147101802240625
 20
7.05893813930833
 10
10.232830004870921
 20
6.966390647832441
 10
10.331222601071604
 20
6.863127131027764
 10
10.441305406721872
 20
6.7462250365319045
 10
10.645884072089627
 20
6.535801266439357
 10
10.870920603994156
 20
6.312713102776425
 10
11.106673161227473
 20
6.084754018509499
 10
11.344374086702388
 20
5.862640038967364
 10
11.572333170969314
 20
5.6541646371164145
 10
11.780808572820265
 20
5.469069654164637
 10
11.96103263516805
 20
5.317096931320019
 10
12.103263516804677
 20
5.207014125669752
 10
12.112031173891868
 20
5.200194836824159
 10
12.122747199220655
 20
5.192401363857769
 10
12.134437408670241
 20
5.18363370677058
 10
12.146127618119827
 20
5.173891865562592
 10
12.158792011690212
 20
5.163175840233804
 10
12.171456405260596
 20
5.153433999025816
 10
12.18412079883098
 20
5.142717973697029
 10
12.195811008280566
 20
5.133950316609839
 10
12.26692644909888
 20
5.076473453482708
 10
12.353628835849976
 20
5.0112031173891864
 10
12.45104724792986
 20
4.940087676570872
 10
12.557233317096932
 20
4.866049683390161
 10
12.6663419386264
 20
4.792011690209449
 10
12.774476376035073
 20
4.720896249391135
 10
12.878714076960545
 20
4.654651729176814
 10
12.975158304919631
 20
4.5962006819288845
 10
13.128105211885048
 20
4.509498295177789
 10
13.284948855333658
 20
4.427666829030687
 10
13.446663419386265
 20
4.35070628348758
 10
13.613248904042866
 20
4.278616658548466
 10
13.786653677545056
 20
4.2104237700925475
 10
13.96687773989284
 20
4.145153433999026
 10
14.155869459327814
 20
4.082805650267901
 10
14.353628835849976
 20
4.0243546030199715
 10
14.37603507062835
 20
4.017535314174379
 10
14.399415489527522
 20
4.0107160253287875
 10
14.421821724305895
 20
4.004870920603994
 10
14.44325377496347
 20
3.9980516317584023
 10
14.463711641500245
 20
3.9922065270336096
 10
14.482221139795422
 20
3.9873356064296153
 10
14.497808085728204
 20
3.9824646858256214
 10
14.50949829517779
 20
3.979542133463225
 10
14.645884072089626
 20
3.9454456892352656
 10
14.797856794934242
 20
3.9152459814905014
 10
14.95957135898685
 20
3.8899171943497324
 10
15.125182659522652
 20
3.8694593278129568
 10
15.288845591816855
 20
3.855820750121773
 10
15.44374086702387
 20
3.8490014612761816
 10
15.5840233804189
 20
3.84997564539698
 10
15.70189965903556
 20
3.857769118363371
 10
15.859717486604968
 20
3.8801753531417438
 10
16.004870920603995
 20
3.9094008767657087
 10
16.140282513395032
 20
3.9454456892352656
 10
16.269849001461278
 20
3.990258158792012
 10
16.396492937165124
 20
4.044812469556746
 10
16.523136872868974
 20
4.1110569897710665
 10
16.652703360935217
 20
4.1889917194349735
 10
16.789089137847053
 20
4.280565026790063
 10
16.814417924987822
 20
4.298100340964442
 10
16.84072089624939
 20
4.317584023380419
 10
16.86799805163176
 20
4.336093521675597
 10
16.896249391134926
 20
4.355577204091573
 10
16.922552362396495
 20
4.374086702386752
 10
16.946906965416467
 20
4.39162201656113
 10
16.969313200194836
 20
4.406234778373113
 10
16.987822698490017
 20
4.419873356064296
 10
17.04042864101315
 20
4.456892352654652
 10
17.0842669264491
 20
4.492937165124209
 10
17.121285923039455
 20
4.527033609352168
 10
17.15245981490502
 20
4.562104237700925
 10
17.178762786166587
 20
4.60009741841208
 10
17.20214320506576
 20
4.64198733560643
 10
17.223575255723333
 20
4.689722357525572
 10
17.24403312226011
 20
4.743302484169508
 10
17.265465172917683
 20
4.835849975645397
 10
17.27618119824647
 20
4.9469069654164635
 10
17.27715538236727
 20
5.069654164637116
 10
17.26838772528008
 20
5.198246468582562
 10
17.2518265952265
 20
5.323916220165612
 10
17.226497808085732
 20
5.439844130540672
 10
17.19434973209937
 20
5.5392109108621534
 10
17.156356551388214
 20
5.613248904042865
 10
17.114466634193864
 20
5.6678032148075985
 10
17.06867998051632
 20
5.713589868485144
 10
17.019970774476377
 20
5.751583049196298
 10
16.96541646371164
 20
5.780808572820263
 10
16.905991232342913
 20
5.8032148075986365
 10
16.839746712128594
 20
5.818801753531417
 10
16.764734534827085
 20
5.827569410618607
 10
16.681928884559184
 20
5.829517778860205
 10
16.496833901607406
 20
5.811982464685826
 10
16.347783731125183
 20
5.763273258645884
 10
16.23477837311252
 20
5.683390160740379
 10
16.157817827569414
 20
5.572333170969313
 10
16.11787627861666
 20
5.431076473453483
 10
16.113979542133464
 20
5.2605942523136875
 10
16.148075986361423
 20
5.060886507549927
 10
16.219191427179737
 20
4.8319532391622015
 10
16.23380418899172
 20
4.792985874330249
 10
16.24354603019971
 20
4.763760350706284
 10
16.2513395031661
 20
4.743302484169508
 10
16.255236239649296
 20
4.728689722357525
 10
16.256210423770092
 20
4.719922065270336
 10
16.254262055528496
 20
4.715051144666342
 10
16.2503653190453
 20
4.712128592303946
 10
16.245494398441306
 20
4.709206039941549
 10
16.224062347783732
 20
4.714076960545543
 10
16.186069167072578
 20
4.735509011203118
 10
16.13541159279104
 20
4.769605455431077
 10
16.07598636142231
 20
4.813443740867024
 10
16.011690209449586
 20
4.864101315148563
 10
15.946419873356065
 20
4.918655625913297
 10
15.88407208962494
 20
4.9741841207988315
 10
15.829517778860206
 20
5.026790063321968
 10
15.735996103263519
 20
5.131027764247444
 10
15.663906478324405
 20
5.230394544568924
 10
15.613248904042864
 20
5.329761324890405
 10
15.582075012177302
 20
5.429128105211885
 10
15.571358986848516
 20
5.532391622016561
 10
15.581100828056504
 20
5.6395518753044325
 10
15.60837798343887
 20
5.754505601558695
 10
15.656113005358014
 20
5.877252800779347
 10
15.712615684364346
 20
5.982464685825621
 10
15.789576229907455
 20
6.086702386751096
 10
15.883097905504142
 20
6.187043351193376
 10
15.989283974671215
 20
6.280565026790064
 10
16.106186069167073
 20
6.364344861178762
 10
16.229907452508524
 20
6.437408670238675
 10
16.357525572333174
 20
6.495859717486605
 10
16.48514369215782
 20
6.537749634680955
 10
16.529956161714566
 20
6.5465172917681445
 10
16.583536288358502
 20
6.5533365806137365
 10
16.64198733560643
 20
6.557233317096932
 10
16.703360935216757
 20
6.559181685338529
 10
16.764734534827085
 20
6.559181685338529
 10
16.823185582075013
 20
6.555284948855333
 10
16.87579152459815
 20
6.550414028251339
 10
16.920603994154895
 20
6.542620555284949
 10
17.086215294690696
 20
6.492937165124209
 10
17.24305893813931
 20
6.426692644909888
 10
17.388212372138334
 20
6.343886994641988
 10
17.51972722844618
 20
6.248416950803702
 10
17.63565513882124
 20
6.139308329274233
 10
17.73404773502192
 20
6.020457866536775
 10
17.812956648806626
 20
5.891865562591329
 10
17.870433511933758
 20
5.757428153921091
 10
17.886020457866536
 20
5.712615684364344
 10
17.899659035557722
 20
5.681441792498783
 10
17.91037506088651
 20
5.663906478324403
 10
17.920116902094495
 20
5.659035557720409
 10
17.92596200681929
 20
5.6678032148075985
 10
17.930832927423285
 20
5.690209449585972
 10
17.93180711154408
 20
5.72528007793473
 10
17.929858743302486
 20
5.773015099853873
 10
17.921091086215295
 20
5.849001461276181
 10
17.900633219678518
 20
5.93278129566488
 10
17.870433511933758
 20
6.023380418899172
 10
17.8324403312226
 20
6.1178762786166585
 10
17.786653677545058
 20
6.213346322454943
 10
17.735021919142717
 20
6.306867998051632
 10
17.67754505601559
 20
6.3964929371651245
 10
17.61617145640526
 20
6.480272771553825
 10
17.482708231855824
 20
6.629322942036045
 10
17.338528981977596
 20
6.756941061860692
 10
17.186556259132978
 20
6.8611787627861665
 10
17.026790063321968
 20
6.94203604481247
 10
16.863127131027763
 20
6.997564539698002
 10
16.696541646371166
 20
7.027764247442766
 10
16.528981977593766
 20
7.030686799805164
 10
16.364344861178765
 20
7.007306380905991
 10
16.145153433999027
 20
6.945932781295665
 10
15.944471505114468
 20
6.868972235752557
 10
15.764247442766683
 20
6.776424744276668
 10
15.604481246955677
 20
6.669264490988797
 10
15.46712128592304
 20
6.547491475888943
 10
15.35119337554798
 20
6.413054067218704
 10
15.25962006819289
 20
6.264978080857282
 10
15.192401363857769
 20
6.105211885046274
 10
15.157330735509012
 20
5.99123234291281
 10
15.134924500730639
 20
5.887968826108135
 10
15.125182659522652
 20
5.792498782269849
 10
15.128105211885048
 20
5.698977106673161
 10
15.143692157817828
 20
5.605455431076473
 10
15.172917681441792
 20
5.507062834875791
 10
15.215781782756942
 20
5.398928397467122
 10
15.273258645884074
 20
5.278129566488066
 10
15.313200194836826
 20
5.199220652703361
 10
15.349245007306383
 20
5.131027764247444
 10
15.381393083292744
 20
5.070628348757915
 10
15.414515343399904
 20
5.013151485630784
 10
15.450560155869459
 20
4.9537262542620555
 10
15.49245007306381
 20
4.887481734047736
 10
15.54213346322455
 20
4.811495372625426
 10
15.60253287871408
 20
4.718947881149537
 10
15.633706770579641
 20
4.671212859230395
 10
15.65124208475402
 20
4.637116415002436
 10
15.655138821237214
 20
4.618606916707258
 10
15.64344861178763
 20
4.615684364344861
 10
15.613248904042864
 20
4.628348757915246
 10
15.562591329761325
 20
4.658548465660011
 10
15.490501704822213
 20
4.704335119337554
 10
15.395031660983928
 20
4.768631271310277
 10
15.286897223575256
 20
4.845591816853386
 10
15.180711154408185
 20
4.929371651242085
 10
15.079396005845107
 20
5.0180224062347785
 10
14.98392596200682
 20
5.109595713589869
 10
14.898197759376524
 20
5.200194836824159
 10
14.823185582075014
 20
5.2888455918168535
 10
14.761811982464687
 20
5.373599610326352
 10
14.71699951290794
 20
5.45056015586946
 10
14.675109595713591
 20
5.564539698002923
 10
14.651729176814419
 20
5.698977106673161
 10
14.645884072089626
 20
5.84997564539698
 10
14.657574281539212
 20
6.014612761811982
 10
14.685825621042378
 20
6.188017535314175
 10
14.731612274719923
 20
6.3672674135411595
 10
14.792985874330249
 20
6.548465660009742
 10
14.869946419873358
 20
6.728689722357526
 10
14.961519727228449
 20
6.901120311738919
 10
15.063809059912325
 20
7.0599123234291286
 10
15.176814417924989
 20
7.204091573307355
 10
15.300535801266442
 20
7.333658061373599
 10
15.433024841695081
 20
7.447637603507063
 10
15.573307355090114
 20
7.545056015586946
 10
15.722357525572335
 20
7.625913297613248
 10
15.878226984900147
 20
7.6892352654651726
 10
16.096444227959086
 20
7.746712128592304
 10
16.32635168046761
 20
7.777886020457866
 10
16.565026790063325
 20
7.7827569410618604
 10
16.81052118850463
 20
7.762299074525085
 10
17.05893813930833
 20
7.715538236726742
 10
17.307355090112033
 20
7.643448611787628
 10
17.55284948855334
 20
7.5460301997077455
 10
17.79249878226985
 20
7.42523136872869
 10
17.943497320993668
 20
7.332683877252801
 10
18.086702386751096
 20
7.230394544568924
 10
18.219191427179737
 20
7.119337554797856
 10
18.339990258158792
 20
7.002435460301997
 10
18.44812469556746
 20
6.881636629322942
 10
18.540672187043352
 20
6.756941061860692
 10
18.61568436434486
 20
6.632245494398441
 10
18.673161227471994
 20
6.507549926936191
 10
18.696541646371166
 20
6.446176327325865
 10
18.714076960545544
 20
6.393570384802727
 10
18.727715538236726
 20
6.344861178762786
 10
18.736483195323917
 20
6.294203604481248
 10
18.74232830004871
 20
6.236726741354117
 10
18.745250852411107
 20
6.1675596687773995
 10
18.746225036531907
 20
6.080857282026304
 10
18.746225036531907
 20
5.971748660496834
 10
18.73356064296152
 20
5.620068192888456
 10
18.696541646371166
 20
5.302484169508037
 10
18.63321967851924
 20
5.015099853872382
 10
18.541646371164152
 20
4.752070141256697
 10
18.419873356064297
 20
4.5104724792985875
 10
18.266926449098882
 20
4.284461763273259
 10
18.07890891378471
 20
4.070141256697516
 10
17.855820750121776
 20
3.863614223088164
 10
17.55187530443254
 20
3.6405260594252313
 10
17.213833414515342
 20
3.454456892352655
 10
16.84364344861179
 20
3.3044325377496344
 10
16.445202143205066
 20
3.193375547978568
 10
16.022406234778373
 20
3.1203117389186557
 10
15.577204091573307
 20
3.0871894788114953
 10
15.114466634193862
 20
3.0940087676570873
 10
14.636142230881637
 20
3.14174378957623
 10
14.488066244520216
 20
3.163175840233804
 10
14.362396492937167
 20
3.182659522649781
 10
14.2503653190453
 20
3.2021432050657572
 10
14.14223088163663
 20
3.2235752557233317
 10
14.028251339503166
 20
3.248904042864101
 10
13.899659035557722
 20
3.281052118850463
 10
13.746712128592305
 20
3.3209936678032146
 10
13.55966877739893
 20
3.370677057963955
 10
13.519727228446179
 20
3.3804188991719437
 10
13.494398441305407
 20
3.3833414515343403
 10
13.48465660009742
 20
3.377496346809547
 10
13.491475888943011
 20
3.3628835849975647
 10
13.51680467608378
 20
3.3385289819775936
 10
13.560642961519727
 20
3.301509985387238
 10
13.62396492937165
 20
3.2518265952264978
 10
13.707744763760353
 20
3.188504627374574
 10
13.882123721383342
 20
3.0589381393083293
 10
14.051631758402339
 20
2.935216755966878
 10
14.215294690696542
 20
2.817340477350219
 10
14.373112518265954
 20
2.7062834875791526
 10
14.524111056989772
 20
2.6020457866536777
 10
14.6663419386264
 20
2.5056015586945932
 10
14.79980516317584
 20
2.4169508037019
 10
14.923526546517293
 20
2.338041889917194
 10
15.05017048222114
 20
2.2591329761324888
 10
15.15927910375061
 20
2.1919142717973696
 10
15.254749147588896
 20
2.13346322454944
 10
15.339503166098394
 20
2.0818314661471016
 10
15.417437895762301
 20
2.036044812469557
 10
15.491475888943011
 20
1.9931807111544084
 10
15.56648806624452
 20
1.9522649780808574
 10
15.644422795908428
 20
1.9094008767657087
 10
15.949342425718461
 20
1.7525572333170971
 10
16.223088163662933
 20
1.6288358499756452
 10
16.466634193862642
 20
1.5382367267413541
 10
16.681928884559184
 20
1.4797856794934243
 10
16.869946419873358
 20
1.4544568923526549
 10
17.031660983925963
 20
1.4603019970774478
 10
17.1690209449586
 20
1.4992693619094009
 10
17.28397467121286
 20
1.5694106186069168
 10
17.315148563078424
 20
1.602532878714077
 10
17.337554797856797
 20
1.6405260594252316
 10
17.35119337554798
 20
1.6814417924987823
 10
17.355090112031174
 20
1.723331709693132
 10
17.35021919142718
 20
1.7661958110082807
 10
17.335606429615197
 20
1.8061373599610326
 10
17.312226010716028
 20
1.8421821724305893
 10
17.280077934729665
 20
1.8723818801753531
 10
17.254749147588896
 20
1.8977106673161228
 10
17.2498782269849
 20
1.9152459814905016
 10
17.263516804676087
 20
1.9279103750608866
 10
17.29079396005845
 20
1.9327812956648807
 10
17.327812956648806
 20
1.931807111544082
 10
17.37359961032635
 20
1.9240136385776911
 10
17.422308816366293
 20
1.90842669264491
 10
17.471018022406238
 20
1.885046273745738
 10
17.521675596687775
 20
1.8519240136385777
 10
17.56453969800292
 20
1.8129566488066244
 10
17.60058451047248
 20
1.769118363370677
 10
17.627861665854848
 20
1.718460789089138
 10
17.648319532391625
 20
1.660983925962007
 10
17.661958110082807
 20
1.596687773989284
 10
17.6687773989284
 20
1.5255723331709692
 10
17.6678032148076
 20
1.446663419386264
 10
17.65903555772041
 20
1.3511933755479786
 10
17.639551875304434
 20
1.268387725280078
 10
17.610326351680467
 20
1.1972722844617634
 10
17.569410618606916
 20
1.1368728689722356
 10
17.516804676083783
 20
1.0862152946906967
 10
17.45056015586946
 20
1.043351193375548
 10
17.370677057963956
 20
1.0073063809059912
 10
17.27618119824647
 20
0.9780808572820264
 10
17.20214320506576
 20
0.9654164637116415
 10
17.102776424744278
 20
0.9556746225036532
 10
16.983925962006822
 20
0.9488553336580614
 10
16.856307842182176
 20
0.9469069654164636
 10
16.72771553823673
 20
0.9478811495372627
 10
16.605942523136875
 20
0.9517778860204578
 10
16.499756453969802
 20
0.9605455431076473
 10
16.418899171943497
 20
0.9722357525572335
 10
16.10034096444228
 20
1.0579639551875304
 10
15.761324890404287
 20
1.1855820750121773
 10
15.402825133950317
 20
1.3541159279103752
 10
15.021919142717975
 20
1.5655138821237213
 10
14.61860691670726
 20
1.8197759376522165
 10
14.189965903555773
 20
2.1178762786166585
 10
13.736970287384317
 20
2.4607890891378474
 10
13.257671699951292
 20
2.8494885533365806
 10
13.245981490501705
 20
2.859230394544569
 10
13.231368728689723
 20
2.870920603994155
 10
13.214807598636142
 20
2.8845591816853386
 10
13.196298100340966
 20
2.90014612761812
 10
13.176814417924989
 20
2.9167072576716997
 10
13.155382367267414
 20
2.9342425718460787
 10
13.13492450073064
 20
2.950803701899659
 10
13.114466634193864
 20
2.9673648319532395
 10
13.093034583536289
 20
2.985874330248417
 10
13.068679980516318
 20
3.0063321967851926
 10
13.042377009254752
 20
3.0287384315635655
 10
13.014125669751584
 20
3.053093034583536
 10
12.985874330248418
 20
3.0774476376035067
 10
12.957622990745252
 20
3.1027764247442766
 10
12.931320019483683
 20
3.1261568436434484
 10
12.906965416463713
 20
3.1475888943010233
 10
12.882610813443742
 20
3.1699951290793957
 10
12.857282026302974
 20
3.192401363857769
 10
12.830004870920604
 20
3.2167559668777397
 10
12.803701899659037
 20
3.2401363857769123
 10
12.777398928397469
 20
3.2635168046760836
 10
12.753044325377498
 20
3.2839746712128597
 10
12.730638090599125
 20
3.303458353628836
 10
12.712128592303946
 20
3.320019483682416
 10
12.654651729176814
 20
3.3697028738431563
 10
12.593278129566489
 20
3.4223088163662934
 10
12.527033609352168
 20
3.4817340477350216
 10
12.45104724792986
 20
3.550901120311739
 10
12.363370677057965
 20
3.631758402338042
 10
12.25913297613249
 20
3.728202630297126
 10
12.136385776911839
 20
3.8431563565513884
 10
11.991232342912811
 20
3.979542133463225
 10
11.723331709693133
 20
4.234778373112518
 10
11.43399902581588
 20
4.5172917681441795
 10
11.132001948368242
 20
4.818314661471018
 10
10.824159766195812
 20
5.131027764247444
 10
10.519240136385779
 20
5.4456892352654656
 10
10.22406234778373
 20
5.754505601558695
 10
9.948368241597661
 20
6.05065757428154
 10
9.698002922552362
 20
6.3253774963468095
 10
9.604481246955675
 20
6.429615197272285
 10
9.522649780808571
 20
6.518265952264978
 10
9.455431076473454
 20
6.590355577204091
 10
9.400876765708718
 20
6.644909887968827
 10
9.362883584997565
 20
6.6819288845591815
 10
9.340477350219192
 20
6.699464198733561
 10
9.334632245494397
 20
6.697515830491963
 10
9.346322454943984
 20
6.67510959571359
 10
9.36580613735996
 20
6.647832440331222
 10
9.396005845104725
 20
6.606916707257672
 10
9.43399902581588
 20
6.556259132976132
 10
9.477837311251827
 20
6.498782269849002
 10
9.52459814905017
 20
6.437408670238675
 10
9.572333170969314
 20
6.377009254749148
 10
9.61811982464686
 20
6.320506575742815
 10
9.65806137359961
 20
6.270823185582076
 10
9.668777398928396
 20
6.257184607890891
 10
9.681441792498783
 20
6.241597661958111
 10
9.695080370189965
 20
6.22503653190453
 10
9.709693132001949
 20
6.206527033609352
 10
9.72430589381393
 20
6.188017535314175
 10
9.738918655625913
 20
6.170482221139795
 10
9.752557233317097
 20
6.152946906965417
 10
9.765221626887481
 20
6.136385776911836
 10
9.778860204578667
 20
6.119824646858257
 10
9.794447150511447
 20
6.099366780321481
 10
9.811982464685824
 20
6.077934729663906
 10
9.830491962981004
 20
6.054554310764734
 10
9.849975645396981
 20
6.030199707744764
 10
9.869459327812956
 20
6.006819288845592
 10
9.888943010228934
 20
5.98343886994642
 10
9.906478324403313
 20
5.962006819288845
 10
9.92498782269849
 20
5.939600584510473
 10
9.945445689235266
 20
5.915245981490502
 10
9.96687773989284
 20
5.8889430102289335
 10
9.989283974671213
 20
5.862640038967364
 10
10.011690209449586
 20
5.835362883584998
 10
10.033122260107161
 20
5.809059912323429
 10
10.053580126643936
 20
5.784705309303458
 10
10.072089624939114
 20
5.762299074525085
 10
10.154895275207014
 20
5.662932294203604
 10
10.239649293716514
 20
5.561617145640526
 10
10.322454943984415
 20
5.463224549439844
 10
10.40233804188992
 20
5.369702873843157
 10
10.474427666829031
 20
5.283974671212859
 10
10.538723818801756
 20
5.209936678032148
 10
10.590355577204093
 20
5.15051144666342
 10
10.627374573794448
 20
5.109595713589869
 10
10.641013151485632
 20
5.094008767657087
 10
10.65952264978081
 20
5.073550901120312
 10
10.681928884559182
 20
5.048222113979542
 10
10.70823185582075
 20
5.018996590355577
 10
10.736483195323919
 20
4.987822698490015
 10
10.765708718947883
 20
4.9537262542620555
 10
10.796882610813446
 20
4.919629810034096
 10
10.827082318558208
 20
4.885533365806137
 10
10.887481734047736
 20
4.8173404773502195
 10
10.951777886020459
 20
4.746225036531905
 10
11.019970774476377
 20
4.671212859230395
 10
11.090112031173893
 20
4.595226497808087
 10
11.16025328787141
 20
4.519240136385776
 10
11.229420360448126
 20
4.4461763273258645
 10
11.295664880662445
 20
4.376035070628348
 10
11.358012664393572
 20
4.3107647345348274
 10
11.378470530930347
 20
4.289332683877253
 10
11.39990258158792
 20
4.26692644909888
 10
11.422308816366293
 20
4.243546030199708
 10
11.444715051144668
 20
4.220165611300536
 10
11.46614710180224
 20
4.197759376522162
 10
11.486604968339018
 20
4.176327325864588
 10
11.505114466634193
 20
4.156843643448612
 10
11.520701412566977
 20
4.140282513395031
 10
11.540185094982954
 20
4.119824646858256
 10
11.569410618606918
 20
4.0896249391134925
 10
11.607403799318071
 20
4.05065757428154
 10
11.653190452995617
 20
4.005845104724793
 10
11.703848027277157
 20
3.9551875304432538
 10
11.75840233804189
 20
3.900633219678519
 10
11.815879201169022
 20
3.8431563565513884
 10
11.874330248416952
 20
3.7847053093034586
 10
11.932781295664881
 20
3.7272284461763276
 10
11.989283974671213
 20
3.671699951290794
 10
12.04091573307355
 20
3.620068192888456
 10
12.088650754992695
 20
3.573307355090112
 10
12.129566488066246
 20
3.5323916220165614
 10
12.162688748173405
 20
3.5002435460302
 10
12.186069167072578
 20
3.475888943010229
 10
12.20068192888456
 20
3.4622503653190453
 10
12.262055528494885
 20
3.4018509498295177
 10
12.349732099366781
 20
3.319045299561617
 10
12.45884072089625
 20
3.2196785192401363
 10
12.580613735996105
 20
3.1086215294690698
 10
12.710180224062348
 20
2.993667803214808
 10
12.839746712128592
 20
2.879688261081345
 10
12.962493911349247
 20
2.771553823672674
 10
13.073550901120312
 20
2.6770579639551877
 10
13.600584510472482
 20
2.2513395031660988
 10
14.113979542133466
 20
1.8733560642961522
 10
14.612761811982464
 20
1.544081831466147
 10
15.098879688261082
 20
1.2644909887968827
 10
15.570384802727718
 20
1.032635168046761
 10
16.027277155382368
 20
0.8504627374573795
 10
16.471505114466638
 20
0.7169995129079395
 10
16.90014612761812
 20
0.6332196785192401
 10
17.018996590355577
 20
0.6205552849488554
 10
17.13200194836824
 20
0.6176327325864589
 10
17.239162201656114
 20
0.6254262055528496
 10
17.341451534339992
 20
0.6429615197272285
 10
17.439844130540674
 20
0.6712128592303946
 10
17.536288358499757
 20
0.7101802240623478
 10
17.629810034096444
 20
0.7598636142230881
 10
17.721383341451535
 20
0.8202630297126156
 10
17.840233804188994
 20
0.9245007306380907
 10
17.937652216268877
 20
1.0443253774963468
 10
18.01071602532879
 20
1.175840233804189
 10
18.060399415489528
 20
1.3151485630784219
 10
18.0847540185095
 20
1.459327812956649
 10
18.081831466147104
 20
1.6035070628348758
 10
18.05260594252314
 20
1.7428153921091087
 10
17.99415489527521
 20
1.8743302484169508
 10
17.936678032148077
 20
1.959084266926449
 10
17.873356064296154
 20
2.0331222601071604
 10
17.805163175840235
 20
2.0935216755966874
 10
17.73209936678032
 20
2.1412566975158307
 10
17.656113005358012
 20
2.17535314174379
 10
17.578178275694107
 20
2.194836824159766
 10
17.5002435460302
 20
2.1987335606429617
 10
17.422308816366293
 20
2.187043351193376
 10
17.36093521675597
 20
2.1665854846565997
 10
17.296639064783243
 20
2.138334145153434
 10
17.231368728689723
 20
2.102289332683877
 10
17.1651242084754
 20
2.0594252313687287
 10
17.10082805650268
 20
2.011690209449586
 10
17.038480272771555
 20
1.9581100828056504
 10
16.980029225523623
 20
1.9006332196785192
 10
16.92644909887969
 20
1.8402338041889919
 10
16.894301022893327
 20
1.804188991719435
 10
16.870920603994158
 20
1.7808085728202632
 10
16.855333658061376
 20
1.7720409157330737
 10
16.846566000974185
 20
1.7788602045786654
 10
16.84461763273259
 20
1.803214807598636
 10
16.84851436921578
 20
1.8431563565513882
 10
16.860204578665368
 20
1.9025815879201171
 10
16.87676570871895
 20
1.9805163175840235
 10
16.9176814417925
 20
2.1237213833414517
 10
16.973209936678035
 20
2.2503653190452995
 10
17.04335119337555
 20
2.3594739405747687
 10
17.12518265952265
 20
2.451047247929859
 10
17.219678519240137
 20
2.524111056989771
 10
17.32489040428641
 20
2.576716999512908
 10
17.439844130540674
 20
2.609839259620068
 10
17.563565513882125
 20
2.6205552849488556
 10
17.730150998538726
 20
2.603019970774476
 10
17.895762299074526
 20
2.552362396492937
 10
18.057476863127132
 20
2.4724792985874333
 10
18.20944958597175
 20
2.365319045299562
 10
18.348757915245983
 20
2.235752557233317
 10
18.471505114466638
 20
2.086702386751096
 10
18.572820263029712
 20
1.9220652703360936
 10
18.647832440331225
 20
1.7437895762299074
 10
18.687773989283976
 20
1.596687773989284
 10
18.708231855820753
 20
1.4486117876278615
 10
18.70920603994155
 20
1.302484169508037
 10
18.69069654164637
 20
1.159279103750609
 10
18.654651729176816
 20
1.019970774476376
 10
18.600097418412084
 20
0.8865075499269363
 10
18.528007793472966
 20
0.760837798343887
 10
18.438382854359475
 20
0.6429615197272285
 10
18.35070628348758
 20
0.5484656600097418
 10
18.261081344374087
 20
0.4627374573794447
 10
18.1665854846566
 20
0.38285435947394053
 10
18.070141256697518
 20
0.3117389186556259
 10
17.970774476376036
 20
0.24744276668290313
 10
17.867510959571362
 20
0.1909400876765708
 10
17.763273258645885
 20
0.1432050657574282
 10
17.656113005358012
 20
0.10228933268387726
 10
17.508037018996593
 20
0.06429615197272286
 10
17.337554797856797
 20
0.04091573307355093
 10
17.149537262542623
 20
0.032148075986361394
 10
16.947881149537263
 20
0.03701899659035555
 10
16.735509011203117
 20
0.05650267900633217
 10
16.51729176814418
 20
0.08865075499269363
 10
16.297126156843646
 20
0.13541159279103757
 10
16.07793472966391
 20
0.1948368241597662
 10
16.065270336093523
 20
0.19873356064296158
 10
16.05163175840234
 20
0.20263029712615682
 10
16.037993180711158
 20
0.20750121773015098
 10
16.023380418899173
 20
0.21139795421334637
 10
16.00974184120799
 20
0.21529469069654159
 10
15.997077447637604
 20
0.2182172430589382
 10
15.985387238188018
 20
0.22211397954213344
 10
15.975645396980031
 20
0.22406234778373113
 10
15.927910375060886
 20
0.23867510959571359
 10
15.857769118363374
 20
0.26400389673648317
 10
15.772040915733074
 20
0.29615197272284466
 10
15.675596687773991
 20
0.334145153433999
 10
15.574281539210912
 20
0.3740867023867512
 10
15.47491475888943
 20
0.4159766195811009
 10
15.38236726741354
 20
0.45591816853385286
 10
15.30248416950804
 20
0.4919629810034096
 10
15.169995129079396
 20
0.5552849488553336
 10
15.031660983925962
 20
0.6244520214320506
 10
14.890404286410131
 20
0.6984900146127618
 10
14.748173404773503
 20
0.7754505601558694
 10
14.60886507549927
 20
0.8533852898197759
 10
14.474427666829033
 20
0.9303458353628836
 10
14.348757915245983
 20
1.0063321967851926
 10
14.234778373112519
 20
1.077447637603507
 10
14.210423770092548
 20
1.0940087676570873
 10
14.18412079883098
 20
1.1105698977106673
 10
14.15879201169021
 20
1.1271310277642475
 10
14.13443740867024
 20
1.1427179736970288
 10
14.112031173891868
 20
1.1573307355090114
 10
14.091573307355091
 20
1.1709693132001948
 10
14.074037993180712
 20
1.181685338528982
 10
14.05942523136873
 20
1.1904529956161713
 10
14.022406234778375
 20
1.2148075986361422
 10
13.986361422308818
 20
1.2381880175353142
 10
13.949342425718461
 20
1.262542620555285
 10
13.912323429128106
 20
1.2878714076960545
 10
13.874330248416952
 20
1.314174378957623
 10
13.835362883584999
 20
1.3404773502191913
 10
13.794447150511447
 20
1.3687286897223576
 10
13.752557233317098
 20
1.3989283974671212
 10
13.729176814417928
 20
1.4154895275207016
 10
13.702873843156357
 20
1.433999025815879
 10
13.67657087189479
 20
1.4534827082318558
 10
13.649293716512423
 20
1.4719922065270337
 10
13.622990745250853
 20
1.4905017048222113
 10
13.597661958110084
 20
1.5090112031173892
 10
13.574281539210912
 20
1.5245981490501705
 10
13.554797856794936
 20
1.539210910862153
 10
13.535314174378959
 20
1.551875304432538
 10
13.515830491962982
 20
1.5664880662445204
 10
13.494398441305407
 20
1.5820750121773015
 10
13.472966390647832
 20
1.5976619581100828
 10
13.45153433999026
 20
1.6122747199220653
 10
13.432050657574283
 20
1.6268874817340477
 10
13.414515343399902
 20
1.6405260594252316
 10
13.398928397467122
 20
1.6512420847540186
 10
13.313200194836826
 20
1.7165124208475402
 10
13.236239649293717
 20
1.7739892839746711
 10
13.167072576717
 20
1.826595226497808
 10
13.105698977106675
 20
1.8743302484169508
 10
13.049196298100341
 20
1.9171943497320996
 10
12.998538723818804
 20
1.9571358986848515
 10
12.95080370189966
 20
1.995129079396006
 10
12.906965416463713
 20
2.0301997077447638
 10
12.878714076960545
 20
2.053580126643936
 10
12.85046273745738
 20
2.0769605455431077
 10
12.821237213833417
 20
2.10034096444228
 10
12.792985874330249
 20
2.1227471992206524
 10
12.765708718947883
 20
2.1451534339990257
 10
12.741354115927912
 20
2.1646371164150024
 10
12.719922065270337
 20
2.1821724305893815
 10
12.702386751095958
 20
2.1958110082805646
 10
12.648806624452023
 20
2.2396492937165124
 10
12.5835362883585
 20
2.293229420360448
 10
12.512420847540186
 20
2.353628835849976
 10
12.437408670238677
 20
2.4169508037019
 10
12.363370677057965
 20
2.4802727715538238
 10
12.294203604481247
 20
2.5396980029225524
 10
12.232830004870921
 20
2.5923039454456895
 10
12.18509498295178
 20
2.635168046760838
 10
12.169508037018998
 20
2.648806624452021
 10
12.147101802240625
 20
2.669264490988797
 10
12.116902094495861
 20
2.6965416463711644
 10
12.081831466147102
 20
2.7277155382367266
 10
12.041889917194352
 20
2.7637603507062836
 10
11.999025815879202
 20
2.801753531417438
 10
11.954213346322456
 20
2.842669264490989
 10
11.90842669264491
 20
2.88358499756454
 10
11.806137359961033
 20
2.976132489040429
 10
11.685338528981978
 20
3.0891378470530935
 10
11.55187530443254
 20
3.213833414515343
 10
11.412566975158304
 20
3.345348270823185
 10
11.277155382367269
 20
3.475888943010229
 10
11.149537262542621
 20
3.5996103263516805
 10
11.039454456892352
 20
3.707744763760351
 10
10.953726254262056
 20
3.7944471505114468
 10
10.824159766195812
 20
3.926936190940088
 10
10.70238675109596
 20
4.052605942523137
 10
10.589381393083293
 20
4.170482221139796
 10
10.48514369215782
 20
4.279590842669265
 10
10.388699464198735
 20
4.380905991232343
 10
10.300048709206042
 20
4.474427666829031
 10
10.221139795421335
 20
4.5601558694593285
 10
10.15002435460302
 20
4.637116415002436
 10
10.108134437408673
 20
4.682903068679981
 10
10.06721870433512
 20
4.727715538236726
 10
10.02727715538237
 20
4.771553823672674
 10
9.990258158792011
 20
4.811495372625426
 10
9.956161714564052
 20
4.848514369215782
 10
9.926936190940086
 20
4.880662445202144
 10
9.903555772040916
 20
4.906965416463712
 10
9.886994641987336
 20
4.925474914758889
 10
9.871407696054556
 20
4.942036044812469
 10
9.852898197759377
 20
4.962493911349245
 10
9.831466147101802
 20
4.986848514369216
 10
9.80808572820263
 20
5.013151485630784
 10
9.78275694106186
 20
5.042377009254749
 10
9.757428153921092
 20
5.071602532878714
 10
9.731125182659522
 20
5.100828056502679
 10
9.706770579639551
 20
5.129079396005845
 10
9.681441792498783
 20
5.157330735509011
 10
9.655138821237214
 20
5.187530443253775
 10
9.628835849975646
 20
5.218704335119338
 10
9.602532878714076
 20
5.248904042864101
 10
9.577204091573307
 20
5.277155382367268
 10
9.553823672674135
 20
5.304432537749634
 10
9.533365806137361
 20
5.327812956648806
 10
9.515830491962982
 20
5.347296639064783
 10
9.477837311251827
 20
5.39113492450073
 10
9.432050657574282
 20
5.443740867023867
 10
9.382367267413542
 20
5.503166098392596
 10
9.327812956648806
 20
5.5674622503653195
 10
9.270336093521676
 20
5.635655138821237
 10
9.211885046273746
 20
5.705796395518753
 10
9.152459814905017
 20
5.777886020457867
 10
9.094982951777887
 20
5.849001461276181
 10
9.069654164637116
 20
5.880175353141744
 10
9.042377009254748
 20
5.912323429128105
 10
9.015099853872382
 20
5.9464198733560645
 10
8.987822698490016
 20
5.979542133463224
 10
8.961519727228445
 20
6.0107160253287875
 10
8.938139308329275
 20
6.039941548952752
 10
8.9167072576717
 20
6.066244520214321
 10
8.898197759376522
 20
6.088650754992694
 10
8.880662445202143
 20
6.10910862152947
 10
8.862152946906965
 20
6.13346322454944
 10
8.84169508037019
 20
6.15879201169021
 10
8.820263029712615
 20
6.185094982951778
 10
8.79883097905504
 20
6.211397954213346
 10
8.778373112518267
 20
6.236726741354117
 10
8.759863614223088
 20
6.261081344374087
 10
8.74232830004871
 20
6.28348757915246
 10
8.725767169995128
 20
6.304919629810034
 10
8.70823185582075
 20
6.327325864588407
 10
8.690696541646371
 20
6.34973209936678
 10
8.672187043351192
 20
6.372138334145154
 10
8.655625913297614
 20
6.393570384802727
 10
8.640038967364832
 20
6.413054067218704
 10
8.626400389673648
 20
6.429615197272285
 10
8.614710180224062
 20
6.444227959084267
 10
8.603994154895275
 20
6.456892352654651
 10
8.592303945445689
 20
6.471505114466634
 10
8.580613735996103
 20
6.486117876278616
 10
8.567949342425718
 20
6.501704822211398
 10
8.556259132976132
 20
6.5172917681441795
 10
8.545543107647346
 20
6.5319045299561616
 10
8.535801266439357
 20
6.544568923526546
 10
8.527033609352168
 20
6.557233317096932
 10
8.51729176814418
 20
6.569897710667316
 10
8.504627374573795
 20
6.587433024841696
 10
8.489040428641013
 20
6.60789089137847
 10
8.471505114466634
 20
6.631271310277643
 10
8.452995616171457
 20
6.656600097418412
 10
8.432537749634681
 20
6.68290306867998
 10
8.412079883097906
 20
6.70920603994155
 10
8.39162201656113
 20
6.735509011203117
 10
8.336093521675597
 20
6.807598636142231
 10
8.27569410618607
 20
6.886507549926936
 10
8.213346322454944
 20
6.970287384315636
 10
8.15002435460302
 20
7.055041402825134
 10
8.088650754992694
 20
7.139795421334632
 10
8.029225523623964
 20
7.221626887481734
 10
7.973697028738432
 20
7.29956161714564
 10
7.9249878226984904
 20
7.368728689722357
 10
7.914271797369703
 20
7.384315635655139
 10
7.901607403799319
 20
7.401850949829518
 10
7.888943010228933
 20
7.420360448124696
 10
7.8753044325377495
 20
7.4388699464198735
 10
7.861665854846566
 20
7.458353628835851
 10
7.84900146127618
 20
7.476863127131028
 10
7.836337067705796
 20
7.494398441305407
 10
7.8256210423770085
 20
7.510959571358987
 10
7.636629322942036
 20
7.783731125182659
 10
7.456405260594252
 20
8.054554310764734
 10
7.283974671212858
 20
8.319532391622017
 10
7.122260107160254
 20
8.579639551875305
 10
6.970287384315636
 20
8.830979055041404
 10
6.8319532391622015
 20
9.072576716999512
 10
6.706283487579152
 20
9.301509985387238
 10
6.594252313687287
 20
9.51777886020458
 10
6.565026790063322
 20
9.578178275694107
 10
6.535801266439357
 20
9.635655138821237
 10
6.509498295177788
 20
9.689235265465172
 10
6.485143692157817
 20
9.737944471505113
 10
6.464685825621043
 20
9.778860204578665
 10
6.448124695567462
 20
9.811982464685826
 10
6.436434486117876
 20
9.836337067705797
 10
6.429615197272285
 20
9.849001461276181
 10
6.416950803701899
 20
9.87530443253775
 10
6.39941548952752
 20
9.916220165611302
 10
6.376035070628349
 20
9.968826108134436
 10
6.34973209936678
 20
10.031173891865564
 10
6.321480759863614
 20
10.099366780321482
 10
6.293229420360448
 20
10.170482221139796
 10
6.264003896736483
 20
10.24257184607891
 10
6.236726741354115
 20
10.310764734534828
 10
6.22503653190453
 20
10.339990258158792
 10
6.213346322454943
 20
10.368241597661958
 10
6.202630297126157
 20
10.393570384802729
 10
6.19191427179737
 20
10.415976619581102
 10
6.1831466147101795
 20
10.435460301997079
 10
6.174378957622991
 20
10.451047247929859
 10
6.1685338528981974
 20
10.460789089137847
 10
6.163662932294203
 20
10.46566000974184
 10
6.155869459327813
 20
10.470530930345834
 10
6.145153433999026
 20
10.471505114466636
 10
6.126643935703848
 20
10.468582562104237
 10
6.094495859717487
 20
10.458840720896248
 10
6.043838285435947
 20
10.44130540672187
 10
5.969800292255236
 20
10.413054067218706
 10
5.8684851436921575
 20
10.374086702386752
 10
5.7320993667803215
 20
10.321480759863615
 10
5.6541646371164145
 20
10.292255236239649
 10
5.588894301022893
 20
10.26595226497808
 10
5.53336580613736
 20
10.243546030199708
 10
5.488553336580614
 20
10.225036531904529
 10
5.454456892352654
 20
10.210423770092547
 10
5.429128105211885
 20
10.198733560642962
 10
5.412566975158305
 20
10.189965903555771
 10
5.405747686312713
 20
10.18412079883098
 10
5.39990258158792
 20
10.177301509985387
 10
5.3969800292255234
 20
10.168533852898198
 10
5.395031660983926
 20
10.154895275207014
 10
5.394057476863127
 20
10.13443740867024
 10
5.395031660983926
 20
10.103263516804676
 10
5.397954213346323
 20
10.059425231368728
 10
5.402825133950317
 20
10.0
 10
5.408670238675109
 20
9.922065270336093
 10
5.420360448124695
 20
9.728202630297126
 10
5.430102289332684
 20
9.477837311251827
 10
5.438869946419873
 20
9.192401363857769
 10
5.444715051144666
 20
8.894301022893327
 10
5.448611787627861
 20
8.603019970774477
 10
5.44958597174866
 20
8.34193862640039
 10
5.446663419386264
 20
8.130540672187044
 10
5.439844130540672
 20
7.990258158792012
 10
5.438869946419873
 20
7.972722844617633
 10
5.436921578178276
 20
7.9464198733560645
 10
5.435947394057477
 20
7.912323429128106
 10
5.4330248416950795
 20
7.872381880175354
 10
5.431076473453483
 20
7.828543594739406
 10
5.429128105211885
 20
7.780808572820264
 10
5.427179736970288
 20
7.732099366780322
 10
5.4252313687286895
 20
7.681441792498783
 10
5.421334632245494
 20
7.5966877739892835
 10
5.4174378957622995
 20
7.514856307842182
 10
5.412566975158305
 20
7.43302484169508
 10
5.406721870433512
 20
7.347296639064783
 10
5.39990258158792
 20
7.255723331709693
 10
5.392109108621529
 20
7.154408183146614
 10
5.382367267413541
 20
7.04140282513395
 10
5.371651242084754
 20
6.911836337067706
 10
5.3677545056015585
 20
6.876765708718948
 10
5.364831953239162
 20
6.838772528007794
 10
5.3609352167559665
 20
6.79980516317584
 10
5.358012664393571
 20
6.761811982464686
 10
5.355090112031173
 20
6.72479298587433
 10
5.352167559668778
 20
6.69069654164637
 10
5.349245007306381
 20
6.6604968339016075
 10
5.346322454943984
 20
6.634193862640039
 10
5.344374086702387
 20
6.609839259620069
 10
5.34145153433999
 20
6.582562104237701
 10
5.338528981977594
 20
6.5533365806137365
 10
5.335606429615197
 20
6.523136872868973
 10
5.3326838772528005
 20
6.493911349245008
 10
5.328787140769606
 20
6.465660009741842
 10
5.3258645884072084
 20
6.438382854359474
 10
5.322942036044813
 20
6.415002435460302
 10
5.319045299561617
 20
6.390647832440331
 10
5.315148563078422
 20
6.361422308816366
 10
5.3112518265952255
 20
6.329274232830006
 10
5.306380905991232
 20
6.295177788602047
 10
5.302484169508037
 20
6.259132976132489
 10
5.297613248904042
 20
6.224062347783731
 10
5.292742328300048
 20
6.188991719434973
 10
5.2888455918168535
 20
6.156843643448612
 10
5.283974671212859
 20
6.1246955674622505
 10
5.280077934729664
 20
6.0896249391134925
 10
5.2752070141256695
 20
6.054554310764734
 10
5.270336093521676
 20
6.0185094982951775
 10
5.265465172917682
 20
5.984413054067218
 10
5.261568436434486
 20
5.952264978080858
 10
5.25767169995129
 20
5.923039454456893
 10
5.2537749634680955
 20
5.898684851436922
 10
5.244033122260107
 20
5.829517778860205
 10
5.228446176327325
 20
5.734047735021919
 10
5.2109108621529465
 20
5.622016561130054
 10
5.190452995616171
 20
5.503166098392596
 10
5.170969313200194
 20
5.386264003896736
 10
5.152459814905017
 20
5.281052118850463
 10
5.137847053093035
 20
5.197272284461763
 10
5.127131027764247
 20
5.143692157817828
 10
5.123234291281052
 20
5.127131027764247
 10
5.119337554797857
 20
5.10862152946907
 10
5.115440818314662
 20
5.089137847053093
 10
5.1105698977106675
 20
5.067705796395519
 10
5.106673161227471
 20
5.0462737457379445
 10
5.101802240623477
 20
5.0258158792011685
 10
5.097905504140282
 20
5.006332196785192
 10
5.094008767657087
 20
4.987822698490015
 10
5.089137847053093
 20
4.968339016074038
 10
5.084266926449099
 20
4.9459327812956655
 10
5.079396005845105
 20
4.919629810034096
 10
5.073550901120312
 20
4.89235265465173
 10
5.0677057963955185
 20
4.863127131027765
 10
5.060886507549927
 20
4.8339016074038
 10
5.055041402825134
 20
4.805650267900633
 10
5.04919629810034
 20
4.778373112518266
 10
5.033609352167559
 20
4.706283487579153
 10
5.008280565026791
 20
4.60009741841208
 10
4.977106673161227
 20
4.470530930345835
 10
4.942036044812469
 20
4.331222601071603
 10
4.90793960058451
 20
4.193862640038968
 10
4.876765708718948
 20
4.072089624939114
 10
4.852411105698978
 20
3.9785679493424255
 10
4.837798343886995
 20
3.925962006819289
 10
4.833901607403798
 20
3.913297613248904
 10
4.828056502679007
 20
3.895762299074525
 10
4.821237213833414
 20
3.873356064296152
 10
4.812469556746225
 20
3.846078908913785
 10
4.8037018996590355
 20
3.81685338528982
 10
4.793960058451048
 20
3.7847053093034586
 10
4.78324403312226
 20
3.7506088650754994
 10
4.772528007793473
 20
3.71651242084754
 10
4.748173404773502
 20
3.635655138821237
 10
4.723818801753532
 20
3.5586945932781298
 10
4.70043838285436
 20
3.4856307842182175
 10
4.678032148075986
 20
3.4164637116415
 10
4.656600097418412
 20
3.353141743789576
 10
4.637116415002436
 20
3.2956648806624456
 10
4.618606916707258
 20
3.2440331222601073
 10
4.6030199707744766
 20
3.20019483682416
 10
4.595226497808085
 20
3.180711154408183
 10
4.587433024841695
 20
3.15830491962981
 10
4.577691183633706
 20
3.1339503166098392
 10
4.568923526546517
 20
3.1086215294690698
 10
4.559181685338529
 20
3.082318558207501
 10
4.55041402825134
 20
3.056989771066732
 10
4.541646371164149
 20
3.032635168046761
 10
4.53287871407696
 20
3.0102289332683876
 10
4.473453482708231
 20
2.85046273745738
 10
4.402338041889917
 20
2.67510959571359
 10
4.323429128105212
 20
2.489040428641013
 10
4.238675109595714
 20
2.301022893326839
 10
4.152946906965416
 20
2.1169020944958596
 10
4.06721870433512
 20
1.942523136872869
 10
3.986361422308817
 20
1.7847053093034582
 10
3.9123234291281057
 20
1.6512420847540186
 10
3.898684851436922
 20
1.6278616658548466
 10
3.8840720896249397
 20
1.602532878714077
 10
3.868485143692158
 20
1.5752557233317097
 10
3.8528981977593766
 20
1.5479785679493425
 10
3.838285435947394
 20
1.521675596687774
 10
3.8236726741354117
 20
1.4963468095470043
 10
3.810034096444228
 20
1.4719922065270337
 10
3.7983438869946418
 20
1.4515343399902583
 10
3.7574281539210914
 20
1.3813930832927424
 10
3.706770579639552
 20
1.2995616171456406
 10
3.649293716512421
 20
1.2079883097905504
 10
3.5879201169020942
 20
1.1134924500730639
 10
3.52459814905017
 20
1.0180224062347785
 10
3.463224549439844
 20
0.927423283000487
 10
3.405747686312713
 20
0.8446176327325864
 10
3.355090112031174
 20
0.7744763760350707
 10
3.2868972235752554
 20
0.6838772528007794
 10
3.2226010716025324
 20
0.5991232342912811
 10
3.1592791037506083
 20
0.5192401363857769
 10
3.0979055041402828
 20
0.4422795908426693
 10
3.036531904529957
 20
0.3682415976619581
 10
2.9741841207988307
 20
0.294203604481247
 10
2.9098879688261086
 20
0.22113979542133466
 10
2.8436434486117874
 20
0.14612761811982464
 10
2.8046760837798344
 20
0.10228933268387726
 10
2.773502191914272
 20
0.06916707257671702
 10
2.7501217730150995
 20
0.04286410131514855
 10
2.731612274719922
 20
0.024354603019970774
 10
2.7179736970287385
 20
0.012664393570384775
 10
2.707257671699951
 20
0.004870920603994155
 10
2.699464198733561
 20
0.0009741841207988448
 10
2.6926449098879686
 20
0.0
 10
2.6858256210423774
 20
0.0009741841207988448
 10
2.681928884559181
 20
0.005845104724793
 10
2.681928884559181
 20
0.01363857769118362
 10
2.6858256210423774
 20
0.02727715538236724
 10
2.693619094008768
 20
0.045786653677545086
 10
2.706283487579152
 20
0.07208962493911349
 10
2.7238188017535316
 20
0.10521188504627373
 10
2.7462250365319045
 20
0.14612761811982464
 10
2.803701899659035
 20
0.25328787140769604
 10
2.867998051631758
 20
0.3779834388699464
 10
2.9371651242084753
 20
0.5153433999025816
 10
3.007306380905992
 20
0.6585484656600097
 10
3.07549926936191
 20
0.800779347296639
 10
3.138821237213834
 20
0.9361909400876766
 10
3.194349732099367
 20
1.0569897710667315
 10
3.238188017535314
 20
1.159279103750609
 10
3.2440331222601073
 20
1.171943497320994
 10
3.2498782269849005
 20
1.1865562591329764
 10
3.2566975158304916
 20
1.2031173891865563
 10
3.264490988796883
 20
1.2216268874817342
 10
3.272284461763273
 20
1.2401363857769119
 10
3.281052118850462
 20
1.2596200681928886
 10
3.2888455918168535
 20
1.278129566488066
 10
3.296639064783244
 20
1.2956648806624451
 10
3.3268387725280077
 20
1.36678032148076
 10
3.359961032635168
 20
1.4456892352654653
 10
3.394057476863127
 20
1.5314174378957621
 10
3.429128105211885
 20
1.619094008767657
 10
3.4641987335606435
 20
1.707744763760351
 10
3.4973209936678034
 20
1.793472966390648
 10
3.527520701412567
 20
1.8753044325377497
 10
3.554797856794934
 20
1.948368241597662
 10
3.562591329761325
 20
1.9717486604968337
 10
3.5713589868485145
 20
1.9961032635168046
 10
3.580126643935704
 20
2.0194836824159768
 10
3.5879201169020942
 20
2.04188991719435
 10
3.5957135898684855
 20
2.0623477837311253
 10
3.6025328787140767
 20
2.0818314661471016
 10
3.60837798343887
 20
2.0974184120798833
 10
3.613248904042864
 20
2.109108621529469
 10
3.668777398928398
 20
2.2620555284948853
 10
3.7282026302971265
 20
2.4413054067218707
 10
3.7905504140282518
 20
2.641013151485631
 10
3.8538723818801754
 20
2.8533852898197756
 10
3.9171943497320996
 20
3.0735509011203117
 10
3.9766195811008287
 20
3.2956648806624456
 10
4.0321480759863615
 20
3.511933755479786
 10
4.081831466147102
 20
3.71651242084754
 10
4.1042377009254745
 20
3.8178275694106185
 10
4.129566488066244
 20
3.935703848027277
 10
4.155869459327813
 20
4.062347783731125
 10
4.182172430589381
 20
4.190940087676571
 10
4.206527033609352
 20
4.312713102776424
 10
4.226984900146127
 20
4.419873356064296
 10
4.242571846078909
 20
4.506575742815392
 10
4.251339503166098
 20
4.564052605942523
 10
4.2532878714076965
 20
4.575742815392109
 10
4.255236239649293
 20
4.59132976132489
 10
4.258158792011691
 20
4.6108134437408665
 10
4.2610813443740865
 20
4.631271310277643
 10
4.264978080857282
 20
4.653677545056016
 10
4.2679006332196785
 20
4.677057963955188
 10
4.271797369702874
 20
4.701412566975159
 10
4.275694106186069
 20
4.7247929858743305
 10
4.287384315635656
 20
4.794934242571847
 10
4.297126156843643
 20
4.857282026302972
 10
4.305893813930833
 20
4.913784705309303
 10
4.313687286897223
 20
4.965416463711642
 10
4.320506575742815
 20
5.013151485630784
 10
4.327325864588406
 20
5.057963955187531
 10
4.3331709693131994
 20
5.100828056502679
 10
4.339016074037993
 20
5.143692157817828
 10
4.3468095470043835
 20
5.213833414515344
 10
4.357525572333171
 20
5.30832927423283
 10
4.369215781782757
 20
5.420360448124695
 10
4.381880175353142
 20
5.54115927910375
 10
4.394544568923527
 20
5.663906478324403
 10
4.405260594252313
 20
5.779834388699464
 10
4.415002435460301
 20
5.8811495372625435
 10
4.421821724305894
 20
5.962006819288845
 10
4.4383828543594745
 20
6.247442766682902
 10
4.45007306380906
 20
6.565026790063322
 10
4.454943984413053
 20
6.900146127618119
 10
4.4539698002922545
 20
7.238188017535315
 10
4.447150511446663
 20
7.565513882123722
 10
4.434486117876278
 20
7.868485143692158
 10
4.4169508037019
 20
8.132489040428641
 10
4.393570384802728
 20
8.343886994641988
 10
4.391622016561129
 20
8.35947394057477
 10
4.388699464198734
 20
8.377983438869947
 10
4.386751095957136
 20
8.399415489527522
 10
4.383828543594739
 20
8.421821724305895
 10
4.380905991232343
 20
8.445202143205066
 10
4.377983438869946
 20
8.469556746225036
 10
4.37506088650755
 20
8.491962981003411
 10
4.373112518265952
 20
8.514369215781782
 10
4.367267413541159
 20
8.566975158304919
 10
4.359473940574769
 20
8.62445202143205
 10
4.351680467608378
 20
8.684851436921578
 10
4.342912810521188
 20
8.745250852411106
 10
4.334145153433999
 20
8.801753531417438
 10
4.326351680467608
 20
8.851436921578179
 10
4.319532391622016
 20
8.890404286410131
 10
4.313687286897223
 20
8.915733073550902
 10
4.309790550414028
 20
8.930345835362884
 10
4.3039454456892345
 20
8.94203604481247
 10
4.297126156843643
 20
8.951777886020459
 10
4.286410131514856
 20
8.95957135898685
 10
4.273745737944471
 20
8.967364831953239
 10
4.256210423770092
 20
8.973209936678032
 10
4.233804188991719
 20
8.980029225523623
 10
4.205552849488552
 20
8.985874330248416
 10
4.19094008767657
 20
8.989771066731612
 10
4.173404773502192
 20
8.993667803214809
 10
4.152946906965416
 20
8.998538723818802
 10
4.130540672187044
 20
9.003409644422797
 10
4.107160253287872
 20
9.00828056502679
 10
4.0837798343887
 20
9.014125669751582
 10
4.05942523136873
 20
9.018996590355577
 10
4.037018996590356
 20
9.02484169508037
 10
3.995129079396006
 20
9.034583536288359
 10
3.9493424257184606
 20
9.046273745737945
 10
3.89965903555772
 20
9.05893813930833
 10
3.8470530930345834
 20
9.073550901120312
 10
3.7915245981490506
 20
9.089137847053093
 10
3.733073550901121
 20
9.105698977106673
 10
3.671699951290794
 20
9.123234291281053
 10
3.60837798343887
 20
9.142717973697028
 10
3.5898684851436924
 20
9.148563078421821
 10
3.572333170969314
 20
9.153433999025816
 10
3.554797856794934
 20
9.15927910375061
 10
3.5382367267413546
 20
9.164150024354603
 10
3.5226497808085733
 20
9.168046760837798
 10
3.5099853872381876
 20
9.171943497320994
 10
3.4992693619094015
 20
9.17486604968339
 10
3.49147588894301
 20
9.176814417924987
 10
3.4641987335606435
 20
9.185582075012178
 10
3.415489527520702
 20
9.202143205065758
 10
3.351193375547979
 20
9.22357525572333
 10
3.278129566488066
 20
9.247929858743301
 10
3.202143205065758
 20
9.274232830004872
 10
3.1310277642474427
 20
9.298587433024842
 10
3.0716025328787135
 20
9.320019483682417
 10
3.0287384315635655
 20
9.335606429615197
 10
2.892352654651729
 20
9.388212372138335
 10
2.7588894301022897
 20
9.442766682903068
 10
2.6273745737944476
 20
9.5002435460302
 10
2.4968339016074035
 20
9.560642961519727
 10
2.3672674135411595
 20
9.62493911349245
 10
2.237700925474915
 20
9.692157817827571
 10
2.1081344374086703
 20
9.763273258645885
 10
1.9766195811008282
 20
9.838285435947395
 10
1.9581100828056506
 20
9.84997564539698
 10
1.9405747686312715
 20
9.859717486604968
 10
1.9240136385776916
 20
9.869459327812956
 10
1.9055041402825135
 20
9.881149537262543
 10
1.8830979055041401
 20
9.895762299074525
 10
1.8538723818801752
 20
9.915245981490502
 10
1.815879201169021
 20
9.939600584510472
 10
1.7671699951290796
 20
9.971748660496834
 10
1.659035557720409
 20
10.046760837798344
 10
1.546030199707745
 20
10.135411592791039
 10
1.434973209936678
 20
10.229907452508524
 10
1.332683877252801
 20
10.322454943984413
 10
1.2469556746225037
 20
10.407208962493911
 10
1.1855820750121775
 20
10.47637603507063
 10
1.1563565513882126
 20
10.523136872868973
 10
1.166098392596201
 20
10.540672187043352
 10
1.169020944958597
 20
10.539698002922554
 10
1.1729176814417925
 20
10.537749634680955
 10
1.1797369702873843
 20
10.534827082318559
 10
1.1865562591329764
 20
10.529956161714566
 10
1.1953239162201659
 20
10.52508524111057
 10
1.205065757428154
 20
10.519240136385777
 10
1.2157817827569413
 20
10.512420847540184
 10
1.2264978080857283
 20
10.504627374573793
 10
1.2576716999512907
 20
10.485143692157818
 10
1.2956648806624451
 20
10.462737457379445
 10
1.3365806137359963
 20
10.437408670238677
 10
1.3794447150511446
 20
10.413054067218706
 10
1.4203604481246956
 20
10.390647832440331
 10
1.4564052605942523
 20
10.371164150024354
 10
1.4846566000974184
 20
10.357525572333172
 10
1.5021919142717977
 20
10.350706283487579
 10
1.5060886507549927
 20
10.348757915245981
 10
1.5119337554797858
 20
10.346809547004383
 10
1.5177788602045788
 20
10.344861178762788
 10
1.522649780808573
 20
10.341938626400388
 10
1.528494885533366
 20
10.339016074037993
 10
1.534339990258159
 20
10.337067705796395
 10
1.539210910862153
 20
10.334145153434
 10
1.5431076473453484
 20
10.331222601071604
 10
1.54992693619094
 20
10.328300048709206
 10
1.5586945932781295
 20
10.323429128105213
 10
1.5723331709693134
 20
10.31660983925962
 10
1.5869459327812958
 20
10.309790550414029
 10
1.6044812469556748
 20
10.301997077447638
 10
1.6239649293716514
 20
10.293229420360447
 10
1.6444227959084268
 20
10.28446176327326
 10
1.6648806624452022
 20
10.27569410618607
 10
1.8353628835849976
 20
10.207501217730151
 10
2.022406234778373
 20
10.143205065757428
 10
2.2201656113005357
 20
10.0828056502679
 10
2.426692644909888
 20
10.027277155382366
 10
2.635168046760838
 20
9.977593765221627
 10
2.8426692644909886
 20
9.935703848027279
 10
3.044325377496347
 20
9.902581587920118
 10
3.236239649293717
 20
9.878226984900147
 10
3.2566975158304916
 20
9.876278616658547
 10
3.2771553823672672
 20
9.87433024841695
 10
3.296639064783244
 20
9.871407696054554
 10
3.3132001948368246
 20
9.869459327812956
 10
3.327812956648807
 20
9.86751095957136
 10
3.339503166098392
 20
9.86653677545056
 10
3.3482708231855827
 20
9.864588407208961
 10
3.3531417437895765
 20
9.863614223088163
 10
3.393083292742328
 20
9.856794934242572
 10
3.4739405747686316
 20
9.849001461276181
 10
3.5840233804188992
 20
9.84023380418899
 10
3.712615684364345
 20
9.831466147101803
 10
3.8470530930345834
 20
9.823672674135413
 10
3.9766195811008287
 20
9.81685338528982
 10
4.0896249391134925
 20
9.811982464685826
 10
4.174378957622991
 20
9.810034096444229
 10
4.226010716025328
 20
9.810034096444229
 10
4.264003896736482
 20
9.811008280565026
 10
4.290306867998051
 20
9.81587920116902
 10
4.305893813930833
 20
9.82464685825621
 10
4.311738918655626
 20
9.842182172430588
 10
4.309790550414028
 20
9.86751095957136
 10
4.301997077447638
 20
9.904529956161715
 10
4.290306867998051
 20
9.954213346322454
 10
4.279590842669264
 20
9.997077447637604
 10
4.270823185582075
 20
10.032148075986361
 10
4.262055528494885
 20
10.060399415489528
 10
4.2532878714076965
 20
10.083779834388698
 10
4.2464685825621045
 20
10.10131514856308
 10
4.238675109595714
 20
10.113005358012664
 10
4.231855820750122
 20
10.119824646858255
 10
4.224062347783732
 20
10.121773015099855
 10
4.082805650267901
 20
10.122747199220653
 10
3.961032635168047
 20
10.12469556746225
 10
3.8538723818801754
 20
10.129566488066244
 10
3.7593765221626887
 20
10.135411592791039
 10
3.6707257671699947
 20
10.144179249878226
 10
3.585971748660497
 20
10.155869459327812
 10
3.5002435460301995
 20
10.170482221139796
 10
3.4086702386751093
 20
10.188991719434974
 10
3.1251826595226495
 20
10.261081344374086
 10
2.8339016074037993
 20
10.35849975645397
 10
2.5338528981977597
 20
10.481246955674624
 10
2.228933268387725
 20
10.628348757915246
 10
1.920116902094496
 20
10.797856794934244
 10
1.609352167559669
 20
10.989771066731612
 10
1.298587433024842
 20
11.202143205065758
 10
0.9897710667316122
 20
11.435947394057479
 10
0.9449585971748661
 20
11.471018022406234
 10
0.9098879688261082
 20
11.498295177788602
 10
0.8796882610813445
 20
11.51680467608378
 10
0.8455918168533855
 20
11.531417437895763
 10
0.8027277155382367
 20
11.54213346322455
 10
0.7433024841695082
 20
11.551875304432537
 10
0.6614710180224063
 20
11.563565513882123
 10
0.5494398441305407
 20
11.578178275694107
 10
0.3701899659035558
 20
11.602532878714078
 10
0.23867510959571359
 20
11.621042377009255
 10
0.14807598636142233
 20
11.63370677057964
 10
0.0905991232342914
 20
11.642474427666828
 10
0.05845104724792986
 20
11.649293716512421
 10
0.04481246955674631
 20
11.656113005358012
 10
0.04188991719434984
 20
11.661958110082805
 10
0.04286410131514862
 20
11.670725767169996
 10
0.043838285435947394
 20
11.677545056015587
 10
0.046760837798344
 20
11.68436434486118
 10
0.05260594252313693
 20
11.692157817827571
 10
0.06234778373112524
 20
11.700925474914758
 10
0.07501217730151001
 20
11.710667316122747
 10
0.09157330735509017
 20
11.722357525572333
 10
0.11397954213346326
 20
11.736970287384315
 10
0.14028251339503173
 20
11.753531417437896
 10
0.18314661471018034
 20
11.779834388699465
 10
0.23380418899171945
 20
11.811008280565028
 10
0.2912810521188505
 20
11.848027277155383
 10
0.3565513882123722
 20
11.888943010228934
 10
0.42669264490988806
 20
11.93375547978568
 10
0.5036531904529958
 20
11.98246468582562
 10
0.5854846566000974
 20
12.03409644422796
 10
0.6712128592303946
 20
12.089624939113493
 10
0.7053093034583537
 20
12.111056989771068
 10
0.7462250365319045
 20
12.137359961032637
 10
0.7939600584510472
 20
12.167559668777399
 10
0.8465660009741842
 20
12.20068192888456
 10
0.9020944958597175
 20
12.234778373112519
 10
0.9595713589868485
 20
12.270823185582074
 10
1.0160740379931807
 20
12.305893813930833
 10
1.0706283487579153
 20
12.34096444227959
 10
1.1251826595226497
 20
12.374086702386752
 10
1.1797369702873843
 20
12.40818314661471
 10
1.234291281052119
 20
12.44227959084267
 10
1.285923039454457
 20
12.474427666829031
 10
1.3336580613735998
 20
12.504627374573793
 10
1.3765221626887483
 20
12.531904529956163
 10
1.412566975158305
 20
12.554310764734536
 10
1.440818314661471
 20
12.571846078908914
 10
1.4680954700438384
 20
12.588407208962495
 10
1.5021919142717977
 20
12.609839259620069
 10
1.5421334632245496
 20
12.63419386264004
 10
1.585971748660497
 20
12.661471018022407
 10
1.6327325864588407
 20
12.689722357525572
 10
1.6814417924987823
 20
12.718947881149537
 10
1.7291768144179254
 20
12.748173404773501
 10
1.7769118363370677
 20
12.77642474427667
 10
1.823672674135412
 20
12.804676083779835
 10
1.8694593278129568
 20
12.831953239162202
 10
1.9142717973697032
 20
12.85923039454457
 10
1.9561617145640524
 20
12.884559181685338
 10
1.9951290793960057
 20
12.90793960058451
 10
2.0282513395031665
 20
12.928397467121286
 10
2.054554310764735
 20
12.944958597174866
 10
2.074037993180711
 20
12.956648806624452
 10
2.0905991232342913
 20
12.967364831953239
 10
2.110082805650268
 20
12.979055041402825
 10
2.131514856307842
 20
12.99171943497321
 10
2.1539210910862154
 20
13.005358012664393
 10
2.1773015099853876
 20
13.019970774476377
 10
2.2006819288845594
 20
13.033609352167561
 10
2.2230881636629327
 20
13.047247929858743
 10
2.2445202143205067
 20
13.05893813930833
 10
2.2659522649780808
 20
13.071602532878714
 10
2.290306867998052
 20
13.086215294690696
 10
2.3166098392596197
 20
13.100828056502678
 10
2.342912810521189
 20
13.11738918655626
 10
2.3701899659035557
 20
13.13297613248904
 10
2.3964929371651245
 20
13.148563078421823
 10
2.421821724305894
 20
13.163175840233805
 10
2.444227959084267
 20
13.17584023380419
 10
2.8358499756453974
 20
13.403799318071117
 10
3.1914271797369707
 20
13.603507062834877
 10
3.5090112031173897
 20
13.775937652216268
 10
3.7905504140282518
 20
13.921091086215295
 10
4.036044812469556
 20
14.038967364831953
 10
4.244520214320506
 20
14.128592303945446
 10
4.415976619581101
 20
14.19191427179737
 10
4.552362396492937
 20
14.227959084266926
 10
4.64101315148563
 20
14.239649293716512
 10
4.749147588894301
 20
14.244520214320508
 10
4.876765708718948
 20
14.243546030199708
 10
5.023867510959571
 20
14.235752557233317
 10
5.186556259132976
 20
14.222113979542135
 10
5.365806137359961
 20
14.202630297126158
 10
5.559668777398928
 20
14.177301509985387
 10
5.766195811008281
 20
14.145153433999026
 10
5.7895762299074525
 20
14.14125669751583
 10
5.813930832927423
 20
14.138334145153435
 10
5.837311251826595
 20
14.13443740867024
 10
5.859717486604969
 20
14.130540672187044
 10
5.880175353141744
 20
14.127618119824648
 10
5.899659035557721
 20
14.124695567462252
 10
5.915245981490501
 20
14.122747199220653
 10
5.926936190940087
 20
14.120798830979055
 10
5.944471505114466
 20
14.118850462737457
 10
5.962981003409645
 20
14.115927910375062
 10
5.985387238188017
 20
14.113005358012664
 10
6.014612761811982
 20
14.10813443740867
 10
6.051631758402338
 20
14.101315148563078
 10
6.101315148563078
 20
14.093521675596689
 10
6.163662932294203
 20
14.081831466147102
 10
6.243546030199708
 20
14.068192888455917
 10
6.268874817340477
 20
14.063321967851923
 10
6.299074525085241
 20
14.05845104724793
 10
6.3321967851924015
 20
14.052605942523137
 10
6.3672674135411595
 20
14.046760837798345
 10
6.403312226010716
 20
14.039941548952752
 10
6.4393570384802725
 20
14.03409644422796
 10
6.474427666829031
 20
14.028251339503166
 10
6.506575742815392
 20
14.023380418899173
 10
6.538723818801753
 20
14.01753531417438
 10
6.572820263029712
 20
14.011690209449586
 10
6.60789089137847
 20
14.005845104724793
 10
6.641987335606429
 20
14.0
 10
6.6751095957135895
 20
13.994154895275207
 10
6.705309303458353
 20
13.988309790550415
 10
6.732586458840721
 20
13.98343886994642
 10
6.754992693619094
 20
13.979542133463225
 10
6.843643448611788
 20
13.963955187530445
 10
6.973209936678032
 20
13.94154895275207
 10
7.1320019483682415
 20
13.915245981490504
 10
7.306380905991232
 20
13.886994641987336
 10
7.485630784218217
 20
13.857769118363372
 10
7.656113005358012
 20
13.830491962981004
 10
7.807111544081831
 20
13.807111544081831
 10
7.924013638577691
 20
13.789576229907453
 10
7.9473940574768625
 20
13.786653677545056
 10
7.971748660496834
 20
13.78275694106186
 10
7.998051631758402
 20
13.778860204578667
 10
8.02435460301997
 20
13.77496346809547
 10
8.04968339016074
 20
13.771066731612274
 10
8.073063809059912
 20
13.76716999512908
 10
8.095470043838285
 20
13.763273258645883
 10
8.113979542133464
 20
13.760350706283488
 10
8.13346322454944
 20
13.757428153921092
 10
8.155869459327812
 20
13.753531417437896
 10
8.180224062347783
 20
13.749634680954701
 10
8.207501217730151
 20
13.745737944471506
 10
8.235752557233317
 20
13.741841207988308
 10
8.263029712615683
 20
13.738918655625913
 10
8.290306867998051
 20
13.735021919142719
 10
8.31660983925962
 20
13.731125182659524
 10
8.342912810521188
 20
13.728202630297126
 10
8.371164150024354
 20
13.72430589381393
 10
8.402338041889918
 20
13.720409157330737
 10
8.434486117876279
 20
13.71651242084754
 10
8.46566000974184
 20
13.712615684364344
 10
8.495859717486605
 20
13.70871894788115
 10
8.52411105698977
 20
13.704822211397953
 10
8.550414028251339
 20
13.701899659035558
 10
8.763760350706283
 20
13.67559668777399
 10
8.960545543107648
 20
13.653190452995617
 10
9.146614710180224
 20
13.63370677057964
 10
9.32586458840721
 20
13.616171456405262
 10
9.505114466634193
 20
13.60155869459328
 10
9.689235265465173
 20
13.587920116902094
 10
9.883097905504139
 20
13.576229907452507
 10
10.091573307355091
 20
13.564539698002923
 10
10.287384315635656
 20
13.556746225036532
 10
10.49293716512421
 20
13.552849488553337
 10
10.703360935216757
 20
13.552849488553337
 10
10.914758889430104
 20
13.556746225036532
 10
11.123234291281054
 20
13.563565513882123
 10
11.323916220165613
 20
13.574281539210912
 10
11.511933755479786
 20
13.587920116902094
 10
11.68436434486118
 20
13.604481246955675
 10
11.710667316122748
 20
13.607403799318071
 10
11.737944471505115
 20
13.610326351680467
 10
11.764247442766685
 20
13.614223088163664
 10
11.789576229907453
 20
13.616171456405262
 10
11.812956648806626
 20
13.619094008767657
 10
11.833414515343401
 20
13.621042377009255
 10
11.850949829517779
 20
13.622990745250853
 10
11.864588407208963
 20
13.624939113492449
 10
11.90258158792012
 20
13.628835849975646
 10
11.952264978080859
 20
13.635655138821237
 10
12.011690209449586
 20
13.645396980029226
 10
12.079883097905505
 20
13.657087189478812
 10
12.155869459327814
 20
13.669751583049196
 10
12.236726741354117
 20
13.685338528981978
 10
12.321480759863617
 20
13.70092547491476
 10
12.40818314661471
 20
13.717486604968338
 10
12.468582562104238
 20
13.728202630297126
 10
12.50949829517779
 20
13.731125182659524
 10
12.529956161714564
 20
13.727228446176326
 10
12.529956161714564
 20
13.713589868485144
 10
12.50852411105699
 20
13.693132001948367
 10
12.46663419386264
 20
13.662932294203605
 10
12.40233804188992
 20
13.622990745250853
 10
12.31758402338042
 20
13.573307355090112
 10
12.303945445689235
 20
13.565513882123721
 10
12.289332683877253
 20
13.557720409157332
 10
12.27666829030687
 20
13.549926936190941
 10
12.264003896736485
 20
13.54310764734535
 10
12.252313687286899
 20
13.536288358499757
 10
12.24257184607891
 20
13.531417437895762
 10
12.234778373112519
 20
13.526546517291768
 10
12.229907452508526
 20
13.523623964929373
 10
12.158792011690212
 20
13.486604968339018
 10
12.062347783731125
 20
13.44179249878227
 10
11.946419873356067
 20
13.39113492450073
 10
11.815879201169022
 20
13.337554797856795
 10
11.67657087189479
 20
13.28300048709206
 10
11.535314174378959
 20
13.229420360448126
 10
11.396005845104726
 20
13.178762786166585
 10
11.265465172917683
 20
13.134924500730637
 10
11.20116902094496
 20
13.113492450073062
 10
11.147588894301025
 20
13.095957135898685
 10
11.104724792985875
 20
13.081344374086703
 10
11.069654164637118
 20
13.068679980516318
 10
11.04335119337555
 20
13.057963955187532
 10
11.02484169508037
 20
13.049196298100341
 10
11.012177301509986
 20
13.042377009254748
 10
11.005358012664395
 20
13.036531904529957
 10
11.004383828543597
 20
13.029712615684364
 10
11.01802240623478
 20
13.025815879201168
 10
11.046273745737945
 20
13.026790063321968
 10
11.088163662932295
 20
13.030686799805162
 10
11.145640526059427
 20
13.039454456892352
 10
11.216755966877741
 20
13.052118850462737
 10
11.304432537749635
 20
13.06770579639552
 10
11.406721870433513
 20
13.088163662932294
 10
11.425231368728692
 20
13.092060399415491
 10
11.448611787627863
 20
13.096931320019484
 10
11.47588894301023
 20
13.102776424744278
 10
11.507062834875793
 20
13.108621529469069
 10
11.540185094982954
 20
13.115440818314662
 10
11.57525572333171
 20
13.122260107160253
 10
11.61032635168047
 20
13.129079396005846
 10
11.645396980029227
 20
13.136872868972237
 10
11.680467608377983
 20
13.143692157817828
 10
11.717486604968341
 20
13.15051144666342
 10
11.753531417437896
 20
13.15830491962981
 10
11.789576229907453
 20
13.1660983925962
 10
11.823672674135413
 20
13.172917681441794
 10
11.854846566000976
 20
13.179736970287385
 10
11.881149537262544
 20
13.185582075012178
 10
11.903555772040917
 20
13.190452995616171
 10
11.92401363857769
 20
13.194349732099369
 10
11.946419873356067
 20
13.20019483682416
 10
11.969800292255236
 20
13.205065757428153
 10
11.993180711154409
 20
13.209936678032149
 10
12.01656113005358
 20
13.21578178275694
 10
12.038967364831954
 20
13.220652703360935
 10
12.060399415489528
 20
13.225523623964929
 10
12.078908913784707
 20
13.229420360448126
 10
12.217243058938141
 20
13.261568436434485
 10
12.371164150024356
 20
13.299561617145642
 10
12.533852898197761
 20
13.343399902581588
 10
12.70141256697516
 20
13.390160740379931
 10
12.865075499269363
 20
13.437895762299076
 10
13.019970774476377
 20
13.48465660009742
 10
13.159279103750611
 20
13.529469069654164
 10
13.277155382367269
 20
13.570384802727716
 10
13.300535801266442
 20
13.579152459814907
 10
13.324890404286412
 20
13.587920116902094
 10
13.349245007306383
 20
13.595713589868485
 10
13.373599610326353
 20
13.604481246955675
 10
13.396005845104726
 20
13.612274719922064
 10
13.416463711641502
 20
13.619094008767657
 10
13.43399902581588
 20
13.62591329761325
 10
13.447637603507063
 20
13.630784218217244
 10
13.554797856794936
 20
13.669751583049196
 10
13.68533852898198
 20
13.721383341451535
 10
13.829517778860206
 20
13.78275694106186
 10
13.979542133463225
 20
13.849001461276181
 10
14.124695567462252
 20
13.916220165611302
 10
14.257184607890892
 20
13.980516317584023
 10
14.36726741354116
 20
14.036044812469557
 10
14.445202143205067
 20
14.080857282026304
 10
14.455918168533854
 20
14.087676570871894
 10
14.469556746225038
 20
14.095470043838287
 10
14.48514369215782
 20
14.105211885046275
 10
14.502679006332198
 20
14.115927910375062
 10
14.522162688748175
 20
14.127618119824648
 10
14.54164637116415
 20
14.139308329274234
 10
14.562104237700927
 20
14.150998538723819
 10
14.581587920116904
 20
14.162688748173405
 10
14.90306867998052
 20
14.370189965903554
 10
15.18558207501218
 20
14.59912323429128
 10
15.426205552849488
 20
14.845591816853386
 10
15.622990745250853
 20
15.106673161227473
 10
15.774963468095471
 20
15.380418899171943
 10
15.879201169020945
 20
15.661958110082807
 10
15.933755479785681
 20
15.949342425718461
 10
15.937652216268875
 20
16.239649293716514
 10
15.913297613248904
 20
16.420847540185093
 10
15.871407696054556
 20
16.60204578665368
 10
15.813930832927426
 20
16.778373112518267
 10
15.740867023867512
 20
16.946906965416463
 10
15.654164637116416
 20
17.104724792985873
 10
15.557720409157332
 20
17.245981490501705
 10
15.45153433999026
 20
17.369702873843156
 10
15.337554797856797
 20
17.470043838285434
 10
15.311251826595226
 20
17.49050170482221
 10
15.289819775937653
 20
17.50706283487579
 10
15.274232830004872
 20
17.51972722844618
 10
15.261568436434487
 20
17.530443253774965
 10
15.253774963468098
 20
17.539210910862153
 10
15.248904042864103
 20
17.546030199707744
 10
15.245981490501705
 20
17.552849488553335
 10
15.245007306380908
 20
17.55869459327813
 10
15.248904042864103
 20
17.562591329761325
 10
15.25962006819289
 20
17.563565513882125
  0
LWPOLYLINE
  5
33
330
17
100
AcDbEntity
  8
LOGO
100
AcDbPolyline
 90
216
 70
1
 10
5.13297613248904
 20
13.518753044325377
 10
5.037506088650756
 20
13.51680467608378
 10
4.947881149537262
 20
13.509985387238189
 10
4.86702386751096
 20
13.5002435460302
 10
4.795908426692645
 20
13.486604968339018
 10
4.738431563565514
 20
13.470043838285436
 10
4.609839259620068
 20
13.411592791037506
 10
4.492937165124208
 20
13.338528981977595
 10
4.388699464198734
 20
13.248904042864101
 10
4.2961519727228445
 20
13.144666341938626
 10
4.215294690696541
 20
13.023867510959573
 10
4.1461276181198246
 20
12.888455918168534
 10
4.090599123234291
 20
12.736483195323917
 10
4.045786653677545
 20
12.569897710667316
 10
4.029225523623965
 20
12.432537749634681
 10
4.036044812469556
 20
12.289332683877253
 10
4.065270336093521
 20
12.145153433999026
 10
4.113979542133463
 20
12.005845104724795
 10
4.182172430589381
 20
11.873356064296152
 10
4.265952264978081
 20
11.753531417437896
 10
4.365319045299562
 20
11.65026790063322
 10
4.477350219191427
 20
11.56746225036532
 10
4.584510472479299
 20
11.51680467608378
 10
4.707257671699951
 20
11.482708231855822
 10
4.838772528007793
 20
11.465172917681443
 10
4.9751583049196295
 20
11.464198733560643
 10
5.1115440818314655
 20
11.478811495372625
 10
5.24208475401851
 20
11.50901120311739
 10
5.363857769118364
 20
11.555772040915734
 10
5.470043838285436
 20
11.61714564052606
 10
5.5752557233317095
 20
11.713589868485144
 10
5.6541646371164145
 20
11.827569410618606
 10
5.704822211397954
 20
11.955187530443254
 10
5.729176814417925
 20
12.090599123234291
 10
5.7243058938139315
 20
12.228933268387726
 10
5.692157817827569
 20
12.365319045299561
 10
5.630784218217243
 20
12.492937165124209
 10
5.540185094982951
 20
12.60789089137847
 10
5.5002435460302
 20
12.642961519727228
 10
5.45835362883585
 20
12.673161227471994
 10
5.413541159279103
 20
12.697515830491964
 10
5.365806137359961
 20
12.71602532878714
 10
5.313200194836824
 20
12.729663906478326
 10
5.256697515830492
 20
12.738431563565513
 10
5.195323916220166
 20
12.741354115927912
 10
5.128105211885046
 20
12.739405747686313
 10
5.075499269361909
 20
12.734534827082319
 10
5.030686799805163
 20
12.725767169995128
 10
4.993667803214808
 20
12.713102776424744
 10
4.963468095470044
 20
12.695567462250366
 10
4.938139308329274
 20
12.671212859230396
 10
4.9167072576717
 20
12.640038967364832
 10
4.899171943497321
 20
12.602045786653678
 10
4.8826108134437405
 20
12.555284948855334
 10
4.870920603994155
 20
12.509498295177789
 10
4.86702386751096
 20
12.470530930345834
 10
4.870920603994155
 20
12.437408670238677
 10
4.884559181685338
 20
12.40818314661471
 10
4.909887968826109
 20
12.380905991232344
 10
4.9469069654164635
 20
12.352654651729177
 10
4.998538723818802
 20
12.322454943984415
 10
5.063809059912323
 20
12.288358499756455
 10
5.112518265952264
 20
12.263029712615683
 10
5.150511446663419
 20
12.238675109595713
 10
5.178762786166586
 20
12.215294690696544
 10
5.198246468582562
 20
12.190940087676571
 10
5.207988309790551
 20
12.1665854846566
 10
5.209936678032148
 20
12.140282513395032
 10
5.2031173891865565
 20
12.112031173891864
 10
5.1885046273745745
 20
12.079883097905505
 10
5.166098392596201
 20
12.045786653677546
 10
5.136872868972236
 20
12.019483682415977
 10
5.102776424744277
 20
12.0
 10
5.062834875791524
 20
11.988309790550414
 10
5.0180224062347785
 20
11.98441305406722
 10
4.967364831953239
 20
11.988309790550414
 10
4.910862152946907
 20
11.999025815879202
 10
4.848514369215781
 20
12.017535314174378
 10
4.76668290306868
 20
12.047735021919143
 10
4.70043838285436
 20
12.077934729663907
 10
4.6468582562104235
 20
12.109108621529469
 10
4.605942523136872
 20
12.145153433999026
 10
4.573794447150512
 20
12.186069167072578
 10
4.549439844130541
 20
12.234778373112519
 10
4.530930345835364
 20
12.293229420360449
 10
4.515343399902582
 20
12.364344861178763
 10
4.500730638090599
 20
12.489040428641013
 10
4.5036531904529955
 20
12.608865075499269
 10
4.523136872868972
 20
12.722844617632733
 10
4.55820750121773
 20
12.828056502679006
 10
4.60886507549927
 20
12.92450073063809
 10
4.674135411592791
 20
13.010228933268388
 10
4.754018509498295
 20
13.084266926449098
 10
4.846566000974184
 20
13.143692157817828
 10
4.925474914758889
 20
13.178762786166585
 10
5.0112031173891864
 20
13.20798830979055
 10
5.100828056502679
 20
13.228446176327328
 10
5.194349732099366
 20
13.24208475401851
 10
5.287871407696054
 20
13.247929858743303
 10
5.381393083292743
 20
13.245981490501705
 10
5.471018022406235
 20
13.235265465172917
 10
5.556746225036532
 20
13.21675596687774
 10
5.671699951290793
 20
13.17584023380419
 10
5.783731125182659
 20
13.120311738918655
 10
5.8889430102289335
 20
13.049196298100341
 10
5.9892839746712125
 20
12.965416463711643
 10
6.080857282026303
 20
12.869946419873356
 10
6.164637116415002
 20
12.762786166585483
 10
6.238675109595714
 20
12.644909887968826
 10
6.301997077447638
 20
12.518265952264978
 10
6.3468095470043835
 20
12.384802727715538
 10
6.370189965903555
 20
12.243546030199708
 10
6.372138334145154
 20
12.096444227959084
 10
6.351680467608378
 20
11.944471505114466
 10
6.309790550414028
 20
11.789576229907453
 10
6.247442766682902
 20
11.63370677057964
 10
6.164637116415002
 20
11.477837311251827
 10
6.0613735996103255
 20
11.323916220165613
 10
6.043838285435947
 20
11.298587433024842
 10
6.029225523623965
 20
11.278129566488067
 10
6.019483682415976
 20
11.260594252313687
 10
6.013638577691183
 20
11.246955674622503
 10
6.0107160253287875
 20
11.236239649293717
 10
6.011690209449586
 20
11.228446176327326
 10
6.016561130053581
 20
11.22357525572333
 10
6.024354603019971
 20
11.222601071602533
 10
6.062347783731125
 20
11.24208475401851
 10
6.147101802240623
 20
11.294690696541647
 10
6.26595226497808
 20
11.370677057963956
 10
6.405260594252314
 20
11.461276181198247
 10
6.548465660009741
 20
11.556746225036532
 10
6.683877252800779
 20
11.647345348270823
 10
6.794934242571846
 20
11.723331709693133
 10
6.868972235752557
 20
11.776911836337069
 10
6.879688261081344
 20
11.784705309303458
 10
6.892352654651729
 20
11.794447150511447
 10
6.906965416463712
 20
11.805163175840233
 10
6.922552362396493
 20
11.81685338528982
 10
6.939113492450073
 20
11.828543594739406
 10
6.955674622503653
 20
11.840233804188992
 10
6.971261568436435
 20
11.851924013638577
 10
6.986848514369215
 20
11.863614223088163
 10
7.152459814905017
 20
11.985387238188018
 10
7.316122747199221
 20
12.11690209449586
 10
7.472966390647833
 20
12.251339503166097
 10
7.619094008767657
 20
12.386751095957136
 10
7.7506088650755
 20
12.518265952264978
 10
7.862640038967365
 20
12.64198733560643
 10
7.952264978080857
 20
12.754992693619094
 10
8.015586945932782
 20
12.852411105698977
 10
8.032148075986361
 20
12.884559181685338
 10
8.042864101315148
 20
12.908913784705309
 10
8.047735021919143
 20
12.92644909887969
 10
8.044812469556746
 20
12.939113492450074
 10
8.03409644422796
 20
12.947881149537261
 10
8.013638577691184
 20
12.953726254262056
 10
7.984413054067219
 20
12.95762299074525
 10
7.945445689235266
 20
12.961519727228447
 10
7.893813930832927
 20
12.965416463711643
 10
7.8314661471018026
 20
12.973209936678034
 10
7.7613248904042855
 20
12.98197759376522
 10
7.687286897223576
 20
12.99171943497321
 10
7.613248904042864
 20
13.003409644422796
 10
7.543107647345348
 20
13.014125669751584
 10
7.4817340477350225
 20
13.02484169508037
 10
7.431076473453483
 20
13.035557720409157
 10
7.4115927910375055
 20
13.039454456892352
 10
7.390160740379932
 20
13.044325377496348
 10
7.368728689722357
 20
13.049196298100341
 10
7.348270823185581
 20
13.053093034583537
 10
7.326838772528008
 20
13.057963955187532
 10
7.30832927423283
 20
13.061860691670725
 10
7.290793960058451
 20
13.065757428153923
 10
7.276181198246468
 20
13.068679980516318
 10
7.261568436434486
 20
13.072576716999514
 10
7.244033122260108
 20
13.076473453482707
 10
7.224549439844131
 20
13.081344374086703
 10
7.204091573307355
 20
13.086215294690696
 10
7.1826595226497805
 20
13.091086215294691
 10
7.161227471992206
 20
13.096931320019484
 10
7.139795421334632
 20
13.10180224062348
 10
7.120311738918655
 20
13.106673161227473
 10
7.056015586945932
 20
13.123234291281051
 10
6.990745250852411
 20
13.140769605455432
 10
6.926449098879688
 20
13.15733073550901
 10
6.864101315148563
 20
13.173891865562592
 10
6.802727715538237
 20
13.190452995616171
 10
6.745250852411106
 20
13.205065757428153
 10
6.69167072576717
 20
13.219678519240137
 10
6.642961519727228
 20
13.233317096931321
 10
6.548465660009741
 20
13.25864588407209
 10
6.463711641500244
 20
13.281052118850463
 10
6.388699464198734
 20
13.30150998538724
 10
6.323429128105213
 20
13.319045299561617
 10
6.26692644909888
 20
13.333658061373601
 10
6.217243058938139
 20
13.346322454943985
 10
6.176327325864588
 20
13.35703848027277
 10
6.14125669751583
 20
13.364831953239163
 10
6.122747199220653
 20
13.369702873843158
 10
6.104237700925475
 20
13.373599610326352
 10
6.086702386751096
 20
13.378470530930345
 10
6.069167072576717
 20
13.382367267413542
 10
6.0535801266439355
 20
13.386264003896736
 10
6.039941548952752
 20
13.390160740379931
 10
6.028251339503166
 20
13.393083292742329
 10
6.019483682415976
 20
13.395031660983927
 10
5.972722844617633
 20
13.405747686312713
 10
5.906478324403312
 20
13.420360448124695
 10
5.827569410618606
 20
13.435947394057477
 10
5.74086702386751
 20
13.451534339990259
 10
5.651242084754019
 20
13.46712128592304
 10
5.565513882123721
 20
13.481734047735022
 10
5.488553336580614
 20
13.493424257184607
 10
5.4252313687286895
 20
13.502191914271798
 10
5.329761324890405
 20
13.511933755479786
 10
5.231368728689723
 20
13.517778860204578
  0
LWPOLYLINE
  5
34
330
17
100
AcDbEntity
  8
LOGO
100
AcDbPolyline
 90
112
 70
1
 10
3.6697515830491967
 20
13.134924500730637
 10
3.6678032148075985
 20
13.136872868972237
 10
3.665854846566001
 20
13.138821237213834
 10
3.6639064783244035
 20
13.140769605455432
 10
3.6619581100828054
 20
13.140769605455432
 10
3.6600097418412085
 20
13.14174378957623
 10
3.6444227959084268
 20
13.135898684851439
 10
3.615197272284462
 20
13.120311738918655
 10
3.5742815392109106
 20
13.095957135898685
 10
3.52459814905017
 20
13.065757428153923
 10
3.4690696541646373
 20
13.029712615684364
 10
3.4106186069167075
 20
12.990745250852411
 10
3.351193375547979
 20
12.95080370189966
 10
3.293716512420848
 20
12.910862152946907
 10
3.2820263029712615
 20
12.90209449585972
 10
3.2693619094008772
 20
12.893326838772529
 10
3.2557233317096936
 20
12.88358499756454
 10
3.241110569897711
 20
12.872868972235754
 10
3.2264978080857287
 20
12.863127131027765
 10
3.2118850462737463
 20
12.853385289819776
 10
3.1992206527033606
 20
12.843643448611788
 10
3.1865562591329764
 20
12.834875791524599
 10
3.17486604968339
 20
12.827082318558208
 10
3.1622016561130057
 20
12.818314661471018
 10
3.14953726254262
 20
12.80954700438383
 10
3.1378470530930347
 20
12.799805163175842
 10
3.1251826595226495
 20
12.79201169020945
 10
3.114466634193863
 20
12.78324403312226
 10
3.104724792985875
 20
12.77642474427667
 10
3.0969313200194835
 20
12.770579639551876
 10
3.086215294690696
 20
12.762786166585483
 10
3.0696541646371167
 20
12.750121773015099
 10
3.048222113979542
 20
12.734534827082319
 10
3.020944958597175
 20
12.714076960545542
 10
2.9907452508524113
 20
12.69264490988797
 10
2.9585971748660502
 20
12.668290306867998
 10
2.923526546517292
 20
12.64198733560643
 10
2.887481734047735
 20
12.615684364344862
 10
2.8485143692157817
 20
12.586458840720896
 10
2.803701899659035
 20
12.553336580613735
 10
2.754992693619094
 20
12.51729176814418
 10
2.703360935216756
 20
12.479298587433025
 10
2.651729176814418
 20
12.440331222601072
 10
2.601071602532879
 20
12.402338041889916
 10
2.552362396492937
 20
12.36629322942036
 10
2.507549926936191
 20
12.333170969313201
 10
2.4422795908426695
 20
12.284461763273258
 10
2.384802727715538
 20
12.24159766195811
 10
2.3302484169508038
 20
12.19970774476376
 10
2.275694106186069
 20
12.15781782756941
 10
2.2162688748173407
 20
12.113005358012666
 10
2.1480759863614227
 20
12.060399415489528
 10
2.0672187043351196
 20
11.998051631758402
 10
1.9707744763760349
 20
11.923039454456893
 10
1.9318071115440818
 20
11.892839746712129
 10
1.9035557720409158
 20
11.868485143692158
 10
1.8830979055041401
 20
11.848027277155383
 10
1.8714076960545543
 20
11.829517778860204
 10
1.8675109595713593
 20
11.812956648806624
 10
1.8694593278129568
 20
11.795421334632245
 10
1.878226984900146
 20
11.776911836337069
 10
1.8928397467121285
 20
11.754505601558694
 10
1.9824646858256214
 20
11.65026790063322
 10
2.1061860691670726
 20
11.547978567949343
 10
2.260107160253288
 20
11.449585971748661
 10
2.443253774963468
 20
11.355090112031172
 10
2.651729176814418
 20
11.26643935703848
 10
2.8826108134437405
 20
11.18363370677058
 10
3.1339503166098397
 20
11.110569897710668
 10
3.4037993180711155
 20
11.045299561617146
 10
3.5226497808085733
 20
11.020944958597175
 10
3.639551875304433
 20
10.997564539698004
 10
3.7515830491962983
 20
10.97613248904043
 10
3.8558207501217727
 20
10.95762299074525
 10
3.9483682415976618
 20
10.94203604481247
 10
4.027277155382367
 20
10.930345835362884
 10
4.087676570871895
 20
10.92352654651729
 10
4.127618119824647
 20
10.920603994154895
 10
4.144179249878227
 20
10.921578178275693
 10
4.154895275207014
 20
10.924500730638092
 10
4.159766195811009
 20
10.930345835362884
 10
4.156843643448611
 20
10.939113492450074
 10
4.148075986361422
 20
10.950803701899659
 10
4.1315148563078425
 20
10.967364831953239
 10
4.107160253287872
 20
10.987822698490016
 10
4.0750121773015096
 20
11.014125669751582
 10
4.020457866536776
 20
11.05893813930833
 10
3.96687773989284
 20
11.105698977106673
 10
3.9152459814905014
 20
11.152459814905017
 10
3.86653677545056
 20
11.20019483682416
 10
3.8197759376522167
 20
11.247929858743301
 10
3.776911836337068
 20
11.295664880662445
 10
3.736970287384316
 20
11.34339990258159
 10
3.6999512907939596
 20
11.390160740379933
 10
3.584997564539698
 20
11.56746225036532
 10
3.498295177788602
 20
11.752557233317098
 10
3.4417924987822697
 20
11.943497320993668
 10
3.4145153433999025
 20
12.140282513395032
 10
3.4164637116415006
 20
12.34193862640039
 10
3.447637603507063
 20
12.546517291768145
 10
3.508037018996591
 20
12.754018509498296
 10
3.5986361422308817
 20
12.964442279590843
 10
3.613248904042864
 20
12.993667803214807
 10
3.6268874817340473
 20
13.021919142717975
 10
3.639551875304433
 20
13.048222113979543
 10
3.6502679006332204
 20
13.071602532878714
 10
3.6590355577204092
 20
13.092060399415491
 10
3.665854846566001
 20
13.108621529469069
 10
3.6697515830491967
 20
13.119337554797857
 10
3.671699951290794
 20
13.12615684364345
 10
3.671699951290794
 20
13.129079396005846
 10
3.6707257671699947
 20
13.132001948368242
  0
LWPOLYLINE
  5
35
330
17
100
AcDbEntity
  8
LOGO
100
AcDbPolyline
 90
232
 70
1
 10
8.15002435460302
 20
11.27618119824647
 10
8.1665854846566
 20
11.28494885533366
 10
8.181198246468583
 20
11.285923039454458
 10
8.192888455918169
 20
11.28202630297126
 10
8.205552849488553
 20
11.271310277642474
 10
8.21821724305894
 20
11.255723331709694
 10
8.30004870920604
 20
11.152459814905017
 10
8.389673648319532
 20
11.047247929858743
 10
8.484169508037018
 20
10.94106186069167
 10
8.5825621042377
 20
10.835849975645397
 10
8.684851436921578
 20
10.732586458840721
 10
8.787140769605456
 20
10.632245494398443
 10
8.890404286410131
 20
10.537749634680955
 10
8.990745250852411
 20
10.45007306380906
 10
9.009254749147589
 20
10.434486117876277
 10
9.030686799805164
 20
10.415976619581102
 10
9.054067218704335
 20
10.396492937165124
 10
9.077447637603507
 20
10.376035070628348
 10
9.102776424744276
 20
10.354603019970776
 10
9.126156843643448
 20
10.334145153434
 10
9.14953726254262
 20
10.314661471018022
 10
9.170969313200194
 20
10.296151972722846
 10
9.19142717973697
 20
10.278616658548465
 10
9.213833414515344
 20
10.260107160253288
 10
9.236239649293717
 20
10.24159766195811
 10
9.25864588407209
 20
10.223088163662933
 10
9.280077934729665
 20
10.205552849488553
 10
9.29956161714564
 20
10.189965903555771
 10
9.31709693132002
 20
10.176327325864587
 10
9.3326838772528
 20
10.164637116415003
 10
9.347296639064782
 20
10.152946906965417
 10
9.367754505601559
 20
10.138334145153435
 10
9.390160740379931
 20
10.120798830979057
 10
9.4154895275207
 20
10.102289332683878
 10
9.44276668290307
 20
10.081831466147102
 10
9.471018022406234
 20
10.060399415489528
 10
9.499269361909402
 20
10.038967364831953
 10
9.527520701412566
 20
10.01850949829518
 10
9.706770579639551
 20
9.886994641987336
 10
9.895762299074526
 20
9.756453969800292
 10
10.093521675596689
 20
9.626887481734048
 10
10.302971261568437
 20
9.496346809547004
 10
10.523136872868973
 20
9.364831953239161
 10
10.756941061860692
 20
9.231368728689723
 10
11.003409644422796
 20
9.096931320019483
 10
11.265465172917683
 20
8.95957135898685
 10
11.469069654164638
 20
8.85825621042377
 10
11.706770579639553
 20
8.748173404773503
 10
11.967851924013639
 20
8.632245494398441
 10
12.24257184607891
 20
8.515343399902582
 10
12.521188504627377
 20
8.401363857769118
 10
12.794934242571847
 20
8.295177788602047
 10
13.052118850462739
 20
8.19970774476376
 10
13.284948855333658
 20
8.118850462737457
 10
13.383341451534342
 20
8.084754018509498
 10
13.446663419386265
 20
8.05845104724793
 10
13.474914758889431
 20
8.039941548952752
 10
13.46712128592304
 20
8.030199707744764
 10
13.42523136872869
 20
8.028251339503166
 10
13.347296639064785
 20
8.03409644422796
 10
13.235265465172919
 20
8.048709206039943
 10
13.087189478811496
 20
8.071115440818314
 10
12.963468095470045
 20
8.090599123234291
 10
12.863127131027765
 20
8.107160253287873
 10
12.778373112518267
 20
8.121773015099855
 10
12.704335119337557
 20
8.135411592791037
 10
12.63419386264004
 20
8.15002435460302
 10
12.562104237700925
 20
8.1665854846566
 10
12.481246955674623
 20
8.185094982951778
 10
12.385776911836338
 20
8.20847540185095
 10
12.239649293716514
 20
8.245494398441306
 10
12.107160253287873
 20
8.279590842669265
 10
11.98441305406722
 20
8.313687286897224
 10
11.86556259132976
 20
8.348757915245981
 10
11.746712128592305
 20
8.385776911836336
 10
11.622016561130053
 20
8.427666829030688
 10
11.487579152459816
 20
8.474427666829031
 10
11.338528981977595
 20
8.528981977593766
 10
11.296639064783246
 20
8.544568923526548
 10
11.237213833414515
 20
8.567949342425718
 10
11.167072576717002
 20
8.595226497808085
 10
11.092060399415491
 20
8.625426205552849
 10
11.01802240623478
 20
8.656600097418412
 10
10.949829517778861
 20
8.68387725280078
 10
10.893326838772529
 20
8.707257671699951
 10
10.856307842182174
 20
8.72381880175353
 10
10.755966877739894
 20
8.769605455431076
 10
10.65075499269362
 20
8.819288845591817
 10
10.54262055528495
 20
8.871894788114954
 10
10.436434486117879
 20
8.92450073063809
 10
10.336093521675597
 20
8.97515830491963
 10
10.243546030199708
 20
9.022893326838773
 10
10.164637116415003
 20
9.064783244033123
 10
10.10131514856308
 20
9.10082805650268
 10
9.963955187530445
 20
9.179736970287385
 10
9.852898197759377
 20
9.245981490501705
 10
9.760350706283488
 20
9.30053580126644
 10
9.680467608377983
 20
9.349245007306381
 10
9.60837798343887
 20
9.395031660983927
 10
9.537262542620555
 20
9.44179249878227
 10
9.462250365319045
 20
9.49245007306381
 10
9.37554797856795
 20
9.55090112031174
 10
9.31709693132002
 20
9.59181685338529
 10
9.254749147588893
 20
9.635655138821237
 10
9.190452995616171
 20
9.682415976619582
 10
9.126156843643448
 20
9.729176814417926
 10
9.064783244033123
 20
9.77593765221627
 10
9.008280565026789
 20
9.81880175353142
 10
8.95859717486605
 20
9.85874330248417
 10
8.9167072576717
 20
9.892839746712129
 10
8.901120311738918
 20
9.905504140282513
 10
8.884559181685338
 20
9.919142717973697
 10
8.867023867510959
 20
9.93375547978568
 10
8.848514369215781
 20
9.948368241597663
 10
8.830979055041404
 20
9.962981003409645
 10
8.814417924987822
 20
9.976619581100827
 10
8.79883097905504
 20
9.989283974671213
 10
8.785192401363858
 20
10.0
 10
8.771553823672674
 20
10.010716025328787
 10
8.75791524598149
 20
10.021432050657575
 10
8.744276668290308
 20
10.033122260107161
 10
8.730638090599122
 20
10.044812469556746
 10
8.71699951290794
 20
10.056502679006332
 10
8.704335119337555
 20
10.06721870433512
 10
8.693619094008767
 20
10.076960545543109
 10
8.684851436921578
 20
10.085728202630296
 10
8.677057963955187
 20
10.092547491475889
 10
8.669264490988796
 20
10.099366780321482
 10
8.661471018022407
 20
10.105211885046273
 10
8.654651729176814
 20
10.110082805650269
 10
8.648806624452021
 20
10.114953726254262
 10
8.642961519727228
 20
10.11690209449586
 10
8.639064783244033
 20
10.118850462737457
 10
8.636142230881637
 20
10.118850462737457
 10
8.628348757915246
 20
10.079883097905505
 10
8.650754992693619
 20
9.990258158792011
 10
8.69946419873356
 20
9.85874330248417
 10
8.768631271310278
 20
9.698002922552362
 10
8.854359473940574
 20
9.518753044325377
 10
8.94982951777886
 20
9.331709693132002
 10
9.050170482221139
 20
9.149537262542621
 10
9.151485630784219
 20
8.981977593765222
 10
9.18168533852898
 20
8.936190940087677
 10
9.222601071602533
 20
8.872868972235752
 10
9.272284461763274
 20
8.798830979055042
 10
9.32489040428641
 20
8.719922065270337
 10
9.376522162688747
 20
8.64198733560643
 10
9.423283000487093
 20
8.572820263029712
 10
9.460301997077448
 20
8.518265952264978
 10
9.483682415976618
 20
8.485143692157818
 10
9.493424257184607
 20
8.471505114466634
 10
9.504140282513395
 20
8.455918168533852
 10
9.515830491962982
 20
8.439357038480273
 10
9.528494885533366
 20
8.421821724305895
 10
9.540185094982952
 20
8.404286410131515
 10
9.551875304432537
 20
8.387725280077936
 10
9.563565513882123
 20
8.372138334145154
 10
9.573307355090112
 20
8.35849975645397
 10
9.621042377009255
 20
8.292255236239649
 10
9.686312713102778
 20
8.206527033609351
 10
9.764247442766683
 20
8.105211885046273
 10
9.849975645396981
 20
7.997077447637603
 10
9.938626400389673
 20
7.886020457866537
 10
10.02532878714077
 20
7.777886020457866
 10
10.105211885046275
 20
7.680467608377984
 10
10.174378957622991
 20
7.598636142230882
 10
10.219191427179737
 20
7.5460301997077455
 10
10.257184607890892
 20
7.5002435460302
 10
10.289332683877253
 20
7.462250365319045
 10
10.313687286897224
 20
7.430102289332685
 10
10.333170969313201
 20
7.404773502191914
 10
10.344861178762788
 20
7.386264003896737
 10
10.351680467608379
 20
7.3745737944471506
 10
10.351680467608379
 20
7.368728689722357
 10
10.344861178762788
 20
7.3677545056015585
 10
10.332196785192403
 20
7.373599610326352
 10
10.311738918655626
 20
7.388212372138334
 10
10.283487579152462
 20
7.4115927910375055
 10
10.244520214320508
 20
7.4466634193862635
 10
10.195811008280566
 20
7.492450073063809
 10
10.133463224549441
 20
7.550901120311739
 10
10.05845104724793
 20
7.622990745250853
 10
9.928884559181684
 20
7.749634680954701
 10
9.800292255236238
 20
7.8821237213833415
 10
9.672674135411592
 20
8.018509498295177
 10
9.547004383828543
 20
8.15781782756941
 10
9.425231368728689
 20
8.29907452508524
 10
9.306380905991233
 20
8.44130540672187
 10
9.193375547978567
 20
8.5835362883585
 10
9.087189478811496
 20
8.72381880175353
 10
9.070628348757916
 20
8.745250852411106
 10
9.054067218704335
 20
8.767657087189479
 10
9.036531904529957
 20
8.79201169020945
 10
9.018022406234778
 20
8.815392109108622
 10
9.0004870920604
 20
8.838772528007793
 10
8.983925962006818
 20
8.861178762786167
 10
8.969313200194836
 20
8.881636629322943
 10
8.955674622503652
 20
8.899171943497322
 10
8.829030686799804
 20
9.073550901120312
 10
8.69167072576717
 20
9.272284461763274
 10
8.548465660009741
 20
9.487579152459816
 10
8.403312226010716
 20
9.714564052605944
 10
8.260107160253288
 20
9.945445689235267
 10
8.12469556746225
 20
10.172430589381394
 10
7.999999999999999
 20
10.390647832440331
 10
7.890891378470531
 20
10.592303945445689
 10
7.876278616658548
 20
10.620555284948855
 10
7.8606916707257675
 20
10.649780808572821
 10
7.846078908913785
 20
10.678032148075985
 10
7.8314661471018026
 20
10.706283487579153
 10
7.8178275694106185
 20
10.731612274719922
 10
7.806137359961032
 20
10.754992693619094
 10
7.795421334632245
 20
10.774476376035071
 10
7.786653677545056
 20
10.789089137847053
 10
7.770092547491476
 20
10.821237213833415
 10
7.759376522162689
 20
10.846566000974185
 10
7.755479785679494
 20
10.868972235752558
 10
7.75840233804189
 20
10.889430102289332
 10
7.770092547491476
 20
10.911836337067705
 10
7.79055041402825
 20
10.938139308329275
 10
7.821724305893814
 20
10.970287384315634
 10
7.862640038967365
 20
11.012177301509986
 10
7.886994641987336
 20
11.035557720409157
 10
7.913297613248904
 20
11.060886507549927
 10
7.940574768631271
 20
11.087189478811494
 10
7.9678519240136385
 20
11.113492450073064
 10
7.995129079396006
 20
11.138821237213834
 10
8.020457866536775
 20
11.163175840233805
 10
8.044812469556746
 20
11.185582075012178
 10
8.065270336093521
 20
11.205065757428155
 10
8.10034096444228
 20
11.237213833414515
 10
8.128592303945446
 20
11.260594252313687
  0
LWPOLYLINE
  5
36
330
17
100
AcDbEntity
  8
LOGO
100
AcDbPolyline
 90
600
 70
1
 10
14.463711641500245
 20
17.754505601558694
 10
14.656600097418412
 20
17.638577691183634
 10
14.822211397954213
 20
17.48563078421822
 10
14.957622990745252
 20
17.295664880662446
 10
15.063809059912325
 20
17.069654164637118
 10
15.137847053093036
 20
16.80954700438383
 10
15.176814417924989
 20
16.569897710667316
 10
15.192401363857769
 20
16.344861178762788
 10
15.18265952264978
 20
16.13248904042864
 10
15.148563078421821
 20
15.931807111544083
 10
15.087189478811496
 20
15.739892839746712
 10
15.000487092060402
 20
15.555772040915732
 10
14.887481734047736
 20
15.377496346809547
 10
14.747199220652705
 20
15.202143205065758
 10
14.71699951290794
 20
15.168046760837798
 10
14.689722357525573
 20
15.138821237213834
 10
14.664393570384805
 20
15.112518265952264
 10
14.638090599123236
 20
15.087189478811496
 10
14.60886507549927
 20
15.060886507549927
 10
14.574768631271311
 20
15.031660983925962
 10
14.532878714076963
 20
14.996590355577204
 10
14.48319532391622
 20
14.954700438382854
 10
14.40818314661471
 20
14.897223575255724
 10
14.319532391622017
 20
14.835849975645399
 10
14.221139795421337
 20
14.771553823672674
 10
14.116902094495861
 20
14.70823185582075
 10
14.013638577691184
 20
14.649780808572821
 10
13.913297613248904
 20
14.596200681928885
 10
13.822698490014615
 20
14.552362396492937
 10
13.744763760350708
 20
14.519240136385777
 10
13.735996103263517
 20
14.51631758402338
 10
13.723331709693133
 20
14.511446663419386
 10
13.707744763760353
 20
14.504627374573795
 10
13.689235265465173
 20
14.497808085728204
 10
13.668777398928398
 20
14.489040428641013
 10
13.647345348270825
 20
14.480272771553825
 10
13.62591329761325
 20
14.471505114466634
 10
13.603507062834877
 20
14.461763273258645
 10
13.440818314661472
 20
14.39941548952752
 10
13.2518265952265
 20
14.338041889917195
 10
13.042377009254752
 20
14.277642474427665
 10
12.816366293229422
 20
14.220165611300537
 10
12.579639551875307
 20
14.167559668777399
 10
12.338041889917195
 20
14.120798830979055
 10
12.096444227959084
 20
14.079883097905505
 10
11.85971748660497
 20
14.047735021919143
 10
11.453482708231856
 20
14.005845104724793
 10
11.017048222113981
 20
13.971748660496834
 10
10.565026790063323
 20
13.948368241597661
 10
10.11008280565027
 20
13.932781295664881
 10
9.6668290306868
 20
13.927910375060888
 10
9.247929858743303
 20
13.932781295664881
 10
8.867023867510959
 20
13.948368241597661
 10
8.537749634680955
 20
13.974671212859231
 10
8.37603507062835
 20
13.993180711154409
 10
8.220165611300535
 20
14.013638577691184
 10
8.070141256697516
 20
14.035070628348759
 10
7.928884559181685
 20
14.05942523136873
 10
7.794447150511447
 20
14.0837798343887
 10
7.669751583049196
 20
14.111056989771066
 10
7.552849488553337
 20
14.139308329274234
 10
7.4466634193862635
 20
14.167559668777399
 10
7.421334632245494
 20
14.17535314174379
 10
7.395031660983927
 20
14.183146614710182
 10
7.36678032148076
 20
14.190940087676571
 10
7.3395031660983925
 20
14.19970774476376
 10
7.313200194836823
 20
14.207501217730153
 10
7.287871407696055
 20
14.214320506575742
 10
7.26643935703848
 20
14.221139795421335
 10
7.2469556746225035
 20
14.226984900146128
 10
7.226497808085728
 20
14.232830004870921
 10
7.201169020944958
 20
14.24062347783731
 10
7.170969313200195
 20
14.250365319045299
 10
7.136872868972236
 20
14.261081344374087
 10
7.100828056502679
 20
14.272771553823672
 10
7.063809059912324
 20
14.285435947394058
 10
7.0258158792011685
 20
14.298100340964442
 10
6.9887968826108136
 20
14.310764734534827
 10
6.751095957135899
 20
14.39259620068193
 10
6.55820750121773
 20
14.456892352654652
 10
6.40038967364832
 20
14.506575742815391
 10
6.268874817340477
 20
14.545543107647344
 10
6.152946906965417
 20
14.57476863127131
 10
6.043838285435947
 20
14.59912323429128
 10
5.930832927423283
 20
14.618606916707257
 10
5.805163175840233
 20
14.638090599123233
 10
5.596687773989284
 20
14.663419386264005
 10
5.38334145153434
 20
14.678032148075987
 10
5.1680467608377985
 20
14.683877252800778
 10
4.956648806624452
 20
14.679980516317585
 10
4.752070141256697
 20
14.667316122747199
 10
4.55820750121773
 20
14.644909887968826
 10
4.380905991232343
 20
14.613735996103262
 10
4.222113979542133
 20
14.57476863127131
 10
4.20847540185095
 20
14.570871894788116
 10
4.193862640038968
 20
14.56600097418412
 10
4.177301509985387
 20
14.561130053580127
 10
4.159766195811009
 20
14.555284948855332
 10
4.141256697515831
 20
14.550414028251339
 10
4.123721383341451
 20
14.544568923526548
 10
4.106186069167073
 20
14.539698002922552
 10
4.090599123234291
 20
14.534827082318559
 10
3.960058451047248
 20
14.490014612761813
 10
3.8197759376522167
 20
14.431563565513883
 10
3.6707257671699947
 20
14.360448124695568
 10
3.515830491962981
 20
14.277642474427665
 10
3.357038480272772
 20
14.183146614710182
 10
3.1962981003409645
 20
14.080857282026304
 10
3.0355577204091575
 20
13.968826108134438
 10
2.8767657087189473
 20
13.850949829517779
 10
2.792985874330249
 20
13.785679493424256
 10
2.7121285923039453
 20
13.722357525572333
 10
2.63321967851924
 20
13.660983925962007
 10
2.5582075012177303
 20
13.602532878714078
 10
2.4890404286410135
 20
13.547004383828543
 10
2.4257184607890894
 20
13.497320993667804
 10
2.3692157817827573
 20
13.452508524111058
 10
2.3224549439844133
 20
13.414515343399902
 10
2.1811982464685826
 20
13.30150998538724
 10
2.0370189965903553
 20
13.19142717973697
 10
1.8899171943497324
 20
13.085241110569898
 10
1.7428153921091087
 20
12.98197759376522
 10
1.5947394057476865
 20
12.882610813443742
 10
1.4476376035070628
 20
12.790063321967853
 10
1.3024841695080371
 20
12.702386751095958
 10
1.1612274719922067
 20
12.621529469069653
 10
1.0462737457379445
 20
12.561130053580127
 10
0.9245007306380907
 20
12.5007306380906
 10
0.7978567949342427
 20
12.44130540672187
 10
0.668290306867998
 20
12.384802727715538
 10
0.5396980029225524
 20
12.331222601071602
 10
0.4130540672187044
 20
12.28251339503166
 10
0.2922552362396493
 20
12.239649293716514
 10
0.17924987822698496
 20
12.202630297126156
 10
0.1626887481734048
 20
12.197759376522162
 10
0.14612761811982464
 20
12.192888455918167
 10
0.1285923039454457
 20
12.188017535314174
 10
0.11203117389186557
 20
12.18314661471018
 10
0.09644422795908432
 20
12.178275694106185
 10
0.08280565026790064
 20
12.174378957622991
 10
0.07111544081831478
 20
12.170482221139796
 10
0.061373599610326464
 20
12.167559668777399
 10
0.046760837798344
 20
12.163662932294203
 10
0.034096444227959086
 20
12.161714564052607
 10
0.023380418899172
 20
12.160740379931807
 10
0.013638577691183689
 20
12.161714564052607
 10
0.0068192888455918445
 20
12.163662932294203
 10
0.0019483682415976896
 20
12.167559668777399
 10
0.0
 20
12.172430589381394
 10
0.0009741841207989141
 20
12.178275694106185
 10
0.055528494885533394
 20
12.236726741354115
 10
0.19678519240136388
 20
12.380905991232344
 10
0.4003896736483195
 20
12.584510472479298
 10
0.6400389673648321
 20
12.822211397954215
 10
0.8923526546517291
 20
13.071602532878714
 10
1.130053580126644
 20
13.305406721870433
 10
1.3297613248904043
 20
13.499269361909402
 10
1.4651729176814419
 20
13.628835849975646
 10
1.4836824159766198
 20
13.645396980029226
 10
1.5051144666341938
 20
13.665854846566
 10
1.528494885533366
 20
13.688261081344374
 10
1.5547978567949343
 20
13.713589868485144
 10
1.5811008280565029
 20
13.738918655625913
 10
1.6083779834388698
 20
13.764247442766685
 10
1.6346809547004386
 20
13.789576229907453
 10
1.660009741841208
 20
13.813930832927424
 10
1.8928397467121285
 20
14.032148075986363
 10
2.1246955674622505
 20
14.238675109595713
 10
2.352654651729177
 20
14.431563565513883
 10
2.57476863127131
 20
14.60789089137847
 10
2.7871407696054558
 20
14.76668290306868
 10
2.987822698490015
 20
14.905991232342911
 10
3.17486604968339
 20
15.023867510959573
 10
3.345348270823185
 20
15.11738918655626
 10
3.4008767657087193
 20
15.144666341938626
 10
3.4680954700438384
 20
15.17389186556259
 10
3.5421334632245496
 20
15.206039941548953
 10
3.6190940087676573
 20
15.237213833414515
 10
3.6941061860691677
 20
15.266439357038479
 10
3.7622990745250857
 20
15.291768144179251
 10
3.8197759376522167
 20
15.312226010716024
 10
3.861665854846566
 20
15.32391622016561
 10
3.869459327812957
 20
15.32586458840721
 10
3.8811495372625426
 20
15.329761324890404
 10
3.895762299074525
 20
15.3336580613736
 10
3.9123234291281057
 20
15.338528981977595
 10
3.931807111544082
 20
15.343399902581588
 10
3.951290793960059
 20
15.349245007306381
 10
3.9727228446176324
 20
15.355090112031174
 10
3.9941548952752073
 20
15.361909400876767
 10
4.15879201169021
 20
15.404773502191913
 10
4.332196785192401
 20
15.439844130540674
 10
4.5182659522649775
 20
15.46614710180224
 10
4.719922065270336
 20
15.485630784218216
 10
4.938139308329274
 20
15.496346809547004
 10
5.176814417924987
 20
15.5002435460302
 10
5.438869946419873
 20
15.497320993667802
 10
5.7252800779347295
 20
15.487579152459814
 10
5.769118363370676
 20
15.485630784218216
 10
5.810034096444228
 20
15.48368241597662
 10
5.8470530930345825
 20
15.48270823185582
 10
5.880175353141744
 20
15.481734047735022
 10
5.907452508524111
 20
15.481734047735022
 10
5.928884559181686
 20
15.481734047735022
 10
5.942523136872869
 20
15.48270823185582
 10
5.948368241597662
 20
15.48368241597662
 10
5.951290793960058
 20
15.492450073063809
 10
5.94154895275207
 20
15.501217730151
 10
5.922065270336093
 20
15.511933755479786
 10
5.889917194349732
 20
15.52459814905017
 10
5.8470530930345825
 20
15.537262542620557
 10
5.792498782269849
 20
15.552849488553337
 10
5.727228446176327
 20
15.568436434486117
 10
5.649293716512421
 20
15.585971748660498
 10
5.4456892352654656
 20
15.62396492937165
 10
5.238188017535314
 20
15.649293716512423
 10
5.027764247442767
 20
15.663906478324405
 10
4.814417924987822
 20
15.665854846566
 10
4.600097418412079
 20
15.656113005358012
 10
4.384802727715538
 20
15.634680954700439
 10
4.1685338528981974
 20
15.601558694593278
 10
3.954213346322455
 20
15.556746225036534
 10
3.8821237213833415
 20
15.539210910862153
 10
3.822698490014613
 20
15.52459814905017
 10
3.773989283974671
 20
15.512907939600586
 10
3.734047735021919
 20
15.503166098392597
 10
3.700925474914759
 20
15.493424257184609
 10
3.6736483195323917
 20
15.485630784218216
 10
3.6502679006332204
 20
15.477837311251827
 10
3.6278616658548466
 20
15.470043838285436
 10
3.615197272284462
 20
15.46614710180224
 10
3.5996103263516805
 20
15.460301997077448
 10
3.580126643935704
 20
15.453482708231856
 10
3.5577204091573313
 20
15.445689235265466
 10
3.5333658061373603
 20
15.436921578178275
 10
3.508037018996591
 20
15.428153921091086
 10
3.482708231855821
 20
15.419386264003897
 10
3.457379444715051
 20
15.410618606916708
 10
3.3541159279103745
 20
15.374573794447151
 10
3.2537749634680955
 20
15.336580613735997
 10
3.1544081831466144
 20
15.296639064783244
 10
3.056015586945933
 20
15.253774963468095
 10
2.956648806624452
 20
15.207014125669751
 10
2.8533852898197756
 20
15.156356551388212
 10
2.7471992206527034
 20
15.100828056502678
 10
2.63321967851924
 20
15.040428641013152
 10
2.576716999512908
 20
15.009254749147589
 10
2.5319045299561616
 20
14.984900146127618
 10
2.4987822698490016
 20
14.968339016074038
 10
2.4763760350706288
 20
14.959571358986848
 10
2.4637116415002436
 20
14.955674622503654
 10
2.4598149050170486
 20
14.959571358986848
 10
2.4656600097418413
 20
14.968339016074038
 10
2.4792985874330253
 20
14.983925962006818
 10
2.5231368728689723
 20
15.022893326838773
 10
2.597174866049684
 20
15.080370189965905
 10
2.6926449098879686
 20
15.15051144666342
 10
2.802727715538237
 20
15.227471992206526
 10
2.917681441792499
 20
15.306380905991233
 10
3.0287384315635655
 20
15.380418899171943
 10
3.1290793960058454
 20
15.444715051144668
 10
3.2089624939113492
 20
15.491475888943011
 10
3.231368728689723
 20
15.504140282513395
 10
3.2586458840720898
 20
15.519727228446175
 10
3.2888455918168535
 20
15.536288358499757
 10
3.321967851924014
 20
15.554797856794934
 10
3.3560642961519727
 20
15.574281539210912
 10
3.3911349245007307
 20
15.592791037506087
 10
3.424257184607891
 20
15.612274719922064
 10
3.457379444715051
 20
15.629810034096446
 10
3.5060886507549927
 20
15.657087189478812
 10
3.5489527520701407
 20
15.680467608377983
 10
3.5898684851436924
 20
15.701899659035558
 10
3.6317584023380416
 20
15.723331709693133
 10
3.678519240136386
 20
15.745737944471506
 10
3.733073550901121
 20
15.771066731612276
 10
3.7983438869946418
 20
15.80029225523624
 10
3.8792011690209454
 20
15.837311251826597
 10
3.987335606429615
 20
15.883097905504142
 10
4.095470043838286
 20
15.925962006819288
 10
4.206527033609352
 20
15.96687773989284
 10
4.319532391622016
 20
16.003896736483195
 10
4.435460301997077
 20
16.037993180711155
 10
4.553336580613736
 20
16.070141256697514
 10
4.676083779834388
 20
16.09936678032148
 10
4.801753531417438
 20
16.12664393570385
 10
5.010228933268388
 20
16.16074037993181
 10
5.224549439844131
 20
16.181198246468583
 10
5.442766682903068
 20
16.187043351193374
 10
5.664880662445202
 20
16.179249878226983
 10
5.887968826108135
 20
16.15781782756941
 10
6.112031173891865
 20
16.121773015099855
 10
6.335119337554797
 20
16.073063809059914
 10
6.555284948855333
 20
16.010716025328787
 10
6.611787627861665
 20
15.99220652703361
 10
6.6819288845591815
 20
15.969800292255236
 10
6.760837798343887
 20
15.943497320993668
 10
6.843643448611788
 20
15.915245981490502
 10
6.924500730638091
 20
15.887968826108136
 10
6.999512907939601
 20
15.862640038967365
 10
7.061860691670725
 20
15.840233804188992
 10
7.107647345348271
 20
15.824646858256212
 10
7.160253287871408
 20
15.806137359961033
 10
7.221626887481734
 20
15.785679493424258
 10
7.29176814417925
 20
15.764247442766683
 10
7.36678032148076
 20
15.74086702386751
 10
7.445689235265465
 20
15.71748660496834
 10
7.526546517291768
 20
15.694106186069167
 10
7.605455431076473
 20
15.671699951290794
 10
7.682415976619581
 20
15.651242084754017
 10
7.949342425718461
 20
15.585971748660498
 10
8.210423770092547
 20
15.531417437895762
 10
8.474427666829031
 20
15.487579152459814
 10
8.748173404773503
 20
15.452508524111058
 10
9.037506088650755
 20
15.427179736970286
 10
9.351193375547979
 20
15.410618606916708
 10
9.695080370189965
 20
15.40087676570872
 10
10.076960545543109
 20
15.397954213346322
 10
10.305893813930833
 20
15.398928397467122
 10
10.503653190452996
 20
15.40087676570872
 10
10.680954700438384
 20
15.403799318071115
 10
10.844617632732588
 20
15.409644422795909
 10
11.0014612761812
 20
15.4184120798831
 10
11.162201656113007
 20
15.429128105211884
 10
11.333658061373601
 20
15.443740867023868
 10
11.523623964929373
 20
15.461276181198246
 10
11.546030199707745
 20
15.463224549439843
 10
11.571358986848516
 20
15.46614710180224
 10
11.598636142230884
 20
15.468095470043838
 10
11.62591329761325
 20
15.471018022406234
 10
11.653190452995617
 20
15.473940574768632
 10
11.680467608377983
 20
15.475888943010228
 10
11.705796395518755
 20
15.478811495372627
 10
11.728202630297128
 20
15.480759863614223
 10
11.858743302484172
 20
15.493424257184609
 10
12.003896736483195
 20
15.511933755479786
 10
12.15781782756941
 20
15.532391622016561
 10
12.311738918655628
 20
15.554797856794934
 10
12.459814905017048
 20
15.579152459814905
 10
12.596200681928885
 20
15.602532878714076
 10
12.713102776424744
 20
15.625913297613248
 10
12.804676083779835
 20
15.647345348270823
 10
12.821237213833417
 20
15.651242084754017
 10
12.837798343886996
 20
15.655138821237214
 10
12.855333658061376
 20
15.65903555772041
 10
12.871894788114956
 20
15.663906478324405
 10
12.887481734047736
 20
15.6668290306868
 10
12.90209449585972
 20
15.670725767169994
 10
12.913784705309306
 20
15.673648319532393
 10
12.92450073063809
 20
15.67559668777399
 10
13.035557720409159
 20
15.70092547491476
 10
13.147588894301025
 20
15.732099366780323
 10
13.25864588407209
 20
15.769118363370678
 10
13.36678032148076
 20
15.809059912323429
 10
13.470043838285436
 20
15.852898197759377
 10
13.565513882123721
 20
15.898684851436922
 10
13.65124208475402
 20
15.946419873356065
 10
13.72528007793473
 20
15.995129079396007
 10
13.787627861665857
 20
16.044812469556746
 10
13.839259620068194
 20
16.098392596200682
 10
13.880175353141746
 20
16.155869459327814
 10
13.910375060886508
 20
16.218217243058938
 10
13.930832927423284
 20
16.284461763273256
 10
13.939600584510474
 20
16.356551388212374
 10
13.939600584510474
 20
16.43448611787628
 10
13.929858743302486
 20
16.51924013638578
 10
13.920116902094497
 20
16.556259132976134
 10
13.906478324403313
 20
16.590355577204093
 10
13.887968826108136
 20
16.622503653190453
 10
13.865562591329763
 20
16.651729176814417
 10
13.839259620068194
 20
16.678032148075985
 10
13.81003409644423
 20
16.699464198733562
 10
13.777886020457869
 20
16.716025328787143
 10
13.744763760350708
 20
16.726741354115926
 10
13.655138821237214
 20
16.740379931807112
 10
13.574281539210912
 20
16.737457379444713
 10
13.502191914271798
 20
16.71894788114954
 10
13.439844130540674
 20
16.68290306867998
 10
13.387238188017536
 20
16.63224549439844
 10
13.346322454943985
 20
16.56600097418412
 10
13.316122747199222
 20
16.48514369215782
 10
13.297613248904042
 20
16.390647832440333
 10
13.291768144179251
 20
16.343886994641988
 10
13.28592303945446
 20
16.29128105211885
 10
13.279103750608867
 20
16.238675109595714
 10
13.272284461763274
 20
16.186069167072578
 10
13.265465172917683
 20
16.138334145153433
 10
13.25962006819289
 20
16.097418412079886
 10
13.254749147588896
 20
16.066244520214322
 10
13.2518265952265
 20
16.046760837798345
 10
13.245981490501705
 20
16.03312226010716
 10
13.236239649293717
 20
16.029225523623968
 10
13.221626887481735
 20
16.03409644422796
 10
13.205065757428153
 20
16.04870920603994
 10
13.183633706770582
 20
16.071115440818314
 10
13.16025328787141
 20
16.103263516804677
 10
13.13492450073064
 20
16.143205065757428
 10
13.106673161227473
 20
16.19094008767657
 10
13.072576716999514
 20
16.254262055528496
 10
13.046273745737945
 20
16.313687286897224
 10
13.02484169508037
 20
16.370189965903556
 10
13.010228933268388
 20
16.423770092547493
 10
13.002435460301998
 20
16.47540185094983
 10
12.999512907939602
 20
16.52411105698977
 10
13.003409644422797
 20
16.570871894788116
 10
13.013151485630786
 20
16.61568436434486
 10
13.074525085241111
 20
16.76668290306868
 10
13.162201656113007
 20
16.898197759376522
 10
13.271310277642476
 20
17.00535801266439
 10
13.396005845104726
 20
17.087189478811496
 10
13.533365806137361
 20
17.140769605455432
 10
13.67657087189479
 20
17.164150024354605
 10
13.821724305893817
 20
17.153433999025815
 10
13.963955187530445
 20
17.10764734534827
 10
14.070141256697518
 20
17.044325377496346
 10
14.162688748173407
 20
16.95957135898685
 10
14.240623477837314
 20
16.857282026302972
 10
14.302971261568437
 20
16.741354115927912
 10
14.347783731125185
 20
16.61568436434486
 10
14.373112518265954
 20
16.48319532391622
 10
14.377983438869947
 20
16.348757915245983
 10
14.35947394057477
 20
16.215294690696542
 10
14.332196785192401
 20
16.130540672187042
 10
14.290306867998053
 20
16.04286410131515
 10
14.234778373112519
 20
15.955187530443254
 10
14.1665854846566
 20
15.869459327812956
 10
14.088650754992694
 20
15.786653677545056
 10
14.0009741841208
 20
15.709693132001949
 10
13.906478324403313
 20
15.638577691183633
 10
13.806137359961033
 20
15.577204091573307
 10
13.750608865075499
 20
15.547004383828545
 10
13.702873843156357
 20
15.520701412566975
 10
13.659035557720411
 20
15.498295177788604
 10
13.61811982464686
 20
15.477837311251827
 10
13.578178275694109
 20
15.45932781295665
 10
13.535314174378959
 20
15.439844130540674
 10
13.488553336580615
 20
15.419386264003897
 10
13.435947394057477
 20
15.397954213346322
 10
13.304432537749635
 20
15.347296639064785
 10
13.155382367267414
 20
15.295664880662445
 10
12.993667803214809
 20
15.245981490501705
 10
12.82513395031661
 20
15.198246468582562
 10
12.654651729176814
 20
15.154408183146614
 10
12.489040428641013
 20
15.11544081831466
 10
12.332196785192403
 20
15.0842669264491
 10
12.190940087676571
 20
15.060886507549927
 10
12.17632732586459
 20
15.05893813930833
 10
12.158792011690212
 20
15.056015586945932
 10
12.138334145153435
 20
15.053093034583537
 10
12.114953726254264
 20
15.049196298100341
 10
12.090599123234293
 20
15.045299561617147
 10
12.065270336093523
 20
15.04140282513395
 10
12.039941548952752
 20
15.037506088650755
 10
12.015586945932782
 20
15.03263516804676
 10
11.988309790550415
 20
15.028738431563566
 10
11.957135898684852
 20
15.023867510959573
 10
11.921091086215295
 20
15.018022406234778
 10
11.883097905504142
 20
15.013151485630784
 10
11.843156356551388
 20
15.007306380905991
 10
11.803214807598637
 20
15.002435460301998
 10
11.765221626887483
 20
14.997564539698002
 10
11.728202630297128
 20
14.992693619094009
 10
11.69313200194837
 20
14.988796882610814
 10
11.657087189478814
 20
14.983925962006818
 10
11.622990745250855
 20
14.980029225523625
 10
11.590842669264493
 20
14.97613248904043
 10
11.560642961519727
 20
14.972235752557234
 10
11.535314174378959
 20
14.968339016074038
 10
11.513882123721384
 20
14.965416463711643
 10
11.499269361909402
 20
14.963468095470045
 10
11.48465660009742
 20
14.961519727228445
 10
11.46712128592304
 20
14.95859717486605
 10
11.445689235265466
 20
14.956648806624452
 10
11.423283000487094
 20
14.953726254262056
 10
11.398928397467122
 20
14.950803701899659
 10
11.373599610326352
 20
14.948855333658061
 10
11.348270823185583
 20
14.945932781295665
 10
11.323916220165613
 20
14.943984413054068
 10
11.296639064783246
 20
14.94203604481247
 10
11.265465172917683
 20
14.939113492450073
 10
11.230394544568925
 20
14.936190940087677
 10
11.19240136385777
 20
14.933268387725281
 10
11.153433999025816
 20
14.930345835362884
 10
11.114466634193864
 20
14.926449098879688
 10
11.077447637603509
 20
14.923526546517293
 10
11.041402825133952
 20
14.920603994154895
 10
10.911836337067708
 20
14.909887968826109
 10
10.76765708718948
 20
14.90014612761812
 10
10.614710180224064
 20
14.890404286410131
 10
10.452995616171457
 20
14.88163662932294
 10
10.287384315635656
 20
14.873843156356552
 10
10.119824646858259
 20
14.867023867510959
 10
9.953239162201656
 20
14.861178762786167
 10
9.79055041402825
 20
14.856307842182172
 10
9.656113005358012
 20
14.853385289819776
 10
9.548952752070141
 20
14.849488553336581
 10
9.46614710180224
 20
14.846566000974184
 10
9.405747686312711
 20
14.842669264490988
 10
9.364831953239163
 20
14.838772528007794
 10
9.342425718460788
 20
14.834875791524597
 10
9.334632245494397
 20
14.830004870920604
 10
9.339503166098392
 20
14.824159766195812
 10
9.35021919142718
 20
14.819288845591817
 10
9.369702873843158
 20
14.815392109108622
 10
9.397954213346322
 20
14.811495372625428
 10
9.433024841695081
 20
14.806624452021433
 10
9.476863127131029
 20
14.80175353141744
 10
9.526546517291768
 20
14.797856794934242
 10
9.582075012177302
 20
14.792985874330249
 10
9.643448611787628
 20
14.788114953726254
 10
9.677545056015587
 20
14.786166585484656
 10
9.713589868485144
 20
14.78324403312226
 10
9.750608865075499
 20
14.780321480759865
 10
9.786653677545056
 20
14.778373112518267
 10
9.821724305893813
 20
14.77545056015587
 10
9.853872381880175
 20
14.772528007793474
 10
9.883097905504139
 20
14.770579639551876
 10
9.906478324403313
 20
14.76765708718948
 10
10.097418412079882
 20
14.754992693619092
 10
10.330248416950806
 20
14.745250852411106
 10
10.589381393083293
 20
14.739405747686313
 10
10.861178762786167
 20
14.737457379444715
 10
11.131027764247444
 20
14.739405747686313
 10
11.38431563565514
 20
14.746225036531905
 10
11.607403799318071
 20
14.755966877739894
 10
11.786653677545058
 20
14.768631271310278
 10
11.97661958110083
 20
14.789089137847052
 10
12.147101802240625
 20
14.809547004383829
 10
12.30199707744764
 20
14.830979055041404
 10
12.44325377496347
 20
14.852411105698977
 10
12.574768631271311
 20
14.87579152459815
 10
12.698490014612762
 20
14.902094495859718
 10
12.81831466147102
 20
14.929371651242086
 10
12.936190940087677
 20
14.960545543107648
 10
12.969313200194838
 20
14.969313200194836
 10
13.002435460301998
 20
14.979055041402825
 10
13.033609352167561
 20
14.987822698490016
 10
13.062834875791525
 20
14.995616171456405
 10
13.089137847053095
 20
15.003409644422796
 10
13.111544081831468
 20
15.009254749147589
 10
13.130053580126646
 20
15.014125669751584
 10
13.14271797369703
 20
15.01704822211398
 10
13.169995129079398
 20
15.02581587920117
 10
13.206039941548955
 20
15.037506088650755
 10
13.248904042864101
 20
15.053093034583537
 10
13.296639064783244
 20
15.070628348757916
 10
13.348270823185583
 20
15.090112031173891
 10
13.40087676570872
 20
15.110569897710667
 10
13.454456892352656
 20
15.132001948368242
 10
13.505114466634195
 20
15.152459814905018
 10
13.7515830491963
 20
15.272284461763274
 10
13.973697028738433
 20
15.413541159279104
 10
14.1675596687774
 20
15.571358986848516
 10
14.330248416950804
 20
15.742815392109108
 10
14.456892352654652
 20
15.921091086215295
 10
14.544568923526548
 20
16.104237700925474
 10
14.589381393083295
 20
16.286410131514856
 10
14.588407208962494
 20
16.462737457379447
 10
14.537749634680956
 20
16.694593278129567
 10
14.462737457379447
 20
16.894301022893327
 10
14.364344861178763
 20
17.060886507549927
 10
14.244520214320508
 20
17.19240136385777
 10
14.106186069167073
 20
17.28592303945446
 10
13.95129079396006
 20
17.34145153433999
 10
13.782756941061862
 20
17.35606429615197
 10
13.60155869459328
 20
17.327812956648806
 10
13.50901120311739
 20
17.295664880662446
 10
13.415489527520704
 20
17.2498782269849
 10
13.321967851924013
 20
17.19337554797857
 10
13.230394544568925
 20
17.12518265952265
 10
13.143692157817828
 20
17.04822211397954
 10
13.061860691670727
 20
16.962493911349245
 10
12.986848514369218
 20
16.870920603994154
 10
12.921578178275695
 20
16.77447637603507
 10
12.905991232342915
 20
16.7520701412567
 10
12.89235265465173
 20
16.740379931807112
 10
12.881636629322944
 20
16.739405747686313
 10
12.872868972235754
 20
16.7510959571359
 10
12.86604968339016
 20
16.77447637603507
 10
12.862152946906967
 20
16.810521188504627
 10
12.85923039454457
 20
16.85825621042377
 10
12.858256210423772
 20
16.919629810034095
 10
12.862152946906967
 20
17.029712615684364
 10
12.871894788114956
 20
17.130053580126646
 10
12.888455918168534
 20
17.221626887481733
 10
12.911836337067706
 20
17.306380905991233
 10
12.94301022893327
 20
17.385289819775938
 10
12.981977593765222
 20
17.458353628835848
 10
13.028738431563566
 20
17.528494885533366
 10
13.085241110569898
 20
17.594739405747685
 10
13.139795421334634
 20
17.647345348270825
 10
13.205065757428153
 20
17.696054554310766
 10
13.278129566488067
 20
17.738918655625916
 10
13.358012664393572
 20
17.776911836337067
 10
13.444715051144668
 20
17.809059912323427
 10
13.535314174378959
 20
17.835362883585
 10
13.630784218217244
 20
17.853872381880176
 10
13.728202630297126
 20
17.86653677545056
 10
13.998051631758404
 20
17.86848514369216
 10
14.24354603019971
 20
17.831466147101803
  0
LWPOLYLINE
  5
37
330
17
100
AcDbEntity
  8
LOGO
100
AcDbPolyline
 90
312
 70
1
 10
14.869946419873358
 20
18.30004870920604
 10
14.874817340477351
 20
18.301022893326838
 10
14.879688261081345
 20
18.301997077447638
 10
14.88455918168534
 20
18.302971261568437
 10
14.888455918168535
 20
18.302971261568437
 10
14.891378470530931
 20
18.303945445689237
 10
14.910862152946908
 20
18.301997077447638
 10
14.950803701899659
 20
18.297126156843643
 10
15.005358012664395
 20
18.288358499756455
 10
15.06770579639552
 20
18.27666829030687
 10
15.132976132489041
 20
18.264978080857283
 10
15.196298100340966
 20
18.252313687286897
 10
15.251826595226499
 20
18.240623477837314
 10
15.293716512420849
 20
18.230881636629324
 10
15.487579152459817
 20
18.168533852898197
 10
15.677545056015589
 20
18.0837798343887
 10
15.863614223088165
 20
17.977593765221627
 10
16.04383828543595
 20
17.851924013638577
 10
16.21626887481734
 20
17.706770579639553
 10
16.379931807111547
 20
17.543107647345348
 10
16.53385289819776
 20
17.361909400876765
 10
16.67705796395519
 20
17.1651242084754
 10
16.770579639551876
 20
17.017048222113978
 10
16.863127131027763
 20
16.857282026302972
 10
16.95080370189966
 20
16.687773989283976
 10
17.03360935216756
 20
16.514369215781784
 10
17.10862152946907
 20
16.339990258158792
 10
17.17486604968339
 20
16.170482221139796
 10
17.229420360448128
 20
16.00876765708719
 10
17.270336093521678
 20
15.858743302484172
 10
17.279103750608865
 20
15.826595226497808
 10
17.28592303945446
 20
15.801266439357038
 10
17.293716512420847
 20
15.780808572820265
 10
17.301509985387238
 20
15.764247442766683
 10
17.311251826595228
 20
15.748660496833901
 10
17.32489040428641
 20
15.73404773502192
 10
17.340477350219192
 20
15.719434973209935
 10
17.36093521675597
 20
15.701899659035558
 10
17.45153433999026
 20
15.631758402338042
 10
17.557720409157334
 20
15.560642961519727
 10
17.67754505601559
 20
15.487579152459814
 10
17.80808572820263
 20
15.415489527520702
 10
17.946419873356064
 20
15.346322454943984
 10
18.089624939113495
 20
15.281052118850463
 10
18.23380418899172
 20
15.221626887481735
 10
18.377009254749147
 20
15.168046760837798
 10
18.56502679006332
 20
15.110569897710667
 10
18.75986361422309
 20
15.064783244033123
 10
18.955674622503654
 20
15.030686799805164
 10
19.15245981490502
 20
15.009254749147589
 10
19.345348270823187
 20
15.0004870920604
 10
19.531417437895765
 20
15.004383828543595
 10
19.70871894788115
 20
15.021919142717975
 10
19.873356064296154
 20
15.052118850462737
 10
19.927910375060886
 20
15.063809059912323
 10
19.96687773989284
 20
15.068679980516317
 10
19.99123234291281
 20
15.06770579639552
 10
20.0
 20
15.05991232342913
 10
19.995129079396005
 20
15.045299561617147
 10
19.97467121285923
 20
15.023867510959573
 10
19.938626400389676
 20
14.996590355577204
 10
19.887968826108136
 20
14.961519727228445
 10
19.848027277155385
 20
14.936190940087677
 10
19.81198246468583
 20
14.913784705309304
 10
19.775937652216268
 20
14.894301022893329
 10
19.738918655625916
 20
14.87579152459815
 10
19.698977106673162
 20
14.858256210423772
 10
19.653190452995617
 20
14.839746712128592
 10
19.59961032635168
 20
14.820263029712615
 10
19.536288358499757
 20
14.797856794934242
 10
19.404773502191915
 20
14.757915245981492
 10
19.26156843643449
 20
14.726741354115928
 10
19.107647345348273
 20
14.703360935216756
 10
18.944958597174868
 20
14.688748173404774
 10
18.772528007793472
 20
14.680954700438383
 10
18.59327812956649
 20
14.68290306867998
 10
18.406234778373115
 20
14.692644909887969
 10
18.214320506575742
 20
14.711154408183146
 10
18.19483682415977
 20
14.713102776424744
 10
18.17632732586459
 20
14.715051144666342
 10
18.15976619581101
 20
14.71602532878714
 10
18.144179249878228
 20
14.71602532878714
 10
18.130540672187045
 20
14.71602532878714
 10
18.119824646858255
 20
14.71602532878714
 10
18.112031173891868
 20
14.715051144666342
 10
18.107160253287873
 20
14.714076960545544
 10
18.100340964442278
 20
14.70823185582075
 10
18.086702386751096
 20
14.694593278129567
 10
18.067218704335122
 20
14.675109595713591
 10
18.04286410131515
 20
14.65075499269362
 10
18.013638577691186
 20
14.620555284948855
 10
17.980516317584023
 20
14.586458840720896
 10
17.945445689235267
 20
14.549439844130541
 10
17.907452508524113
 20
14.510472479298588
 10
17.786653677545058
 20
14.385776911836338
 10
17.660983925962007
 20
14.261081344374087
 10
17.53336580613736
 20
14.138334145153435
 10
17.405747686312715
 20
14.019483682415975
 10
17.281052118850464
 20
13.907452508524111
 10
17.16122747199221
 20
13.804188991719435
 10
17.05017048222114
 20
13.712615684364344
 10
16.948855333658063
 20
13.63370677057964
 10
16.777398928397467
 20
13.508037018996589
 10
16.622503653190456
 20
13.39990258158792
 10
16.480272771553825
 20
13.307355090112031
 10
16.347783731125183
 20
13.229420360448126
 10
16.222113979542133
 20
13.164150024354603
 10
16.098392596200682
 20
13.108621529469069
 10
15.974671212859233
 20
13.060886507549927
 10
15.847053093034583
 20
13.020944958597175
 10
15.793472966390649
 20
13.006332196785191
 10
15.755479785679496
 20
12.998538723818802
 10
15.732099366780323
 20
12.997564539698004
 10
15.724305893813932
 20
13.004383828543595
 10
15.731125182659525
 20
13.019970774476377
 10
15.753531417437898
 20
13.04335119337555
 10
15.789576229907455
 20
13.076473453482707
 10
15.841207988309792
 20
13.118363370677057
 10
15.86751095957136
 20
13.139795421334632
 10
15.895762299074526
 20
13.163175840233805
 10
15.92596200681929
 20
13.187530443253776
 10
15.956161714564054
 20
13.211885046273746
 10
15.986361422308816
 20
13.237213833414515
 10
16.014612761811982
 20
13.260594252313687
 10
16.040915733073554
 20
13.28300048709206
 10
16.063321967851927
 20
13.302484169508038
 10
16.085728202630296
 20
13.320993667803215
 10
16.10813443740867
 20
13.340477350219192
 10
16.130540672187045
 20
13.35996103263517
 10
16.15294690696542
 20
13.378470530930345
 10
16.17437895762299
 20
13.396980029225524
 10
16.19386264003897
 20
13.412566975158304
 10
16.210423770092547
 20
13.427179736970286
 10
16.224062347783732
 20
13.438869946419874
 10
16.308816366293232
 20
13.511933755479786
 10
16.404286410131515
 20
13.59961032635168
 10
16.506575742815393
 20
13.697028738431564
 10
16.613735996103266
 20
13.80126643935704
 10
16.721870433511935
 20
13.909400876765709
 10
16.828056502679008
 20
14.019483682415975
 10
16.928397467121286
 20
14.126643935703848
 10
17.019970774476377
 20
14.227959084266926
 10
17.07452508524111
 20
14.292255236239649
 10
17.13492450073064
 20
14.370189965903554
 10
17.19922065270336
 20
14.454943984413054
 10
17.261568436434487
 20
14.542620555284948
 10
17.32001948368242
 20
14.625426205552849
 10
17.36775450560156
 20
14.699464198733562
 10
17.403799318071115
 20
14.757915245981492
 10
17.421334632245497
 20
14.794934242571847
 10
17.422308816366293
 20
14.804676083779835
 10
17.419386264003897
 20
14.814417924987824
 10
17.414515343399906
 20
14.824159766195812
 10
17.405747686312715
 20
14.8339016074038
 10
17.39405747686313
 20
14.842669264490988
 10
17.381393083292743
 20
14.851436921578179
 10
17.365806137359964
 20
14.858256210423772
 10
17.349245007306383
 20
14.864101315148563
 10
17.341451534339992
 20
14.86604968339016
 10
17.3336580613736
 20
14.868972235752556
 10
17.323916220165614
 20
14.871894788114954
 10
17.315148563078424
 20
14.874817340477351
 10
17.306380905991233
 20
14.878714076960545
 10
17.296639064783243
 20
14.88163662932294
 10
17.288845591816855
 20
14.885533365806138
 10
17.281052118850464
 20
14.888455918168534
 10
17.264490988796883
 20
14.894301022893329
 10
17.2498782269849
 20
14.897223575255724
 10
17.23526546517292
 20
14.895275207014127
 10
17.219678519240137
 20
14.886507549926936
 10
17.20214320506576
 20
14.871894788114954
 10
17.180711154408186
 20
14.848514369215783
 10
17.15245981490502
 20
14.815392109108622
 10
17.11738918655626
 20
14.772528007793474
 10
17.05017048222114
 20
14.688748173404774
 10
16.99366780321481
 20
14.618606916707257
 10
16.944958597174868
 20
14.560155869459328
 10
16.904042864101317
 20
14.510472479298588
 10
16.867023867510962
 20
14.467608377983439
 10
16.832927423283003
 20
14.428641013151484
 10
16.80077934729664
 20
14.39259620068193
 10
16.76668290306868
 20
14.356551388212372
 10
16.745250852411107
 20
14.3331709693132
 10
16.71992206527034
 20
14.305893813930833
 10
16.690696541646375
 20
14.275694106186071
 10
16.660496833901608
 20
14.243546030199708
 10
16.629322942036044
 20
14.210423770092548
 10
16.598149050170484
 20
14.17632732586459
 10
16.56697515830492
 20
14.144179249878228
 10
16.538723818801753
 20
14.113005358012664
 10
16.355577204091574
 20
13.925962006819288
 10
16.157817827569414
 20
13.738918655625913
 10
15.95031660983926
 20
13.554797856794936
 10
15.735996103263519
 20
13.377496346809547
 10
15.518753044325377
 20
13.209936678032149
 10
15.30248416950804
 20
13.054067218704335
 10
15.089137847053093
 20
12.912810521188504
 10
14.88455918168534
 20
12.789089137847053
 10
14.663419386264005
 20
12.669264490988796
 10
14.449098879688261
 20
12.565026790063321
 10
14.238675109595714
 20
12.474427666829031
 10
14.032148075986363
 20
12.398441305406722
 10
13.82659522649781
 20
12.335119337554799
 10
13.621042377009255
 20
12.285435947394056
 10
13.413541159279104
 20
12.248416950803701
 10
13.203117389186557
 20
12.223088163662933
 10
13.174866049683391
 20
12.220165611300537
 10
13.148563078421823
 20
12.21821724305894
 10
13.124208475401852
 20
12.21626887481734
 10
13.102776424744278
 20
12.215294690696544
 10
13.0832927423283
 20
12.214320506575742
 10
13.06770579639552
 20
12.213346322454944
 10
13.056989771066734
 20
12.213346322454944
 10
13.051144666341939
 20
12.214320506575742
 10
13.04140282513395
 20
12.217243058938138
 10
13.035557720409159
 20
12.222113979542133
 10
13.034583536288359
 20
12.226984900146126
 10
13.036531904529957
 20
12.23380418899172
 10
13.04140282513395
 20
12.239649293716514
 10
13.051144666341939
 20
12.247442766682903
 10
13.063809059912323
 20
12.255236239649294
 10
13.080370189965905
 20
12.263029712615683
 10
13.091086215294693
 20
12.267900633219678
 10
13.104724792985875
 20
12.273745737944473
 10
13.121285923039455
 20
12.281539210910863
 10
13.139795421334634
 20
12.289332683877253
 10
13.159279103750611
 20
12.298100340964444
 10
13.178762786166587
 20
12.306867998051631
 10
13.199220652703362
 20
12.315635655138822
 10
13.21870433511934
 20
12.323429128105213
 10
13.239162201656113
 20
12.333170969313201
 10
13.260594252313687
 20
12.342912810521188
 10
13.28397467121286
 20
12.352654651729177
 10
13.307355090112031
 20
12.363370677057963
 10
13.330735509011204
 20
12.374086702386752
 10
13.353141743789577
 20
12.384802727715538
 10
13.373599610326353
 20
12.393570384802729
 10
13.392109108621531
 20
12.402338041889916
 10
13.40867023867511
 20
12.410131514856308
 10
13.42425718460789
 20
12.4169508037019
 10
13.437895762299076
 20
12.42377009254749
 10
13.45056015586946
 20
12.429615197272286
 10
13.461276181198249
 20
12.43351193375548
 10
13.470043838285436
 20
12.437408670238677
 10
13.475888943010231
 20
12.439357038480274
 10
13.477837311251827
 20
12.440331222601072
 10
13.504140282513395
 20
12.451047247929859
 10
13.566488066244522
 20
12.481246955674623
 10
13.655138821237214
 20
12.52508524111057
 10
13.760350706283488
 20
12.577691183633705
 10
13.872381880175354
 20
12.63419386264004
 10
13.980516317584025
 20
12.689722357525572
 10
14.076960545543107
 20
12.739405747686313
 10
14.149050170482223
 20
12.777398928397467
 10
14.246468582562105
 20
12.830004870920604
 10
14.339016074037994
 20
12.882610813443742
 10
14.429615197272286
 20
12.935216755966877
 10
14.520214320506575
 20
12.989771066731613
 10
14.611787627861666
 20
13.047247929858743
 10
14.707257671699953
 20
13.109595713589869
 10
14.80857282026303
 20
13.176814417924987
 10
14.917681441792501
 20
13.250852411105699
 10
15.024841695080372
 20
13.326838772528008
 10
15.138821237213834
 20
13.412566975158304
 10
15.255723331709694
 20
13.503166098392596
 10
15.371651242084756
 20
13.597661958110082
 10
15.480759863614225
 20
13.690209449585971
 10
15.582075012177302
 20
13.778860204578667
 10
15.668777398928398
 20
13.85971748660497
 10
15.737944471505115
 20
13.929858743302486
 10
15.889917194349733
 20
14.098392596200682
 10
16.023380418899173
 20
14.25815879201169
 10
16.14223088163663
 20
14.414028251339502
 10
16.246468582562105
 20
14.565026790063321
 10
16.337067705796397
 20
14.71602532878714
 10
16.4159766195811
 20
14.867998051631758
 10
16.48514369215782
 20
15.022893326838773
 10
16.545543107647347
 20
15.18265952264978
 10
16.61665854846566
 20
15.441792498782268
 10
16.654651729176816
 20
15.706770579639551
 10
16.661471018022407
 20
15.97467121285923
 10
16.63711641500244
 20
16.24062347783731
 10
16.581587920116903
 20
16.503653190452994
 10
16.494885533365807
 20
16.75888943010229
 10
16.378957622990747
 20
17.002435460301996
 10
16.232830004870923
 20
17.23331709693132
 10
16.10813443740867
 20
17.39308329274233
 10
15.969800292255238
 20
17.546030199707744
 10
15.821724305893815
 20
17.69020944958597
 10
15.664880662445203
 20
17.822698490014613
 10
15.501217730151
 20
17.943497320993668
 10
15.3336580613736
 20
18.04968339016074
 10
15.163175840233805
 20
18.140282513395032
 10
14.991719434973211
 20
18.214320506575742
 10
14.978080857282027
 20
18.220165611300537
 10
14.963468095470045
 20
18.22503653190453
 10
14.947881149537263
 20
18.230881636629324
 10
14.932294203604483
 20
18.236726741354115
 10
14.916707257671701
 20
18.24257184607891
 10
14.902094495859718
 20
18.2484169508037
 10
14.888455918168535
 20
18.253287871407696
 10
14.876765708718949
 20
18.25815879201169
 10
14.858256210423772
 20
18.265952264978083
 10
14.843643448611788
 20
18.272771553823674
 10
14.8339016074038
 20
18.278616658548465
 10
14.829030686799806
 20
18.28348757915246
 10
14.828056502679008
 20
18.288358499756455
 10
14.831953239162202
 20
18.29225523623965
 10
14.839746712128594
 20
18.295177788602047
 10
14.853385289819776
 20
18.298100340964442
 10
14.858256210423772
 20
18.299074525085242
 10
14.864101315148565
 20
18.30004870920604
  0
LWPOLYLINE
  5
38
330
17
100
AcDbEntity
  8
LOGO
100
AcDbPolyline
 90
120
 70
1
 10
12.095470043838287
 20
18.32440331222601
 10
12.113005358012666
 20
18.330248416950802
 10
12.127618119824648
 20
18.3331709693132
 10
12.138334145153435
 20
18.334145153434
 10
12.145153433999026
 20
18.3312226010716
 10
12.147101802240625
 20
18.32635168046761
 10
12.145153433999026
 20
18.320506575742815
 10
12.139308329274234
 20
18.312713102776424
 10
12.128592303945446
 20
18.301997077447638
 10
12.114953726254264
 20
18.289332683877255
 10
12.097418412079884
 20
18.27374573794447
 10
12.07501217730151
 20
18.256210423770092
 10
12.049683390160741
 20
18.236726741354115
 10
12.020457866536777
 20
18.214320506575742
 10
12.003896736483195
 20
18.202630297126156
 10
11.98538723818802
 20
18.188017535314174
 10
11.965903555772043
 20
18.17340477350219
 10
11.944471505114468
 20
18.157817827569414
 10
11.923039454456893
 20
18.141256697515832
 10
11.90258158792012
 20
18.12469556746225
 10
11.883097905504142
 20
18.11008280565027
 10
11.864588407208963
 20
18.095470043838287
 10
11.847053093034585
 20
18.0818314661471
 10
11.829517778860206
 20
18.06819288845592
 10
11.811982464685826
 20
18.055528494885536
 10
11.794447150511447
 20
18.04188991719435
 10
11.778860204578667
 20
18.030199707744764
 10
11.764247442766685
 20
18.020457866536777
 10
11.752557233317098
 20
18.011690209449586
 10
11.74281539210911
 20
18.004870920603995
 10
11.732099366780323
 20
17.997077447637604
 10
11.717486604968341
 20
17.986361422308818
 10
11.698002922552364
 20
17.972722844617635
 10
11.67657087189479
 20
17.95713589868485
 10
11.652216268874819
 20
17.939600584510472
 10
11.62591329761325
 20
17.920116902094495
 10
11.599610326351682
 20
17.899659035557722
 10
11.572333170969314
 20
17.879201169020945
 10
11.54310764734535
 20
17.85776911836337
 10
11.509985387238189
 20
17.8324403312226
 10
11.474914758889431
 20
17.80613735996103
 10
11.437895762299076
 20
17.777886020457867
 10
11.400876765708722
 20
17.7506088650755
 10
11.364831953239163
 20
17.72333170969313
 10
11.330735509011205
 20
17.698002922552362
 10
11.299561617145642
 20
17.67462250365319
 10
11.269361909400878
 20
17.65124208475402
 10
11.236239649293717
 20
17.626887481734048
 10
11.203117389186556
 20
17.60155869459328
 10
11.169995129079398
 20
17.57622990745251
 10
11.136872868972237
 20
17.55187530443254
 10
11.106673161227473
 20
17.529469069654166
 10
11.079396005845107
 20
17.50901120311739
 10
11.056015586945934
 20
17.49147588894301
 10
11.005358012664395
 20
17.45153433999026
 10
10.953726254262056
 20
17.40672187043351
 10
10.90209449585972
 20
17.35996103263517
 10
10.853385289819778
 20
17.313200194836824
 10
10.80954700438383
 20
17.26838772528008
 10
10.772528007793476
 20
17.22649780808573
 10
10.744276668290308
 20
17.19142717973697
 10
10.727715538236728
 20
17.1651242084754
 10
10.70920603994155
 20
17.114466634193864
 10
10.70238675109596
 20
17.064783244033123
 10
10.707257671699953
 20
17.014125669751582
 10
10.725767169995128
 20
16.961519727228445
 10
10.757915245981492
 20
16.903068679980517
 10
10.806624452021435
 20
16.837798343886995
 10
10.870920603994156
 20
16.762786166585485
 10
10.953726254262056
 20
16.67608377983439
 10
11.006332196785195
 20
16.621529469069653
 10
11.041402825133952
 20
16.580613735996103
 10
11.05991232342913
 20
16.554310764734534
 10
11.060886507549927
 20
16.541646371164152
 10
11.04335119337555
 20
16.541646371164152
 10
11.006332196785195
 20
16.554310764734534
 10
10.95080370189966
 20
16.579639551875307
 10
10.87579152459815
 20
16.61665854846566
 10
10.716025328787142
 20
16.699464198733562
 10
10.570871894788116
 20
16.779347296639067
 10
10.440331222601072
 20
16.855333658061376
 10
10.328300048709206
 20
16.92547491475889
 10
10.236726741354119
 20
16.987822698490014
 10
10.1685338528982
 20
17.04140282513395
 10
10.12566975158305
 20
17.0842669264491
 10
10.111056989771068
 20
17.115440818314664
 10
10.123721383341453
 20
17.142717973697028
 10
10.160740379931807
 20
17.182659522649782
 10
10.21821724305894
 20
17.23429128105212
 10
10.294203604481247
 20
17.295664880662446
 10
10.385776911836338
 20
17.363857769118365
 10
10.490988796882611
 20
17.43692157817828
 10
10.605942523136873
 20
17.512907939600584
 10
10.729663906478326
 20
17.590842669264493
 10
10.757915245981492
 20
17.60837798343887
 10
10.786166585484658
 20
17.624939113492452
 10
10.812469556746226
 20
17.64150024354603
 10
10.837798343886995
 20
17.657087189478812
 10
10.86020457866537
 20
17.671699951290794
 10
10.878714076960547
 20
17.68339016074038
 10
10.894301022893329
 20
17.69313200194837
 10
10.905017048222115
 20
17.700925474914758
 10
10.936190940087679
 20
17.720409157330735
 10
10.991719434973211
 20
17.7525572333171
 10
11.064783244033125
 20
17.794447150511445
 10
11.148563078421823
 20
17.84218217243059
 10
11.239162201656114
 20
17.891865562591327
 10
11.327812956648808
 20
17.941548952752072
 10
11.410618606916708
 20
17.987335606429617
 10
11.480759863614223
 20
18.024354603019972
 10
11.520701412566977
 20
18.045786653677546
 10
11.563565513882123
 20
18.06721870433512
 10
11.612274719922066
 20
18.09254749147589
 10
11.667803214807599
 20
18.120798830979055
 10
11.735021919142719
 20
18.15294690696542
 10
11.813930832927424
 20
18.19191427179737
 10
11.90842669264491
 20
18.238675109595714
 10
12.020457866536777
 20
18.293229420360447
 10
12.048709206039943
 20
18.305893813930833
 10
12.073063809059914
 20
18.31660983925962
  0
LWPOLYLINE
  5
39
330
17
100
AcDbEntity
  8
LOGO
100
AcDbPolyline
 90
152
 70
1
 10
13.064783244033125
 20
19.35703848027277
 10
13.045299561617147
 20
19.336580613735997
 10
13.016074037993182
 20
19.311251826595225
 10
12.978080857282027
 20
19.28202630297126
 10
12.931320019483683
 20
19.2498782269849
 10
12.913784705309306
 20
19.238188017535315
 10
12.895275207014127
 20
19.22552362396493
 10
12.874817340477351
 20
19.211885046273746
 10
12.854359473940574
 20
19.197272284461764
 10
12.834875791524599
 20
19.18265952264978
 10
12.814417924987824
 20
19.169020944958596
 10
12.796882610813446
 20
19.155382367267414
 10
12.780321480759865
 20
19.143692157817828
 10
12.696541646371166
 20
19.085241110569896
 10
12.565026790063325
 20
18.994641987335605
 10
12.40038967364832
 20
18.88261081344374
 10
12.21626887481734
 20
18.75986361422309
 10
12.030199707744766
 20
18.63516804676084
 10
11.854846566000976
 20
18.520214320506575
 10
11.706770579639553
 20
18.423770092547493
 10
11.60155869459328
 20
18.355577204091574
 10
11.577204091573309
 20
18.340964442279592
 10
11.547004383828545
 20
18.321480759863615
 10
11.511933755479786
 20
18.30004870920604
 10
11.473940574768633
 20
18.27569410618607
 10
11.433024841695081
 20
18.2503653190453
 10
11.391134924500733
 20
18.22503653190453
 10
11.349245007306381
 20
18.19873356064296
 10
11.30930345835363
 20
18.17340477350219
 10
11.213833414515346
 20
18.113979542133464
 10
11.116415002435462
 20
18.054554310764736
 10
11.016074037993183
 20
17.994154895275205
 10
10.913784705309306
 20
17.93278129566488
 10
10.80857282026303
 20
17.870433511933758
 10
10.70238675109596
 20
17.80808572820263
 10
10.59230394544569
 20
17.744763760350708
 10
10.481246955674624
 20
17.680467608377985
 10
10.420847540185095
 20
17.647345348270825
 10
10.327325864588408
 20
17.594739405747685
 10
10.211397954213346
 20
17.53141743789576
 10
10.0857282026303
 20
17.462250365319047
 10
9.960058451047248
 20
17.39405747686313
 10
9.848027277155383
 20
17.3326838772528
 10
9.760350706283488
 20
17.284948855333656
 10
9.70871894788115
 20
17.257671699951292
 10
9.674622503653191
 20
17.238188017535315
 10
9.635655138821237
 20
17.214807598636142
 10
9.594739405747687
 20
17.188504627374574
 10
9.553823672674135
 20
17.161227471992206
 10
9.51680467608378
 20
17.13492450073064
 10
9.484656600097418
 20
17.11056989771067
 10
9.460301997077448
 20
17.09011203117389
 10
9.445689235265466
 20
17.07549926936191
 10
9.438869946419873
 20
17.063809059912323
 10
9.43399902581588
 20
17.05211885046274
 10
9.432050657574282
 20
17.04042864101315
 10
9.433024841695081
 20
17.027764247442768
 10
9.435947394057477
 20
17.015099853872382
 10
9.440818314661472
 20
17.003409644422796
 10
9.44958597174866
 20
16.99171943497321
 10
9.460301997077448
 20
16.981003409644423
 10
9.477837311251827
 20
16.96736483195324
 10
9.509985387238187
 20
16.949829517778863
 10
9.553823672674135
 20
16.927423283000486
 10
9.605455431076473
 20
16.902094495859718
 10
9.661958110082807
 20
16.87481734047735
 10
9.722357525572333
 20
16.84851436921578
 10
9.781782756941062
 20
16.822211397954213
 10
9.838285435947395
 20
16.79980516317584
 10
9.982464685825622
 20
16.738431563565516
 10
10.146127618119825
 20
16.662445202143207
 10
10.31855820750122
 20
16.577691183633707
 10
10.48514369215782
 20
16.49001461276181
 10
10.636142230881639
 20
16.40720896249391
 10
10.75888943010229
 20
16.334145153434
 10
10.840720896249394
 20
16.278616658548465
 10
10.870920603994156
 20
16.246468582562105
 10
10.864101315148563
 20
16.24257184607891
 10
10.844617632732588
 20
16.24062347783731
 10
10.814417924987824
 20
16.24062347783731
 10
10.77642474427667
 20
16.24354603019971
 10
10.731612274719923
 20
16.2474427666829
 10
10.68387725280078
 20
16.252313687286897
 10
10.63321967851924
 20
16.259132976132488
 10
10.5835362883585
 20
16.26790063321968
 10
10.467608377983439
 20
16.29030686799805
 10
10.348757915245983
 20
16.31758402338042
 10
10.22601071602533
 20
16.35070628348758
 10
10.097418412079882
 20
16.387725280077934
 10
9.962006819288845
 20
16.431563565513883
 10
9.819775937652215
 20
16.480272771553825
 10
9.670725767169994
 20
16.535801266439357
 10
9.511933755479786
 20
16.597174866049684
 10
9.38334145153434
 20
16.64978080857282
 10
9.23429128105212
 20
16.714076960545544
 10
9.07549926936191
 20
16.784218217243062
 10
8.9176814417925
 20
16.856307842182172
 10
8.772528007793474
 20
16.92450073063809
 10
8.651729176814419
 20
16.98295177788602
 10
8.565026790063321
 20
17.027764247442768
 10
8.52411105698977
 20
17.053093034583537
 10
8.518265952264978
 20
17.060886507549927
 10
8.518265952264978
 20
17.070628348757914
 10
8.527033609352168
 20
17.0823185582075
 10
8.547491475888943
 20
17.097905504140282
 10
8.581587920116903
 20
17.120311738918655
 10
8.632245494398441
 20
17.15051144666342
 10
8.702386751095958
 20
17.19045299561617
 10
8.794934242571847
 20
17.24208475401851
 10
8.904042864101315
 20
17.302484169508038
 10
9.006332196785193
 20
17.35996103263517
 10
9.10862152946907
 20
17.415489527520702
 10
9.214807598636142
 20
17.473940574768633
 10
9.3326838772528
 20
17.537262542620557
 10
9.46614710180224
 20
17.60837798343887
 10
9.622990745250853
 20
17.692157817827567
 10
9.809059912323429
 20
17.79152459814905
 10
10.075012177301511
 20
17.930832927423282
 10
10.387725280077937
 20
18.09059912323429
 10
10.729663906478326
 20
18.264003896736483
 10
11.0842669264491
 20
18.44227959084267
 10
11.43399902581588
 20
18.61568436434486
 10
11.761324890404289
 20
18.775450560155868
 10
12.048709206039943
 20
18.913784705309304
 10
12.278616658548467
 20
19.021919142717973
 10
12.339016074037994
 20
19.04919629810034
 10
12.404286410131517
 20
19.079396005845105
 10
12.471505114466634
 20
19.10959571358987
 10
12.538723818801754
 20
19.140769605455432
 10
12.605942523136873
 20
19.171943497320996
 10
12.668290306867998
 20
19.20019483682416
 10
12.72576716999513
 20
19.22649780808573
 10
12.775450560155871
 20
19.2498782269849
 10
12.785192401363858
 20
19.253774963468096
 10
12.797856794934244
 20
19.259620068192888
 10
12.813443740867026
 20
19.26741354115928
 10
12.830004870920604
 20
19.27520701412567
 10
12.848514369215783
 20
19.28397467121286
 10
12.86799805163176
 20
19.29274232830005
 10
12.887481734047736
 20
19.301509985387238
 10
12.906965416463713
 20
19.31027764247443
 10
12.92644909887969
 20
19.320019483682415
 10
12.944958597174868
 20
19.327812956648806
 10
12.962493911349247
 20
19.336580613735997
 10
12.979055041402827
 20
19.344374086702388
 10
12.994641987335607
 20
19.35119337554798
 10
13.007306380905991
 20
19.35703848027277
 10
13.01704822211398
 20
19.361909400876765
 10
13.023867510959573
 20
19.36483195323916
 10
13.053093034583537
 20
19.37554797856795
 10
13.069654164637118
 20
19.377496346809547
 10
13.073550901120312
 20
19.370677057963956
  0
LWPOLYLINE
  5
3A
330
17
100
AcDbEntity
  8
LOGO
100
AcDbPolyline
 90
416
 70
1
 10
13.288845591816855
 20
19.939600584510476
 10
13.292742328300049
 20
19.938626400389673
 10
13.294690696541647
 20
19.936678032148077
 10
13.295664880662446
 20
19.933755479785678
 10
13.294690696541647
 20
19.929858743302486
 10
13.284948855333658
 20
19.9201169020945
 10
13.25962006819289
 20
19.903555772040914
 10
13.21675596687774
 20
19.88017535314174
 10
13.157330735509012
 20
19.84997564539698
 10
13.080370189965905
 20
19.811982464685823
 10
12.98490014612762
 20
19.76716999512908
 10
12.869946419873358
 20
19.713589868485144
 10
12.736483195323917
 20
19.65221626887482
 10
12.68387725280078
 20
19.627861665854848
 10
12.636142230881639
 20
19.605455431076475
 10
12.588407208962495
 20
19.5830491962981
 10
12.536775450560157
 20
19.55869459327813
 10
12.477350219191429
 20
19.530443253774965
 10
12.406234778373113
 20
19.496346809547006
 10
12.319532391622019
 20
19.453482708231856
 10
12.212372138334146
 20
19.401850949829516
 10
12.169508037018998
 20
19.381393083292743
 10
12.129566488066246
 20
19.361909400876765
 10
12.09254749147589
 20
19.344374086702388
 10
12.061373599610327
 20
19.328787140769606
 10
12.034096444227961
 20
19.31612274719922
 10
12.013638577691184
 20
19.306380905991233
 10
12.0009741841208
 20
19.30053580126644
 10
11.995129079396008
 20
19.298587433024842
 10
11.991232342912811
 20
19.296639064783243
 10
11.980516317584025
 20
19.29176814417925
 10
11.963955187530445
 20
19.284948855333656
 10
11.94252313687287
 20
19.27423283000487
 10
11.917194349732101
 20
19.262542620555283
 10
11.887968826108136
 20
19.2489040428641
 10
11.856794934242574
 20
19.23331709693132
 10
11.822698490014615
 20
19.216755966877738
 10
11.630784218217244
 20
19.12323429128105
 10
11.477837311251827
 20
19.04919629810034
 10
11.35996103263517
 20
18.99171943497321
 10
11.273258645884074
 20
18.94885533365806
 10
11.211885046273746
 20
18.919629810034095
 10
11.172917681441794
 20
18.902094495859718
 10
11.152459814905018
 20
18.892352654651727
 10
11.144666341938626
 20
18.88943010228933
 10
11.127131027764248
 20
18.881636629322944
 10
11.079396005845107
 20
18.85825621042377
 10
11.004383828543597
 20
18.820263029712617
 10
10.905017048222115
 20
18.771553823672676
 10
10.78519240136386
 20
18.712128592303944
 10
10.647832440331223
 20
18.643935703848026
 10
10.496833901607404
 20
18.568923526546516
 10
10.335119337554799
 20
18.488066244520216
 10
10.088650754992695
 20
18.36531904529956
 10
9.886020457866538
 20
18.264003896736483
 10
9.719434973209935
 20
18.180224062347783
 10
9.580126643935703
 20
18.10910862152947
 10
9.459327812956648
 20
18.04773502191914
 10
9.349245007306381
 20
17.990258158792013
 10
9.239162201656113
 20
17.93278129566488
 10
9.122260107160253
 20
17.871407696054554
 10
9.100828056502678
 20
17.859717486604968
 10
9.07549926936191
 20
17.847053093034585
 10
9.049196298100341
 20
17.8334145153434
 10
9.021919142717975
 20
17.818801753531417
 10
8.994641987335607
 20
17.804188991719435
 10
8.967364831953239
 20
17.789576229907453
 10
8.94106186069167
 20
17.77593765221627
 10
8.9176814417925
 20
17.764247442766685
 10
8.860204578665368
 20
17.73307355090112
 10
8.791037506088651
 20
17.697028738431563
 10
8.71699951290794
 20
17.657087189478812
 10
8.64198733560643
 20
17.61617145640526
 10
8.569897710667316
 20
17.57622990745251
 10
8.506575742815391
 20
17.54115927910375
 10
8.454943984413054
 20
17.512907939600584
 10
8.420847540185095
 20
17.493424257184607
 10
8.40818314661471
 20
17.48563078421822
 10
8.389673648319532
 20
17.47491475888943
 10
8.36629322942036
 20
17.461276181198247
 10
8.339016074037993
 20
17.445689235265466
 10
8.309790550414029
 20
17.428153921091088
 10
8.277642474427667
 20
17.410618606916707
 10
8.244520214320506
 20
17.391134924500733
 10
8.211397954213346
 20
17.372625426205552
 10
8.103263516804676
 20
17.30930345835363
 10
8.006819288845591
 20
17.2489040428641
 10
7.920116902094496
 20
17.19240136385777
 10
7.845104724792986
 20
17.139795421334632
 10
7.7827569410618604
 20
17.09108621529469
 10
7.73307355090112
 20
17.04822211397954
 10
7.697028738431564
 20
17.010228933268387
 10
7.6746225036531905
 20
16.978080857282027
 10
7.665854846566001
 20
16.95957135898685
 10
7.660009741841208
 20
16.943010228933268
 10
7.658061373599611
 20
16.927423283000486
 10
7.658061373599611
 20
16.911836337067705
 10
7.662932294203605
 20
16.895275207014127
 10
7.669751583049196
 20
16.877739892839745
 10
7.681441792498783
 20
16.85825621042377
 10
7.696054554310765
 20
16.8348757915246
 10
7.7457379444715055
 20
16.776424744276667
 10
7.8178275694106185
 20
16.71699951290794
 10
7.913297613248904
 20
16.656600097418412
 10
8.030199707744764
 20
16.595226497808085
 10
8.169508037018996
 20
16.53287871407696
 10
8.331222601071602
 20
16.470530930345838
 10
8.513395031660984
 20
16.40623477837311
 10
8.717973697028738
 20
16.34193862640039
 10
8.744276668290308
 20
16.334145153434
 10
8.770579639551874
 20
16.32537749634681
 10
8.79883097905504
 20
16.31758402338042
 10
8.82513395031661
 20
16.30979055041403
 10
8.851436921578179
 20
16.301997077447638
 10
8.87481734047735
 20
16.294203604481247
 10
8.895275207014127
 20
16.288358499756455
 10
8.912810521188504
 20
16.28348757915246
 10
8.932294203604481
 20
16.27764247442767
 10
8.960545543107648
 20
16.269849001461274
 10
8.995616171456405
 20
16.260107160253288
 10
9.035557720409157
 20
16.250365319045297
 10
9.081344374086703
 20
16.238675109595714
 10
9.129079396005846
 20
16.22601071602533
 10
9.178762786166585
 20
16.214320506575746
 10
9.229420360448124
 20
16.201656113005356
 10
9.279103750608865
 20
16.188991719434974
 10
9.326838772528008
 20
16.177301509985387
 10
9.371651242084752
 20
16.1665854846566
 10
9.411592791037506
 20
16.156843643448614
 10
9.446663419386264
 20
16.148075986361423
 10
9.474914758889431
 20
16.141256697515832
 10
9.495372625426205
 20
16.135411592791037
 10
9.507062834875791
 20
16.13248904042864
 10
9.51680467608378
 20
16.130540672187042
 10
9.531417437895762
 20
16.12664393570385
 10
9.549926936190941
 20
16.122747199220655
 10
9.572333170969314
 20
16.11787627861666
 10
9.597661958110082
 20
16.112031173891868
 10
9.624939113492449
 20
16.106186069167073
 10
9.653190452995617
 20
16.09936678032148
 10
9.68241597661958
 20
16.093521675596687
 10
9.711641500243546
 20
16.087676570871896
 10
9.739892839746712
 20
16.080857282026304
 10
9.76716999512908
 20
16.07501217730151
 10
9.792498782269849
 20
16.069167072576718
 10
9.814905017048222
 20
16.064296151972723
 10
9.8334145153434
 20
16.060399415489528
 10
9.848027277155383
 20
16.056502679006332
 10
9.85776911836337
 20
16.054554310764736
 10
9.867510959571359
 20
16.05163175840234
 10
9.88407208962494
 20
16.04870920603994
 10
9.904529956161713
 20
16.04383828543595
 10
9.928884559181684
 20
16.038967364831954
 10
9.957135898684852
 20
16.03312226010716
 10
9.987335606429616
 20
16.027277155382368
 10
10.019483682415977
 20
16.021432050657573
 10
10.052605942523138
 20
16.014612761811982
 10
10.086702386751098
 20
16.00876765708719
 10
10.122747199220655
 20
16.001948368241596
 10
10.157817827569412
 20
15.995129079396007
 10
10.19288845591817
 20
15.988309790550415
 10
10.22698490014613
 20
15.98246468582562
 10
10.257184607890892
 20
15.97661958110083
 10
10.28446176327326
 20
15.970774476376036
 10
10.305893813930833
 20
15.96687773989284
 10
10.346809547004385
 20
15.95908426692645
 10
10.400389673648322
 20
15.949342425718461
 10
10.462737457379445
 20
15.939600584510472
 10
10.528981977593768
 20
15.927910375060886
 10
10.595226497808087
 20
15.9181685338529
 10
10.657574281539212
 20
15.90842669264491
 10
10.712128592303946
 20
15.89965903555772
 10
10.754018509498296
 20
15.893813930832927
 10
10.788114953726256
 20
15.888943010228934
 10
10.810521188504628
 20
15.88212372138334
 10
10.821237213833417
 20
15.87530443253775
 10
10.821237213833417
 20
15.86653677545056
 10
10.80954700438383
 20
15.858743302484172
 10
10.787140769605458
 20
15.849975645396981
 10
10.754018509498296
 20
15.840233804188992
 10
10.70920603994155
 20
15.831466147101802
 10
10.489040428641013
 20
15.795421334632247
 10
10.254262055528496
 20
15.770092547491476
 10
10.00876765708719
 20
15.755479785679492
 10
9.75840233804189
 20
15.750608865075499
 10
9.508037018996589
 20
15.755479785679492
 10
9.263516804676083
 20
15.770092547491476
 10
9.028738431563566
 20
15.795421334632247
 10
8.810521188504627
 20
15.830491962981004
 10
8.694593278129567
 20
15.852898197759377
 10
8.598149050170482
 20
15.872381880175354
 10
8.51729176814418
 20
15.887968826108136
 10
8.448124695567461
 20
15.902581587920118
 10
8.387725280077936
 20
15.915245981490502
 10
8.3331709693132
 20
15.927910375060886
 10
8.280565026790063
 20
15.939600584510472
 10
8.226010716025328
 20
15.953239162201655
 10
8.189965903555771
 20
15.962006819288845
 10
8.153921091086215
 20
15.970774476376036
 10
8.119824646858257
 20
15.979542133463225
 10
8.087676570871894
 20
15.987335606429614
 10
8.05845104724793
 20
15.995129079396007
 10
8.03409644422796
 20
16.001948368241596
 10
8.014612761811982
 20
16.00681928884559
 10
8.000974184120798
 20
16.010716025328787
 10
7.988309790550415
 20
16.014612761811982
 10
7.971748660496834
 20
16.019483682415977
 10
7.951290793960058
 20
16.024354603019972
 10
7.927910375060886
 20
16.031173891865564
 10
7.902581587920117
 20
16.037018996590355
 10
7.8753044325377495
 20
16.044812469556746
 10
7.848027277155382
 20
16.05163175840234
 10
7.820750121773015
 20
16.05845104724793
 10
7.793472966390648
 20
16.065270336093523
 10
7.764247442766683
 20
16.073063809059914
 10
7.735021919142718
 20
16.080857282026304
 10
7.706770579639552
 20
16.087676570871896
 10
7.680467608377984
 20
16.095470043838287
 10
7.656113005358012
 20
16.102289332683878
 10
7.634680954700438
 20
16.10813443740867
 10
7.61714564052606
 20
16.113005358012664
 10
7.601558694593278
 20
16.11690209449586
 10
7.5830491962981
 20
16.122747199220655
 10
7.564539698002923
 20
16.127618119824646
 10
7.545056015586946
 20
16.133463224549438
 10
7.526546517291768
 20
16.138334145153433
 10
7.50803701899659
 20
16.144179249878228
 10
7.49147588894301
 20
16.149050170482223
 10
7.475888943010228
 20
16.152946906965415
 10
7.459327812956649
 20
16.15781782756941
 10
7.4398441305406715
 20
16.163662932294205
 10
7.4164637116415
 20
16.169508037018996
 10
7.390160740379932
 20
16.176327325864587
 10
7.363857769118363
 20
16.18412079883098
 10
7.335606429615197
 20
16.19094008767657
 10
7.30832927423283
 20
16.19873356064296
 10
7.281052118850463
 20
16.205552849488555
 10
7.2537749634680955
 20
16.212372138334146
 10
7.223575255723332
 20
16.220165611300537
 10
7.192401363857769
 20
16.227959084266928
 10
7.160253287871408
 20
16.236726741354115
 10
7.129079396005845
 20
16.245494398441306
 10
7.098879688261081
 20
16.253287871407696
 10
7.071602532878714
 20
16.261081344374087
 10
7.047247929858743
 20
16.26790063321968
 10
6.732586458840721
 20
16.347783731125183
 10
6.416950803701899
 20
16.412079883097906
 10
6.104237700925475
 20
16.461763273258647
 10
5.7963955187530445
 20
16.494885533365807
 10
5.4973209936678025
 20
16.511446663419388
 10
5.209936678032148
 20
16.512420847540184
 10
4.938139308329274
 20
16.495859717486606
 10
4.684851436921578
 20
16.462737457379447
 10
4.6604968339016075
 20
16.45786653677545
 10
4.63321967851924
 20
16.453969800292256
 10
4.603994154895275
 20
16.44909887968826
 10
4.573794447150512
 20
16.44325377496347
 10
4.544568923526547
 20
16.438382854359475
 10
4.516317584023381
 20
16.43351193375548
 10
4.489040428641013
 20
16.429615197272284
 10
4.465660009741841
 20
16.424744276668292
 10
4.442279590842669
 20
16.420847540185093
 10
4.415002435460301
 20
16.4159766195811
 10
4.385776911836336
 20
16.410131514856307
 10
4.356551388212371
 20
16.403312226010716
 10
4.326351680467608
 20
16.396492937165124
 10
4.297126156843643
 20
16.389673648319533
 10
4.2688748173404765
 20
16.38382854359474
 10
4.244520214320506
 20
16.377009254749147
 10
4.200681928884559
 20
16.365319045299564
 10
4.1665854846566
 20
16.35752557233317
 10
4.1393083292742325
 20
16.35168046760838
 10
4.119824646858256
 20
16.348757915245983
 10
4.105211885046273
 20
16.347783731125183
 10
4.0964442279590845
 20
16.34973209936678
 10
4.09157330735509
 20
16.353628835849975
 10
4.090599123234291
 20
16.36044812469557
 10
4.138334145153434
 20
16.39357038480273
 10
4.265952264978081
 20
16.465660009741843
 10
4.4539698002922545
 20
16.565026790063325
 10
4.678032148075986
 20
16.681928884559184
 10
4.919629810034096
 20
16.803701899659035
 10
5.154408183146615
 20
16.919629810034095
 10
5.362883584997564
 20
17.019970774476377
 10
5.522649780808573
 20
17.09206039941549
 10
5.540185094982951
 20
17.09985387238188
 10
5.561617145640526
 20
17.10959571358987
 10
5.585971748660497
 20
17.120311738918655
 10
5.613248904042863
 20
17.13200194836824
 10
5.64150024354603
 20
17.145640526059424
 10
5.670725767169995
 20
17.15830491962981
 10
5.698977106673161
 20
17.171943497320996
 10
5.727228446176327
 20
17.184607890891378
 10
5.834388699464198
 20
17.23331709693132
 10
5.969800292255236
 20
17.293716512420847
 10
6.12469556746225
 20
17.361909400876765
 10
6.290306867998051
 20
17.43399902581588
 10
6.455918168533852
 20
17.505114466634193
 10
6.613735996103263
 20
17.572333170969312
 10
6.753044325377496
 20
17.631758402338043
 10
6.865075499269361
 20
17.677545056015585
 10
6.882610813443741
 20
17.68533852898198
 10
6.902094495859718
 20
17.69313200194837
 10
6.924500730638091
 20
17.701899659035558
 10
6.945932781295665
 20
17.711641500243545
 10
6.969313200194836
 20
17.720409157330735
 10
6.990745250852411
 20
17.729176814417926
 10
7.0112031173891864
 20
17.737944471505113
 10
7.030686799805163
 20
17.745737944471504
 10
7.048222113979542
 20
17.7525572333171
 10
7.064783244033122
 20
17.760350706283486
 10
7.0823185582075014
 20
17.76619581100828
 10
7.097905504140283
 20
17.773015099853872
 10
7.111544081831466
 20
17.777886020457867
 10
7.123234291281052
 20
17.782756941061862
 10
7.1329761324890395
 20
17.786653677545054
 10
7.139795421334632
 20
17.788602045786654
 10
7.146614710180224
 20
17.79152459814905
 10
7.157330735509011
 20
17.795421334632245
 10
7.171943497320993
 20
17.80126643935704
 10
7.188504627374574
 20
17.80808572820263
 10
7.207014125669751
 20
17.814905017048222
 10
7.227471992206527
 20
17.823672674135413
 10
7.248904042864102
 20
17.8324403312226
 10
7.271310277642474
 20
17.84218217243059
 10
7.335606429615197
 20
17.86848514369216
 10
7.4252313687286895
 20
17.905504140282513
 10
7.533365806137359
 20
17.948368241597663
 10
7.651242084754019
 20
17.995129079396005
 10
7.772040915733073
 20
18.042864101315146
 10
7.886994641987336
 20
18.087676570871896
 10
7.989283974671213
 20
18.127618119824646
 10
8.070141256697516
 20
18.15879201169021
 10
8.10034096444228
 20
18.170482221139796
 10
8.144179249878228
 20
18.187043351193378
 10
8.196785192401364
 20
18.20750121773015
 10
8.255236239649294
 20
18.229907452508524
 10
8.314661471018022
 20
18.252313687286897
 10
8.369215781782758
 20
18.27374573794447
 10
8.4159766195811
 20
18.29128105211885
 10
8.450073063809059
 20
18.303945445689237
 10
8.526059425231368
 20
18.3331709693132
 10
8.620555284948855
 20
18.369215781782756
 10
8.725767169995128
 20
18.40818314661471
 10
8.8339016074038
 20
18.44909887968826
 10
8.937165124208475
 20
18.487092060399416
 10
9.029712615684364
 20
18.521188504627375
 10
9.101802240623478
 20
18.547491475888943
 10
9.146614710180224
 20
18.56405260594252
 10
9.164150024354603
 20
18.569897710667316
 10
9.190452995616171
 20
18.579639551875307
 10
9.22454943984413
 20
18.591329761324893
 10
9.264490988796881
 20
18.605942523136875
 10
9.309303458353629
 20
18.621529469069653
 10
9.35703848027277
 20
18.639064783244034
 10
9.406721870433513
 20
18.656600097418412
 10
9.45835362883585
 20
18.67510959571359
 10
9.509985387238187
 20
18.69361909400877
 10
9.562591329761325
 20
18.712128592303944
 10
9.613248904042864
 20
18.730638090599125
 10
9.660983925962006
 20
18.748173404773503
 10
9.704822211397953
 20
18.76376035070628
 10
9.743789576229908
 20
18.777398928397467
 10
9.775937652216268
 20
18.789089137847053
 10
9.79931807111544
 20
18.796882610813444
 10
9.821724305893813
 20
18.804676083779835
 10
9.851924013638579
 20
18.815392109108622
 10
9.886994641987336
 20
18.828056502679008
 10
9.925962006819288
 20
18.84169508037019
 10
9.968826108134438
 20
18.856307842182172
 10
10.012664393570386
 20
18.872868972235754
 10
10.057476863127132
 20
18.888455918168535
 10
10.10131514856308
 20
18.904042864101317
 10
10.14417924987823
 20
18.919629810034095
 10
10.186069167072578
 20
18.934242571846077
 10
10.22698490014613
 20
18.947881149537263
 10
10.264003896736485
 20
18.960545543107646
 10
10.296151972722846
 20
18.972235752557232
 10
10.324403312226012
 20
18.981977593765222
 10
10.345835362883586
 20
18.988796882610814
 10
10.35947394057477
 20
18.99366780321481
 10
10.372138334145154
 20
18.997564539698
 10
10.387725280077937
 20
19.002435460301996
 10
10.407208962493913
 20
19.00925474914759
 10
10.429615197272286
 20
19.01607403799318
 10
10.452995616171457
 20
19.024841695080372
 10
10.477350219191427
 20
19.03360935216756
 10
10.502679006332198
 20
19.04237700925475
 10
10.528007793472968
 20
19.051144666341937
 10
10.674135411592792
 20
19.101802240623478
 10
10.90209449585972
 20
19.178762786166587
 10
11.187530443253776
 20
19.27423283000487
 10
11.505114466634193
 20
19.379444715051143
 10
11.831466147101802
 20
19.487579152459816
 10
12.139308329274234
 20
19.587920116902094
 10
12.405260594252315
 20
19.673648319532393
 10
12.604968339016075
 20
19.736970287384317
 10
12.63419386264004
 20
19.746712128592304
 10
12.665367754505603
 20
19.756453969800294
 10
12.698490014612762
 20
19.76619581100828
 10
12.732586458840721
 20
19.776911836337067
 10
12.765708718947883
 20
19.787627861665854
 10
12.797856794934244
 20
19.79736970287384
 10
12.827082318558208
 20
19.80711154408183
 10
12.853385289819776
 20
19.814905017048222
 10
12.935216755966879
 20
19.84120798830979
 10
13.00925474914759
 20
19.864588407208963
 10
13.073550901120312
 20
19.88407208962494
 10
13.128105211885048
 20
19.90063321967852
 10
13.172917681441794
 20
19.9142717973697
 10
13.20896249391135
 20
19.92498782269849
 10
13.233317096931321
 20
19.93180711154408
 10
13.247929858743303
 20
19.93472966390648
 10
13.262542620555285
 20
19.937652216268873
 10
13.274232830004873
 20
19.938626400389673
 10
13.28300048709206
 20
19.939600584510476
  0
ENDSEC
  0
SECTION
  2
OBJECTS
  0
DICTIONARY
  5
A
330
0
100
AcDbDictionary
281
1
  3
ACAD_COLOR
350
B
  3
ACAD_GROUP
350
C
  3
ACAD_LAYOUT
350
D
  3
ACAD_MATERIAL
350
E
  3
ACAD_MLEADERSTYLE
350
F
  3
ACAD_MLINESTYLE
350
10
  3
ACAD_PLOTSETTINGS
350
11
  3
ACAD_PLOTSTYLENAME
350
12
  3
ACAD_SCALELIST
350
14
  3
ACAD_TABLESTYLE
350
15
  3
ACAD_VISUALSTYLE
350
16
  3
EZDXF_META
350
2D
  0
DICTIONARY
  5
B
330
A
100
AcDbDictionary
281
1
  0
DICTIONARY
  5
C
330
A
100
AcDbDictionary
281
1
  0
DICTIONARY
  5
D
330
A
100
AcDbDictionary
281
1
  3
Model
350
1A
  3
Layout1
350
1E
  0
DICTIONARY
  5
E
330
A
100
AcDbDictionary
281
1
  3
ByBlock
350
1F
  3
ByLayer
350
20
  3
Global
350
21
  0
DICTIONARY
  5
F
330
A
100
AcDbDictionary
281
1
  3
Standard
350
2C
  0
DICTIONARY
  5
10
330
A
100
AcDbDictionary
281
1
  3
Standard
350
22
  0
DICTIONARY
  5
11
330
A
100
AcDbDictionary
281
1
  0
ACDBDICTIONARYWDFLT
  5
12
330
A
100
AcDbDictionary
281
1
  3
Normal
350
13
100
AcDbDictionaryWithDefault
340
13
  0
ACDBPLACEHOLDER
  5
13
330
12
  0
DICTIONARY
  5
14
330
A
100
AcDbDictionary
281
1
  0
DICTIONARY
  5
15
330
A
100
AcDbDictionary
281
1
  0
DICTIONARY
  5
16
330
A
100
AcDbDictionary
281
1
  0
LAYOUT
  5
1A
330
D
100
AcDbPlotSettings
  1

  4
A3
  6

 40
7.5
 41
20.0
 42
7.5
 43
20.0
 44
420.0
 45
297.0
 46
0.0
 47
0.0
 48
0.0
 49
0.0
140
0.0
141
0.0
142
1.0
143
1.0
 70
1024
 72
1
 73
0
 74
5
  7

 75
16
 76
0
 77
2
 78
300
147
1.0
148
0.0
149
0.0
100
AcDbLayout
  1
Model
 70
1
 71
0
 10
0.0
 20
0.0
 11
420.0
 21
297.0
 12
0.0
 22
0.0
 32
0.0
 14
1e+20
 24
1e+20
 34
1e+20
 15
-1e+20
 25
-1e+20
 35
-1e+20
146
0.0
 13
0.0
 23
0.0
 33
0.0
 16
1.0
 26
0.0
 36
0.0
 17
0.0
 27
1.0
 37
0.0
 76
1
330
17
  0
LAYOUT
  5
1E
330
D
100
AcDbPlotSettings
  1

  4
A3
  6

 40
7.5
 41
20.0
 42
7.5
 43
20.0
 44
420.0
 45
297.0
 46
0.0
 47
0.0
 48
0.0
 49
0.0
140
0.0
141
0.0
142
1.0
143
1.0
 70
0
 72
1
 73
0
 74
5
  7

 75
16
 76
0
 77
2
 78
300
147
1.0
148
0.0
149
0.0
100
AcDbLayout
  1
Layout1
 70
1
 71
1
 10
0.0
 20
0.0
 11
420.0
 21
297.0
 12
0.0
 22
0.0
 32
0.0
 14
1e+20
 24
1e+20
 34
1e+20
 15
-1e+20
 25
-1e+20
 35
-1e+20
146
0.0
 13
0.0
 23
0.0
 33
0.0
 16
1.0
 26
0.0
 36
0.0
 17
0.0
 27
1.0
 37
0.0
 76
1
330
1B
  0
MATERIAL
  5
1F
102
{ACAD_REACTORS
330
E
102
}
330
E
100
AcDbMaterial
  1
ByBlock
  2

 70
0
 40
1.0
 71
1
 41
1.0
 91
-1023410177
 42
1.0
 72
1
  3

 73
1
 74
1
 75
1
 44
0.5
 73
0
 45
1.0
 46
1.0
 77
1
  4

 78
1
 79
1
170
1
 48
1.0
171
1
  6

172
1
173
1
174
1
140
1.0
141
1.0
175
1
  7

176
1
177
1
178
1
143
1.0
179
1
  8

270
1
271
1
272
1
145
1.0
146
1.0
273
1
  9

274
1
275
1
276
1
 42
1.0
 72
1
  3

 73
1
 74
1
 75
1
 94
63
  0
MATERIAL
  5
20
102
{ACAD_REACTORS
330
E
102
}
330
E
100
AcDbMaterial
  1
ByLayer
  2

 70
0
 40
1.0
 71
1
 41
1.0
 91
-1023410177
 42
1.0
 72
1
  3

 73
1
 74
1
 75
1
 44
0.5
 73
0
 45
1.0
 46
1.0
 77
1
  4

 78
1
 79
1
170
1
 48
1.0
171
1
  6

172
1
173
1
174
1
140
1.0
141
1.0
175
1
  7

176
1
177
1
178
1
143
1.0
179
1
  8

270
1
271
1
272
1
145
1.0
146
1.0
273
1
  9

274
1
275
1
276
1
 42
1.0
 72
1
  3

 73
1
 74
1
 75
1
 94
63
  0
MATERIAL
  5
21
102
{ACAD_REACTORS
330
E
102
}
330
E
100
AcDbMaterial
  1
Global
  2

 70
0
 40
1.0
 71
1
 41
1.0
 91
-1023410177
 42
1.0
 72
1
  3

 73
1
 74
1
 75
1
 44
0.5
 73
0
 45
1.0
 46
1.0
 77
1
  4

 78
1
 79
1
170
1
 48
1.0
171
1
  6

172
1
173
1
174
1
140
1.0
141
1.0
175
1
  7

176
1
177
1
178
1
143
1.0
179
1
  8

270
1
271
1
272
1
145
1.0
146
1.0
273
1
  9

274
1
275
1
276
1
 42
1.0
 72
1
  3

 73
1
 74
1
 75
1
 94
63
  0
MLINESTYLE
  5
22
102
{ACAD_REACTORS
330
10
102
}
330
10
100
AcDbMlineStyle
  2
Standard
 70
0
  3

 62
256
 51
90.0
 52
90.0
 71
2
 49
0.5
 62
256
  6
BYLAYER
 49
-0.5
 62
256
  6
BYLAYER
  0
MLEADERSTYLE
  5
2C
102
{ACAD_REACTORS
330
F
102
}
330
F
100
AcDbMLeaderStyle
179
2
170
2
171
1
172
0
 90
2
 40
0.0
 41
0.0
173
1
 91
-1056964608
 92
-2
290
1
 42
2.0
291
1
 43
8.0
  3
Standard
 44
4.0
300

342
29
174
1
175
1
176
0
178
1
 93
-1056964608
 45
4.0
292
0
297
0
 46
4.0
 94
-1056964608
 47
1.0
 49
1.0
140
1.0
294
1
141
0.0
177
0
142
1.0
295
0
296
0
143
3.75
271
0
272
9
273
9
  0
DICTIONARY
  5
2D
330
A
100
AcDbDictionary
280
1
281
1
  3
CREATED_BY_EZDXF
350
2E
  3
WRITTEN_BY_EZDXF
350
3D
  0
DICTIONARYVAR
  5
2E
330
2D
100
DictionaryVariables
280
0
  1
1.4.4 @ 2026-10-04T06:27:32.968287+00:00
  0
DICTIONARYVAR
  5
3D
330
2D
100
DictionaryVariables
280
0
  1
1.4.4 @ 2026-10-04T06:27:32.995423+00:00
  0
ENDSEC
  0
EOF
