  0
SECTION
  2
HEADER
  9
$ACADVER
  1
AC1015
  9
$ACADMAINTVER
 70
6
  9
$DWGCODEPAGE
  3
ANSI_1252
  9
$INSBASE
 10
0.0
 20
0.0
 30
0.0
  9
$EXTMIN
 10
1e+20
 20
1e+20
 30
1e+20
  9
$EXTMAX
 10
-1e+20
 20
-1e+20
 30
-1e+20
  9
$LIMMIN
 10
0.0
 20
0.0
  9
$LIMMAX
 10
420.0
 20
297.0
  9
$ORTHOMODE
 70
0
  9
$REGENMODE
 70
1
  9
$FILLMODE
 70
1
  9
$QTEXTMODE
 70
0
  9
$MIRRTEXT
 70
1
  9
$LTSCALE
 40
1.0
  9
$ATTMODE
 70
1
  9
$TEXTSIZE
 40
2.5
  9
$TRACEWID
 40
1.0
  9
$TEXTSTYLE
  7
OpenSans
  9
$CLAYER
  8
0
  9
$CELTYPE
  6
ByLayer
  9
$CECOLOR
 62
256
  9
$CELTSCALE
 40
1.0
  9
$DISPSILH
 70
0
  9
$DIMSCALE
 40
1.0
  9
$DIMASZ
 40
0.175
  9
$DIMEXO
 40
0.125
  9
$DIMDLI
 40
3.75
  9
$DIMRND
 40
0.0
  9
$DIMDLE
 40
0.0
  9
$DIMEXE
 40
0.375
  9
$DIMTP
 40
0.0
  9
$DIMTM
 40
0.0
  9
$DIMTXT
 40
0.25
  9
$DIMCEN
 40
2.5
  9
$DIMTSZ
 40
0.0
  9
$DIMTOL
 70
0
  9
$DIMLIM
 70
0
  9
$DIMTIH
 70
0
  9
$DIMTOH
 70
0
  9
$DIMSE1
 70
0
  9
$DIMSE2
 70
0
  9
$DIMTAD
 70
1
  9
$DIMZIN
 70
12
  9
$DIMBLK
  1
ARCHTICK
  9
$DIMASO
 70
1
  9
$DIMSHO
 70
1
  9
$DIMPOST
  1

  9
$DIMAPOST
  1

  9
$DIMALT
 70
0
  9
$DIMALTD
 70
3
  9
$DIMALTF
 40
0.03937007874
  9
$DIMLFAC
 40
100.0
  9
$DIMTOFL
 70
1
  9
$DIMTVP
 40
0.0
  9
$DIMTIX
 70
0
  9
$DIMSOXD
 70
0
  9
$DIMSAH
 70
0
  9
$DIMBLK1
  1

  9
$DIMBLK2
  1

  9
$DIMSTYLE
  2
EZDXF
  9
$DIMCLRD
 70
0
  9
$DIMCLRE
 70
0
  9
$DIMCLRT
 70
0
  9
$DIMTFAC
 40
0.5
  9
$DIMGAP
 40
0.1
  9
$DIMJUST
 70
0
  9
$DIMSD1
 70
0
  9
$DIMSD2
 70
0
  9
$DIMTOLJ
 70
0
  9
$DIMTZIN
 70
8
  9
$DIMALTZ
 70
0
  9
$DIMALTTZ
 70
0
  9
$DIMUPT
 70
1
  9
$DIMDEC
 70
2
  9
$DIMTDEC
 70
2
  9
$DIMALTU
 70
2
  9
$DIMALTTD
 70
3
  9
$DIMTXSTY
  7
OpenSansCondensed-Light
  9
$DIMAUNIT
 70
0
  9
$DIMADEC
 70
2
  9
$DIMALTRND
 40
0.0
  9
$DIMAZIN
 70
3
  9
$DIMDSEP
 70
46
  9
$DIMATFIT
 70
3
  9
$DIMFRAC
 70
0
  9
$DIMLDRBLK
  1

  9
$DIMLUNIT
 70
2
  9
$DIMLWD
 70
-2
  9
$DIMLWE
 70
-2
  9
$DIMTMOVE
 70
2
  9
$LUNITS
 70
2
  9
$LUPREC
 70
4
  9
$SKETCHINC
 40
1.0
  9
$FILLETRAD
 40
10.0
  9
$AUNITS
 70
0
  9
$AUPREC
 70
2
  9
$MENU
  1
.
  9
$ELEVATION
 40
0.0
  9
$PELEVATION
 40
0.0
  9
$THICKNESS
 40
0.0
  9
$LIMCHECK
 70
0
  9
$CHAMFERA
 40
0.0
  9
$CHAMFERB
 40
0.0
  9
$CHAMFERC
 40
0.0
  9
$CHAMFERD
 40
0.0
  9
$SKPOLY
 70
0
  9
$TDCREATE
 40
2461313.2889814815
  9
$TDUCREATE
 40
2458532.153996898
  9
$TDUPDATE
 40
2461313.2889814815
  9
$TDUUPDATE
 40
2458532.1544311
  9
$TDINDWG
 40
0.0
  9
$TDUSRTIMER
 40
0.0
  9
$USRTIMER
 70
1
  9
$ANGBASE
 50
0.0
  9
$ANGDIR
 70
0
  9
$PDMODE
 70
0
  9
$PDSIZE
 40
0.0
  9
$PLINEWID
 40
0.0
  9
$SPLFRAME
 70
0
  9
$SPLINETYPE
 70
6
  9
$SPLINESEGS
 70
8
  9
$HANDSEED
  5
140
  9
$SURFTAB1
 70
6
  9
$SURFTAB2
 70
6
  9
$SURFTYPE
 70
6
  9
$SURFU
 70
6
  9
$SURFV
 70
6
  9
$UCSBASE
  2

  9
$UCSNAME
  2

  9
$UCSORG
 10
0.0
 20
0.0
 30
0.0
  9
$UCSXDIR
 10
1.0
 20
0.0
 30
0.0
  9
$UCSYDIR
 10
0.0
 20
1.0
 30
0.0
  9
$UCSORTHOREF
  2

  9
$UCSORTHOVIEW
 70
0
  9
$UCSORGTOP
 10
0.0
 20
0.0
 30
0.0
  9
$UCSORGBOTTOM
 10
0.0
 20
0.0
 30
0.0
  9
$UCSORGLEFT
 10
0.0
 20
0.0
 30
0.0
  9
$UCSORGRIGHT
 10
0.0
 20
0.0
 30
0.0
  9
$UCSORGFRONT
 10
0.0
 20
0.0
 30
0.0
  9
$UCSORGBACK
 10
0.0
 20
0.0
 30
0.0
  9
$PUCSBASE
  2

  9
$PUCSNAME
  2

  9
$PUCSORG
 10
0.0
 20
0.0
 30
0.0
  9
$PUCSXDIR
 10
1.0
 20
0.0
 30
0.0
  9
$PUCSYDIR
 10
0.0
 20
1.0
 30
0.0
  9
$PUCSORTHOREF
  2

  9
$PUCSORTHOVIEW
 70
0
  9
$PUCSORGTOP
 10
0.0
 20
0.0
 30
0.0
  9
$PUCSORGBOTTOM
 10
0.0
 20
0.0
 30
0.0
  9
$PUCSORGLEFT
 10
0.0
 20
0.0
 30
0.0
  9
$PUCSORGRIGHT
 10
0.0
 20
0.0
 30
0.0
  9
$PUCSORGFRONT
 10
0.0
 20
0.0
 30
0.0
  9
$PUCSORGBACK
 10
0.0
 20
0.0
 30
0.0
  9
$USERI1
 70
0
  9
$USERI2
 70
0
  9
$USERI3
 70
0
  9
$USERI4
 70
0
  9
$USERI5
 70
0
  9
$USERR1
 40
0.0
  9
$USERR2
 40
0.0
  9
$USERR3
 40
0.0
  9
$USERR4
 40
0.0
  9
$USERR5
 40
0.0
  9
$WORLDVIEW
 70
1
  9
$SHADEDGE
 70
3
  9
$SHADEDIF
 70
70
  9
$TILEMODE
 70
1
  9
$MAXACTVP
 70
64
  9
$PINSBASE
 10
0.0
 20
0.0
 30
0.0
  9
$PLIMCHECK
 70
0
  9
$PEXTMIN
 10
1e+20
 20
1e+20
 30
1e+20
  9
$PEXTMAX
 10
-1e+20
 20
-1e+20
 30
-1e+20
  9
$PLIMMIN
 10
0.0
 20
0.0
  9
$PLIMMAX
 10
420.0
 20
297.0
  9
$UNITMODE
 70
0
  9
$VISRETAIN
 70
1
  9
$PLINEGEN
 70
0
  9
$PSLTSCALE
 70
1
  9
$TREEDEPTH
 70
3020
  9
$CMLSTYLE
  2
Standard
  9
$CMLJUST
 70
0
  9
$CMLSCALE
 40
20.0
  9
$PROXYGRAPHICS
 70
1
  9
$MEASUREMENT
 70
1
  9
$CELWEIGHT
370
-1
  9
$ENDCAPS
280
0
  9
$JOINSTYLE
280
0
  9
$LWDISPLAY
290
0
  9
$INSUNITS
 70
4
  9
$HYPERLINKBASE
  1

  9
$STYLESHEET
  1

  9
$XEDIT
290
1
  9
$CEPSNTYPE
380
0
  9
$PSTYLEMODE
290
1
  9
$FINGERPRINTGUID
  2
{83330BA8-EF0A-4773-966D-67837AFE86BC}
  9
$VERSIONGUID
  2
{D727F430-EEBB-4CA4-ABF7-6FC277F6AC66}
  9
$EXTNAMES
290
1
  9
$PSVPSCALE
 40
0.0
  9
$OLESTARTUP
290
0
  0
ENDSEC
  0
SECTION
  2
CLASSES
  0
CLASS
  1
ACDBDICTIONARYWDFLT
  2
AcDbDictionaryWithDefault
  3
ObjectDBX Classes
 90
0
280
0
281
0
  0
CLASS
  1
SUN
  2
AcDbSun
  3
SCENEOE
 90
1153
280
0
281
0
  0
CLASS
  1
VISUALSTYLE
  2
AcDbVisualStyle
  3
ObjectDBX Classes
 90
4095
280
0
281
0
  0
CLASS
  1
MATERIAL
  2
AcDbMaterial
  3
ObjectDBX Classes
 90
1153
280
0
281
0
  0
CLASS
  1
SCALE
  2
AcDbScale
  3
ObjectDBX Classes
 90
1153
280
0
281
0
  0
CLASS
  1
TABLESTYLE
  2
AcDbTableStyle
  3
ObjectDBX Classes
 90
4095
280
0
281
0
  0
CLASS
  1
MLEADERSTYLE
  2
AcDbMLeaderStyle
  3
ACDB_MLEADERSTYLE_CLASS
 90
4095
280
0
281
0
  0
CLASS
  1
DICTIONARYVAR
  2
AcDbDictionaryVar
  3
ObjectDBX Classes
 90
0
280
0
281
0
  0
CLASS
  1
CELLSTYLEMAP
  2
AcDbCellStyleMap
  3
ObjectDBX Classes
 90
1152
280
0
281
0
  0
CLASS
  1
MENTALRAYRENDERSETTINGS
  2
AcDbMentalRayRenderSettings
  3
SCENEOE
 90
1024
280
0
281
0
  0
CLASS
  1
ACDBDETAILVIEWSTYLE
  2
AcDbDetailViewStyle
  3
ObjectDBX Classes
 90
1025
280
0
281
0
  0
CLASS
  1
ACDBSECTIONVIEWSTYLE
  2
AcDbSectionViewStyle
  3
ObjectDBX Classes
 90
1025
280
0
281
0
  0
CLASS
  1
RASTERVARIABLES
  2
AcDbRasterVariables
  3
ISM
 90
0
280
0
281
0
  0
CLASS
  1
ACDBPLACEHOLDER
  2
AcDbPlaceHolder
  3
ObjectDBX Classes
 90
0
280
0
281
0
  0
CLASS
  1
LAYOUT
  2
AcDbLayout
  3
ObjectDBX Classes
 90
0
280
0
281
0
  0
ENDSEC
  0
SECTION
  2
TABLES
  0
TABLE
  2
VPORT
  5
8
330
0
100
AcDbSymbolTable
 70
1
  0
VPORT
  5
23
330
8
100
AcDbSymbolTableRecord
100
AcDbViewportTableRecord
  2
*Active
 70
0
 10
0.0
 20
0.0
 11
1.0
 21
1.0
 12
0.0
 22
0.0
 13
0.0
 23
0.0
 14
0.5
 24
0.5
 15
0.5
 25
0.5
 16
0.0
 26
0.0
 36
1.0
 17
0.0
 27
0.0
 37
0.0
 40
1000.0
 41
1.34
 42
50.0
 43
0.0
 44
0.0
 50
0.0
 51
0.0
 71
0
 72
1000
 73
1
 74
3
 75
0
 76
0
 77
0
 78
0
281
0
 65
0
146
0.0
  0
ENDTAB
  0
TABLE
  2
LTYPE
  5
2
330
0
100
AcDbSymbolTable
 70
21
  0
LTYPE
  5
24
330
2
100
AcDbSymbolTableRecord
100
AcDbLinetypeTableRecord
  2
ByBlock
 70
0
  3

 72
65
 73
0
 40
0.0
  0
LTYPE
  5
25
330
2
100
AcDbSymbolTableRecord
100
AcDbLinetypeTableRecord
  2
ByLayer
 70
0
  3

 72
65
 73
0
 40
0.0
  0
LTYPE
  5
26
330
2
100
AcDbSymbolTableRecord
100
AcDbLinetypeTableRecord
  2
Continuous
 70
0
  3

 72
65
 73
0
 40
0.0
  0
LTYPE
  5
2F
330
2
100
AcDbSymbolTableRecord
100
AcDbLinetypeTableRecord
  2
CENTER
 70
0
  3
Center ____ _ ____ _ ____ _ ____ _ ____ _ ____
 72
65
 73
4
 40
5.08
 49
3.175
 74
0
 49
-0.635
 74
0
 49
0.635
 74
0
 49
-0.635
 74
0
  0
LTYPE
  5
30
330
2
100
AcDbSymbolTableRecord
100
AcDbLinetypeTableRecord
  2
CENTERX2
 70
0
  3
Center (2x) ________  __  ________  __  ________
 72
65
 73
4
 40
8.89
 49
6.35
 74
0
 49
-0.635
 74
0
 49
1.27
 74
0
 49
-0.635
 74
0
  0
LTYPE
  5
31
330
2
100
AcDbSymbolTableRecord
100
AcDbLinetypeTableRecord
  2
CENTER2
 70
0
  3
Center (.5x) ____ _ ____ _ ____ _ ____ _ ____
 72
65
 73
4
 40
2.54
 49
1.587
 74
0
 49
-0.318
 74
0
 49
0.318
 74
0
 49
-0.318
 74
0
  0
LTYPE
  5
32
330
2
100
AcDbSymbolTableRecord
100
AcDbLinetypeTableRecord
  2
DASHED
 70
0
  3
Dashed __ __ __ __ __ __ __ __ __ __ __ __ __ _
 72
65
 73
2
 40
1.524
 49
1.27
 74
0
 49
-0.254
 74
0
  0
LTYPE
  5
33
330
2
100
AcDbSymbolTableRecord
100
AcDbLinetypeTableRecord
  2
DASHEDX2
 70
0
  3
Dashed (2x) ____  ____  ____  ____  ____  ____
 72
65
 73
2
 40
3.048
 49
2.54
 74
0
 49
-0.508
 74
0
  0
LTYPE
  5
34
330
2
100
AcDbSymbolTableRecord
100
AcDbLinetypeTableRecord
  2
DASHED2
 70
0
  3
Dashed (.5x) _ _ _ _ _ _ _ _ _ _ _ _ _ _
 72
65
 73
2
 40
0.762
 49
0.635
 74
0
 49
-0.127
 74
0
  0
LTYPE
  5
35
330
2
100
AcDbSymbolTableRecord
100
AcDbLinetypeTableRecord
  2
PHANTOM
 70
0
  3
Phantom ______  __  __  ______  __  __  ______
 72
65
 73
6
 40
6.35
 49
3.175
 74
0
 49
-0.635
 74
0
 49
0.635
 74
0
 49
-0.635
 74
0
 49
0.635
 74
0
 49
-0.635
 74
0
  0
LTYPE
  5
36
330
2
100
AcDbSymbolTableRecord
100
AcDbLinetypeTableRecord
  2
PHANTOMX2
 70
0
  3
Phantom (2x)____________    ____    ____    ____________
 72
65
 73
6
 40
10.795
 49
6.35
 74
0
 49
-0.635
 74
0
 49
1.27
 74
0
 49
-0.635
 74
0
 49
1.27
 74
0
 49
-0.635
 74
0
  0
LTYPE
  5
37
330
2
100
AcDbSymbolTableRecord
100
AcDbLinetypeTableRecord
  2
PHANTOM2
 70
0
  3
Phantom (.5x) ___ _ _ ___ _ _ ___ _ _ ___ _ _ ___
 72
65
 73
6
 40
3.175
 49
1.587
 74
0
 49
-0.318
 74
0
 49
0.318
 74
0
 49
-0.318
 74
0
 49
0.318
 74
0
 49
-0.318
 74
0
  0
LTYPE
  5
38
330
2
100
AcDbSymbolTableRecord
100
AcDbLinetypeTableRecord
  2
DASHDOT
 70
0
  3
Dash dot __ . __ . __ . __ . __ . __ . __ . __
 72
65
 73
4
 40
3.556
 49
2.54
 74
0
 49
-0.508
 74
0
 49
0.0
 74
0
 49
-0.508
 74
0
  0
LTYPE
  5
39
330
2
100
AcDbSymbolTableRecord
100
AcDbLinetypeTableRecord
  2
DASHDOTX2
 70
0
  3
Dash dot (2x) ____  .  ____  .  ____  .  ____
 72
65
 73
4
 40
6.096
 49
5.08
 74
0
 49
-0.508
 74
0
 49
0.0
 74
0
 49
-0.508
 74
0
  0
LTYPE
  5
3A
330
2
100
AcDbSymbolTableRecord
100
AcDbLinetypeTableRecord
  2
DASHDOT2
 70
0
  3
Dash dot (.5x) _ . _ . _ . _ . _ . _ . _ . _
 72
65
 73
4
 40
1.778
 49
1.27
 74
0
 49
-0.254
 74
0
 49
0.0
 74
0
 49
-0.254
 74
0
  0
LTYPE
  5
3B
330
2
100
AcDbSymbolTableRecord
100
AcDbLinetypeTableRecord
  2
DOT
 70
0
  3
Dot .  .  .  .  .  .  .  .  .  .  .  .  .  .  .  .
 72
65
 73
2
 40
0.508
 49
0.0
 74
0
 49
-0.508
 74
0
  0
LTYPE
  5
3C
330
2
100
AcDbSymbolTableRecord
100
AcDbLinetypeTableRecord
  2
DOTX2
 70
0
  3
Dot (2x) .    .    .    .    .    .    .    . 
 72
65
 73
2
 40
1.016
 49
0.0
 74
0
 49
-1.016
 74
0
  0
LTYPE
  5
3D
330
2
100
AcDbSymbolTableRecord
100
AcDbLinetypeTableRecord
  2
DOT2
 70
0
  3
Dot (.5) . . . . . . . . . . . . . . . . . . . 
 72
65
 73
2
 40
0.254
 49
0.0
 74
0
 49
-0.254
 74
0
  0
LTYPE
  5
3E
330
2
100
AcDbSymbolTableRecord
100
AcDbLinetypeTableRecord
  2
DIVIDE
 70
0
  3
Divide __ . . __ . . __ . . __ . . __ . . __
 72
65
 73
6
 40
4.064
 49
2.54
 74
0
 49
-0.508
 74
0
 49
0.0
 74
0
 49
-0.508
 74
0
 49
0.0
 74
0
 49
-0.508
 74
0
  0
LTYPE
  5
3F
330
2
100
AcDbSymbolTableRecord
100
AcDbLinetypeTableRecord
  2
DIVIDEX2
 70
0
  3
Divide (2x) ____  . .  ____  . .  ____  . .  ____
 72
65
 73
6
 40
6.604
 49
5.08
 74
0
 49
-0.508
 74
0
 49
0.0
 74
0
 49
-0.508
 74
0
 49
0.0
 74
0
 49
-0.508
 74
0
  0
LTYPE
  5
40
330
2
100
AcDbSymbolTableRecord
100
AcDbLinetypeTableRecord
  2
DIVIDE2
 70
0
  3
Divide(.5x) _ . _ . _ . _ . _ . _ . _ . _
 72
65
 73
6
 40
2.032
 49
1.27
 74
0
 49
-0.254
 74
0
 49
0.0
 74
0
 49
-0.254
 74
0
 49
0.0
 74
0
 49
-0.254
 74
0
  0
ENDTAB
  0
TABLE
  2
LAYER
  5
1
330
0
100
AcDbSymbolTable
 70
9
  0
LAYER
  5
27
330
1
100
AcDbSymbolTableRecord
100
AcDbLayerTableRecord
  2
0
 70
0
 62
7
  6
Continuous
370
-3
390
13
  0
LAYER
  5
28
330
1
100
AcDbSymbolTableRecord
100
AcDbLayerTableRecord
  2
Defpoints
 70
0
 62
7
  6
Continuous
290
0
370
-3
390
13
  0
LAYER
  5
8A
330
1
100
AcDbSymbolTableRecord
100
AcDbLayerTableRecord
  2
00_BOARD
 70
0
 62
7
  6
Continuous
370
-3
390
13
  0
LAYER
  5
8B
330
1
100
AcDbSymbolTableRecord
100
AcDbLayerTableRecord
  2
10_ENC_BOARD
 70
0
 62
1
  6
Continuous
370
-3
390
13
  0
LAYER
  5
8C
330
1
100
AcDbSymbolTableRecord
100
AcDbLayerTableRecord
  2
11_ENC_CHIP
 70
0
 62
6
  6
Continuous
370
-3
390
13
  0
LAYER
  5
8D
330
1
100
AcDbSymbolTableRecord
100
AcDbLayerTableRecord
  2
12_MAGNET_AXIS
 70
0
 62
5
  6
Continuous
370
-3
390
13
  0
LAYER
  5
8E
330
1
100
AcDbSymbolTableRecord
100
AcDbLayerTableRecord
  2
20_CONTACT
 70
0
 62
3
  6
Continuous
370
-3
390
13
  0
LAYER
  5
8F
330
1
100
AcDbSymbolTableRecord
100
AcDbLayerTableRecord
  2
30_OVERHANG
 70
0
 62
2
  6
DASHED
370
-3
390
13
  0
LAYER
  5
90
330
1
100
AcDbSymbolTableRecord
100
AcDbLayerTableRecord
  2
90_TEXT
 70
0
 62
7
  6
Continuous
370
-3
390
13
  0
ENDTAB
  0
TABLE
  2
STYLE
  5
5
330
0
100
AcDbSymbolTable
 70
26
  0
STYLE
  5
29
330
5
100
AcDbSymbolTableRecord
100
AcDbTextStyleTableRecord
  2
Standard
 70
0
 40
0.0
 41
1.0
 50
0.0
 71
0
 42
2.5
  3
txt
  4

  0
STYLE
  5
41
330
5
100
AcDbSymbolTableRecord
100
AcDbTextStyleTableRecord
  2
OpenSans-Light
 70
0
 40
0.0
 41
1.0
 50
0.0
 71
0
 42
2.5
  3
OpenSans-Light.ttf
  4

  0
STYLE
  5
42
330
5
100
AcDbSymbolTableRecord
100
AcDbTextStyleTableRecord
  2
OpenSans-Light-Italic
 70
0
 40
0.0
 41
1.0
 50
0.0
 71
0
 42
2.5
  3
OpenSans-LightItalic.ttf
  4

  0
STYLE
  5
43
330
5
100
AcDbSymbolTableRecord
100
AcDbTextStyleTableRecord
  2
OpenSans
 70
0
 40
0.0
 41
1.0
 50
0.0
 71
0
 42
2.5
  3
OpenSans-Regular.ttf
  4

  0
STYLE
  5
44
330
5
100
AcDbSymbolTableRecord
100
AcDbTextStyleTableRecord
  2
OpenSans-Italic
 70
0
 40
0.0
 41
1.0
 50
0.0
 71
0
 42
2.5
  3
OpenSans-Italic.ttf
  4

  0
STYLE
  5
45
330
5
100
AcDbSymbolTableRecord
100
AcDbTextStyleTableRecord
  2
OpenSans-SemiBold
 70
0
 40
0.0
 41
1.0
 50
0.0
 71
0
 42
2.5
  3
OpenSans-SemiBold.ttf
  4

  0
STYLE
  5
46
330
5
100
AcDbSymbolTableRecord
100
AcDbTextStyleTableRecord
  2
OpenSans-SemiBoldItalic
 70
0
 40
0.0
 41
1.0
 50
0.0
 71
0
 42
2.5
  3
OpenSans-SemiBoldItalic.ttf
  4

  0
STYLE
  5
47
330
5
100
AcDbSymbolTableRecord
100
AcDbTextStyleTableRecord
  2
OpenSans-Bold
 70
0
 40
0.0
 41
1.0
 50
0.0
 71
0
 42
2.5
  3
OpenSans-Bold.ttf
  4

  0
STYLE
  5
48
330
5
100
AcDbSymbolTableRecord
100
AcDbTextStyleTableRecord
  2
OpenSans-BoldItalic
 70
0
 40
0.0
 41
1.0
 50
0.0
 71
0
 42
2.5
  3
OpenSans-BoldItalic.ttf
  4

  0
STYLE
  5
49
330
5
100
AcDbSymbolTableRecord
100
AcDbTextStyleTableRecord
  2
OpenSans-ExtraBold
 70
0
 40
0.0
 41
1.0
 50
0.0
 71
0
 42
2.5
  3
OpenSans-ExtraBold.ttf
  4

  0
STYLE
  5
4A
330
5
100
AcDbSymbolTableRecord
100
AcDbTextStyleTableRecord
  2
OpenSans-ExtraBoldItalic
 70
0
 40
0.0
 41
1.0
 50
0.0
 71
0
 42
2.5
  3
OpenSans-ExtraBoldItalic.ttf
  4

  0
STYLE
  5
4B
330
5
100
AcDbSymbolTableRecord
100
AcDbTextStyleTableRecord
  2
OpenSansCondensed-Bold
 70
0
 40
0.0
 41
1.0
 50
0.0
 71
0
 42
2.5
  3
OpenSansCondensed-Bold.ttf
  4

  0
STYLE
  5
4C
330
5
100
AcDbSymbolTableRecord
100
AcDbTextStyleTableRecord
  2
OpenSansCondensed-Light
 70
0
 40
0.0
 41
1.0
 50
0.0
 71
0
 42
2.5
  3
OpenSansCondensed-Light.ttf
  4

  0
STYLE
  5
4D
330
5
100
AcDbSymbolTableRecord
100
AcDbTextStyleTableRecord
  2
OpenSansCondensed-Italic
 70
0
 40
0.0
 41
1.0
 50
0.0
 71
0
 42
2.5
  3
OpenSansCondensed-LightItalic.ttf
  4

  0
STYLE
  5
4E
330
5
100
AcDbSymbolTableRecord
100
AcDbTextStyleTableRecord
  2
LiberationSans
 70
0
 40
0.0
 41
1.0
 50
0.0
 71
0
 42
2.5
  3
LiberationSans-Regular.ttf
  4

  0
STYLE
  5
4F
330
5
100
AcDbSymbolTableRecord
100
AcDbTextStyleTableRecord
  2
LiberationSans-Bold
 70
0
 40
0.0
 41
1.0
 50
0.0
 71
0
 42
2.5
  3
LiberationSans-Bold.ttf
  4

  0
STYLE
  5
50
330
5
100
AcDbSymbolTableRecord
100
AcDbTextStyleTableRecord
  2
LiberationSans-BoldItalic
 70
0
 40
0.0
 41
1.0
 50
0.0
 71
0
 42
2.5
  3
LiberationSans-BoldItalic.ttf
  4

  0
STYLE
  5
51
330
5
100
AcDbSymbolTableRecord
100
AcDbTextStyleTableRecord
  2
LiberationSans-Italic
 70
0
 40
0.0
 41
1.0
 50
0.0
 71
0
 42
2.5
  3
LiberationSans-Italic.ttf
  4

  0
STYLE
  5
52
330
5
100
AcDbSymbolTableRecord
100
AcDbTextStyleTableRecord
  2
LiberationSerif
 70
0
 40
0.0
 41
1.0
 50
0.0
 71
0
 42
2.5
  3
LiberationSerif-Regular.ttf
  4

  0
STYLE
  5
53
330
5
100
AcDbSymbolTableRecord
100
AcDbTextStyleTableRecord
  2
LiberationSerif-Bold
 70
0
 40
0.0
 41
1.0
 50
0.0
 71
0
 42
2.5
  3
LiberationSerif-Bold.ttf
  4

  0
STYLE
  5
54
330
5
100
AcDbSymbolTableRecord
100
AcDbTextStyleTableRecord
  2
LiberationSerif-BoldItalic
 70
0
 40
0.0
 41
1.0
 50
0.0
 71
0
 42
2.5
  3
LiberationSerif-BoldItalic.ttf
  4

  0
STYLE
  5
55
330
5
100
AcDbSymbolTableRecord
100
AcDbTextStyleTableRecord
  2
LiberationSerif-Italic
 70
0
 40
0.0
 41
1.0
 50
0.0
 71
0
 42
2.5
  3
LiberationSerif-Italic.ttf
  4

  0
STYLE
  5
56
330
5
100
AcDbSymbolTableRecord
100
AcDbTextStyleTableRecord
  2
LiberationMono
 70
0
 40
0.0
 41
1.0
 50
0.0
 71
0
 42
2.5
  3
LiberationMono-Regular.ttf
  4

  0
STYLE
  5
57
330
5
100
AcDbSymbolTableRecord
100
AcDbTextStyleTableRecord
  2
LiberationMono-Bold
 70
0
 40
0.0
 41
1.0
 50
0.0
 71
0
 42
2.5
  3
LiberationMono-Bold.ttf
  4

  0
STYLE
  5
58
330
5
100
AcDbSymbolTableRecord
100
AcDbTextStyleTableRecord
  2
LiberationMono-BoldItalic
 70
0
 40
0.0
 41
1.0
 50
0.0
 71
0
 42
2.5
  3
LiberationMono-BoldItalic.ttf
  4

  0
STYLE
  5
59
330
5
100
AcDbSymbolTableRecord
100
AcDbTextStyleTableRecord
  2
LiberationMono-Italic
 70
0
 40
0.0
 41
1.0
 50
0.0
 71
0
 42
2.5
  3
LiberationMono-Italic.ttf
  4

  0
ENDTAB
  0
TABLE
  2
VIEW
  5
7
330
0
100
AcDbSymbolTable
 70
0
  0
ENDTAB
  0
TABLE
  2
UCS
  5
6
330
0
100
AcDbSymbolTable
 70
0
  0
ENDTAB
  0
TABLE
  2
APPID
  5
3
330
0
100
AcDbSymbolTable
 70
3
  0
APPID
  5
2A
330
3
100
AcDbSymbolTableRecord
100
AcDbRegAppTableRecord
  2
ACAD
 70
0
  0
APPID
  5
13D
330
3
100
AcDbSymbolTableRecord
100
AcDbRegAppTableRecord
  2
HATCHBACKGROUNDCOLOR
 70
0
  0
APPID
  5
13E
330
3
100
AcDbSymbolTableRecord
100
AcDbRegAppTableRecord
  2
EZDXF
 70
0
  0
ENDTAB
  0
TABLE
  2
DIMSTYLE
  5
4
330
0
100
AcDbSymbolTable
 70
12
100
AcDbDimStyleTable
  0
DIMSTYLE
105
2B
330
4
100
AcDbSymbolTableRecord
100
AcDbDimStyleTableRecord
  2
Standard
 70
0
  3

  4

 40
1.0
 41
2.5
 42
0.625
 43
3.75
 44
1.25
 45
0.0
 46
0.0
 47
0.0
 48
0.0
140
2.5
141
2.5
142
0.0
143
0.03937007874
144
1.0
145
0.0
146
1.0
147
0.625
148
0.0
 71
0
 72
0
 73
0
 74
0
 75
0
 76
0
 77
1
 78
8
 79
3
170
0
171
3
172
1
173
0
174
0
175
0
176
0
177
0
178
0
179
2
271
2
272
2
273
2
274
3
275
0
276
0
277
2
278
44
279
0
280
0
281
0
282
0
283
0
284
8
285
0
286
0
288
0
289
3
371
-2
372
-2
  0
DIMSTYLE
105
73
330
4
100
AcDbSymbolTableRecord
100
AcDbDimStyleTableRecord
  2
EZDXF
 70
0
  3

  4

 40
1.0
 41
0.175
 42
0.125
 43
3.75
 44
0.375
 45
0.0
 46
0.0
 47
0.0
 48
0.0
140
0.25
141
2.5
142
0.0
143
0.03937007874
144
100.0
145
0.0
146
0.5
147
0.1
148
0.0
 71
0
 72
0
 73
0
 74
0
 75
0
 76
0
 77
1
 78
12
 79
3
170
0
171
3
172
1
173
0
174
0
175
0
176
0
177
0
178
0
179
2
271
2
272
2
273
2
274
3
275
0
276
0
277
2
278
46
279
2
280
0
281
0
282
0
283
0
284
8
285
0
286
0
288
1
289
3
340
4C
342
74
371
-2
372
-2
  0
DIMSTYLE
105
7C
330
4
100
AcDbSymbolTableRecord
100
AcDbDimStyleTableRecord
  2
EZ_M_100_H25_CM
 70
0
  3

  4

 40
1.0
 41
0.25
 42
0.125
 43
3.75
 44
0.375
 45
0.0
 46
0.0
 47
0.0
 48
0.0
140
0.25
141
2.5
142
0.125
143
0.03937007874
144
100.0
145
0.0
146
0.5
147
0.1
148
0.0
 71
0
 72
0
 73
0
 74
0
 75
0
 76
0
 77
1
 78
12
 79
3
170
0
171
3
172
1
173
0
174
0
175
0
176
0
177
0
178
0
179
2
271
2
272
2
273
2
274
3
275
0
276
0
277
2
278
46
279
2
280
0
281
0
282
0
283
0
284
8
285
0
286
0
288
1
289
3
340
4C
371
-2
372
-2
  0
DIMSTYLE
105
7D
330
4
100
AcDbSymbolTableRecord
100
AcDbDimStyleTableRecord
  2
EZ_M_50_H25_CM
 70
0
  3

  4

 40
1.0
 41
0.125
 42
0.0625
 43
3.75
 44
0.1875
 45
0.0
 46
0.0
 47
0.0
 48
0.0
140
0.125
141
2.5
142
0.0625
143
0.03937007874
144
100.0
145
0.0
146
0.5
147
0.05
148
0.0
 71
0
 72
0
 73
0
 74
0
 75
0
 76
0
 77
1
 78
12
 79
3
170
0
171
3
172
1
173
0
174
0
175
0
176
0
177
0
178
0
179
2
271
2
272
2
273
2
274
3
275
0
276
0
277
2
278
46
279
2
280
0
281
0
282
0
283
0
284
8
285
0
286
0
288
1
289
3
340
4C
371
-2
372
-2
  0
DIMSTYLE
105
7E
330
4
100
AcDbSymbolTableRecord
100
AcDbDimStyleTableRecord
  2
EZ_M_25_H25_CM
 70
0
  3

  4

 40
1.0
 41
0.0625
 42
0.03125
 43
3.75
 44
0.09375
 45
0.0
 46
0.0
 47
0.0
 48
0.0
140
0.0625
141
2.5
142
0.03125
143
0.03937007874
144
100.0
145
0.0
146
0.5
147
0.025
148
0.0
 71
0
 72
0
 73
0
 74
0
 75
0
 76
0
 77
1
 78
12
 79
3
170
0
171
3
172
1
173
0
174
0
175
0
176
0
177
0
178
0
179
2
271
2
272
2
273
2
274
3
275
0
276
0
277
2
278
46
279
2
280
0
281
0
282
0
283
0
284
8
285
0
286
0
288
1
289
3
340
4C
371
-2
372
-2
  0
DIMSTYLE
105
7F
330
4
100
AcDbSymbolTableRecord
100
AcDbDimStyleTableRecord
  2
EZ_M_20_H25_CM
 70
0
  3

  4

 40
1.0
 41
0.05
 42
0.025
 43
3.75
 44
0.07500000000000001
 45
0.0
 46
0.0
 47
0.0
 48
0.0
140
0.05
141
2.5
142
0.025
143
0.03937007874
144
100.0
145
0.0
146
0.5
147
0.020000000000000004
148
0.0
 71
0
 72
0
 73
0
 74
0
 75
0
 76
0
 77
1
 78
12
 79
3
170
0
171
3
172
1
173
0
174
0
175
0
176
0
177
0
178
0
179
2
271
2
272
2
273
2
274
3
275
0
276
0
277
2
278
46
279
2
280
0
281
0
282
0
283
0
284
8
285
0
286
0
288
1
289
3
340
4C
371
-2
372
-2
  0
DIMSTYLE
105
80
330
4
100
AcDbSymbolTableRecord
100
AcDbDimStyleTableRecord
  2
EZ_M_10_H25_CM
 70
0
  3

  4

 40
1.0
 41
0.025
 42
0.0125
 43
3.75
 44
0.037500000000000006
 45
0.0
 46
0.0
 47
0.0
 48
0.0
140
0.025
141
2.5
142
0.0125
143
0.03937007874
144
100.0
145
0.0
146
0.5
147
0.010000000000000002
148
0.0
 71
0
 72
0
 73
0
 74
0
 75
0
 76
0
 77
1
 78
12
 79
3
170
0
171
3
172
1
173
0
174
0
175
0
176
0
177
0
178
0
179
2
271
2
272
2
273
2
274
3
275
0
276
0
277
2
278
46
279
2
280
0
281
0
282
0
283
0
284
8
285
0
286
0
288
1
289
3
340
4C
371
-2
372
-2
  0
DIMSTYLE
105
81
330
4
100
AcDbSymbolTableRecord
100
AcDbDimStyleTableRecord
  2
EZ_M_5_H25_CM
 70
0
  3

  4

 40
1.0
 41
0.0125
 42
0.00625
 43
3.75
 44
0.018750000000000003
 45
0.0
 46
0.0
 47
0.0
 48
0.0
140
0.0125
141
2.5
142
0.00625
143
0.03937007874
144
100.0
145
0.0
146
0.5
147
0.005000000000000001
148
0.0
 71
0
 72
0
 73
0
 74
0
 75
0
 76
0
 77
1
 78
12
 79
3
170
0
171
3
172
1
173
0
174
0
175
0
176
0
177
0
178
0
179
2
271
2
272
2
273
2
274
3
275
0
276
0
277
2
278
46
279
2
280
0
281
0
282
0
283
0
284
8
285
0
286
0
288
1
289
3
340
4C
371
-2
372
-2
  0
DIMSTYLE
105
82
330
4
100
AcDbSymbolTableRecord
100
AcDbDimStyleTableRecord
  2
EZ_M_1_H25_CM
 70
0
  3

  4

 40
1.0
 41
0.0025
 42
0.00125
 43
3.75
 44
0.00375
 45
0.0
 46
0.0
 47
0.0
 48
0.0
140
0.0025
141
2.5
142
0.00125
143
0.03937007874
144
100.0
145
0.0
146
0.5
147
0.001
148
0.0
 71
0
 72
0
 73
0
 74
0
 75
0
 76
0
 77
1
 78
12
 79
3
170
0
171
3
172
1
173
0
174
0
175
0
176
0
177
0
178
0
179
2
271
2
272
2
273
2
274
3
275
0
276
0
277
2
278
46
279
2
280
0
281
0
282
0
283
0
284
8
285
0
286
0
288
1
289
3
340
4C
371
-2
372
-2
  0
DIMSTYLE
105
83
330
4
100
AcDbSymbolTableRecord
100
AcDbDimStyleTableRecord
  2
EZ_RADIUS
 70
0
  3

  4

 40
1.0
 41
0.25
 42
0.125
 43
3.75
 44
0.375
 45
0.0
 46
0.0
 47
0.0
 48
0.0
140
0.25
141
0.0
142
0.0
143
0.03937007874
144
100.0
145
0.0
146
0.5
147
0.1
148
0.0
 71
0
 72
0
 73
0
 74
0
 75
0
 76
0
 77
1
 78
12
 79
3
170
0
171
3
172
0
173
0
174
0
175
0
176
0
177
0
178
0
179
2
271
2
272
2
273
2
274
3
275
0
276
0
277
2
278
46
279
1
280
0
281
0
282
0
283
0
284
8
285
0
286
0
288
1
289
3
340
4C
342
84
371
-2
372
-2
  0
DIMSTYLE
105
88
330
4
100
AcDbSymbolTableRecord
100
AcDbDimStyleTableRecord
  2
EZ_RADIUS_INSIDE
 70
0
  3

  4

 40
1.0
 41
0.25
 42
0.125
 43
3.75
 44
0.375
 45
0.0
 46
0.0
 47
0.0
 48
0.0
140
0.25
141
0.0
142
0.0
143
0.03937007874
144
100.0
145
0.0
146
0.5
147
0.1
148
0.0
 71
0
 72
0
 73
0
 74
0
 75
0
 76
0
 77
0
 78
12
 79
3
170
0
171
3
172
0
173
0
174
1
175
0
176
0
177
0
178
0
179
2
271
2
272
2
273
2
274
3
275
0
276
0
277
2
278
46
279
0
280
0
281
0
282
0
283
0
284
8
285
0
286
0
288
1
289
0
340
4C
342
84
371
-2
372
-2
  0
DIMSTYLE
105
89
330
4
100
AcDbSymbolTableRecord
100
AcDbDimStyleTableRecord
  2
EZ_CURVED
 70
0
  3

  4

 40
1.0
 41
0.25
 42
0.125
 43
3.75
 44
0.375
 45
0.0
 46
0.0
 47
0.0
 48
0.0
140
0.25
141
2.5
142
0.0
143
0.03937007874
144
100.0
145
0.0
146
0.5
147
0.1
148
0.0
 71
0
 72
0
 73
0
 74
0
 75
0
 76
0
 77
1
 78
12
 79
2
 90
2
170
0
171
3
172
1
173
0
174
0
175
0
176
0
177
0
178
0
179
2
271
2
272
2
273
2
274
3
275
0
276
0
277
2
278
46
279
2
280
0
281
0
282
0
283
0
284
8
285
0
286
0
288
1
289
3
340
4C
371
-2
372
-2
  0
ENDTAB
  0
TABLE
  2
BLOCK_RECORD
  5
9
330
0
100
AcDbSymbolTable
 70
5
  0
BLOCK_RECORD
  5
17
330
9
100
AcDbSymbolTableRecord
100
AcDbBlockTableRecord
  2
*Model_Space
340
1A
  0
BLOCK_RECORD
  5
1B
330
9
100
AcDbSymbolTableRecord
100
AcDbBlockTableRecord
  2
*Paper_Space
340
1E
  0
BLOCK_RECORD
  5
74
330
9
100
AcDbSymbolTableRecord
100
AcDbBlockTableRecord
  2
_ARCHTICK
340
0
  0
BLOCK_RECORD
  5
78
330
9
100
AcDbSymbolTableRecord
100
AcDbBlockTableRecord
  2
_CLOSEDFILLED
340
0
  0
BLOCK_RECORD
  5
84
330
9
100
AcDbSymbolTableRecord
100
AcDbBlockTableRecord
  2
_CLOSEDBLANK
340
0
  0
ENDTAB
  0
ENDSEC
  0
SECTION
  2
BLOCKS
  0
BLOCK
  5
18
330
17
100
AcDbEntity
  8
0
100
AcDbBlockBegin
  2
*Model_Space
 70
0
 10
0.0
 20
0.0
 30
0.0
  3
*Model_Space
  1

  0
ENDBLK
  5
19
330
17
100
AcDbEntity
  8
0
100
AcDbBlockEnd
  0
BLOCK
  5
1C
330
1B
100
AcDbEntity
  8
0
100
AcDbBlockBegin
  2
*Paper_Space
 70
0
 10
0.0
 20
0.0
 30
0.0
  3
*Paper_Space
  1

  0
ENDBLK
  5
1D
330
1B
100
AcDbEntity
  8
0
100
AcDbBlockEnd
  0
BLOCK
  5
75
330
74
100
AcDbEntity
  8
0
100
AcDbBlockBegin
  2
_ARCHTICK
 70
0
 10
0.0
 20
0.0
 30
0.0
  3
_ARCHTICK
  1

  0
LWPOLYLINE
  5
77
330
74
100
AcDbEntity
  8
0
  6
BYBLOCK
 62
0
100
AcDbPolyline
 90
2
 70
0
 43
0.15
 10
-0.5
 20
-0.5
 10
0.5
 20
0.5
  0
ENDBLK
  5
76
330
74
100
AcDbEntity
  8
0
100
AcDbBlockEnd
  0
BLOCK
  5
79
330
78
100
AcDbEntity
  8
0
100
AcDbBlockBegin
  2
_CLOSEDFILLED
 70
0
 10
0.0
 20
0.0
 30
0.0
  3
_CLOSEDFILLED
  1

  0
SOLID
  5
7B
330
78
100
AcDbEntity
  8
0
  6
BYBLOCK
 62
0
100
AcDbTrace
 10
-1.0
 20
0.16439898372402537
 30
0.0
 11
0.0
 21
0.0
 31
0.0
 12
-1.0
 22
-0.16439898372402537
 32
0.0
 13
-1.0
 23
-0.16439898372402537
 33
0.0
  0
ENDBLK
  5
7A
330
78
100
AcDbEntity
  8
0
100
AcDbBlockEnd
  0
BLOCK
  5
85
330
84
100
AcDbEntity
  8
0
100
AcDbBlockBegin
  2
_CLOSEDBLANK
 70
0
 10
0.0
 20
0.0
 30
0.0
  3
_CLOSEDBLANK
  1

  0
LWPOLYLINE
  5
87
330
84
100
AcDbEntity
  8
0
  6
BYBLOCK
 62
0
100
AcDbPolyline
 90
3
 70
1
 10
-1.0
 20
0.16439898372402537
 10
0.0
 20
0.0
 10
-1.0
 20
-0.16439898372402537
  0
ENDBLK
  5
86
330
84
100
AcDbEntity
  8
0
100
AcDbBlockEnd
  0
ENDSEC
  0
SECTION
  2
ENTITIES
  0
LWPOLYLINE
  5
91
330
17
100
AcDbEntity
  8
00_BOARD
100
AcDbPolyline
 90
4
 70
1
 10
26.19301743238072
 20
-17.654861141421133
 10
27.219077862357732
 20
-20.473939003778856
 10
24.40000000000001
 20
-21.499999433755853
 10
23.37393957002299
 20
-18.680921571398134
  0
LWPOLYLINE
  5
92
330
17
100
AcDbEntity
  8
00_BOARD
100
AcDbPolyline
 90
4
 70
1
 10
-4.100000000000005
 20
-5.499999433755872
 10
-1.1455767409633777
 20
-6.0209439667566595
 10
-1.666521273964166
 20
-8.975367225793287
 10
-4.620944533000793
 20
-8.454422692792496
  0
LWPOLYLINE
  5
93
330
17
100
AcDbEntity
  8
00_BOARD
100
AcDbPolyline
 90
4
 70
1
 10
31.420944533000792
 20
-8.454422692792496
 10
28.46652127396417
 20
-8.975367225793287
 10
27.945576740963375
 20
-6.0209439667566595
 10
30.900000000000002
 20
-5.499999433755872
  0
LWPOLYLINE
  5
94
330
17
100
AcDbEntity
  8
00_BOARD
100
AcDbPolyline
 90
4
 70
1
 10
-0.4190778623577271
 20
-20.473939003778856
 10
0.6069825676192819
 20
-17.654861141421133
 10
3.4260604299770114
 20
-18.680921571398134
 10
2.399999999999997
 20
-21.499999433755853
  0
CIRCLE
  5
95
330
17
100
AcDbEntity
  8
00_BOARD
100
AcDbCircle
 10
1.5000000000000002
 20
1.25
 30
0.0
 40
0.7000000000000001
  0
CIRCLE
  5
96
330
17
100
AcDbEntity
  8
00_BOARD
100
AcDbCircle
 10
25.300000000000004
 20
1.25
 30
0.0
 40
0.6999999999999984
  0
CIRCLE
  5
97
330
17
100
AcDbEntity
  8
00_BOARD
100
AcDbCircle
 10
1.5000000000000002
 20
18.75
 30
0.0
 40
0.7000000000000001
  0
CIRCLE
  5
98
330
17
100
AcDbEntity
  8
00_BOARD
100
AcDbCircle
 10
25.300000000000004
 20
18.75
 30
0.0
 40
0.6999999999999984
  0
CIRCLE
  5
99
330
17
100
AcDbEntity
  8
00_BOARD
100
AcDbCircle
 10
4.500000000000001
 20
-15.750000000000002
 30
0.0
 40
0.7000000000000006
  0
CIRCLE
  5
9A
330
17
100
AcDbEntity
  8
00_BOARD
100
AcDbCircle
 10
22.300000000000004
 20
-15.750000000000002
 30
0.0
 40
0.6999999999999984
  0
CIRCLE
  5
9B
330
17
100
AcDbEntity
  8
00_BOARD
100
AcDbCircle
 10
13.400000000000002
 20
-6.249999999999999
 30
0.0
 40
4.000000000000002
  0
LWPOLYLINE
  5
9C
330
17
100
AcDbEntity
  8
00_BOARD
100
AcDbPolyline
 90
32
 70
1
 10
33.4
 20
-2.4999994337558724
 42
0.4142135623730924
 10
32.4
 20
-1.4999994337558717
 10
27.799999999999997
 20
-1.4999994337558742
 42
-0.41421356237309515
 10
26.799999999999997
 20
-0.49999943375587297
 10
26.799999999999997
 20
10.500000566244125
 42
-0.41421356237309503
 10
27.799999999999997
 20
11.500000566244125
 10
32.400000000000006
 20
11.500000566244124
 42
0.41421356237309503
 10
33.400000000000006
 20
12.500000566244125
 10
33.39999999999999
 20
33.00000113248825
 42
0.41421356237309437
 10
29.399999999999995
 20
37.00000113248825
 10
27.761407010626876
 20
37.00000113248825
 42
0.24539269440722447
 10
24.47879969391217
 20
35.2857152887753
 42
-0.5222329929577533
 10
2.3212003060878783
 20
35.28571528877531
 42
0.24539269440722195
 10
-0.9614070106268344
 20
37.00000113248825
 10
-2.599999999999998
 20
37.000001132488244
 42
0.4142135623730957
 10
-6.599999999999997
 20
33.000001132488244
 10
-6.599999999999997
 20
12.500000566244127
 42
0.41421356237309503
 10
-5.599999999999996
 20
11.500000566244125
 10
-0.9999999999999976
 20
11.500000566244124
 42
-0.41421356237309503
 10
2.4980018054066022e-15
 20
10.500000566244124
 10
2.6367796834847468e-15
 20
-0.4999994337558753
 42
-0.41421356237309515
 10
-0.9999999999999977
 20
-1.4999994337558755
 10
-5.599999999999998
 20
-1.4999994337558764
 42
0.414213562373094
 10
-6.599999999999997
 20
-2.4999994337558777
 10
-6.599999999999997
 20
-23.0
 42
0.4142135623730958
 10
-2.5999999999999974
 20
-26.999999999999996
 10
-0.9614070106268358
 20
-27.0
 42
0.2453926944072223
 10
2.321200306087875
 20
-25.285714156287057
 42
-0.5222329929577533
 10
24.478799693912165
 20
-25.285714156287057
 42
0.24539269440722467
 10
27.761407010626876
 20
-27.000000000000007
 10
29.399999999999995
 20
-27.0
 42
0.4142135623730947
 10
33.39999999999999
 20
-23.000000000000004
  0
LWPOLYLINE
  5
9D
330
17
100
AcDbEntity
  8
20_CONTACT
100
AcDbPolyline
 90
1361
 70
0
 10
33.09999999999995
 20
7.04408097494189
 10
33.09999938318196
 20
7.0421591426826895
 10
33.099997532729574
 20
7.040235807282013
 10
33.099994448647514
 20
7.038310969233683
 10
33.099990130943496
 20
7.036384629027047
 10
33.09998457962831
 20
7.034456787146956
 10
33.0999777947158
 20
7.0325274440737235
 10
33.09996977622281
 20
7.030596600283106
 10
33.09996052416926
 20
7.028664256246266
 10
33.09995003857813
 20
7.02673041242975
 10
33.0999383194754
 20
7.024795069295446
 10
33.09992536689012
 20
7.022858227300569
 10
33.09991118085439
 20
7.020919886897616
 10
33.09989576140333
 20
7.018980048534344
 10
33.09987910857513
 20
7.017038712653733
 10
33.099861222411
 20
7.015095879693968
 10
33.09984210295521
 20
7.0131515500883825
 10
33.09982175025506
 20
7.011205724265455
 10
33.0998001643609
 20
7.00925840264876
 10
33.09977734532613
 20
7.007309585656937
 10
33.099753293207186
 20
7.00535927370367
 10
33.099728008063536
 20
7.003407467197638
 10
33.09970148995771
 20
7.0014541665425
 10
33.09967373895527
 20
6.999499372136841
 10
33.099644755124814
 20
6.997543084374163
 10
33.09961453853799
 20
6.995585303642839
 10
33.0995830892695
 20
6.99362603032607
 10
33.09955040739707
 20
6.991665264801877
 10
33.09951649300147
 20
6.989703007443037
 10
33.099481346166506
 20
6.987739258617072
 10
33.09944496697905
 20
6.985774018686206
 10
33.09940735552898
 20
6.983807288007326
 10
33.099368511909255
 20
6.981839066931956
 10
33.09932843621583
 20
6.9798693558062155
 10
33.099287128547736
 20
6.977898154970785
 10
33.09924458900702
 20
6.975925464760872
 10
33.099200817698794
 20
6.973951285506181
 10
33.09915581473118
 20
6.971975617530859
 10
33.09910958021536
 20
6.969998461153477
 10
33.09906211426556
 20
6.9680198166869864
 10
33.09901341699901
 20
6.966039684438689
 10
33.098963488536015
 20
6.964058064710186
 10
33.09891232899991
 20
6.962074957797356
 10
33.09885993851706
 20
6.9600903639902985
 10
33.09880631721686
 20
6.958104283573321
 10
33.098751465231764
 20
6.956116716824879
 10
33.09869538269725
 20
6.954127664017547
 10
33.098638069751836
 20
6.952137125417984
 10
33.098579526537065
 20
6.95014510128688
 10
33.09851975319753
 20
6.948151591878934
 10
33.098458749880855
 20
6.946156597442801
 10
33.0983965167377
 20
6.944160118221063
 10
33.09833305392176
 20
6.942162154450179
 10
33.09826836158976
 20
6.94016270636045
 10
33.098202439901456
 20
6.93816177417598
 10
33.09813528901965
 20
6.936159358114628
 10
33.09806690911017
 20
6.934155458387974
 10
33.09799730034188
 20
6.932150075201272
 10
33.09792646288667
 20
6.930143208753423
 10
33.097854396919466
 20
6.9281348592368985
 10
33.09778110261823
 20
6.926125026837738
 10
33.09770658016394
 20
6.924113711735485
 10
33.09763082974062
 20
6.922100914103138
 10
33.09755385153533
 20
6.920086634107134
 10
33.097475645738136
 20
6.918070871907266
 10
33.09739621254216
 20
6.916053627656677
 10
33.09731555214352
 20
6.914034901501789
 10
33.097233664741395
 20
6.912014693582277
 10
33.097150550537975
 20
6.909993004031004
 10
33.097066209738486
 20
6.907969832973998
 10
33.096980642551166
 20
6.90594518053039
 10
33.096893849187296
 20
6.903919046812366
 10
33.09680582986118
 20
6.90189143192514
 10
33.09671658479014
 20
6.899862335966888
 10
33.096626114194514
 20
6.897831759028715
 10
33.09653441829769
 20
6.895799701194585
 10
33.096441497326076
 20
6.893766162541308
 10
33.09634735150907
 20
6.891731143138458
 10
33.09625198107913
 20
6.889694643048343
 10
33.09615538627172
 20
6.887656662325963
 10
33.096057567325325
 20
6.885617201018935
 10
33.09595852448145
 20
6.883576259167464
 10
33.09585825798463
 20
6.881533836804294
 10
33.09575676808242
 20
6.879489933954638
 10
33.09565405502537
 20
6.877444550636156
 10
33.09555011906708
 20
6.875397686858874
 10
33.09544496046414
 20
6.8733493426251595
 10
33.09533857947619
 20
6.871299517929646
 10
33.095230976365855
 20
6.869248212759201
 10
33.09512215139879
 20
6.867195427092855
 10
33.09501210484367
 20
6.865141160901763
 10
33.094900836972165
 20
6.863085414149147
 10
33.094788348058984
 20
6.861028186790238
 10
33.09467463838183
 20
6.858969478772218
 10
33.09455970822144
 20
6.856909290034184
 10
33.09444355786154
 20
6.854847620507067
 10
33.09432618758887
 20
6.852784470113601
 10
33.09420759769319
 20
6.8507198387682475
 10
33.094087788467284
 20
6.84865372637715
 10
33.093966760206904
 20
6.8465861328380715
 10
33.093844513210854
 20
6.844517058040339
 10
33.09372104778091
 20
6.842446501864792
 10
33.09359636422189
 20
6.840374464183716
 10
33.09347046284158
 20
6.838300944860781
 10
33.0933433439508
 20
6.836225943750992
 10
33.09321500786337
 20
6.834149460700621
 10
33.0930854548961
 20
6.832071495547146
 10
33.092954685368824
 20
6.829992048119219
 10
33.092822699604355
 20
6.827911118236545
 10
33.092689497928525
 20
6.825828705709883
 10
33.09255508067016
 20
6.8237448103409415
 10
33.09241944816109
 20
6.821659431922337
 10
33.09228260073614
 20
6.819572570237528
 10
33.09214453873313
 20
6.81748422506074
 10
33.0920052624929
 20
6.815394396156916
 10
33.091864772359244
 20
6.813303083281635
 10
33.09172306867899
 20
6.811210286181075
 10
33.09158015180195
 20
6.809116004591913
 10
33.09143602208093
 20
6.807020238241282
 10
33.09129067987172
 20
6.804922986846693
 10
33.091144125533106
 20
6.802824250115974
 10
33.09099635942688
 20
6.800724027747204
 10
33.09084738191781
 20
6.798622319428631
 10
33.090697193373664
 20
6.7965191248386185
 10
33.09054579416518
 20
6.794414443645566
 10
33.090393184666105
 20
6.792308275507841
 10
33.09023936525316
 20
6.790200620073712
 10
33.09008433630606
 20
6.7880914769812755
 10
33.08992809820751
 20
6.78598084585838
 10
33.08977065134318
 20
6.783868726322556
 10
33.08961199610174
 20
6.781755117980939
 10
33.089452132874825
 20
6.779640020430209
 10
33.089291062057086
 20
6.777523433256499
 10
33.08912878404611
 20
6.775405356035328
 10
33.0889652992425
 20
6.773285788331523
 10
33.08880060804982
 20
6.771164729699155
 10
33.088634710874615
 20
6.769042179681435
 10
33.08846760812641
 20
6.766918137810663
 10
33.088299300217685
 20
6.764792603608133
 10
33.08812978756393
 20
6.76266557658407
 10
33.08795907058358
 20
6.760537056237527
 10
33.08778714969805
 20
6.758407042056328
 10
33.087614025331746
 20
6.756275533516968
 10
33.087439697912004
 20
6.754142530084547
 10
33.08726416786917
 20
6.752008031212678
 10
33.08708743563653
 20
6.749872036343406
 10
33.08690950165036
 20
6.747734544907125
 10
33.08673036634988
 20
6.745595556322487
 10
33.08655003017729
 20
6.743455069996335
 10
33.08636849357775
 20
6.741313085323588
 10
33.086185756999384
 20
6.739169601687181
 10
33.08600182089328
 20
6.737024618457963
 10
33.085816685713475
 20
6.734878134994611
 10
33.085630351916976
 20
6.732730150643542
 10
33.08544281996375
 20
6.730580664738823
 10
33.08525409031672
 20
6.7284296766020795
 10
33.08506416344176
 20
6.726277185542404
 10
33.084873039807704
 20
6.724123190856265
 10
33.08468071988634
 20
6.72196769182741
 10
33.08448720415242
 20
6.7198106877267705
 10
33.08429249308361
 20
6.717652177812381
 10
33.084096587160566
 20
6.7154921613292595
 10
33.08389948686688
 20
6.713330637509334
 10
33.0837011926891
 20
6.711167605571327
 10
33.0835017051167
 20
6.709003064720671
 10
33.08330102464212
 20
6.706837014149398
 10
33.083099151760734
 20
6.704669453036053
 10
33.08289608697086
 20
6.70250038054557
 10
33.082691830773776
 20
6.700329795829193
 10
33.082486383673675
 20
6.698157698024364
 10
33.0822797461777
 20
6.69598408625462
 10
33.08207191879594
 20
6.693808959629481
 10
33.08186290204141
 20
6.691632317244354
 10
33.08165269643007
 20
6.689454158180428
 10
33.081441302480805
 20
6.687274481504552
 10
33.08122872071545
 20
6.685093286269139
 10
33.08101495165876
 20
6.682910571512051
 10
33.08079999583841
 20
6.680726336256492
 10
33.080583853785036
 20
6.678540579510889
 10
33.08036652603217
 20
6.676353300268788
 10
33.08014801311629
 20
6.674164497508732
 10
33.07992831557681
 20
6.671974170194152
 10
33.07970743395603
 20
6.669782317273247
 10
33.079485368799205
 20
6.66758893767887
 10
33.07926212065451
 20
6.665394030328405
 10
33.07903769007303
 20
6.663197594123648
 10
33.07881207760878
 20
6.6609996279507
 10
33.078585283818676
 20
6.658800130679824
 10
33.07835730926257
 20
6.6565991011653285
 10
33.07812815450321
 20
6.654396538245467
 10
33.07789782010629
 20
6.652192440742265
 10
33.07766630664037
 20
6.64998680746145
 10
33.07743361467695
 20
6.647779637192273
 10
33.07719974479045
 20
6.645570928707415
 10
33.07696469755817
 20
6.643360680762837
 10
33.07672847356034
 20
6.641148892097661
 10
33.07649107338007
 20
6.638935561434029
 10
33.076252497603406
 20
6.636720687476971
 10
33.07601274681928
 20
6.634504268914275
 10
33.07577182161952
 20
6.63228630441634
 10
33.07552972259886
 20
6.630066792636046
 10
33.07528645035493
 20
6.627845732208623
 10
33.075042005488264
 20
6.625623121751486
 10
33.07479638860228
 20
6.623398959864119
 10
33.07454960030331
 20
6.621173245127906
 10
33.07430164120054
 20
6.618945976106019
 10
33.074052511906096
 20
6.6167171513432415
 10
33.07380221303495
 20
6.614486769365833
 10
33.073550745205
 20
6.612254828681381
 10
33.073298109037
 20
6.61002132777865
 10
33.073044305154596
 20
6.607786265127428
 10
33.072789334184336
 20
6.605549639178369
 10
33.07253319675562
 20
6.603311448362849
 10
33.072275893500766
 20
6.601071691092791
 10
33.07201742505493
 20
6.598830365760529
 10
33.071757792056175
 20
6.596587470738625
 10
33.071496995145424
 20
6.594343004379734
 10
33.071235034966485
 20
6.592096965016413
 10
33.07097191216604
 20
6.589849350960973
 10
33.070707627393624
 20
6.5876001605053105
 10
33.07044218130166
 20
6.585349391920737
 10
33.070175574545424
 20
6.5830970434578076
 10
33.06990780778308
 20
6.580843113346152
 10
33.069638881675644
 20
6.578587599794295
 10
33.069368796886984
 20
6.5763305009894975
 10
33.069097554083854
 20
6.574071815097557
 10
33.06882515393585
 20
6.571811540262647
 10
33.06855159711543
 20
6.569549674607127
 10
33.06827688429791
 20
6.567286216231358
 10
33.06800101616147
 20
6.56502116321353
 10
33.06772399338712
 20
6.5627545136094625
 10
33.06744581665875
 20
6.560486265452418
 10
33.067166486663076
 20
6.5582164167529235
 10
33.066886004089696
 20
6.555944965498563
 10
33.06660436963101
 20
6.553671909653791
 10
33.066321583982294
 20
6.551397247159736
 10
33.06603764784166
 20
6.549120975933997
 10
33.06575256191007
 20
6.5468430938704465
 10
33.065466326891304
 20
6.54456359883903
 10
33.06517894349201
 20
6.542282488685559
 10
33.06489041242164
 20
6.5399997612315
 10
33.06460073439251
 20
6.537715414273775
 10
33.06430991011975
 20
6.5354294455845325
 10
33.06401794032135
 20
6.533141852910955
 10
33.06372482571808
 20
6.530852633975022
 10
33.06343056703359
 20
6.528561786473313
 10
33.06313516499432
 20
6.526269308076774
 10
33.062838620329565
 20
6.523975196430478
 10
33.06254093377141
 20
6.521679449153447
 10
33.06224210605479
 20
6.519382063838364
 10
33.06194213791744
 20
6.517083038051389
 10
33.06164103009993
 20
6.5147823693319085
 10
33.061338783345626
 20
6.512480055192291
 10
33.061035398400726
 20
6.5101760931176615
 10
33.060730876014226
 20
6.50787048056566
 10
33.06042521693795
 20
6.505563214966192
 10
33.06011842192651
 20
6.50325429372119
 10
33.05981049173734
 20
6.500943714204342
 10
33.05950142713066
 20
6.498631473760873
 10
33.05919122886954
 20
6.496317569707269
 10
33.058879897719784
 20
6.494001999331023
 10
33.05856743445005
 20
6.491684759890374
 10
33.05825383983177
 20
6.489365848614051
 10
33.057939114639176
 20
6.487045262700997
 10
33.0576232596493
 20
6.484722999320098
 10
33.05730627564195
 20
6.48239905560993
 10
33.05698816339974
 20
6.4800734286784625
 10
33.05666892370807
 20
6.477746115602781
 10
33.056348557355115
 20
6.47541711342882
 10
33.05602706513186
 20
6.473086419171061
 10
33.055704447832035
 20
6.4707540298122606
 10
33.055380706252194
 20
6.468419942303146
 10
33.05505584119164
 20
6.466084153562129
 10
33.05472985345246
 20
6.463746660474993
 10
33.05440274383952
 20
6.4614074598946125
 10
33.05407451316046
 20
6.459066548640634
 10
33.05374516222568
 20
6.4567239234991645
 10
33.053414691848374
 20
6.454379581222464
 10
33.05308310284447
 20
6.45203351852864
 10
33.05275039603269
 20
6.449685732101298
 10
33.05241657223451
 20
6.447336218589257
 10
33.05208163227417
 20
6.444984974606193
 10
33.051745576978654
 20
6.442631996730311
 10
33.051408407177725
 20
6.440277281504018
 10
33.05107012370389
 20
6.437920825433592
 10
33.05073072739241
 20
6.435562624988813
 10
33.050390219081315
 20
6.4332026766026384
 10
33.05004859961136
 20
6.430840976670839
 10
33.049705869826056
 20
6.428477521551651
 10
33.04936203057167
 20
6.426112307565409
 10
33.049017082697205
 20
6.423745330994193
 10
33.0486710270544
 20
6.421376588081442
 10
33.04832386449774
 20
6.41900607503159
 10
33.04797559588446
 20
6.416633788009704
 10
33.0476262220745
 20
6.414259723141067
 10
33.04727574393057
 20
6.411883876510823
 10
33.046924162318085
 20
6.409506244163563
 10
33.04657147810521
 20
6.4071268221029545
 10
33.046217692162806
 20
6.404745606291302
 10
33.0458628053645
 20
6.402362592649178
 10
33.04550681858662
 20
6.399977777054988
 10
33.045149732708204
 20
6.3975911553445695
 10
33.04479154861104
 20
6.39520272331075
 10
33.04443226717961
 20
6.392812476702943
 10
33.044071889301115
 20
6.3904204112267
 10
33.04371041586548
 20
6.38802652254328
 10
33.04334784776533
 20
6.385630806269203
 10
33.04298418589601
 20
6.383233257975801
 10
33.04261943115556
 20
6.38083387318877
 10
33.04225358444472
 20
6.378432647387697
 10
33.04188664666696
 20
6.376029576005612
 10
33.04151861872842
 20
6.373624654428491
 10
33.04114950153795
 20
6.371217877994804
 10
33.04077929600711
 20
6.368809241995016
 10
33.04040800305013
 20
6.366398741671104
 10
33.040035623583954
 20
6.363986372216045
 10
33.039662158528195
 20
6.361572128773337
 10
33.039287608805175
 20
6.359156006436468
 10
33.038911975339886
 20
6.356738000248412
 10
33.03853525906001
 20
6.3543181052011
 10
33.03815746089592
 20
6.351896316234905
 10
33.03777858178064
 20
6.34947262823807
 10
33.0373986226499
 20
6.347047036046207
 10
33.03701758444209
 20
6.344619534441724
 10
33.03663546809828
 20
6.342190118153261
 10
33.03625227456221
 20
6.339758781855137
 10
33.035868004780276
 20
6.337325520166782
 10
33.03548265970156
 20
6.33489032765213
 10
33.03509624027779
 20
6.332453198819065
 10
33.03470874746336
 20
6.330014128118794
 10
33.034320182215346
 20
6.32757310994528
 10
33.03393054549345
 20
6.325130138634572
 10
33.03353983826003
 20
6.322685208464247
 10
33.033148061480134
 20
6.320238313652742
 10
33.03275521612142
 20
6.317789448358733
 10
33.03236130315422
 20
6.3153386066804735
 10
33.031966323551494
 20
6.3128857826551625
 10
33.03157027828886
 20
6.310430970258259
 10
33.03117316834457
 20
6.3079741634028235
 10
33.03077499469953
 20
6.3055153559388195
 10
33.03037575833725
 20
6.303054541652443
 10
33.02997546024392
 20
6.300591714265414
 10
33.02957410140833
 20
6.2981268674342425
 10
33.02917168282191
 20
6.295659994749548
 10
33.028768205478734
 20
6.293191089735298
 10
33.02836367037547
 20
6.290720145848075
 10
33.02795807851144
 20
6.288247156476341
 10
33.02755143088857
 20
6.285772114939642
 10
33.02714372851142
 20
6.283295014487869
 10
33.026734972387146
 20
6.280815848300452
 10
33.02632516352555
 20
6.27833460948557
 10
33.025914302939015
 20
6.275851291079363
 10
33.02550239164255
 20
6.273365886045079
 10
33.02508943065378
 20
6.270878387272279
 10
33.024675420992914
 20
6.268388787575972
 10
33.02426036368279
 20
6.265897079695774
 10
33.023844259748834
 20
6.263403256295048
 10
33.02342711021906
 20
6.260907309959994
 10
33.023008916124105
 20
6.258409233198803
 10
33.022589678497184
 20
6.255909018440718
 10
33.022169398374096
 20
6.253406658035129
 10
33.02174807679326
 20
6.250902144250647
 10
33.021325714795644
 20
6.248395469274151
 10
33.02090231342484
 20
6.245886625209833
 10
33.02047787372699
 20
6.24337560407823
 10
33.02005239675084
 20
6.240862397815221
 10
33.01962588354771
 20
6.238346998271049
 10
33.01919833517149
 20
6.235829397209289
 10
33.01876975267864
 20
6.233309586305806
 10
33.018340137128206
 20
6.230787557147739
 10
33.0179094895818
 20
6.2282633012324045
 10
33.01747781110358
 20
6.225736809966236
 10
33.01704510276031
 20
6.223208074663688
 10
33.01661136562128
 20
6.220677086546112
 10
33.01617660075836
 20
6.218143836740631
 10
33.01574080924596
 20
6.2156083162790114
 10
33.01530399216107
 20
6.213070516096459
 10
33.014866150583224
 20
6.210530427030485
 10
33.01442728559449
 20
6.207988039819659
 10
33.01398739827952
 20
6.205443345102427
 10
33.01354648972547
 20
6.202896333415845
 10
33.013104561022075
 20
6.200346995194346
 10
33.0126616132616
 20
6.197795320768434
 10
33.01221764753885
 20
6.195241300363412
 10
33.01177266495116
 20
6.1926849240980575
 10
33.011326666598414
 20
6.190126181983274
 10
33.010879653583025
 20
6.187565063920739
 10
33.010431627009936
 20
6.18500155970152
 10
33.009982587986606
 20
6.1824356590046685
 10
33.00953253762304
 20
6.179867351395805
 10
33.009081477031756
 20
6.1772966263256475
 10
33.0086294073278
 20
6.174723473128557
 10
33.00817632962873
 20
6.172147881021042
 10
33.00772224505464
 20
6.1695698391002205
 10
33.0072671547281
 20
6.166989336342292
 10
33.00681105977422
 20
6.164406361600951
 10
33.006353961320634
 20
6.161820903605802
 10
33.00589586049747
 20
6.159232950960737
 10
33.005436758437334
 20
6.156642492142269
 10
33.00497665627539
 20
6.154049515497869
 10
33.00451555514926
 20
6.151454009244261
 10
33.00405345619909
 20
6.14885596146568
 10
33.00359036056751
 20
6.146255360112111
 10
33.003126269399644
 20
6.143652192997505
 10
33.00266118384313
 20
6.141046447797936
 10
33.00219510504807
 20
6.1384381120497675
 10
33.00172803416707
 20
6.135827173147754
 10
33.00125997235522
 20
6.133213618343136
 10
33.0007909207701
 20
6.130597434741668
 10
33.00032088057175
 20
6.127978609301662
 10
32.999849852922715
 20
6.125357128831939
 10
32.99937783898801
 20
6.122732979989799
 10
32.99890483993512
 20
6.120106149278925
 10
32.998430856934014
 20
6.117476623047249
 10
32.99795589115712
 20
6.114844387484805
 10
32.99747994377934
 20
6.112209428621505
 10
32.99700301597806
 20
6.109571732324927
 10
32.9965251089331
 20
6.106931284298011
 10
32.996046223826774
 20
6.104288070076758
 10
32.99556636184384
 20
6.101642075027849
 10
32.99508552417152
 20
6.098993284346264
 10
32.99460371199949
 20
6.096341683052827
 10
32.99412092651989
 20
6.0936872559916875
 10
32.99363716892731
 20
6.091029987827835
 10
32.993152440418775
 20
6.088369863044476
 10
32.99266674219379
 20
6.085706865940418
 10
32.99218007545429
 20
6.083040980627403
 10
32.99169244140465
 20
6.080372191027356
 10
32.9912038412517
 20
6.077700480869641
 10
32.99071427620472
 20
6.0750258336881835
 10
32.9902237474754
 20
6.072348232818653
 10
32.9897322562779
 20
6.069667661395462
 10
32.989239803828795
 20
6.066984102348833
 10
32.988746391347114
 20
6.064297538401709
 10
32.98825202005431
 20
6.0616079520666695
 10
32.987756691174255
 20
6.058915325642774
 10
32.98726040593327
 20
6.056219641212313
 10
32.9867631655601
 20
6.0535208806375564
 10
32.986264971285905
 20
6.050819025557372
 10
32.985765824344284
 20
6.048114057383835
 10
32.985265725971246
 20
6.045405957298738
 10
32.98476467740524
 20
6.042694706250053
 10
32.98426267988711
 20
6.039980284948319
 10
32.98375973466013
 20
6.037262673862926
 10
32.98325584297002
 20
6.034541853218395
 10
32.98275100606485
 20
6.031817802990518
 10
32.98224522519518
 20
6.029090502902463
 10
32.981738501613926
 20
6.02635993242077
 10
32.981230836576444
 20
6.0236260707513
 10
32.980722231340486
 20
6.0208888968350704
 10
32.98021268716623
 20
6.018148389344044
 10
32.97970220531624
 20
6.015404526676781
 10
32.97919078705551
 20
6.012657286954047
 10
32.97867843365142
 20
6.0099066480143275
 10
32.97816514637376
 20
6.007152587409209
 10
32.97765092649474
 20
6.004395082398722
 10
32.97713577528895
 20
6.001634109946544
 10
32.976619694033396
 20
5.998869646715128
 10
32.97610268400748
 20
5.9961016690607005
 10
32.975584746493006
 20
5.993330153028203
 10
32.97506588277417
 20
5.990555074346077
 10
32.97454609413757
 20
5.987776408420953
 10
32.97402538187222
 20
5.984994130332253
 10
32.9735037472695
 20
5.982208214826637
 10
32.97298119162321
 20
5.979418636312367
 10
32.97245771622954
 20
5.976625368853517
 10
32.97193332238708
 20
5.9738283861640795
 10
32.971408011396804
 20
5.971027661601939
 10
32.970881784562096
 20
5.968223168162705
 10
32.97035464318873
 20
5.965414878473423
 10
32.969826588584866
 20
5.962602764786135
 10
32.969297622061084
 20
5.959786798971301
 10
32.96876774493033
 20
5.95696695251108
 10
32.968236958507966
 20
5.954143196492446
 10
32.96770526411175
 20
5.951315501600165
 10
32.967172663061824
 20
5.948483838109604
 10
32.966639156680735
 20
5.945648175879378
 10
32.96610474629343
 20
5.942808484343831
 10
32.96556943322725
 20
5.9399647325053415
 10
32.96503321881194
 20
5.937116888926454
 10
32.964496104379634
 20
5.934264921721824
 10
32.963958091264885
 20
5.93140879854998
 10
32.96341918080463
 20
5.9285484866048925
 10
32.96287937433822
 20
5.925683952607343
 10
32.96233867320741
 20
5.922815162796063
 10
32.96179707875636
 20
5.9199420829187535
 10
32.96125459233165
 20
5.917064678222742
 10
32.96071121528224
 20
5.914182913445548
 10
32.960166948959525
 20
5.9112967528051845
 10
32.95962179471732
 20
5.908406159990154
 10
32.95907575391185
 20
5.9055110981493035
 10
32.958528827901745
 20
5.902611529881373
 10
32.95798101804807
 20
5.899707417224295
 10
32.95743232571432
 20
5.896798721644232
 10
32.9568827522664
 20
5.893885404024333
 10
32.95633229907267
 20
5.890967424653248
 10
32.955780967503905
 20
5.888044743213279
 10
32.955228758933316
 20
5.885117318768301
 10
32.95467567473657
 20
5.88218510975135
 10
32.95412171629178
 20
5.87924807395188
 10
32.95356688497949
 20
5.876306168502708
 10
32.95301118218272
 20
5.873359349866636
 10
32.95245460928694
 20
5.870407573822679
 10
32.95189716768009
 20
5.867450795451988
 10
32.951338858752564
 20
5.864488969123348
 10
32.95077968389726
 20
5.8615220484783555
 10
32.95021964450953
 20
5.858549986416123
 10
32.949658741987236
 20
5.855572735077679
 10
32.94909697773072
 20
5.852590245829822
 10
32.94853435314283
 20
5.849602469248644
 10
32.94797086962893
 20
5.846609355102561
 10
32.94740652859689
 20
5.843610852334868
 10
32.946841331457115
 20
5.840606909045838
 10
32.946275279622526
 20
5.8375974724743305
 10
32.94570837450861
 20
5.834582488978823
 10
32.94514061753338
 20
5.831561904018029
 10
32.94457201011744
 20
5.828535662130855
 10
32.94400255368393
 20
5.825503706915828
 10
32.9434322496586
 20
5.822465981009986
 10
32.94286109946978
 20
5.819422426067073
 10
32.942289104548415
 20
5.816372982735185
 10
32.94171626632805
 20
5.81331759063369
 10
32.94114258624488
 20
5.8102561883295545
 10
32.94056806573773
 20
5.807188713312904
 10
32.93999270624808
 20
5.80411510197189
 10
32.939416509220095
 20
5.801035289566808
 10
32.93883947610063
 20
5.7979492102034325
 10
32.938261608339225
 20
5.794856796805548
 10
32.93768290738815
 20
5.791757981086633
 10
32.937103374702424
 20
5.788652693520705
 10
32.936523011739816
 20
5.7855408633122245
 10
32.93594181996086
 20
5.782422418365119
 10
32.9353598008289
 20
5.779297285250799
 10
32.9347769558101
 20
5.776165389175164
 10
32.93419328637345
 20
5.773026653944612
 10
32.93360879399083
 20
5.769881001930893
 10
32.933023480136974
 20
5.766728354034916
 10
32.932437346289554
 20
5.763568629649306
 10
32.931850393929174
 20
5.7604017466198245
 10
32.9312626245394
 20
5.757227621205422
 10
32.93067403960681
 20
5.754046168037087
 10
32.930084640621
 20
5.750857300075249
 10
32.92949442907461
 20
5.747660928565767
 10
32.92890340646341
 20
5.744456962994457
 10
32.92831157428627
 20
5.741245311040052
 10
32.92771893404523
 20
5.738025878525558
 10
32.92712548724555
 20
5.734798569367947
 10
32.92653123539569
 20
5.731563285526069
 10
32.92593618000746
 20
5.728319926946779
 10
32.92534032259595
 20
5.725068391509117
 10
32.92474366467964
 20
5.721808574966575
 10
32.92414620778045
 20
5.718540370887207
 10
32.923547953423764
 20
5.715263670591634
 10
32.9229489031385
 20
5.7119783630887975
 10
32.92234905845715
 20
5.708684335009302
 10
32.921748420915875
 20
5.705381470536385
 10
32.92114699205453
 20
5.702069651334189
 10
32.920544773416744
 20
5.698748756473472
 10
32.91994176654999
 20
5.6954186623544025
 10
32.919337973005646
 20
5.69207924262644
 10
32.91873339433909
 20
5.688730368105153
 10
32.91812803210976
 20
5.6853719066857655
 10
32.91752188788125
 20
5.6820037232533585
 10
32.91691496322138
 20
5.6786256795894765
 10
32.916307259702315
 20
5.675237634275064
 10
32.91569877890064
 20
5.671839442589423
 10
32.91508952239749
 20
5.668430956405207
 10
32.9144794917786
 20
5.665012024078954
 10
32.91386868863449
 20
5.66158249033723
 10
32.91325711456053
 20
5.658142196157977
 10
32.912644771157105
 20
5.654690978646874
 10
32.91203166002972
 20
5.651228670908454
 10
32.911417782789144
 20
5.6477551019117245
 10
32.910803141051574
 20
5.644270096349965
 10
32.910187736438786
 20
5.640773474494405
 10
32.90957157057828
 20
5.6372650520414425
 10
32.90895464510348
 20
5.633744639953129
 10
32.90833696165391
 20
5.630212044290422
 10
32.90771852187539
 20
5.626667066038912
 10
32.90709932742023
 20
5.62310950092657
 10
32.90647937994746
 20
5.619539139233052
 10
32.90585868112309
 20
5.615955765590081
 10
32.905237232620294
 20
5.612359158772454
 10
32.904615036119715
 20
5.608749091479047
 10
32.90399209330973
 20
5.605125330103231
 10
32.90336840588675
 20
5.601487634492161
 10
32.90274397555552
 20
5.5978357576942255
 10
32.90211880402946
 20
5.594169445693844
 10
32.90149289303101
 20
5.590488437133004
 10
32.90086624429201
 20
5.586792463018599
 10
32.9002388595541
 20
5.583081246414732
 10
32.89961074056914
 20
5.579354502118959
 10
32.89898188909967
 20
5.575611936321556
 10
32.8983523069194
 20
5.571853246246657
 10
32.89772199581369
 20
5.5680781197739755
 10
32.89709095758016
 20
5.564286235040033
 10
32.896459194029234
 20
5.560477260017276
 10
32.895826706984785
 20
5.556650852069812
 10
32.89519349828481
 20
5.552806657483957
 10
32.89455956978217
 20
5.548944310971945
 10
32.893924923345324
 20
5.545063435146898
 10
32.893289560859216
 20
5.54116363996699
 10
32.89265348422613
 20
5.537244522146527
 10
32.89201669536666
 20
5.533305664531603
 10
32.891379196220754
 20
5.529346635437653
 10
32.89074098874881
 20
5.525366987946003
 10
32.890102074932905
 20
5.521366259156334
 10
32.88946245677806
 20
5.517343969391612
 10
32.88882213631366
 20
5.513299621351792
 10
32.88818111559493
 20
5.509232699212155
 10
32.887539396704625
 20
5.505142667661824
 10
32.88689698175477
 20
5.501028970877628
 10
32.88625387288855
 20
5.49689103142777
 10
32.88561007228247
 20
5.492728249099563
 10
32.88496558214855
 20
5.488539999644503
 10
32.88432040473683
 20
5.4843256334337065
 10
32.88367454233804
 20
5.480084474015565
 10
32.88302799728654
 20
5.475815816566959
 10
32.8823807719635
 20
5.471518926228244
 10
32.881732868800405
 20
5.467193036311164
 10
32.881084290282935
 20
5.4628373463677775
 10
32.88043503895508
 20
5.45845102010693
 10
32.879785117423815
 20
5.454033183143369
 10
32.879134528364176
 20
5.449582920562906
 10
32.87848327452482
 20
5.445099274284776
 10
32.87783135873423
 20
5.440581240200525
 10
32.877178783907496
 20
5.436027765065521
 10
32.87652555305393
 20
5.4314377431169545
 10
32.87587166928538
 20
5.426810012387984
 10
32.87521713582559
 20
5.422143350684433
 10
32.87456195602052
 20
5.417436471185432
 10
32.87390613334996
 20
5.412688017624241
 10
32.873249671440455
 20
5.407896558999493
 10
32.87259257407976
 20
5.40306058375981
 10
32.87193484523316
 20
5.398178493396413
 10
32.871276489061785
 20
5.393248595368613
 10
32.87061750994327
 20
5.388269095275568
 10
32.86995791249517
 20
5.383238088174002
 10
32.86929770160149
 20
5.378153548925603
 10
32.86863688244291
 20
5.373013321438525
 10
32.86797546053121
 20
5.367815106644607
 10
32.867313441748756
 20
5.362556449026364
 10
32.86665083239376
 20
5.357234721474749
 10
32.865987639232486
 20
5.351847108218549
 10
32.865323869559624
 20
5.346390585517383
 10
32.864659531268344
 20
5.340861899750673
 10
32.86399463293197
 20
5.335257542461337
 10
32.86332918389956
 20
5.329573721822034
 10
32.862663194408306
 20
5.323806329878628
 10
32.86199667571629
 20
5.317950904783413
 10
32.861329640260145
 20
5.312002587051559
 10
32.860662101843204
 20
5.305956068646444
 10
32.85999407586153
 20
5.299805533407211
 10
32.85932557957682
 20
5.293544586954817
 10
32.858656632448465
 20
5.287166173719947
 10
32.85798725654018
 20
5.280662478087886
 10
32.85731747702192
 20
5.274024805792219
 10
32.85664732279464
 20
5.267243440526904
 10
32.85597682727497
 20
5.2603074691634335
 10
32.855306029390476
 20
5.2532045667728
 10
32.85463497485595
 20
5.245920729589419
 10
32.853963717829444
 20
5.23843993969376
 10
32.85329232308974
 20
5.230743738875833
 10
32.85262086894152
 20
5.222810679817932
 10
32.851949451155654
 20
5.214615608670391
 10
32.85127818841288
 20
5.206128711367723
 10
32.85060722998402
 20
5.197314221553615
 10
32.849936766829344
 20
5.188128631579567
 10
32.849267048091434
 20
5.178518152500951
 10
32.84859840641472
 20
5.168415000524226
 10
32.84793129834893
 20
5.1577317759974814
 10
32.84726637190681
 20
5.146352592616533
 10
32.846604586218206
 20
5.134118342949562
 10
32.84594743943533
 20
5.120800599153289
 10
32.845297446020645
 20
5.106051365014449
 10
32.84465927434522
 20
5.089294794410362
 10
32.84404301928697
 20
5.069452827026942
 10
32.84347695784855
 20
5.044046725751845
 10
32.843140908825454
 20
5.01526836747617
 10
32.843129626508514
 20
4.9866904392036915
 10
32.8431485995927
 20
4.983457503319623
 10
32.843180797177375
 20
4.979085790244158
 10
32.84323579067933
 20
4.973221607915625
 10
32.843330090877124
 20
4.965405863265305
 10
32.84349203945049
 20
4.955044806854296
 10
32.84376988259981
 20
4.941378022746858
 10
32.84424465646759
 20
4.923448083507525
 10
32.84501651355893
 20
4.900936144464426
 10
32.84574991986359
 20
4.88344299262258
 10
32.84646728311602
 20
4.868510340553023
 10
32.84717555085579
 20
4.855221497032096
 10
32.8478778435391
 20
4.843107776244721
 10
32.84857583922266
 20
4.83188970346173
 10
32.84927054497909
 20
4.821384203346153
 10
32.84996261203029
 20
4.811463407669961
 10
32.85065248497374
 20
4.80203373076359
 10
32.85134048014469
 20
4.793024186165001
 10
32.85202683005867
 20
4.784379387002568
 10
32.85271171016882
 20
4.776055116513753
 10
32.85339525576493
 20
4.768015399301568
 10
32.854077573073255
 20
4.760230493889855
 10
32.85475874678996
 20
4.752675474704726
 10
32.85543884533837
 20
4.7453292044656035
 10
32.856117924626396
 20
4.738173572926106
 10
32.8567960307885
 20
4.731192922025807
 10
32.857473202223424
 20
4.724373604443771
 10
32.85814947113315
 20
4.71770363950997
 10
32.85882486470218
 20
4.711172441416489
 10
32.85949940601269
 20
4.704770601962272
 10
32.860173114763285
 20
4.698489715009966
 10
32.86084600783937
 20
4.692322233254457
 10
32.86151809977021
 20
4.686261350310495
 10
32.86218940309834
 20
4.68030090284947
 10
32.86285992868077
 20
4.674435288765956
 10
32.86352968593618
 20
4.668659398274144
 10
32.864198683049366
 20
4.662968555519486
 10
32.86486692714141
 20
4.657358468806878
 10
32.86553442441203
 20
4.651825187939113
 10
32.866201180259566
 20
4.646365067461353
 10
32.86686719938237
 20
4.640974734841444
 10
32.86753248586517
 20
4.635651062798806
 10
32.86819704325275
 20
4.6303911451389785
 10
32.86886087461326
 20
4.625192275565559
 10
32.86952398259269
 20
4.620051929032895
 10
32.87018636946206
 20
4.614967745276679
 10
32.87084803715834
 20
4.609937514219095
 10
32.87150898732011
 20
4.604959162994281
 10
32.87216922131876
 20
4.600030744379339
 10
32.872828740285776
 20
4.595150426449168
 10
32.873487545136854
 20
4.590316483300453
 10
32.87414563659303
 20
4.585527286712728
 10
32.87480301519947
 20
4.580781298633435
 10
32.87545968134209
 20
4.576077064389506
 10
32.876115635262366
 20
4.571413206541468
 10
32.876770877070435
 20
4.56678841930718
 10
32.877425406756934
 20
4.562201463492167
 10
32.87807922420349
 20
4.557651161871183
 10
32.878732329192154
 20
4.5531363949730475
 10
32.87938472141391
 20
4.548656097226496
 10
32.88003640047634
 20
4.544209253429918
 10
32.88068736591047
 20
4.53979489551241
 10
32.88133761717702
 20
4.53541209955722
 10
32.88198715367207
 20
4.5310599830621685
 10
32.88263597473219
 20
4.526737702414297
 10
32.883284079639026
 20
4.522444450558696
 10
32.8839314676236
 20
4.518179454843589
 10
32.88457813787013
 20
4.513941975025526
 10
32.885224089519575
 20
4.509731301420642
 10
32.88586932167283
 20
4.505546753188851
 10
32.88651383339368
 20
4.501387676739703
 10
32.887157623711495
 20
4.497253444249371
 10
32.88780069162372
 20
4.493143452279593
 10
32.888443036098124
 20
4.48905712048999
 10
32.889084656074914
 20
4.484993890436313
 10
32.88972555046866
 20
4.480953224447608
 10
32.89036571817008
 20
4.476934604576052
 10
32.891005158047655
 20
4.472937531613995
 10
32.89164386894917
 20
4.4689615241726965
 10
32.8922818497031
 20
4.4650061178184375
 10
32.89291909911994
 20
4.461070864261441
 10
32.89355561599337
 20
4.457155330593887
 10
32.8941913991014
 20
4.453259098573314
 10
32.8948264472074
 20
4.449381763948297
 10
32.89546075906106
 20
4.445522935823228
 10
32.896094333399304
 20
4.441682236059574
 10
32.89672716894711
 20
4.437859298711099
 10
32.897359264418306
 20
4.4340537694906335
 10
32.89799061851628
 20
4.430265305266416
 10
32.89862122993468
 20
4.426493573585811
 10
32.89925109735803
 20
4.422738252224878
 10
32.89988021946235
 20
4.4189990287618395
 10
32.90050859491566
 20
4.415275600173128
 10
32.901136222378575
 20
4.411567672450453
 10
32.90176310050475
 20
4.407874960237556
 10
32.90238922794132
 20
4.404197186485553
 10
32.90301460332938
 20
4.40053408212558
 10
32.90363922530435
 20
4.396885385757754
 10
32.904263092496386
 20
4.393250843355513
 10
32.904886203530694
 20
4.389630207984321
 10
32.905508557027915
 20
4.386023239533978
 10
32.906130151604415
 20
4.382429704463674
 10
32.90675098587259
 20
4.378849375559152
 10
32.90737105844114
 20
4.375282031701145
 10
32.907990367915374
 20
4.371727457644597
 10
32.90860891289738
 20
4.368185443807954
 10
32.90922669198636
 20
4.364655786072064
 10
32.90984370377878
 20
4.3611382855880585
 10
32.910459946868635
 20
4.357632748593813
 10
32.911075419847606
 20
4.354138986238482
 10
32.91169012130527
 20
4.350656814414668
 10
32.9123040498293
 20
4.347186053597917
 10
32.91291720400561
 20
4.343726528692973
 10
32.91352958241851
 20
4.340278068886662
 10
32.9141411836509
 20
4.336840507506881
 10
32.914752006284374
 20
4.33341368188752
 10
32.9153620488994
 20
4.3299974332388915
 10
32.91597131007539
 20
4.326591606523529
 10
32.91657978839092
 20
4.323196050336948
 10
32.91718748242375
 20
4.319810616793294
 10
32.91779439075101
 20
4.316435161415422
 10
32.91840051194928
 20
4.3130695430294415
 10
32.91900584459468
 20
4.309713623663271
 10
32.919610387263006
 20
4.3063672684492325
 10
32.92021413852979
 20
4.303030345530351
 10
32.920817096970424
 20
4.299702725970206
 10
32.921419261160196
 20
4.296384283666248
 10
32.92202062967442
 20
4.293074895266319
 10
32.9226212010885
 20
4.289774440088312
 10
32.923220973978
 20
4.286482800042818
 10
32.9238199469187
 20
4.283199859558546
 10
32.92441811848669
 20
4.279925505510508
 10
32.925015487258456
 20
4.276659627150769
 10
32.92561205181087
 20
4.273402116041691
 10
32.92620781072134
 20
4.27015286599153
 10
32.92680276256777
 20
4.266911772992323
 10
32.92739690592872
 20
4.263678735159921
 10
32.92799023938338
 20
4.260453652676135
 10
32.92858276151165
 20
4.257236427732847
 10
32.9291744708942
 20
4.254026964478038
 10
32.92976536611251
 20
4.250825168963673
 10
32.93035544574888
 20
4.247630949095305
 10
32.93094470838654
 20
4.2444442145833685
 10
32.93153315260963
 20
4.241264876896149
 10
32.93212077700329
 20
4.238092849214208
 10
32.932707580153654
 20
4.234928046386374
 10
32.93329356064792
 20
4.231770384887133
 10
32.93387871707437
 20
4.228619782775398
 10
32.93446304802242
 20
4.225476159654612
 10
32.935046552082646
 20
4.222339436634077
 10
32.93562922784678
 20
4.219209536291604
 10
32.93621107390782
 20
4.216086382637199
 10
32.93679208885999
 20
4.212969901077989
 10
32.93737227129879
 20
4.209860018384205
 10
32.93795161982105
 20
4.206756662656191
 10
32.93853013302492
 20
4.203659763292435
 10
32.9391078095099
 20
4.200569250958582
 10
32.93968464787691
 20
4.197485057557351
 10
32.94026064672825
 20
4.194407116199401
 10
32.94083580466767
 20
4.1913353611750175
 10
32.94141012030038
 20
4.188269727926648
 10
32.94198359223307
 20
4.185210153022289
 10
32.94255621907393
 20
4.1821565741295785
 10
32.943127999432654
 20
4.179108929990692
 10
32.943698931920515
 20
4.1760671603979365
 10
32.94426901515033
 20
4.1730312061700845
 10
32.944838247736506
 20
4.170001009129307
 10
32.94540662829503
 20
4.166976512078856
 10
32.94597415544354
 20
4.163957658781283
 10
32.94654082780127
 20
4.1609443939373305
 10
32.94710664398916
 20
4.157936663165381
 10
32.94767160262977
 20
4.154934412981489
 10
32.948235702347375
 20
4.1519375907799585
 10
32.94879894176795
 20
4.148946144814418
 10
32.94936131951917
 20
4.14596002417948
 10
32.94992283423045
 20
4.142979178792824
 10
32.95048348453297
 20
4.140003559377801
 10
32.95104326905963
 20
4.137033117446501
 10
32.95160218644514
 20
4.134067805283251
 10
32.95216023532599
 20
4.131107575928556
 10
32.952717414340455
 20
4.128152383163469
 10
32.95327372212864
 20
4.125202181494366
 10
32.953829157332464
 20
4.122256926138115
 10
32.95438371859568
 20
4.119316573007617
 10
32.95493740456391
 20
4.116381078697737
 10
32.955490213884616
 20
4.113450400471574
 10
32.95604214520714
 20
4.11052449624711
 10
32.95659319718271
 20
4.107603324584153
 10
32.95714336846444
 20
4.104686844671649
 10
32.95769265770736
 20
4.101775016315278
 10
32.95824106356841
 20
4.098867799925381
 10
32.95878858470644
 20
4.095965156505184
 10
32.95933521978225
 20
4.093067047639283
 10
32.95988096745858
 20
4.090173435482464
 10
32.96042582640013
 20
4.087284282748727
 10
32.960969795273556
 20
4.0843995527006465
 10
32.961512872747484
 20
4.081519209138919
 10
32.96205505749253
 20
4.07864321639223
 10
32.96259634818128
 20
4.075771539307302
 10
32.96313674348834
 20
4.07290414323921
 10
32.96367624209032
 20
4.070040994041929
 10
32.96421484266583
 20
4.067182058059079
 10
32.96475254389552
 20
4.064327302114908
 10
32.96528934446205
 20
4.061476693505492
 10
32.96582524305014
 20
4.058630199990083
 10
32.966360238346546
 20
4.055787789782749
 10
32.96689432904008
 20
4.052949431544111
 10
32.96742751382161
 20
4.050115094373336
 10
32.96795979138408
 20
4.047284747800266
 10
32.96849116042251
 20
4.044458361777764
 10
32.96902161963399
 20
4.041635906674202
 10
32.969551167717725
 20
4.038817353266121
 10
32.97007980337498
 20
4.036002672731078
 10
32.97060752530916
 20
4.033191836640622
 10
32.97113433222575
 20
4.030384816953438
 10
32.971660222832384
 20
4.027581586008631
 10
32.97218519583878
 20
4.024782116519197
 10
32.972709249956814
 20
4.02198638156556
 10
32.97323238390049
 20
4.019194354589326
 10
32.973754596385945
 20
4.01640600938714
 10
32.97427588613147
 20
4.013621320104635
 10
32.97479625185752
 20
4.010840261230598
 10
32.97531569228669
 20
4.0080628075911795
 10
32.97583420614375
 20
4.005288934344265
 10
32.97635179215564
 20
4.002518616973954
 10
32.97686844905148
 20
3.999751831285163
 10
32.97738417556257
 20
3.9969885533983254
 10
32.97789897042239
 20
3.994228759744213
 10
32.97841283236663
 20
3.9914724270588815
 10
32.97892576013316
 20
3.9887195323786573
 10
32.97943775246207
 20
3.9859700530353255
 10
32.97994880809564
 20
3.9832239666513196
 10
32.9804589257784
 20
3.9804812511350685
 10
32.98096810425706
 20
3.97774188467642
 10
32.981476342280565
 20
3.975005845742153
 10
32.98198363860011
 20
3.9722731130715756
 10
32.98248999196911
 20
3.96954366567224
 10
32.98299540114321
 20
3.966817482815695
 10
32.983499864880315
 20
3.9640945440333777
 10
32.98400338194058
 20
3.9613748291125273
 10
32.984505951086405
 20
3.958658318092229
 10
32.98500757108245
 20
3.955944991259515
 10
32.98550824069564
 20
3.953234829145531
 10
32.98600795869517
 20
3.9505278125218055
 10
32.986506723852514
 20
3.9478239223965543
 10
32.987004534941406
 20
3.9451231400110807
 10
32.98750139073788
 20
3.9424254468362525
 10
32.987997290020246
 20
3.9397308245690343
 10
32.98849223156911
 20
3.9370392551290507
 10
32.988986214167376
 20
3.9343507206552895
 10
32.989479236600225
 20
3.931665203502817
 10
32.989971297655174
 20
3.928982686239534
 10
32.990462396122034
 20
3.9263031516430704
 10
32.99095253079292
 20
3.9236265826976577
 10
32.99144170046227
 20
3.9209529625910937
 10
32.991929903926845
 20
3.918282274711782
 10
32.99241713998574
 20
3.9156145026457736
 10
32.99290340744036
 20
3.9129496301739266
 10
32.99338870509445
 20
3.91028764126908
 10
32.993873031754106
 20
3.9076285200932617
 10
32.99435638622774
 20
3.9049722509949936
 10
32.99483876732613
 20
3.9023188185066067
 10
32.99532017386239
 20
3.8996682073416444
 10
32.995800604652
 20
3.897020402392262
 10
32.99628005851278
 20
3.8943753887267114
 10
32.99675853426493
 20
3.8917331515868536
 10
32.99723603073099
 20
3.889093676385725
 10
32.9977125467359
 20
3.8864569487051286
 10
32.99818808110694
 20
3.8838229542933043
 10
32.998662632673785
 20
3.881191679062587
 10
32.999136200268495
 20
3.8785631090871515
 10
32.9996087827255
 20
3.875937230600787
 10
33.00008037888162
 20
3.87331402999468
 10
33.00055098757606
 20
3.870693493815274
 10
33.00102060765043
 20
3.868075608762161
 10
33.001489237948746
 20
3.8654603616859706
 10
33.001956877317404
 20
3.862847739586342
 10
33.00242352460521
 20
3.8602377296099144
 10
33.002889178663395
 20
3.8576303190483383
 10
33.00335383834559
 20
3.8550254953363403
 10
33.00381750250783
 20
3.8524232460497974
 10
33.0042801700086
 20
3.8498235589038723
 10
33.00474183970878
 20
3.8472264217511727
 10
33.00520251047168
 20
3.8446318225798937
 10
33.00566218116307
 20
3.842039749512092
 10
33.00612085065111
 20
3.839450190801861
 10
33.00657851780641
 20
3.8368631348336635
 10
33.00703518150205
 20
3.83427857012059
 10
33.0074908406135
 20
3.831696485302702
 10
33.00794549401872
 20
3.829116869145392
 10
33.00839914059811
 20
3.8265397105377525
 10
33.008851779234504
 20
3.8239649984909914
 10
33.009303408813224
 20
3.8213927221368715
 10
33.00975402822202
 20
3.8188228707261604
 10
33.01020363635112
 20
3.8162554336271093
 10
33.01065223209323
 20
3.8136904003239893
 10
33.011099814343495
 20
3.8111277604155767
 10
33.01154638199957
 20
3.8085675036137605
 10
33.01199193396155
 20
3.806009619742076
 10
33.01243646913204
 20
3.803454098734342
 10
33.012879986416095
 20
3.8009009306332437
 10
33.01332248472129
 20
3.7983501055890203
 10
33.01376396295767
 20
3.7958016138580986
 10
33.01420442003776
 20
3.793255445801792
 10
33.0146438548766
 20
3.7907115918850067
 10
33.01508226639172
 20
3.7881700426749685
 10
33.01551965350316
 20
3.7856307888399554
 10
33.01595601513345
 20
3.7830938211480927
 10
33.01639135020763
 20
3.7805591304661084
 10
33.01682565765324
 20
3.778026707758162
 10
33.017258936400374
 20
3.7754965440846338
 10
33.01769118538159
 20
3.772968630600997
 10
33.018122403532
 20
3.77044295855665
 10
33.01855258978921
 20
3.767919519293814
 10
33.01898174309339
 20
3.7653983042464025
 10
33.0194098623872
 20
3.762879304938936
 10
33.019836946615854
 20
3.7603625129854725
 10
33.020262994727084
 20
3.757847920088542
 10
33.020688005671175
 20
3.755335518038102
 10
33.02111197840093
 20
3.75282529871051
 10
33.021534911871726
 20
3.75031725406751
 10
33.02195680504145
 20
3.747811376155239
 10
33.02237765687056
 20
3.7453076571032327
 10
33.02279746632206
 20
3.742806089123457
 10
33.02321623236151
 20
3.7403066645093688
 10
33.023633953957024
 20
3.73780937563496
 10
33.024050630079266
 20
3.7353142149538296
 10
33.02446625970148
 20
3.7328211749982705
 10
33.02488084179946
 20
3.7303302483783796
 10
33.025294375351585
 20
3.7278414277811436
 10
33.02570685933879
 20
3.7253547059696013
 10
33.026118292744584
 20
3.7228700757819446
 10
33.02652867455507
 20
3.7203875301306875
 10
33.0269380037589
 20
3.7179070620018253
 10
33.027346279347334
 20
3.7154286644540004
 10
33.027753500314205
 20
3.7129523306176972
 10
33.028159665655934
 20
3.7104780536944286
 10
33.02856477437153
 20
3.708005826955957
 10
33.028968825462606
 20
3.7055356437434908
 10
33.02937181793335
 20
3.7030674974669395
 10
33.02977375079058
 20
3.700601381604147
 10
33.03017462304367
 20
3.69813728970012
 10
33.03057443370464
 20
3.6956752153663217
 10
33.03097318178809
 20
3.693215152279925
 10
33.031370866311235
 20
3.6907570941831036
 10
33.0317674862939
 20
3.6883010348823078
 10
33.03216304075854
 20
3.6858469682475814
 10
33.032557528730194
 20
3.6833948882118683
 10
33.03295094923655
 20
3.6809447887703284
 10
33.03334330130791
 20
3.6784966639796695
 10
33.03373458397718
 20
3.6760505079574806
 10
33.03412479627992
 20
3.673606314881595
 10
33.0345139372543
 20
3.671164078989424
 10
33.03490200594115
 20
3.6687237945773363
 10
33.03528900138389
 20
3.666285456000029
 10
33.035674922628615
 20
3.6638490576699105
 10
33.03605976872404
 20
3.661414594056473
 10
33.03644353872153
 20
3.658982059685721
 10
33.036826231675086
 20
3.6565514491395525
 10
33.037207846641365
 20
3.654122757055185
 10
33.03758838267967
 20
3.651695978124562
 10
33.037967838851955
 20
3.6492711070937993
 10
33.038346214222834
 20
3.646848138762616
 10
33.038723507859565
 20
3.6444270679837762
 10
33.03909971883208
 20
3.642007889662537
 10
33.039474846212954
 20
3.6395905987561044
 10
33.03984888907745
 20
3.6371751902731217
 10
33.04022184650348
 20
3.6347616592731047
 10
33.040593717571625
 20
3.632350000865948
 10
33.040964501365146
 20
3.629940210211398
 10
33.04133419696998
 20
3.627532282518553
 10
33.04170280347472
 20
3.625126213045358
 10
33.042070319970655
 20
3.6227219970981057
 10
33.04243674555176
 20
3.6203196300309504
 10
33.042802079314676
 20
3.6179191072454255
 10
33.04316632035874
 20
3.615520424189971
 10
33.04352946778598
 20
3.6131235763594622
 10
33.043891520701095
 20
3.6107285592947376
 10
33.0442524782115
 20
3.608335368582141
 10
33.04461233942729
 20
3.6059439998530856
 10
33.04497110346126
 20
3.6035544487835773
 10
33.04532876942891
 20
3.6011667110938044
 10
33.04568533644844
 20
3.5987807825476734
 10
33.04604080364075
 20
3.5963966589524015
 10
33.04639517012945
 20
3.5940143361580708
 10
33.04674843504085
 20
3.591633810057223
 10
33.04710059750398
 20
3.5892550765844398
 10
33.04745165665058
 20
3.586878131715924
 10
33.047801611615114
 20
3.5845029714691083
 10
33.04815046153474
 20
3.582129591902244
 10
33.04849820554936
 20
3.579757989114018
 10
33.04884484280159
 20
3.5773881592431414
 10
33.04919037243676
 20
3.5750200984679896
 10
33.04953479360295
 20
3.572653803006202
 10
33.049878105450944
 20
3.5702892691143155
 10
33.05022030713426
 20
3.567926493087379
 10
33.05056139780916
 20
3.565565471258612
 10
33.05090137663465
 20
3.5632061999990112
 10
33.051240242772444
 20
3.560848675717006
 10
33.05157799538701
 20
3.5584928948581087
 10
33.051914633645566
 20
3.5561388539045558
 10
33.05225015671806
 20
3.5537865493749674
 10
33.052584563777195
 20
3.551435977823994
 10
33.05291785399842
 20
3.5490871358419973
 10
33.05325002655993
 20
3.5467400200546955
 10
33.05358108064267
 20
3.544394627122845
 10
33.05391101543036
 20
3.5420509537419136
 10
33.05423983010944
 20
3.539708996641754
 10
33.05456752386914
 20
3.537368752586291
 10
33.05489409590143
 20
3.5350302183731888
 10
33.055219545401066
 20
3.53269339083357
 10
33.05554387156554
 20
3.5303582668316746
 10
33.05586707359513
 20
3.52802484326458
 10
33.05618915069288
 20
3.525693117061894
 10
33.0565101020646
 20
3.5233630851854416
 10
33.056829926918866
 20
3.5210347446289916
 10
33.05714862446705
 20
3.518708092417965
 10
33.057466193923275
 20
3.516383125609125
 10
33.05778263450446
 20
3.5140598412903215
 10
33.05809794543031
 20
3.5117382365801912
 10
33.0584121259233
 20
3.509418308627886
 10
33.05872517520868
 20
3.507100054612799
 10
33.05903709251451
 20
3.5047834717442896
 10
33.05934787707162
 20
3.5024685572614196
 10
33.059657528113654
 20
3.500155308432684
 10
33.059966044877015
 20
3.497843722555748
 10
33.06027342660093
 20
3.495533796957197
 10
33.0605796725274
 20
3.4932255289922596
 10
33.06088478190125
 20
3.4909189160445795
 10
33.06118875397008
 20
3.4886139555259383
 10
33.0614915879843
 20
3.4863106448760233
 10
33.06179328319714
 20
3.484008981562181
 10
33.062093838864605
 20
3.481708963079175
 10
33.06239325424554
 20
3.4794105869489336
 10
33.062691528601576
 20
3.4771138507203245
 10
33.06298866119717
 20
3.4748187519689164
 10
33.06328465129958
 20
3.472525288296743
 10
33.06357949817889
 20
3.4702334573320757
 10
33.063873201108
 20
3.467943256729205
 10
33.06416575936262
 20
3.4656546841681983
 10
33.0644571722213
 20
3.4633677373546865
 10
33.064747438965384
 20
3.4610824140196446
 10
33.065036558879065
 20
3.4587987119191723
 10
33.06532453124935
 20
3.4565166288342777
 10
33.06561135536608
 20
3.454236162570666
 10
33.065897030521924
 20
3.451957310958525
 10
33.06618155601238
 20
3.4496800718523204
 10
33.06646493113578
 20
3.447404443130588
 10
33.0667471551933
 20
3.4451304226957262
 10
33.06702822748893
 20
3.4428580084738023
 10
33.06730814732953
 20
3.4405871984143417
 10
33.06758691402478
 20
3.438317990490127
 10
33.0678645268872
 20
3.4360503826970303
 10
33.06814098523217
 20
3.433784373053781
 10
33.068416288377904
 20
3.4315199596017987
 10
33.068690435645465
 20
3.429257140404996
 10
33.06896342635877
 20
3.426995913549595
 10
33.069235259844575
 20
3.4247362771439285
 10
33.0695059354325
 20
3.422478229318279
 10
33.06977545245502
 20
3.420221768224666
 10
33.070043810247455
 20
3.417966892036694
 10
33.070311008147996
 20
3.415713598949366
 10
33.07057704549768
 20
3.413461887178892
 10
33.07084192164041
 20
3.4112117549625296
 10
33.07110563592296
 20
3.408963200558415
 10
33.07136818769496
 20
3.406716222245377
 10
33.071629576308894
 20
3.4044708183227703
 10
33.07188980112014
 20
3.4022269871103283
 10
33.07214886148693
 20
3.3999847269479595
 10
33.072406756770356
 20
3.397744036195628
 10
33.07266348633441
 20
3.3955049132331485
 10
33.07291904954594
 20
3.3932673564600506
 10
33.07317344577466
 20
3.3910313642954115
 10
33.07342667439317
 20
3.388796935177705
 10
33.07367873477697
 20
3.386564067564631
 10
33.073929626304405
 20
3.38433275993298
 10
33.07417934835673
 20
3.382103010778458
 10
33.074427900318064
 20
3.3798748186155523
 10
33.07467528157542
 20
3.3776481819773734
 10
33.074921491518694
 20
3.3754230994155083
 10
33.07516652954068
 20
3.373199569499871
 10
33.075410395037046
 20
3.37097759081856
 10
33.07565308740635
 20
3.368757161977717
 10
33.07589460605007
 20
3.366538281601372
 10
33.07613495037255
 20
3.3643209483313132
 10
33.07637411978103
 20
3.3621051608269417
 10
33.07661211368566
 20
3.359890917765128
 10
33.07684893149949
 20
3.357678217840097
 10
33.07708457263846
 20
3.355467059763253
 10
33.077319036521416
 20
3.353257442263084
 10
33.0775523225701
 20
3.3510493640850045
 10
33.077784430209164
 20
3.3488428239912285
 10
33.07801535886618
 20
3.346637820760641
 10
33.0782451079716
 20
3.344434353188669
 10
33.078473676958794
 20
3.342232420087149
 10
33.07870106526406
 20
3.3400320202842018
 10
33.07892727232659
 20
3.337833152624106
 10
33.07915229758848
 20
3.3356358159671773
 10
33.07937614049476
 20
3.3334400091896326
 10
33.07959880049337
 20
3.3312457311834844
 10
33.07982027703516
 20
3.329052980856412
 10
33.08004056957391
 20
3.3268617571316295
 10
33.08025967756631
 20
3.3246720589477867
 10
33.08047760047198
 20
3.3224838852588405
 10
33.08069433775344
 20
3.3202972350339355
 10
33.08090988887617
 20
3.3181121072572966
 10
33.081124253308545
 20
3.315928500928109
 10
33.08133743052188
 20
3.3137464150603977
 10
33.08154941999041
 20
3.311565848682932
 10
33.08176022119131
 20
3.309386800839105
 10
33.08196983360468
 20
3.3072092705868137
 10
33.08217825671355
 20
3.3050332569983674
 10
33.08238549000389
 20
3.3028587591603555
 10
33.082591532964585
 20
3.3006857761735784
 10
33.08279638508748
 20
3.298514307152896
 10
33.083000045867344
 20
3.29634435122715
 10
33.08320251480188
 20
3.2941759075390564
 10
33.08340379139176
 20
3.2920089752450954
 10
33.08360387514055
 20
3.2898435535154107
 10
33.08380276555478
 20
3.287679641533705
 10
33.08400046214394
 20
3.2855172384971496
 10
33.084196964420435
 20
3.2833563436162736
 10
33.084392271899645
 20
3.281196956114867
 10
33.08458638409987
 20
3.2790390752298872
 10
33.08477930054237
 20
3.276882700211358
 10
33.084971020751354
 20
3.2747278303222727
 10
33.085161544253985
 20
3.2725744648385
 10
33.08535087058037
 20
3.27042260304869
 10
33.08553899926357
 20
3.2682722442541756
 10
33.085725929839604
 20
3.2661233877688876
 10
33.08591166184744
 20
3.2639760329192606
 10
33.08609619482902
 20
3.2618301790441304
 10
33.086279528329214
 20
3.2596858254946603
 10
33.086461661895875
 20
3.257542971634237
 10
33.0866425950798
 20
3.2554016168383884
 10
33.08682232743476
 20
3.253261760494701
 10
33.08700085851748
 20
3.2511234020027207
 10
33.08717818788764
 20
3.2489865407738705
 10
33.0873543151079
 20
3.2468511762313703
 10
33.08752923974389
 20
3.2447173078101406
 10
33.08770296136418
 20
3.2425849349567297
 10
33.08787547954032
 20
3.240454057129221
 10
33.08804679384684
 20
3.2383246737971607
 10
33.08821690386123
 20
3.2361967844414607
 10
33.088385809163945
 20
3.2340703885543265
 10
33.08855350933842
 20
3.2319454856391756
 10
33.088720003971055
 20
3.2298220752105573
 10
33.08888529265123
 20
3.2277001567940733
 10
33.089049374971296
 20
3.22557972992629
 10
33.08921225052659
 20
3.2234607941546773
 10
33.08937391891541
 20
3.221343349037518
 10
33.08953437973904
 20
3.2192273941438367
 10
33.089693632601744
 20
3.2171129290533163
 10
33.08985167711076
 20
3.214999953356233
 10
33.0900085128763
 20
3.2128884666533777
 10
33.09016413951159
 20
3.210778468555973
 10
33.0903185566328
 20
3.2086699586856158
 10
33.09047176385911
 20
3.2065629366741852
 10
33.090623760812655
 20
3.204457402163788
 10
33.09077454711859
 20
3.2023533548066805
 10
33.09092412240504
 20
3.200250794265183
 10
33.09107248630311
 20
3.1981497202116342
 10
33.091219638446915
 20
3.1960501323283044
 10
33.09136557847353
 20
3.193952030307333
 10
33.091510306023046
 20
3.191855413850649
 10
33.09165382073853
 20
3.1897602826699236
 10
33.09179612226604
 20
3.1876666364864734
 10
33.09193721025464
 20
3.1855744750312214
 10
33.09207708435638
 20
3.1834837980446125
 10
33.0922157442263
 20
3.1813946052765587
 10
33.09235318952244
 20
3.179306896486356
 10
33.09248941990584
 20
3.177220671442644
 10
33.09262443504052
 20
3.1751359299233197
 10
33.09275823459352
 20
3.1730526717154834
 10
33.092890818234864
 20
3.170970896615378
 10
33.09302218563759
 20
3.1688906044283174
 10
33.093152336477715
 20
3.166811794968626
 10
33.09328127043427
 20
3.164734468059587
 10
33.09340898718929
 20
3.162658623533365
 10
33.09353548642782
 20
3.1605842612309605
 10
33.093660767837875
 20
3.1585113810021372
 10
33.09378483111051
 20
3.1564399827053666
 10
33.093907675939775
 20
3.15437006620777
 10
33.09402930202272
 20
3.152301631385053
 10
33.0941497090594
 20
3.150234678121458
 10
33.094268896752894
 20
3.1481692063096993
 10
33.09438686480926
 20
3.1461052158508984
 10
33.094503612937594
 20
3.1440427066545418
 10
33.09461914084998
 20
3.141981678638415
 10
33.09473344826153
 20
3.139922131728543
 10
33.09484653489036
 20
3.137864065859146
 10
33.09495840045758
 20
3.135807480972572
 10
33.09506904468734
 20
3.1337523770192437
 10
33.0951784673068
 20
3.1316987539576147
 10
33.09528666804611
 20
3.129646611754101
 10
33.095393646638456
 20
3.1275959503830393
 10
33.095499402820025
 20
3.1255467698266184
 10
33.095603936330036
 20
3.123499070074846
 10
33.09570724691072
 20
3.121452851125478
 10
33.095809334307305
 20
3.1194081129839777
 10
33.09591019826806
 20
3.117364855663463
 10
33.09600983854426
 20
3.1153230791846447
 10
33.09610825489022
 20
3.113282783575791
 10
33.096205447063234
 20
3.111243968872664
 10
33.09630141482366
 20
3.1092066351184737
 10
33.096396157934834
 20
3.107170782363836
 10
33.09648967616315
 20
3.1051364106667094
 10
33.09658196927802
 20
3.1031035200923576
 10
33.09667303705184
 20
3.101072110713286
 10
33.09676287926008
 20
3.0990421826092227
 10
33.096851495681214
 20
3.0970137358670318
 10
33.096938886096716
 20
3.0949867705806895
 10
33.09702505029111
 20
3.092961286851242
 10
33.097109988051955
 20
3.0909372847867385
 10
33.09719369916981
 20
3.0889147645021993
 10
33.09727618343826
 20
3.0868937261195644
 10
33.09735744065395
 20
3.084874169767649
 10
33.097437470616526
 20
3.082856095582092
 10
33.097516273128655
 20
3.080839503705328
 10
33.09759384799605
 20
3.078824394286519
 10
33.097670195027455
 20
3.0768107674815273
 10
33.09774531403462
 20
3.074798623452864
 10
33.09781920483234
 20
3.072787962369646
 10
33.097891867238445
 20
3.070778784407551
 10
33.09796330107379
 20
3.0687710897487808
 10
33.09803350616226
 20
3.066764878582008
 10
33.09810248233077
 20
3.0647601511023446
 10
33.09817022940927
 20
3.062756907511286
 10
33.09823674723074
 20
3.0607551480166855
 10
33.09830203563121
 20
3.0587548728326963
 10
33.0983660944497
 20
3.0567560821797413
 10
33.09842892352831
 20
3.054758776284471
 10
33.09849052271215
 20
3.0527629553797144
 10
33.09855089184937
 20
3.0507686197044466
 10
33.09861003079115
 20
3.0487757695037434
 10
33.09866793939172
 20
3.046784405028747
 10
33.09872461750832
 20
3.044794526536621
 10
33.09878006500125
 20
3.0428061342905135
 10
33.098834281733836
 20
3.0408192285595144
 10
33.09888726757244
 20
3.0388338096186267
 10
33.09893902238646
 20
3.0368498777487147
 10
33.09898954604834
 20
3.03486743323647
 10
33.09903883843354
 20
3.032886476374382
 10
33.09908689942059
 20
3.03090700746068
 10
33.09913372889103
 20
3.028929026799327
 10
33.099179326729455
 20
3.0269525346999524
 10
33.099223692823486
 20
3.024977531477825
 10
33.09926682706379
 20
3.0230040174538226
 10
33.09930872934409
 20
3.0210319929543896
 10
33.099349399561106
 20
3.019061458311504
 10
33.09938883761463
 20
3.0170924138626347
 10
33.0994270434075
 20
3.01512485995071
 10
33.09946401684557
 20
3.0131587969240945
 10
33.09949975783775
 20
3.0111942251365225
 10
33.09953426629598
 20
3.009231144947094
 10
33.09956754213526
 20
3.0072695567202263
 10
33.09959958527361
 20
3.005309460825619
 10
33.0996303956321
 20
3.003350857638221
 10
33.09965997313484
 20
3.001393747538202
 10
33.099688317708996
 20
2.9994381309109066
 10
33.09971542928475
 20
2.9974840081468344
 10
33.09974130779534
 20
2.995531379641595
 10
33.099765953177055
 20
2.993580245795881
 10
33.099789365369205
 20
2.9916306070154324
 10
33.099811544314164
 20
2.9896824637110075
 10
33.09983248995734
 20
2.987735816298347
 10
33.09985220224718
 20
2.9857906651981443
 10
33.09987068113517
 20
2.9838470108360067
 10
33.09988792657586
 20
2.9819048536424297
 10
33.09990393852682
 20
2.9799641940527675
 10
33.099918716948686
 20
2.978025032507194
 10
33.09993226180511
 20
2.9760873694506778
 10
33.0999445730628
 20
2.9741512053329515
 10
33.09995565069153
 20
2.9722165406084677
 10
33.09996549466407
 20
2.9702833757363862
 10
33.09997410495628
 20
2.9683517111805413
 10
33.09998148154705
 20
2.966421547409393
 10
33.09998762441829
 20
2.9644928848960177
 10
33.09999253355498
 20
2.9625657241180754
 10
33.09999620894514
 20
2.9606400655577616
 10
33.099998650579835
 20
2.9587159097018034
 10
33.099999999999966
 20
2.955872810745417
  0
LWPOLYLINE
  5
9E
330
17
100
AcDbEntity
  8
20_CONTACT
100
AcDbPolyline
 90
2
 70
0
 10
33.09999999999995
 20
7.044080974941895
 10
33.09999999999995
 20
8.49867114905563
  0
LWPOLYLINE
  5
9F
330
17
100
AcDbEntity
  8
20_CONTACT
100
AcDbPolyline
 90
2
 70
0
 10
33.09999999999997
 20
1.5012826366316734
 10
33.099999999999966
 20
2.955872810745408
  0
LWPOLYLINE
  5
A0
330
17
100
AcDbEntity
  8
20_CONTACT
100
AcDbPolyline
 90
2
 70
0
 10
33.099999999999966
 20
1.5012826366316734
 10
29.59999999999997
 20
1.5012826366316627
  0
LWPOLYLINE
  5
A1
330
17
100
AcDbEntity
  8
20_CONTACT
100
AcDbPolyline
 90
2
 70
0
 10
33.099999999999945
 20
8.498671149055628
 10
29.599999999999948
 20
8.498671149055617
  0
LWPOLYLINE
  5
A2
330
17
100
AcDbEntity
  8
20_CONTACT
100
AcDbPolyline
 90
2
 70
0
 10
29.59999999999997
 20
1.5012826366316627
 10
29.599999999999948
 20
8.498671149055614
  0
LWPOLYLINE
  5
A3
330
17
100
AcDbEntity
  8
20_CONTACT
100
AcDbPolyline
 90
2
 70
0
 10
33.099999999999945
 20
8.498671149055632
 10
29.599999999999948
 20
8.49867114905562
  0
LWPOLYLINE
  5
A4
330
17
100
AcDbEntity
  8
20_CONTACT
100
AcDbPolyline
 90
2
 70
0
 10
33.09999999999995
 20
8.498671149055632
 10
33.099999999999945
 20
9.487555471370241
  0
LWPOLYLINE
  5
A5
330
17
100
AcDbEntity
  8
20_CONTACT
100
AcDbPolyline
 90
2
 70
0
 10
29.599999999999948
 20
8.49867114905562
 10
29.599999999999945
 20
9.487555471370229
  0
LWPOLYLINE
  5
A6
330
17
100
AcDbEntity
  8
20_CONTACT
100
AcDbPolyline
 90
2
 70
0
 10
33.099999999999966
 20
1.5012826366316734
 10
29.59999999999997
 20
1.5012826366316627
  0
LWPOLYLINE
  5
A7
330
17
100
AcDbEntity
  8
20_CONTACT
100
AcDbPolyline
 90
2
 70
0
 10
33.09999999999997
 20
0.5123983143170658
 10
33.09999999999997
 20
1.5012826366316663
  0
LWPOLYLINE
  5
A8
330
17
100
AcDbEntity
  8
20_CONTACT
100
AcDbPolyline
 90
2
 70
0
 10
29.599999999999973
 20
0.512398314317057
 10
29.59999999999997
 20
1.5012826366316627
  0
LWPOLYLINE
  5
A9
330
17
100
AcDbEntity
  8
20_CONTACT
100
AcDbPolyline
 90
1001
 70
0
 10
29.599999999999945
 20
9.487555471370227
 10
29.600000740223106
 20
9.488899494297492
 10
29.600002960890784
 20
9.490243309449557
 10
29.600006661997536
 20
9.491586913696423
 10
29.600011843534272
 20
9.49293030390987
 10
29.600018505488247
 20
9.494273476963457
 10
29.600026647843052
 20
9.495616429732545
 10
29.60003627057864
 20
9.496959159094274
 10
29.600047373671305
 20
9.49830166192758
 10
29.600059957093684
 20
9.49964393511321
 10
29.60007402081477
 20
9.500985975533705
 10
29.600089564799895
 20
9.502327780073411
 10
29.600106589010743
 20
9.5036693456185
 10
29.600125093405346
 20
9.505010669056944
 10
29.60014507793808
 20
9.506351747278547
 10
29.600166542559673
 20
9.50769257717493
 10
29.600189487217197
 20
9.509033155639546
 10
29.600213911854073
 20
9.510373479567678
 10
29.60023981641007
 20
9.511713545856447
 10
29.60026720082131
 20
9.513053351404809
 10
29.600296065020256
 20
9.51439289311357
 10
29.60032640893572
 20
9.51573216788538
 10
29.600358232492876
 20
9.51707117262474
 10
29.600391535613227
 20
9.518409904238014
 10
29.600426318214637
 20
9.519748359633413
 10
29.600462580211317
 20
9.521086535721025
 10
29.60050032151383
 20
9.522424429412794
 10
29.600539542029082
 20
9.523762037622543
 10
29.60058024166034
 20
9.525099357265969
 10
29.600622420307204
 20
9.526436385260642
 10
29.600666077865647
 20
9.527773118526024
 10
29.60071121422797
 20
9.52910955398346
 10
29.600757829282845
 20
9.530445688556181
 10
29.600805922915278
 20
9.531781519169325
 10
29.60085549500664
 20
9.533117042749911
 10
29.600906545434647
 20
9.534452256226874
 10
29.600959074073366
 20
9.535787156531056
 10
29.601013080793223
 20
9.537121740595197
 10
29.60106856546099
 20
9.538456005353957
 10
29.601125527939796
 20
9.53978994774392
 10
29.601183968089124
 20
9.54112356470358
 10
29.601243885764806
 20
9.542456853173363
 10
29.60130528081903
 20
9.543789810095628
 10
29.601368153100346
 20
9.545122432414654
 10
29.601432502453648
 20
9.54645471707667
 10
29.601498328720186
 20
9.547786661029836
 10
29.60156563173758
 20
9.549118261224262
 10
29.601634411339788
 20
9.550449514612001
 10
29.601704667357133
 20
9.55178041814706
 10
29.6017763996163
 20
9.553110968785402
 10
29.601849607940313
 20
9.554441163484949
 10
29.601924292148578
 20
9.555770999205585
 10
29.602000452056842
 20
9.557100472909159
 10
29.602078087477214
 20
9.558429581559492
 10
29.60215719821817
 20
9.55975832212238
 10
29.602237784084537
 20
9.561086691565595
 10
29.6023198448775
 20
9.56241468685889
 10
29.602403380394616
 20
9.563742304974003
 10
29.60248839042979
 20
9.565069542884665
 10
29.6025748747733
 20
9.566396397566592
 10
29.60266283321178
 20
9.5677228659975
 10
29.602752265528228
 20
9.56904894515711
 10
29.602843171502002
 20
9.570374632027134
 10
29.60293555090883
 20
9.5716999235913
 10
29.603029403520793
 20
9.573024816835348
 10
29.60312472910635
 20
9.574349308747024
 10
29.603221527430325
 20
9.5756733963161
 10
29.603319798253896
 20
9.576997076534367
 10
29.603419541334613
 20
9.578320346395637
 10
29.6035207564264
 20
9.57964320289576
 10
29.603623443279538
 20
9.580965643032606
 10
29.603727601640685
 20
9.582287663806092
 10
29.603833231252864
 20
9.58360926221817
 10
29.60394033185547
 20
9.584930435272836
 10
29.60404890318426
 20
9.58625117997613
 10
29.604158944971374
 20
9.587571493336148
 10
29.604270456945315
 20
9.588891372363035
 10
29.604383438830965
 20
9.590210814068996
 10
29.604497890349574
 20
9.591529815468292
 10
29.604613811218766
 20
9.592848373577258
 10
29.604731201152536
 20
9.594166485414288
 10
29.604850059861267
 20
9.595484147999855
 10
29.6049703870517
 20
9.596801358356501
 10
29.605092182426965
 20
9.59811811350885
 10
29.605215445686568
 20
9.59943441048361
 10
29.605340176526386
 20
9.60075024630957
 10
29.605466374638684
 20
9.60206561801761
 10
29.6055940397121
 20
9.603380522640707
 10
29.60572317143165
 20
9.60469495721393
 10
29.605853769478735
 20
9.606008918774448
 10
29.605985833531143
 20
9.607322404361533
 10
29.606119363263034
 20
9.608635411016568
 10
29.60625435834496
 20
9.609947935783042
 10
29.606390818443852
 20
9.61125997570656
 10
29.606528743223027
 20
9.612571527834838
 10
29.606668132342193
 20
9.613882589217724
 10
29.606808985457434
 20
9.61519315690718
 10
29.60695130222123
 20
9.616503227957304
 10
29.60709508228245
 20
9.617812799424318
 10
29.607240325286345
 20
9.61912186836658
 10
29.607387030874563
 20
9.62043043184459
 10
29.60753519868514
 20
9.621738486920982
 10
29.607684828352504
 20
9.623046030660543
 10
29.60783591950748
 20
9.624353060130202
 10
29.607988471777276
 20
9.625659572399048
 10
29.608142484785507
 20
9.626965564538313
 10
29.608297958152175
 20
9.628271033621392
 10
29.608454891493686
 20
9.62957597672385
 10
29.608613284422834
 20
9.630880390923405
 10
29.60877313654882
 20
9.632184273299957
 10
29.60893444747724
 20
9.633487620935563
 10
29.60909721681009
 20
9.634790430914464
 10
29.60926144414577
 20
9.636092700323083
 10
29.60942712907908
 20
9.637394426250015
 10
29.609594271201225
 20
9.638695605786051
 10
29.609762870099814
 20
9.63999623602416
 10
29.609932925358862
 20
9.641296314059522
 10
29.610104436558785
 20
9.642595836989486
 10
29.610277403276413
 20
9.643894801913623
 10
29.610451825084986
 20
9.645193205933694
 10
29.610627701554144
 20
9.646491046153672
 10
29.610805032249942
 20
9.647788319679734
 10
29.610983816734855
 20
9.64908502362027
 10
29.61116405456776
 20
9.65038115508589
 10
29.61134574530395
 20
9.65167671118942
 10
29.611528888495137
 20
9.65297168904591
 10
29.611713483689442
 20
9.654266085772626
 10
29.611899530431412
 20
9.65555989848908
 10
29.612087028262003
 20
9.656853124317003
 10
29.6122759767186
 20
9.658145760380366
 10
29.612466375335003
 20
9.65943780380538
 10
29.612658223641432
 20
9.660729251720497
 10
29.61285152116453
 20
9.66202010125641
 10
29.61304626742737
 20
9.66331034954607
 10
29.613242461949447
 20
9.664599993724671
 10
29.613440104246678
 20
9.66588903092967
 10
29.613639193831414
 20
9.66717745830077
 10
29.61383973021243
 20
9.668465272979958
 10
29.614041712894934
 20
9.66975247211146
 10
29.614245141380565
 20
9.671039052841788
 10
29.614450015167392
 20
9.672325012319721
 10
29.61465633374992
 20
9.673610347696307
 10
29.614864096619087
 20
9.674895056124884
 10
29.61507330326227
 20
9.676179134761057
 10
29.61528395316328
 20
9.677462580762729
 10
29.61549604580237
 20
9.678745391290082
 10
29.615709580656233
 20
9.680027563505591
 10
29.615924557197996
 20
9.681309094574026
 10
29.61614097489724
 20
9.682589981662456
 10
29.616358833219984
 20
9.683870221940246
 10
29.61657813162869
 20
9.68514981257907
 10
29.616798869582265
 20
9.686428750752908
 10
29.617021046536074
 20
9.687707033638045
 10
29.617244661941925
 20
9.688984658413085
 10
29.617469715248077
 20
9.690261622258951
 10
29.617696205899236
 20
9.69153792235888
 10
29.61792413333657
 20
9.69281355589843
 10
29.618153496997692
 20
9.694088520065495
 10
29.618384296316684
 20
9.695362812050288
 10
29.618616530724072
 20
9.696636429045366
 10
29.61885019964685
 20
9.697909368245607
 10
29.61908530250847
 20
9.699181626848246
 10
29.619321838728844
 20
9.700453202052842
 10
29.619559807724347
 20
9.701724091061312
 10
29.61979920890782
 20
9.702994291077914
 10
29.620040041688572
 20
9.704263799309263
 10
29.620282305472372
 20
9.705532612964326
 10
29.620525999661467
 20
9.706800729254432
 10
29.62077112365457
 20
9.70806814539326
 10
29.62101767684687
 20
9.709334858596865
 10
29.621265658630016
 20
9.710600866083666
 10
29.62151506839215
 20
9.711866165074447
 10
29.621765905517883
 20
9.713130752792376
 10
29.622018169388294
 20
9.714394626462987
 10
29.622271859380962
 20
9.7156577833142
 10
29.622526974869928
 20
9.716920220576316
 10
29.622783515225727
 20
9.718181935482024
 10
29.62304147981537
 20
9.719442925266401
 10
29.623300868002364
 20
9.720703187166915
 10
29.62356167914669
 20
9.72196271842343
 10
29.62382391260483
 20
9.723221516278212
 10
29.62408756772975
 20
9.724479577975922
 10
29.624352643870907
 20
9.725736900763632
 10
29.62461914037426
 20
9.726993481890819
 10
29.62488705658225
 20
9.728249318609375
 10
29.625156391833826
 20
9.729504408173593
 10
29.625427145464432
 20
9.730758747840202
 10
29.625699316806006
 20
9.732012334868333
 10
29.625972905187
 20
9.733265166519555
 10
29.62624790993236
 20
9.734517240057855
 10
29.62652433036354
 20
9.735768552749652
 10
29.6268021657985
 20
9.737019101863794
 10
29.62708141555171
 20
9.738268884671571
 10
29.627362078934148
 20
9.73951789844671
 10
29.627644155253307
 20
9.740766140465372
 10
29.627927643813187
 20
9.74201360800617
 10
29.628212543914312
 20
9.743260298350163
 10
29.628498854853717
 20
9.744506208780866
 10
29.62878657592496
 20
9.745751336584235
 10
29.629075706418114
 20
9.746995679048695
 10
29.629366245619778
 20
9.748239233465128
 10
29.62965819281307
 20
9.749481997126873
 10
29.629951547277646
 20
9.750723967329744
 10
29.630246308289678
 20
9.751965141372013
 10
29.630542475121867
 20
9.75320551655444
 10
29.630840047043453
 20
9.754445090180242
 10
29.631139023320205
 20
9.755683859555129
 10
29.631439403214422
 20
9.756921821987282
 10
29.63174118598495
 20
9.75815897478737
 10
29.63204437088716
 20
9.759395315268552
 10
29.63234895717298
 20
9.760630840746478
 10
29.63265494409086
 20
9.761865548539276
 10
29.63296233088581
 20
9.76309943596759
 10
29.633271116799385
 20
9.764332500354556
 10
29.633581301069675
 20
9.765564739025807
 10
29.63389288293133
 20
9.766796149309485
 10
29.63420586161555
 20
9.768026728536242
 10
29.634520236350085
 20
9.769256474039238
 10
29.634836006359244
 20
9.770485383154153
 10
29.635153170863894
 20
9.771713453219178
 10
29.635471729081452
 20
9.772940681575022
 10
29.63579168022591
 20
9.774167065564923
 10
29.63611302350781
 20
9.775392602534644
 10
29.636435758134265
 20
9.77661728983248
 10
29.636759883308958
 20
9.777841124809244
 10
29.637085398232134
 20
9.779064104818303
 10
29.63741230210061
 20
9.78028622721555
 10
29.637740594107782
 20
9.78150748935942
 10
29.638070273443613
 20
9.782727888610895
 10
29.638401339294646
 20
9.783947422333503
 10
29.638733790844004
 20
9.785166087893323
 10
29.63906762727139
 20
9.786383882658978
 10
29.639402847753086
 20
9.787600804001663
 10
29.639739451461967
 20
9.788816849295115
 10
29.640077437567488
 20
9.790032015915642
 10
29.64041680523569
 20
9.791246301242117
 10
29.640757553629218
 20
9.792459702655975
 10
29.641099681907296
 20
9.793672217541221
 10
29.64144318922575
 20
9.794883843284444
 10
29.641788074737008
 20
9.796094577274793
 10
29.642134337590083
 20
9.797304416904012
 10
29.6424819769306
 20
9.798513359566416
 10
29.642830991900787
 20
9.799721402658907
 10
29.64318138163948
 20
9.800928543580982
 10
29.643533145282113
 20
9.802134779734716
 10
29.643886281960736
 20
9.803340108524793
 10
29.644240790804012
 20
9.804544527358482
 10
29.64459667093722
 20
9.805748033645656
 10
29.644953921482244
 20
9.806950624798791
 10
29.6453125415576
 20
9.808152298232962
 10
29.64567253027842
 20
9.809353051365864
 10
29.646033886756456
 20
9.810552881617795
 10
29.64639661010009
 20
9.811751786411667
 10
29.646760699414322
 20
9.812949763173012
 10
29.647126153800798
 20
9.814146809329982
 10
29.647492972357774
 20
9.815342922313347
 10
29.647861154180163
 20
9.81653809955651
 10
29.64823069835949
 20
9.817732338495494
 10
29.64860160398394
 20
9.81892563656896
 10
29.64897387013833
 20
9.820117991218204
 10
29.649347495904117
 20
9.821309399887152
 10
29.6497224803594
 20
9.822499860022376
 10
29.65009882257894
 20
9.823689369073087
 10
29.650476521634133
 20
9.824877924491151
 10
29.650855576593035
 20
9.826065523731067
 10
29.65123598652035
 20
9.827252164250002
 10
29.651617750477453
 20
9.82843784350776
 10
29.652000867522357
 20
9.829622558966822
 10
29.65238533670975
 20
9.830806308092313
 10
29.65277115709098
 20
9.831989088352028
 10
29.653158327714063
 20
9.833170897216425
 10
29.653546847623684
 20
9.834351732158634
 10
29.65393671586119
 20
9.835531590654451
 10
29.654327931464607
 20
9.836710470182355
 10
29.65472049346864
 20
9.837888368223496
 10
29.655114400904672
 20
9.8390652822617
 10
29.655509652800756
 20
9.840241209783489
 10
29.655906248181637
 20
9.841416148278057
 10
29.656304186068738
 20
9.842590095237293
 10
29.656703465480177
 20
9.843763048155777
 10
29.65710408543076
 20
9.844935004530782
 10
29.657506044931978
 20
9.846105961862282
 10
29.657909342992024
 20
9.847275917652942
 10
29.658313978615787
 20
9.848444869408137
 10
29.658719950804855
 20
9.84961281463595
 10
29.65912725855752
 20
9.850779750847162
 10
29.659535900868768
 20
9.851945675555271
 10
29.659945876730305
 20
9.853110586276495
 10
29.660357185130543
 20
9.854274480529757
 10
29.660769825054604
 20
9.855437355836706
 10
29.661183795484323
 20
9.856599209721711
 10
29.661599095398255
 20
9.857760039711874
 10
29.662015723771674
 20
9.85891984333701
 10
29.662433679576573
 20
9.860078618129679
 10
29.662852961781677
 20
9.861236361625167
 10
29.663273569352427
 20
9.862393071361497
 10
29.663695501251006
 20
9.863548744879434
 10
29.664118756436316
 20
9.864703379722481
 10
29.66454333386401
 20
9.86585697343689
 10
29.66496923248646
 20
9.867009523571657
 10
29.665396451252793
 20
9.868161027678529
 10
29.66582498910887
 20
9.869311483312009
 10
29.6662548449973
 20
9.870460888029351
 10
29.666686017857444
 20
9.871609239390573
 10
29.667118506625403
 20
9.872756534958446
 10
29.66755231023404
 20
9.873902772298514
 10
29.66798742761297
 20
9.875047948979088
 10
29.66842385768857
 20
9.876192062571237
 10
29.668861599383966
 20
9.877335110648815
 10
29.669300651619068
 20
9.878477090788445
 10
29.66974101331053
 20
9.879618000569533
 10
29.670182683371795
 20
9.88075783757426
 10
29.670625660713064
 20
9.881896599387591
 10
29.671069944241317
 20
9.883034283597286
 10
29.671515532860308
 20
9.884170887793879
 10
29.67196242547058
 20
9.885306409570711
 10
29.67241062096944
 20
9.886440846523904
 10
29.672860118251002
 20
9.887574196252388
 10
29.673310916206155
 20
9.888706456357887
 10
29.67376301372258
 20
9.88983762444493
 10
29.674216409684757
 20
9.890967698120845
 10
29.67467110297395
 20
9.89209667499578
 10
29.675127092468234
 20
9.893224552682689
 10
29.675584377042483
 20
9.894351328797336
 10
29.67604295556837
 20
9.895477000958305
 10
29.67650282691438
 20
9.896601566786993
 10
29.676963989945808
 20
9.89772502390763
 10
29.677426443524762
 20
9.89884736994726
 10
29.677890186510158
 20
9.899968602535763
 10
29.67835521775774
 20
9.90108871930584
 10
29.678821536120072
 20
9.902207717893035
 10
29.67928914044654
 20
9.903325595935712
 10
29.67975802958335
 20
9.904442351075094
 10
29.680228202373552
 20
9.905557980955226
 10
29.68069965765702
 20
9.906672483223009
 10
29.68117239427046
 20
9.907785855528179
 10
29.681646411047428
 20
9.908898095523337
 10
29.682121706818307
 20
9.910009200863918
 10
29.682598280410332
 20
9.911119169208224
 10
29.683076130647592
 20
9.912227998217409
 10
29.68355525635101
 20
9.913335685555484
 10
29.68403565633837
 20
9.914442228889332
 10
29.684517329424317
 20
9.915547625888689
 10
29.685000274420346
 20
9.916651874226169
 10
29.68548449013482
 20
9.917754971577246
 10
29.68596997537296
 20
9.918856915620282
 10
29.686456728936857
 20
9.9199577040365
 10
29.68694474962548
 20
9.92105733451001
 10
29.687434036234656
 20
9.922155804727801
 10
29.687924587557102
 20
9.923253112379749
 10
29.68841640238241
 20
9.924349255158608
 10
29.688909479497053
 20
9.92544423076003
 10
29.689403817684386
 20
9.926538036882558
 10
29.689899415724664
 20
9.927630671227622
 10
29.69039627239502
 20
9.928722131499555
 10
29.69089438646949
 20
9.929812415405596
 10
29.691393756719005
 20
9.930901520655873
 10
29.691894381911396
 20
9.931989444963431
 10
29.692396260811392
 20
9.933076186044218
 10
29.692899392180642
 20
9.934161741617086
 10
29.693403774777693
 20
9.935246109403817
 10
29.693909407358007
 20
9.93632928712909
 10
29.694416288673963
 20
9.937411272520514
 10
29.69492441747486
 20
9.938492063308619
 10
29.695433792506915
 20
9.939571657226855
 10
29.695944412513278
 20
9.940650052011598
 10
29.696456276234013
 20
9.941727245402154
 10
29.69696938240613
 20
9.942803235140765
 10
29.69748372976357
 20
9.943878018972597
 10
29.6979993170372
 20
9.944951594645765
 10
29.69851614295484
 20
9.946023959911315
 10
29.69903420624125
 20
9.947095112523243
 10
29.699553505618137
 20
9.94816505023848
 10
29.700074039804154
 20
9.94923377081691
 10
29.700595807514915
 20
9.950301272021367
 10
29.701118807462983
 20
9.95136755161764
 10
29.701643038357883
 20
9.952432607374465
 10
29.702168498906104
 20
9.953496437063546
 10
29.702695187811102
 20
9.954559038459543
 10
29.7032231037733
 20
9.955620409340074
 10
29.703752245490087
 20
9.956680547485734
 10
29.70428261165584
 20
9.957739450680076
 10
29.70481420096191
 20
9.95879711670963
 10
29.70534701209662
 20
9.959853543363895
 10
29.705881043745293
 20
9.96090872843535
 10
29.706416294590234
 20
9.961962669719455
 10
29.70695276331074
 20
9.963015365014641
 10
29.707490448583098
 20
9.964066812122336
 10
29.7080293490806
 20
9.965117008846946
 10
29.708569463473545
 20
9.966165952995862
 10
29.709110790429214
 20
9.967213642379484
 10
29.709653328611925
 20
9.968260074811187
 10
29.710197076682988
 20
9.969305248107354
 10
29.71074203330073
 20
9.970349160087363
 10
29.711288197120503
 20
9.971391808573596
 10
29.71183556679468
 20
9.972433191391438
 10
29.712384140972645
 20
9.973473306369286
 10
29.712933918300827
 20
9.974512151338537
 10
29.713484897422678
 20
9.975549724133609
 10
29.714037076978684
 20
9.976586022591933
 10
29.714590455606377
 20
9.977621044553949
 10
29.715145031940313
 20
9.978654787863135
 10
29.715700804612116
 20
9.979687250365972
 10
29.716257772250437
 20
9.98071842991198
 10
29.71681593348099
 20
9.981748324353697
 10
29.717375286926544
 20
9.982776931546695
 10
29.71793583120692
 20
9.983804249349586
 10
29.718497564939003
 20
9.984830275624002
 10
29.719060486736748
 20
9.985855008234623
 10
29.719624595211176
 20
9.986878445049172
 10
29.720189888970374
 20
9.987900583938403
 10
29.72075636661951
 20
9.98892142277613
 10
29.721324026760833
 20
9.989940959439203
 10
29.72189286799367
 20
9.990959191807526
 10
29.722462888914432
 20
9.991976117764061
 10
29.723034088116624
 20
9.99299173519482
 10
29.72360646419084
 20
9.994006041988872
 10
29.724180015724777
 20
9.995019036038352
 10
29.724754741303222
 20
9.996030715238454
 10
29.72533063950807
 20
9.997041077487436
 10
29.72590770891832
 20
9.998050120686631
 10
29.72648594811009
 20
9.999057842740438
 10
29.7270653556566
 20
10.000064241556327
 10
29.727645930128187
 20
10.001069315044852
 10
29.728227670092323
 20
10.002073061119628
 10
29.72881057411359
 20
10.003075477697372
 10
29.729394640753704
 20
10.004076562697872
 10
29.72997986857151
 20
10.005076314044
 10
29.73056625612299
 20
10.006074729661727
 10
29.731153801961263
 20
10.007071807480097
 10
29.731742504636586
 20
10.008067545431263
 10
29.732332362696372
 20
10.009061941450474
 10
29.732923374685175
 20
10.01005499347606
 10
29.7335155391447
 20
10.011046699449473
 10
29.734108854613815
 20
10.012037057315249
 10
29.734703319628544
 20
10.013026065021046
 10
29.735298932722078
 20
10.014013720517617
 10
29.73589569242477
 20
10.015000021758834
 10
29.736493597264147
 20
10.015984966701676
 10
29.73709264576491
 20
10.01696855330624
 10
29.73769283644894
 20
10.017950779535745
 10
29.738294167835292
 20
10.018931643356524
 10
29.738896638440217
 20
10.019911142738035
 10
29.73950024677715
 20
10.02088927565286
 10
29.740104991356716
 20
10.021866040076711
 10
29.740710870686744
 20
10.022841433988432
 10
29.741317883272252
 20
10.023815455369991
 10
29.741926027615474
 20
10.024788102206504
 10
29.742535302215842
 20
10.02575937248621
 10
29.743145705570004
 20
10.026729264200505
 10
29.743757236171824
 20
10.027697775343903
 10
29.744369892512374
 20
10.028664903914095
 10
29.744983673079965
 20
10.029630647911887
 10
29.745598576360123
 20
10.030595005341258
 10
29.746214600835604
 20
10.031557974209328
 10
29.7468317449864
 20
10.032519552526374
 10
29.747450007289746
 20
10.033479738305832
 10
29.748069386220106
 20
10.034438529564294
 10
29.748689880249195
 20
10.035395924321515
 10
29.749311487845976
 20
10.036351920600413
 10
29.74993420747667
 20
10.037306516427076
 10
29.750558037604744
 20
10.038259709830761
 10
29.751182976690934
 20
10.039211498843894
 10
29.751809023193232
 20
10.040161881502076
 10
29.7524361755669
 20
10.04111085584408
 10
29.753064432264477
 20
10.042058419911864
 10
29.75369379173577
 20
10.043004571750565
 10
29.754324252427867
 20
10.043949309408504
 10
29.75495581278514
 20
10.044892630937184
 10
29.75558847124925
 20
10.045834534391302
 10
29.75622222625914
 20
10.046775017828741
 10
29.75685707625106
 20
10.047714079310582
 10
29.757493019658543
 20
10.048651716901094
 10
29.75813005491244
 20
10.049587928667751
 10
29.758768180440892
 20
10.050522712681222
 10
29.759407394669363
 20
10.051456067015383
 10
29.760047696020624
 20
10.052387989747313
 10
29.76068908291477
 20
10.053318478957296
 10
29.761331553769207
 20
10.05424753272883
 10
29.761975106998673
 20
10.055175149148619
 10
29.762619741015236
 20
10.056101326306587
 10
29.763265454228296
 20
10.057026062295872
 10
29.76391224504459
 20
10.057949355212836
 10
29.764560111868192
 20
10.058871203157054
 10
29.76520905310053
 20
10.05979160423133
 10
29.765859067140376
 20
10.060710556541693
 10
29.766510152383855
 20
10.061628058197401
 10
29.767162307224442
 20
10.062544107310943
 10
29.76781553005299
 20
10.063458701998043
 10
29.768469819257696
 20
10.064371840377653
 10
29.769125173224147
 20
10.065283520571972
 10
29.76978159033528
 20
10.066193740706433
 10
29.770439068971434
 20
10.067102498909719
 10
29.771097607510306
 20
10.068009793313744
 10
29.771757204326992
 20
10.06891562205368
 10
29.77241785779397
 20
10.069819983267951
 10
29.773079566281115
 20
10.070722875098227
 10
29.773742328155695
 20
10.071624295689428
 10
29.774406141782382
 20
10.072524243189742
 10
29.77507100552325
 20
10.073422715750603
 10
29.775736917737785
 20
10.074319711526716
 10
29.776403876782883
 20
10.075215228676045
 10
29.777071881012862
 20
10.076109265359818
 10
29.77774092877945
 20
10.077001819742534
 10
29.778411018431818
 20
10.077892889991965
 10
29.77908214831655
 20
10.078782474279148
 10
29.77975431677767
 20
10.079670570778397
 10
29.780427522156636
 20
10.080557177667309
 10
29.781101762792357
 20
10.081442293126752
 10
29.781777037021175
 20
10.082325915340881
 10
29.78245334317689
 20
10.083208042497134
 10
29.78313067959075
 20
10.084088672786237
 10
29.78380904459147
 20
10.084967804402199
 10
29.784488436505217
 20
10.085845435542323
 10
29.785168853655634
 20
10.086721564407206
 10
29.78585029436382
 20
10.087596189200738
 10
29.786532756948365
 20
10.088469308130112
 10
29.787216239725325
 20
10.089340919405808
 10
29.787900741008244
 20
10.090211021241622
 10
29.788586259108154
 20
10.09107961185465
 10
29.78927279233358
 20
10.091946689465289
 10
29.789960338990532
 20
10.092812252297254
 10
29.790648897382532
 20
10.09367629857756
 10
29.7913384658106
 20
10.094538826536546
 10
29.792029042573258
 20
10.09539983440786
 10
29.792720625966552
 20
10.096259320428468
 10
29.793413214284037
 20
10.09711728283866
 10
29.79410680581679
 20
10.097973719882045
 10
29.794801398853405
 20
10.098828629805556
 10
29.79549699168002
 20
10.099682010859453
 10
29.7961935825803
 20
10.100533861297325
 10
29.79689116983544
 20
10.101384179376094
 10
29.797589751724182
 20
10.102232963356013
 10
29.79828932652282
 20
10.103080211500671
 10
29.798989892505183
 20
10.103925922076993
 10
29.79969144794267
 20
10.10477009335525
 10
29.800393991104233
 20
10.105612723609045
 10
29.801097520256384
 20
10.106453811115333
 10
29.8018020336632
 20
10.107293354154415
 10
29.802507529586343
 20
10.108131351009936
 10
29.80321400628503
 20
10.108967799968898
 10
29.803921462016078
 20
10.109802699321648
 10
29.804629895033877
 20
10.110636047361893
 10
29.805339303590408
 20
10.111467842386705
 10
29.806049685935246
 20
10.112298082696501
 10
29.80676104031556
 20
10.113126766595064
 10
29.807473364976126
 20
10.11395389238955
 10
29.808186658159322
 20
10.114779458390473
 10
29.808900918105138
 20
10.115603462911713
 10
29.80961614305118
 20
10.116425904270521
 10
29.810332331232665
 20
10.117246780787532
 10
29.811049480882446
 20
10.11806609078674
 10
29.811767590230993
 20
10.118883832595527
 10
29.812486657506412
 20
10.119700004544644
 10
29.813206680934446
 20
10.120514604968236
 10
29.813927658738482
 20
10.121327632203819
 10
29.81464958913954
 20
10.1221390845923
 10
29.81537247035631
 20
10.12294896047797
 10
29.81609630060511
 20
10.123757258208519
 10
29.81682107809994
 20
10.124563976135015
 10
29.81754680105245
 20
10.125369112611931
 10
29.818273467671965
 20
10.126172665997128
 10
29.819001076165467
 20
10.126974634651873
 10
29.819729624737633
 20
10.127775016940827
 10
29.820459111590804
 20
10.128573811232055
 10
29.821189534925022
 20
10.129371015897028
 10
29.821920892938
 20
10.13016662931062
 10
29.82265318382516
 20
10.130960649851119
 10
29.82338640577962
 20
10.131753075900216
 10
29.824120556992188
 20
10.132543905843022
 10
29.824855635651396
 20
10.133333138068057
 10
29.82559163994348
 20
10.134120770967266
 10
29.826328568052386
 20
10.134906802936003
 10
29.82706641815979
 20
10.135691232373052
 10
29.827805188445094
 20
10.136474057680616
 10
29.82854487708542
 20
10.13725527726432
 10
29.829285482255635
 20
10.138034889533222
 10
29.830027002128332
 20
10.138812892899807
 10
29.830769434873858
 20
10.139589285779994
 10
29.831512778660304
 20
10.140364066593131
 10
29.832257031653516
 20
10.141137233761999
 10
29.833002192017087
 20
10.141908785712829
 10
29.833748257912383
 20
10.14267872087528
 10
29.834495227498525
 20
10.143447037682455
 10
29.835243098932416
 20
10.144213734570904
 10
29.835991870368723
 20
10.144978809980623
 10
29.8367415399599
 20
10.14574226235505
 10
29.837492105856178
 20
10.14650409014108
 10
29.838243566205584
 20
10.147264291789053
 10
29.83899591915393
 20
10.148022865752768
 10
29.839749162844836
 20
10.148779810489483
 10
29.840503295419712
 20
10.149535124459899
 10
29.841258315017786
 20
10.150288806128193
 10
29.842014219776086
 20
10.151040853961996
 10
29.84277100782947
 20
10.151791266432406
 10
29.8435286773106
 20
10.152540042013985
 10
29.84428722634998
 20
10.153287179184765
 10
29.845046653075933
 20
10.154032676426244
 10
29.845806955614616
 20
10.15477653222339
 10
29.846568132090034
 20
10.15551874506466
 10
29.847330180624027
 20
10.15625931344197
 10
29.848093099336285
 20
10.15699823585072
 10
29.848856886344354
 20
10.157735510789788
 10
29.849621539763632
 20
10.158471136761534
 10
29.85038705770739
 20
10.159205112271811
 10
29.851153438286754
 20
10.159937435829944
 10
29.851920679610732
 20
10.160668105948751
 10
29.852688779786195
 20
10.161397121144542
 10
29.853457736917907
 20
10.162124479937116
 10
29.85422754910851
 20
10.162850180849768
 10
29.854998214458544
 20
10.163574222409283
 10
29.855769731066438
 20
10.16429660314595
 10
29.85654209702852
 20
10.165017321593552
 10
29.857315310439027
 20
10.165736376289377
 10
29.8580893693901
 20
10.166453765774214
 10
29.8588642719718
 20
10.167169488592362
 10
29.8596400162721
 20
10.167883543291616
 10
29.860416600376894
 20
10.168595928423294
 10
29.861194022370015
 20
10.16930664254221
 10
29.861972280333223
 20
10.17001568420671
 10
29.862751372346214
 20
10.170723051978632
 10
29.86353129648662
 20
10.171428744423347
 10
29.864312050830037
 20
10.17213276010974
 10
29.865093633449995
 20
10.172835097610214
 10
29.865876042417987
 20
10.173535755500696
 10
29.866659275803475
 20
10.174234732360642
 10
29.867443331673872
 20
10.174932026773021
 10
29.868228208094575
 20
10.175627637324347
 10
29.869013903128945
 20
10.176321562604652
 10
29.86980041483833
 20
10.1770138012075
 10
29.870587741282066
 20
10.177704351729995
 10
29.87137588051747
 20
10.17839321277277
 10
29.87216483059986
 20
10.17908038294
 10
29.87295458958255
 20
10.1797658608394
 10
29.873745155516865
 20
10.180449645082218
 10
29.874536526452125
 20
10.181131734283253
 10
29.87532870043568
 20
10.181812127060848
 10
29.876121675512884
 20
10.182490822036883
 10
29.876915449727125
 20
10.183167817836802
 10
29.877710021119817
 20
10.183843113089585
 10
29.878505387730403
 20
10.184516706427775
 10
29.87930154759637
 20
10.18518859648746
 10
29.880098498753238
 20
10.185858781908292
 10
29.880896239234588
 20
10.18652726133347
 10
29.88169476707204
 20
10.18719403340976
 10
29.882494080295285
 20
10.187859096787495
 10
29.883294176932065
 20
10.188522450120551
 10
29.88409505500819
 20
10.189184092066391
 10
29.884896712547548
 20
10.189844021286032
 10
29.8856991475721
 20
10.190502236444058
 10
29.886502358101893
 20
10.191158736208632
 10
29.88730634215505
 20
10.191813519251482
 10
29.8881110977478
 20
10.192466584247914
 10
29.888916622894453
 20
10.193117929876806
 10
29.889722915607432
 20
10.193767554820608
 10
29.890529973897262
 20
10.194415457765366
 10
29.891337795772582
 20
10.195061637400691
 10
29.89214637924014
 20
10.19570609241978
 10
29.89295572230481
 20
10.19634882151942
 10
29.893765822969588
 20
10.196989823399978
 10
29.89457667923561
 20
10.197629096765409
 10
29.895388289102137
 20
10.198266640323265
 10
29.896200650566577
 20
10.198902452784676
 10
29.89701376162448
 20
10.199536532864379
 10
29.897827620269545
 20
10.200168879280694
 10
29.89864222449364
 20
10.20079949075555
 10
29.899457572286767
 20
10.201428366014461
 10
29.900273661637122
 20
10.202055503786546
 10
29.901090490531054
 20
10.202680902804534
 10
29.90190805695309
 20
10.203304561804744
 10
29.902726358885943
 20
10.203926479527109
 10
29.903545394310505
 20
10.20454665471516
 10
29.90436516120586
 20
10.20516508611605
 10
29.90518565754929
 20
10.205781772480531
 10
29.90600688131627
 20
10.206396712562967
 10
29.906828830480492
 20
10.207009905121343
 10
29.90765150301385
 20
10.207621348917254
 10
29.908474896886446
 20
10.208231042715914
 10
29.909299010066622
 20
10.20883898528615
 10
29.91012384052093
 20
10.209445175400415
 10
29.910949386214156
 20
10.210049611834787
 10
29.911775645109323
 20
10.210652293368957
 10
29.91260261516769
 20
10.211253218786254
 10
29.913430294348764
 20
10.21185238687362
 10
29.914258680610306
 20
10.212449796421637
 10
29.915087771908325
 20
10.213045446224513
 10
29.9159175661971
 20
10.213639335080085
 10
29.916748061429164
 20
10.214231461789828
 10
29.91757925555533
 20
10.214821825158847
 10
29.918411146524683
 20
10.215410423995893
 10
29.919243732284585
 20
10.215997257113342
 10
29.920077010780695
 20
10.216582323327223
 10
29.920910979956947
 20
10.217165621457195
 10
29.92174563775558
 20
10.21774715032657
 10
29.92258098211714
 20
10.218326908762299
 10
29.92341701098047
 20
10.218904895594978
 10
29.924253722282717
 20
10.219481109658858
 10
29.925091113959365
 20
10.220055549791834
 10
29.925929183944206
 20
10.220628214835452
 10
29.92676793016935
 20
10.221199103634913
 10
29.927607350565264
 20
10.221768215039074
 10
29.928447443060723
 20
10.22233554790044
 10
29.929288205582864
 20
10.222901101075184
 10
29.930129636057163
 20
10.223464873423127
 10
29.930971732407446
 20
10.224026863807762
 10
29.9318144925559
 20
10.224587071096236
 10
29.93265791442308
 20
10.22514549415936
 10
29.933501995927887
 20
10.225702131871616
 10
29.93434673498762
 20
10.226256983111147
 10
29.935192129517944
 20
10.226810046759766
 10
29.936038177432902
 20
10.227361321702958
 10
29.936884876644932
 20
10.227910806829875
 10
29.937732225064867
 20
10.228458501033348
 10
29.938580220601928
 20
10.22900440320987
 10
29.939428861163748
 20
10.22954851225963
 10
29.94027814465637
 20
10.230090827086478
 10
29.941128068984245
 20
10.23063134659795
 10
29.941978632050244
 20
10.231170069705254
 10
29.94282983175566
 20
10.231706995323293
 10
29.943681666000224
 20
10.232242122370646
 10
29.94453413268209
 20
10.232775449769576
 10
29.94538722969786
 20
10.233306976446038
 10
29.946240954942578
 20
10.233836701329665
 10
29.947095306309738
 20
10.234364623353791
 10
29.947950281691288
 20
10.23489074145543
 10
29.948805878977637
 20
10.235415054575299
 10
29.949662096057658
 20
10.235937561657803
 10
29.950518930818703
 20
10.236458261651036
 10
29.951376381146588
 20
10.236977153506801
 10
29.95223444492562
 20
10.23749423618059
 10
29.953093120038584
 20
10.238009508631603
 10
29.953952404366763
 20
10.238522969822728
 10
29.954812295789935
 20
10.239034618720572
 10
29.95567279218638
 20
10.239544454295432
 10
29.956533891432887
 20
10.240052475521317
 10
29.957395591404754
 20
10.240558681375937
 10
29.9582578899758
 20
10.24106307084072
 10
29.959120785018367
 20
10.241565642900794
 10
29.959984274403322
 20
10.242066396545006
 10
29.960848356000064
 20
10.242565330765903
 10
29.96171302767654
 20
10.243062444559762
 10
29.96257828729924
 20
10.243557736926562
 10
29.96344413273319
 20
10.244051206870004
 10
29.964310561841987
 20
10.244542853397508
 10
29.965177572487775
 20
10.24503267552021
 10
29.96604516253127
 20
10.245520672252969
 10
29.966913329831762
 20
10.246006842614364
 10
29.967782072247108
 20
10.246491185626699
 10
29.96865138763375
 20
10.246973700316001
 10
29.969521273846716
 20
10.247454385712022
 10
29.97039172873963
 20
10.247933240848253
 10
29.971262750164705
 20
10.248410264761894
 10
29.972134335972765
 20
10.248885456493891
 10
29.97300648401323
 20
10.249358815088915
 10
29.973879192134145
 20
10.24983033959537
 10
29.974752458182163
 20
10.250300029065393
 10
29.97562628000257
 20
10.250767882554864
 10
29.97650065543927
 20
10.251233899123388
 10
29.977375582334812
 20
10.251698077834318
 10
29.97825105853038
 20
10.252160417754741
 10
29.979127081865798
 20
10.252620917955483
 10
29.980003650179544
 20
10.253079577511118
 10
29.980880761308757
 20
10.25353639549996
 10
29.981758413089224
 20
10.25399137100407
 10
29.98263660335541
 20
10.254444503109248
 10
29.983515329940445
 20
10.254895790905046
 10
29.98439459067614
 20
10.255345233484764
 10
29.985274383392984
 20
10.255792829945456
 10
29.986154705920153
 20
10.256238579387919
 10
29.98703555608552
 20
10.256682480916705
 10
29.987916931715652
 20
10.25712453364012
 10
29.988798830635826
 20
10.257564736670224
 10
29.989681250670017
 20
10.258003089122836
 10
29.990564189640928
 20
10.25843959011753
 10
29.99144764536997
 20
10.258874238777631
 10
29.992331615677283
 20
10.259307034230236
 10
29.99321609838174
 20
10.2597379756062
 10
29.994101091300948
 20
10.260167062040129
 10
29.994986592251255
 20
10.260594292670408
 10
29.99587259904775
 20
10.261019666639175
 10
29.996759109504286
 20
10.26144318309234
 10
29.997646121433466
 20
10.261864841179573
 10
29.99853363264665
 20
10.26228464005432
 10
29.999421640953983
 20
10.26270257887379
 10
30.000310144164363
 20
10.263118656798971
 10
30.001199140085482
 20
10.26353287299461
 10
30.00208862652381
 20
10.263945226629236
 10
30.00297860128461
 20
10.264355716875148
 10
30.003869062171937
 20
10.264764342908421
 10
30.00476000698865
 20
10.265171103908909
 10
30.00565143353641
 20
10.265575999060239
 10
30.00654333961569
 20
10.265979027549818
 10
30.007435723025786
 20
10.266380188568837
 10
30.008328581564808
 20
10.266779481312259
 10
30.009221913029698
 20
10.267176904978838
 10
30.01011571521623
 20
10.267572458771102
 10
30.01100998591902
 20
10.267966141895371
 10
30.011904722931522
 20
10.26835795356175
 10
30.012799924046046
 20
10.268747892984123
 10
30.013695587053753
 20
10.269135959380172
 10
30.01459170974466
 20
10.269522151971358
 10
30.015488289907665
 20
10.269906469982935
 10
30.016385325330518
 20
10.270288912643954
 10
30.01728281379986
 20
10.270669479187248
 10
30.01818075310121
 20
10.271048168849447
 10
30.01907914101897
 20
10.271424980870979
 10
30.01997797533644
 20
10.271799914496063
 10
30.02087725383582
 20
10.272172968972715
 10
30.021776974298213
 20
10.272544143552746
 10
30.022677134503628
 20
10.27291343749177
 10
30.023577732230994
 20
10.2732808500492
 10
30.024478765258152
 20
10.273646380488243
 10
30.025380231361883
 20
10.274010028075914
 10
30.026282128317888
 20
10.27437179208303
 10
30.02718445390081
 20
10.27473167178421
 10
30.02808720588423
 20
10.275089666457873
 10
30.028990382040682
 20
10.275445775386254
 10
30.02989398014165
 20
10.275799997855385
 10
30.030797997957585
 20
10.27615233315511
 10
30.03170243325789
 20
10.276502780579085
 10
30.032607283810943
 20
10.276851339424766
 10
30.033512547384106
 20
10.27719800899343
 10
30.034418221743707
 20
10.277542788590157
 10
30.03532430465507
 20
10.277885677523845
 10
30.03623079388251
 20
10.278226675107206
 10
30.037137687189336
 20
10.278565780656763
 10
30.03804498233787
 20
10.278902993492856
 10
30.038952677089426
 20
10.279238312939642
 10
30.039860769204346
 20
10.279571738325096
 10
30.040769256441987
 20
10.279903268981005
 10
30.041678136560733
 20
10.28023290424299
 10
30.042587407317992
 20
10.280560643450478
 10
30.043497066470216
 20
10.28088648594672
 10
30.044407111772898
 20
10.281210431078797
 10
30.04531754098057
 20
10.281532478197605
 10
30.04622835184683
 20
10.281852626657862
 10
30.04713954212432
 20
10.282170875818125
 10
30.048051109564756
 20
10.282487225040757
 10
30.048963051918925
 20
10.282801673691965
 10
30.049875366936682
 20
10.283114221141776
 10
30.05078805236696
 20
10.283424866764044
 10
30.051701105957793
 20
10.283733609936458
 10
30.052614525456292
 20
10.284040450040528
 10
30.05352830860867
 20
10.284345386461608
 10
30.054442453160245
 20
10.284648418588873
 10
30.055356956855437
 20
10.284949545815335
 10
30.056271817437793
 20
10.285248767537844
 10
30.057187032649963
 20
10.285546083157076
 10
30.058102600233735
 20
10.28584149207755
 10
30.059018517930017
 20
10.286134993707618
 10
30.059934783478866
 20
10.286426587459466
 10
30.06085139461947
 20
10.286716272749132
 10
30.06176834909017
 20
10.287004048996469
 10
30.062685644628456
 20
10.287289915625193
 10
30.063603278970977
 20
10.287573872062847
 10
30.064521249853552
 20
10.28785591774082
 10
30.065439555011164
 20
10.288136052094345
 10
30.066358192177972
 20
10.288414274562491
 10
30.067277159087315
 20
10.288690584588174
 10
30.068196453471725
 20
10.288964981618165
 10
30.069116073062915
 20
10.289237465103058
 10
30.070036015591807
 20
10.289508034497317
 10
30.07095627878852
 20
10.289776689259234
 10
30.071876860382382
 20
10.290043428850964
 10
30.072797758101935
 20
10.290308252738498
 10
30.073718969674946
 20
10.290571160391682
 10
30.0746404928284
 20
10.290832151284212
 10
30.075562325288523
 20
10.291091224893634
 10
30.076484464780766
 20
10.291348380701349
 10
30.077406909029836
 20
10.2916036181926
 10
30.078329655759674
 20
10.291856936856494
 10
30.079252702693488
 20
10.292108336185986
 10
30.080176047553735
 20
10.292357815677887
 10
30.081099688062146
 20
10.292605374832862
 10
30.08202362193971
 20
10.292851013155435
 10
30.08294784690671
 20
10.293094730153982
 10
30.08387236068269
 20
10.293336525340742
 10
30.084797160986504
 20
10.293576398231803
 10
30.085722245536278
 20
10.29381434834712
 10
30.08664761204945
 20
10.294050375210503
 10
30.087573258242756
 20
10.294284478349626
 10
30.08849918183225
 20
10.29451665729602
 10
30.089425380533292
 20
10.294746911585076
 10
30.090351852060568
 20
10.294975240756052
 10
30.09127859412809
 20
10.295201644352067
 10
30.09220560444921
 20
10.295426121920102
 10
30.0931328807366
 20
10.295648673011002
 10
30.094060420702295
 20
10.295869297179472
 10
30.09498822205767
 20
10.296087993984095
 10
30.095916282513453
 20
10.296304762987308
 10
30.09684459977974
 20
10.296519603755423
 10
30.09777317156599
 20
10.296732515858608
 10
30.09870199558103
 20
10.296943498870913
 10
30.099631069533075
 20
10.297152552370243
 10
30.100560391129715
 20
10.297359675938381
 10
30.10148995807793
 20
10.297564869160976
 10
30.102419768084093
 20
10.29776813162755
 10
30.103349818853985
 20
10.29796946293149
 10
30.10428010809279
 20
10.29816886267006
 10
30.105210633505095
 20
10.298366330444393
 10
30.106141392794918
 20
10.298561865859496
 10
30.107072383665688
 20
10.29875546852425
 10
30.108003603820272
 20
10.298947138051403
 10
30.108935050960966
 20
10.299136874057588
 10
30.10986672278951
 20
10.299324676163302
 10
30.11079861700708
 20
10.299510543992927
 10
30.111730731314317
 20
10.299694477174713
 10
30.112663063411315
 20
10.299876475340792
 10
30.11359561099762
 20
10.300056538127166
 10
30.11452837177226
 20
10.300234665173722
 10
30.115461343433733
 20
10.30041085612422
 10
30.11639452368001
 20
10.300585110626304
 10
30.11732791020856
 20
10.300757428331485
 10
30.118261500716326
 20
10.30092780889517
 10
30.119195292899768
 20
10.301096251976633
 10
30.120129284454837
 20
10.301262757239034
 10
30.121063473076987
 20
10.301427324349412
 10
30.121997856461196
 20
10.301589952978688
 10
30.122932432301962
 20
10.301750642801668
 10
30.123867198293297
 20
10.30190939349703
 10
30.124802152128755
 20
10.302066204747351
 10
30.125737291501423
 20
10.302221076239078
 10
30.12667261410393
 20
10.302374007662548
 10
30.12760811762845
 20
10.302524998711977
 10
30.128543799766717
 20
10.302674049085471
 10
30.12947965821002
 20
10.30282115848502
 10
30.13041569064921
 20
10.302966326616495
 10
30.13135189477472
 20
10.30310955318966
 10
30.132288268276547
 20
10.30325083791816
 10
30.13322480884428
 20
10.303390180519525
 10
30.134161514167086
 20
10.303527580715182
 10
30.135098381933734
 20
10.303663038230432
 10
30.13603540983259
 20
10.303796552794473
 10
30.136972595551622
 20
10.303928124140395
 10
30.137909936778414
 20
10.304057752005162
 10
30.138847431200162
 20
10.30418543612964
 10
30.139785076503685
 20
10.30431117625858
 10
30.140722870375427
 20
10.304434972140623
 10
30.141660810501474
 20
10.304556823528301
 10
30.142598894567545
 20
10.304676730178034
 10
30.143537120259
 20
10.304794691850136
 10
30.144475485260863
 20
10.30491070830881
 10
30.145413987257797
 20
10.305024779322153
 10
30.146352623934145
 20
10.30513690466215
 10
30.1472913929739
 20
10.30524708410468
 10
30.14823029206074
 20
10.30535531742952
 10
30.149169318878027
 20
10.30546160442033
 10
30.15010847110879
 20
10.305565944864671
 10
30.151047746435765
 20
10.305668338553993
 10
30.151987142541376
 20
10.30576878528364
 10
30.152926657107752
 20
10.305867284852857
 10
30.153866287816733
 20
10.305963837064773
 10
30.15480603234986
 20
10.306058441726417
 10
30.155745888388413
 20
10.306151098648712
 10
30.15668585361338
 20
10.306241807646481
 10
30.15762592570548
 20
10.306330568538433
 10
30.158566102345187
 20
10.30641738114718
 10
30.159506381212697
 20
10.306502245299228
 10
30.160446759987963
 20
10.30658516082498
 10
30.161387236350688
 20
10.306666127558731
 10
30.162327807980336
 20
10.306745145338681
 10
30.16326847255614
 20
10.306822214006917
 10
30.164209227757098
 20
10.306897333409433
 10
30.165150071261984
 20
10.306970503396116
 10
30.166091000749354
 20
10.307041723820747
 10
30.167032013897565
 20
10.307110994541006
 10
30.167973108384746
 20
10.307178315418483
 10
30.168914281888842
 20
10.307243686318646
 10
30.1698555320876
 20
10.30730710711088
 10
30.17079685665857
 20
10.30736857766846
 10
30.171738253279127
 20
10.307428097868552
 10
30.172679719626466
 20
10.307485667592236
 10
30.173621253377608
 20
10.307541286724486
 10
30.174562852209412
 20
10.307594955154169
 10
30.175504513798572
 20
10.307646672774059
 10
30.176446235821626
 20
10.307696439480829
 10
30.17738801595497
 20
10.307744255175049
 10
30.178329851874853
 20
10.307790119761183
 10
30.179271741257388
 20
10.30783403314761
 10
30.180213681778547
 20
10.307875995246597
 10
30.18115567111419
 20
10.307916005974317
 10
30.18209770694005
 20
10.30795406525084
 10
30.18303978693174
 20
10.307990173000139
 10
30.183981908764775
 20
10.308024329150088
 10
30.18492407011456
 20
10.30805653363246
 10
30.185866268656397
 20
10.30808678638293
 10
30.186808502065517
 20
10.308115087341069
 10
30.18775076801704
 20
10.30814143645036
 10
30.18869306418602
 20
10.308165833658176
 10
30.18963538824744
 20
10.3081882789158
 10
30.190577737876197
 20
10.30820877217841
 10
30.191520110747142
 20
10.308227313405087
 10
30.192462504535065
 20
10.308243902558814
 10
30.193404916914698
 20
10.308258539606474
 10
30.194347345560733
 20
10.308271224518858
 10
30.195289788147818
 20
10.308281957270648
 10
30.196232242350575
 20
10.308290737840437
 10
30.197174705843587
 20
10.308297566210712
 10
30.198117176301416
 20
10.308302442367868
 10
30.199059651398617
 20
10.308305366302196
 10
30.199999999999942
 20
10.308306338012875
  0
LWPOLYLINE
  5
AA
330
17
100
AcDbEntity
  8
20_CONTACT
100
AcDbPolyline
 90
2
 70
0
 10
30.199999999999942
 20
10.308306338012875
 10
32.49999999999994
 20
10.308306338012882
  0
LWPOLYLINE
  5
AB
330
17
100
AcDbEntity
  8
20_CONTACT
100
AcDbPolyline
 90
1001
 70
0
 10
29.599999999999973
 20
0.512398314317057
 10
29.600000740223134
 20
0.5110542913897902
 10
29.60000296089081
 20
0.5097104762377249
 10
29.600006661997565
 20
0.5083668719908605
 10
29.6000118435343
 20
0.5070234817774146
 10
29.600018505488272
 20
0.5056803087238251
 10
29.60002664784308
 20
0.5043373559547355
 10
29.60003627057867
 20
0.5029946265930096
 10
29.60004737367133
 20
0.5016521237596994
 10
29.600059957093713
 20
0.5003098505740695
 10
29.600074020814798
 20
0.4989678101535784
 10
29.600089564799923
 20
0.4976260056138688
 10
29.60010658901077
 20
0.4962844400687825
 10
29.600125093405374
 20
0.4949431166303384
 10
29.60014507793811
 20
0.49360203840873673
 10
29.6001665425597
 20
0.49226120851235144
 10
29.600189487217225
 20
0.4909206300477358
 10
29.600213911854098
 20
0.48958030611960446
 10
29.6002398164101
 20
0.4882402398308372
 10
29.60026720082134
 20
0.4869004342824734
 10
29.600296065020284
 20
0.48556089257371404
 10
29.60032640893575
 20
0.48422161780190365
 10
29.600358232492905
 20
0.4828826130625412
 10
29.600391535613255
 20
0.48154388144926763
 10
29.600426318214666
 20
0.4802054260538693
 10
29.600462580211346
 20
0.4788672499662585
 10
29.60050032151386
 20
0.47752935627448956
 10
29.60053954202911
 20
0.4761917480647391
 10
29.600580241660367
 20
0.4748544284213132
 10
29.600622420307232
 20
0.4735174004266405
 10
29.600666077865675
 20
0.47218066716125584
 10
29.600711214228
 20
0.4708442317038237
 10
29.600757829282873
 20
0.469508097131099
 10
29.600805922915306
 20
0.46817226651795707
 10
29.60085549500667
 20
0.46683674293737276
 10
29.600906545434675
 20
0.4655015294604059
 10
29.600959074073394
 20
0.4641666291562263
 10
29.60101308079325
 20
0.4628320450920871
 10
29.60106856546102
 20
0.46149778033332645
 10
29.601125527939825
 20
0.46016383794336413
 10
29.601183968089153
 20
0.4588302209837032
 10
29.601243885764834
 20
0.45749693251391754
 10
29.60130528081906
 20
0.45616397559165556
 10
29.601368153100374
 20
0.45483135327262936
 10
29.601432502453672
 20
0.45349906861061307
 10
29.601498328720215
 20
0.45216712465744635
 10
29.601565631737607
 20
0.450835524463022
 10
29.601634411339816
 20
0.44950427107528235
 10
29.60170466735716
 20
0.44817336754022286
 10
29.601776399616327
 20
0.44684281690187966
 10
29.60184960794034
 20
0.4455126222023349
 10
29.601924292148606
 20
0.44418278648169895
 10
29.60200045205687
 20
0.4428533127781247
 10
29.602078087477242
 20
0.44152420412779136
 10
29.602157198218197
 20
0.440195463564903
 10
29.60223778408456
 20
0.43886709412168834
 10
29.602319844877528
 20
0.4375390988283936
 10
29.602403380394644
 20
0.4362114807132791
 10
29.60248839042982
 20
0.43488424280261917
 10
29.602574874773328
 20
0.43355738812069156
 10
29.60266283321181
 20
0.4322309196897809
 10
29.602752265528256
 20
0.4309048405301734
 10
29.60284317150203
 20
0.4295791536601481
 10
29.602935550908853
 20
0.42825386209598015
 10
29.60302940352082
 20
0.426928968851934
 10
29.60312472910638
 20
0.42560447694025605
 10
29.603221527430353
 20
0.42428038937118195
 10
29.603319798253924
 20
0.42295670915291517
 10
29.60341954133464
 20
0.42163343929164476
 10
29.603520756426427
 20
0.4203105827915241
 10
29.603623443279567
 20
0.41898814265467443
 10
29.603727601640713
 20
0.4176661218811901
 10
29.603833231252892
 20
0.4163445234691121
 10
29.603940331855497
 20
0.4150233504144456
 10
29.60404890318429
 20
0.4137026057111495
 10
29.604158944971402
 20
0.41238229235113444
 10
29.604270456945343
 20
0.4110624133242471
 10
29.604383438830993
 20
0.40974297161828765
 10
29.604497890349602
 20
0.40842397021899046
 10
29.604613811218794
 20
0.4071054121100257
 10
29.604731201152564
 20
0.40578730027299237
 10
29.604850059861295
 20
0.40446963768742883
 10
29.60497038705173
 20
0.4031524273307827
 10
29.605092182426993
 20
0.40183567217843397
 10
29.605215445686596
 20
0.40051937520367353
 10
29.605340176526415
 20
0.399203539377714
 10
29.605466374638713
 20
0.39788816766967194
 10
29.605594039712127
 20
0.3965732630465748
 10
29.605723171431677
 20
0.39525882847335403
 10
29.605853769478763
 20
0.39394486691283426
 10
29.60598583353117
 20
0.3926313813257476
 10
29.606119363263062
 20
0.3913183746707123
 10
29.606254358344987
 20
0.3900058499042398
 10
29.60639081844388
 20
0.3886938099807242
 10
29.606528743223055
 20
0.38738225785244573
 10
29.60666813234222
 20
0.38607119646956
 10
29.606808985457462
 20
0.38476062878010175
 10
29.60695130222126
 20
0.3834505577299794
 10
29.607095082282477
 20
0.3821409862629661
 10
29.607240325286373
 20
0.38083191732070354
 10
29.60738703087459
 20
0.37952335384269453
 10
29.60753519868517
 20
0.37821529876630144
 10
29.607684828352532
 20
0.3769077550267408
 10
29.607835919507508
 20
0.3756007255570797
 10
29.607988471777304
 20
0.37429421328823587
 10
29.608142484785535
 20
0.37298822114897234
 10
29.608297958152203
 20
0.3716827520658921
 10
29.608454891493714
 20
0.37037780896343264
 10
29.608613284422862
 20
0.36907339476387513
 10
29.608773136548848
 20
0.36776951238732636
 10
29.608934447477267
 20
0.36646616475172067
 10
29.609097216810117
 20
0.36516335477281814
 10
29.609261444145798
 20
0.36386108536420103
 10
29.60942712907911
 20
0.36255935943726847
 10
29.609594271201253
 20
0.3612581799012329
 10
29.609762870099843
 20
0.35995754966312
 10
29.60993292535889
 20
0.3586574716277635
 10
29.610104436558814
 20
0.35735794869779625
 10
29.61027740327644
 20
0.35605898377365897
 10
29.610451825085015
 20
0.354760579753588
 10
29.610627701554172
 20
0.35346273953360985
 10
29.61080503224997
 20
0.35216546600755017
 10
29.610983816734883
 20
0.35086876206701056
 10
29.611164054567787
 20
0.34957263060139177
 10
29.61134574530398
 20
0.3482770744978634
 10
29.611528888495165
 20
0.34698209664137636
 10
29.61171348368947
 20
0.34568769991465587
 10
29.61189953043144
 20
0.34439388719820485
 10
29.61208702826203
 20
0.34310066137028095
 10
29.612275976718628
 20
0.341808025306916
 10
29.612466375335032
 20
0.3405159818819019
 10
29.61265822364146
 20
0.339224533966787
 10
29.612851521164558
 20
0.33793368443087424
 10
29.6130462674274
 20
0.3366434361412143
 10
29.613242461949476
 20
0.3353537919626124
 10
29.613440104246706
 20
0.33406475475761255
 10
29.613639193831442
 20
0.33277632738650986
 10
29.613839730212458
 20
0.3314885127073257
 10
29.614041712894963
 20
0.33020131357582194
 10
29.614245141380593
 20
0.3289147328454938
 10
29.61445001516742
 20
0.3276287733675627
 10
29.61465633374995
 20
0.3263434379909764
 10
29.614864096619115
 20
0.3250587295624001
 10
29.6150733032623
 20
0.3237746509262234
 10
29.61528395316331
 20
0.3224912049245532
 10
29.6154960458024
 20
0.3212083943972015
 10
29.61570958065626
 20
0.3199262221816923
 10
29.615924557198028
 20
0.31864469111325633
 10
29.61614097489727
 20
0.31736380402482745
 10
29.616358833220012
 20
0.3160835637470374
 10
29.616578131628717
 20
0.3148039731082122
 10
29.616798869582293
 20
0.3135250349343739
 10
29.617021046536106
 20
0.3122467520492389
 10
29.617244661941957
 20
0.31096912727419657
 10
29.617469715248106
 20
0.3096921634283305
 10
29.617696205899264
 20
0.3084158633284044
 10
29.617924133336597
 20
0.307140229788855
 10
29.61815349699772
 20
0.3058652656217884
 10
29.618384296316712
 20
0.30459097363699605
 10
29.6186165307241
 20
0.3033173566419176
 10
29.618850199646882
 20
0.30204441744167454
 10
29.619085302508502
 20
0.3007721588390364
 10
29.619321838728872
 20
0.2995005836344422
 10
29.619559807724375
 20
0.29822969462597193
 10
29.61979920890785
 20
0.2969594946093679
 10
29.6200400416886
 20
0.2956899863780169
 10
29.6202823054724
 20
0.294421172722954
 10
29.620525999661496
 20
0.2931530564328515
 10
29.6207711236546
 20
0.29188564029402286
 10
29.621017676846897
 20
0.29061892709041537
 10
29.621265658630044
 20
0.2893529196036173
 10
29.62151506839218
 20
0.2880876206128331
 10
29.62176590551791
 20
0.2868230328949064
 10
29.622018169388326
 20
0.285559159224297
 10
29.62227185938099
 20
0.2842960023730843
 10
29.622526974869956
 20
0.28303356511096744
 10
29.622783515225755
 20
0.2817718502052582
 10
29.6230414798154
 20
0.2805108604208808
 10
29.623300868002392
 20
0.2792505985203686
 10
29.623561679146718
 20
0.27799106726385325
 10
29.62382391260486
 20
0.2767322694090719
 10
29.624087567729777
 20
0.2754742077113601
 10
29.62435264387094
 20
0.27421688492364993
 10
29.62461914037429
 20
0.2729603037964612
 10
29.624887056582278
 20
0.2717044670779085
 10
29.625156391833855
 20
0.2704493775136907
 10
29.62542714546446
 20
0.26919503784708176
 10
29.625699316806035
 20
0.2679414508189488
 10
29.62597290518703
 20
0.2666886191677289
 10
29.62624790993239
 20
0.265436545629429
 10
29.62652433036357
 20
0.2641852329376313
 10
29.62680216579853
 20
0.2629346838234863
 10
29.62708141555174
 20
0.26168490101571074
 10
29.627362078934176
 20
0.26043588724057365
 10
29.627644155253336
 20
0.2591876452219122
 10
29.627927643813216
 20
0.2579401776811121
 10
29.62821254391434
 20
0.2566934873371185
 10
29.628498854853746
 20
0.25544757690641795
 10
29.628786575924988
 20
0.25420244910304923
 10
29.629075706418142
 20
0.25295810663858553
 10
29.629366245619806
 20
0.2517145522221558
 10
29.6296581928131
 20
0.25047178856041263
 10
29.629951547277674
 20
0.24922981835753966
 10
29.630246308289706
 20
0.247988644315269
 10
29.630542475121896
 20
0.2467482691328442
 10
29.63084004704348
 20
0.24550869550703958
 10
29.631139023320234
 20
0.24426992613215326
 10
29.63143940321445
 20
0.2430319637000018
 10
29.63174118598498
 20
0.24179481089991306
 10
29.63204437088719
 20
0.2405584704187298
 10
29.632348957173008
 20
0.23932294494080786
 10
29.632654944090888
 20
0.2380882371480073
 10
29.632962330885842
 20
0.23685434971969244
 10
29.633271116799413
 20
0.2356212853327282
 10
29.633581301069704
 20
0.23438904666147842
 10
29.63389288293136
 20
0.23315763637779874
 10
29.634205861615577
 20
0.2319270571510419
 10
29.634520236350113
 20
0.2306973116480453
 10
29.634836006359276
 20
0.22946840253313106
 10
29.635153170863923
 20
0.22824033246810593
 10
29.635471729081484
 20
0.2270131041122614
 10
29.63579168022594
 20
0.22578672012235934
 10
29.63611302350784
 20
0.2245611831526393
 10
29.636435758134297
 20
0.22333649585480586
 10
29.636759883308986
 20
0.2221126608780395
 10
29.637085398232163
 20
0.22088968086898042
 10
29.63741230210064
 20
0.2196675584717358
 10
29.63774059410781
 20
0.2184462963278655
 10
29.638070273443642
 20
0.21722589707639095
 10
29.638401339294674
 20
0.21600636335378098
 10
29.638733790844032
 20
0.21478769779396423
 10
29.63906762727142
 20
0.21356990302830603
 10
29.639402847753114
 20
0.21235298168562267
 10
29.639739451461995
 20
0.21113693639217068
 10
29.640077437567516
 20
0.20992176977164156
 10
29.64041680523572
 20
0.20870748444516707
 10
29.640757553629246
 20
0.20749408303131212
 10
29.641099681907324
 20
0.20628156814606236
 10
29.64144318922578
 20
0.20506994240284193
 10
29.641788074737036
 20
0.2038592084124904
 10
29.64213433759011
 20
0.20264936878327156
 10
29.64248197693063
 20
0.20144042612087
 10
29.64283099190082
 20
0.20023238302837676
 10
29.643181381639508
 20
0.19902524210630368
 10
29.64353314528214
 20
0.19781900595256907
 10
29.643886281960764
 20
0.19661367716249067
 10
29.64424079080404
 20
0.1954092583288034
 10
29.644596670937247
 20
0.19420575204162738
 10
29.644953921482273
 20
0.19300316088849634
 10
29.64531254155763
 20
0.19180148745432213
 10
29.64567253027845
 20
0.19060073432141955
 10
29.646033886756484
 20
0.18940090406948862
 10
29.64639661010012
 20
0.1882019992756181
 10
29.646760699414354
 20
0.18700402251427128
 10
29.647126153800826
 20
0.18580697635730203
 10
29.647492972357806
 20
0.18461086337393695
 10
29.64786115418019
 20
0.18341568613077364
 10
29.64823069835952
 20
0.18222144719179134
 10
29.648601603983973
 20
0.18102814911832255
 10
29.64897387013836
 20
0.17983579446908138
 10
29.649347495904145
 20
0.17864438580013164
 10
29.64972248035943
 20
0.17745392566490814
 10
29.65009882257897
 20
0.17626441661419356
 10
29.65047652163416
 20
0.17507586119613272
 10
29.650855576593063
 20
0.17388826195621654
 10
29.651235986520383
 20
0.17270162143728207
 10
29.65161775047748
 20
0.17151594217952315
 10
29.652000867522386
 20
0.17033122672046197
 10
29.65238533670978
 20
0.1691474775949704
 10
29.65277115709101
 20
0.16796469733525576
 10
29.653158327714095
 20
0.16678288847086087
 10
29.653546847623712
 20
0.16560205352865154
 10
29.653936715861217
 20
0.16442219503283262
 10
29.654327931464636
 20
0.16324331550492843
 10
29.654720493468673
 20
0.1620654174637881
 10
29.6551144009047
 20
0.1608885034255838
 10
29.655509652800784
 20
0.15971257590379473
 10
29.655906248181665
 20
0.15853763740922666
 10
29.656304186068766
 20
0.15736369044999066
 10
29.656703465480206
 20
0.15619073753150658
 10
29.657104085430788
 20
0.15501878115650136
 10
29.657506044932006
 20
0.15384782382500184
 10
29.657909342992053
 20
0.1526778680343419
 10
29.65831397861582
 20
0.15150891627914653
 10
29.658719950804887
 20
0.15034097105133348
 10
29.659127258557547
 20
0.14917403484012226
 10
29.659535900868796
 20
0.14800811013201098
 10
29.659945876730337
 20
0.1468431994107906
 10
29.660357185130575
 20
0.14567930515752714
 10
29.660769825054633
 20
0.14451642985057944
 10
29.66118379548435
 20
0.14335457596557077
 10
29.661599095398284
 20
0.14219374597541368
 10
29.662015723771702
 20
0.14103394235027444
 10
29.662433679576605
 20
0.1398751675576051
 10
29.662852961781706
 20
0.13871742406211673
 10
29.66327356935246
 20
0.13756071432578665
 10
29.663695501251034
 20
0.13640504080784943
 10
29.66411875643635
 20
0.1352504059648023
 10
29.66454333386404
 20
0.13409681225039272
 10
29.66496923248649
 20
0.13294426211562715
 10
29.66539645125282
 20
0.13179275800875168
 10
29.665824989108902
 20
0.1306423023752732
 10
29.666254844997333
 20
0.12949289765793104
 10
29.666686017857472
 20
0.12834454629671121
 10
29.66711850662543
 20
0.1271972507288357
 10
29.667552310234072
 20
0.12605101338876956
 10
29.667987427613
 20
0.12490583670819788
 10
29.668423857688598
 20
0.12376172311604883
 10
29.668861599383998
 20
0.12261867503847057
 10
29.669300651619096
 20
0.12147669489883839
 10
29.669741013310563
 20
0.12033578511775112
 10
29.670182683371827
 20
0.11919594811302581
 10
29.670625660713092
 20
0.11805718629969242
 10
29.671069944241346
 20
0.11691950208999735
 10
29.671515532860337
 20
0.11578289789340346
 10
29.671962425470607
 20
0.11464737611657405
 10
29.67241062096947
 20
0.11351293916338001
 10
29.672860118251034
 20
0.11237958943489623
 10
29.673310916206184
 20
0.11124732932939807
 10
29.67376301372261
 20
0.11011616124235601
 10
29.674216409684785
 20
0.10898608756643746
 10
29.67467110297398
 20
0.10785711069150139
 10
29.675127092468266
 20
0.1067292330045948
 10
29.67558437704251
 20
0.1056024568899474
 10
29.6760429555684
 20
0.10447678472898225
 10
29.67650282691441
 20
0.10335221890028912
 10
29.67696398994584
 20
0.10222876177965468
 10
29.67742644352479
 20
0.10110641574002166
 10
29.677890186510187
 20
0.0999851831515226
 10
29.678355217757773
 20
0.09886506638144432
 10
29.678821536120104
 20
0.09774606779425277
 10
29.679289140446567
 20
0.09662818975157172
 10
29.679758029583382
 20
0.09551143461219169
 10
29.680228202373584
 20
0.09439580473205744
 10
29.68069965765705
 20
0.09328130246427513
 10
29.68117239427049
 20
0.09216793015910518
 10
29.681646411047456
 20
0.09105569016394632
 10
29.682121706818336
 20
0.08994458482336576
 10
29.682598280410364
 20
0.0888346164790601
 10
29.68307613064762
 20
0.08772578746987492
 10
29.68355525635104
 20
0.0866181001317976
 10
29.684035656338402
 20
0.08551155679795208
 10
29.68451732942435
 20
0.08440615979859523
 10
29.68500027442038
 20
0.08330191146111687
 10
29.68548449013485
 20
0.08219881411003449
 10
29.685969975372988
 20
0.08109687006700206
 10
29.68645672893689
 20
0.07999608165078342
 10
29.686944749625507
 20
0.07889645117727184
 10
29.687434036234684
 20
0.07779798095947932
 10
29.68792458755713
 20
0.07670067330753305
 10
29.68841640238244
 20
0.07560453052867366
 10
29.68890947949708
 20
0.07450955492725164
 10
29.68940381768442
 20
0.07341574880472557
 10
29.689899415724692
 20
0.07232311445966211
 10
29.690396272395052
 20
0.07123165418772537
 10
29.690894386469523
 20
0.07014137028168754
 10
29.691393756719037
 20
0.06905226503140938
 10
29.691894381911425
 20
0.0679643407238526
 10
29.692396260811424
 20
0.06687759964306572
 10
29.692899392180674
 20
0.06579204407019645
 10
29.69340377477772
 20
0.06470767628346685
 10
29.693909407358035
 20
0.06362449855819285
 10
29.69441628867399
 20
0.06254251316676651
 10
29.694924417474887
 20
0.061461722378664874
 10
29.695433792506947
 20
0.060382128460428675
 10
29.695944412513306
 20
0.05930373367568542
 10
29.696456276234045
 20
0.05822654028512808
 10
29.696969382406163
 20
0.05715055054652041
 10
29.6974837297636
 20
0.05607576671468628
 10
29.69799931703723
 20
0.055002191041516824
 10
29.69851614295487
 20
0.05392982577596506
 10
29.69903420624128
 20
0.052858673164038805
 10
29.699553505618166
 20
0.051788735448804246
 10
29.700074039804186
 20
0.050720014870373475
 10
29.700595807514944
 20
0.049652513665915166
 10
29.70111880746301
 20
0.04858623406964391
 10
29.701643038357915
 20
0.047521178312818435
 10
29.702168498906136
 20
0.046457348623736294
 10
29.702695187811134
 20
0.04539474722774095
 10
29.70322310377333
 20
0.044333376347207576
 10
29.70375224549012
 20
0.04327323820154838
 10
29.70428261165587
 20
0.04221433500720728
 10
29.704814200961938
 20
0.041156668977654576
 10
29.705347012096652
 20
0.04010024232338871
 10
29.705881043745325
 20
0.03904505725193097
 10
29.706416294590266
 20
0.037991115967829
 10
29.70695276331077
 20
0.036938420672642636
 10
29.70749044858313
 20
0.03588697356494741
 10
29.708029349080633
 20
0.034836776840338146
 10
29.708569463473573
 20
0.033787832691421826
 10
29.709110790429246
 20
0.03274014330779984
 10
29.709653328611957
 20
0.031693710876096404
 10
29.710197076683016
 20
0.030648537579930135
 10
29.71074203330076
 20
0.029604625599921164
 10
29.711288197120535
 20
0.028561977113687576
 10
29.711835566794708
 20
0.027520594295845413
 10
29.712384140972674
 20
0.026480479317998018
 10
29.71293391830086
 20
0.02544163434874669
 10
29.71348489742271
 20
0.024404061553674694
 10
29.714037076978716
 20
0.0233677630953526
 10
29.714590455606405
 20
0.02233274113333117
 10
29.715145031940345
 20
0.021298997824148458
 10
29.715700804612144
 20
0.020266535321310286
 10
29.716257772250465
 20
0.01923535577530444
 10
29.71681593348102
 20
0.01820546133358647
 10
29.717375286926572
 20
0.017176854140585007
 10
29.717935831206947
 20
0.016149536337698223
 10
29.71849756493903
 20
0.015123510063281387
 10
29.71906048673678
 20
0.01409877745265753
 10
29.719624595211204
 20
0.01307534063811211
 10
29.720189888970403
 20
0.012053201748878806
 10
29.72075636661954
 20
0.01103236291115195
 10
29.721324026760865
 20
0.010012826248081197
 10
29.7218928679937
 20
0.008994593879755541
 10
29.72246288891446
 20
0.007977667923222853
 10
29.723034088116655
 20
0.006962050492463234
 10
29.723606464190873
 20
0.005947743698412111
 10
29.72418001572481
 20
0.004934749648931813
 10
29.724754741303254
 20
0.0039230704488293355
 10
29.7253306395081
 20
0.0029127081998456816
 10
29.725907708918353
 20
0.001903665000650534
 10
29.72648594811012
 20
0.0008959429468422542
 10
29.727065355656627
 20
-0.00011045586904678828
 10
29.72764593012822
 20
-0.0011155293575662029
 10
29.728227670092355
 20
-0.002119275432345802
 10
29.72881057411362
 20
-0.003121692010090271
 10
29.729394640753736
 20
-0.004122777010588052
 10
29.72997986857154
 20
-0.005122528356716671
 10
29.73056625612302
 20
-0.006120943974440962
 10
29.73115380196129
 20
-0.007118021792814844
 10
29.731742504636617
 20
-0.008113759743983096
 10
29.732332362696404
 20
-0.009108155763192016
 10
29.732923374685203
 20
-0.010101207788780542
 10
29.73351553914473
 20
-0.011092913762189127
 10
29.734108854613847
 20
-0.012083271627966852
 10
29.734703319628576
 20
-0.013072279333764314
 10
29.73529893272211
 20
-0.014059934830337184
 10
29.7358956924248
 20
-0.015046236071549757
 10
29.73649359726418
 20
-0.016031181014392715
 10
29.737092645764942
 20
-0.017014767618960036
 10
29.737692836448968
 20
-0.01799699384846498
 10
29.738294167835324
 20
-0.01897785766924187
 10
29.73889663844025
 20
-0.019957357050751412
 10
29.73950024677718
 20
-0.020935489965577148
 10
29.74010499135675
 20
-0.02191225438942901
 10
29.740710870686776
 20
-0.022887648301148644
 10
29.741317883272284
 20
-0.023861669682711195
 10
29.741926027615506
 20
-0.024834316519219968
 10
29.742535302215874
 20
-0.025805586798929525
 10
29.743145705570036
 20
-0.026775478513217266
 10
29.743757236171852
 20
-0.027743989656622503
 10
29.744369892512406
 20
-0.028711118226809162
 10
29.744983673079997
 20
-0.029676862224603084
 10
29.745598576360152
 20
-0.03064121965397426
 10
29.746214600835636
 20
-0.031604188522047494
 10
29.746831744986434
 20
-0.03256576683909351
 10
29.747450007289775
 20
-0.033525952618548516
 10
29.748069386220134
 20
-0.034484743877010615
 10
29.748689880249223
 20
-0.035442138634232734
 10
29.749311487846008
 20
-0.036398134913131486
 10
29.749934207476702
 20
-0.03735273073979606
 10
29.750558037604776
 20
-0.03830592414348111
 10
29.751182976690963
 20
-0.03925771315661031
 10
29.75180902319326
 20
-0.040208095814792344
 10
29.75243617556693
 20
-0.04115707015679604
 10
29.75306443226451
 20
-0.04210463422458233
 10
29.753693791735802
 20
-0.04305078606328294
 10
29.7543242524279
 20
-0.043995523721219953
 10
29.754955812785173
 20
-0.04493884524990399
 10
29.755588471249283
 20
-0.045880748704020036
 10
29.756222226259172
 20
-0.04682123214145939
 10
29.75685707625109
 20
-0.04776029362330014
 10
29.757493019658575
 20
-0.048697931213812495
 10
29.758130054912467
 20
-0.049634142980467644
 10
29.75876818044092
 20
-0.05056892699394133
 10
29.759407394669395
 20
-0.051502281328103194
 10
29.760047696020656
 20
-0.052434204060030964
 10
29.7606890829148
 20
-0.05336469327001403
 10
29.76133155376924
 20
-0.054293747041546325
 10
29.761975106998705
 20
-0.05522136346133344
 10
29.762619741015268
 20
-0.05614754061930505
 10
29.76326545422833
 20
-0.05707227660859182
 10
29.76391224504462
 20
-0.05799556952555385
 10
29.764560111868224
 20
-0.05891741746976997
 10
29.765209053100563
 20
-0.05983781854404846
 10
29.765859067140408
 20
-0.060756770854411
 10
29.766510152383884
 20
-0.061674272510119366
 10
29.767162307224474
 20
-0.06259032162366118
 10
29.76781553005302
 20
-0.0635049163107606
 10
29.768469819257728
 20
-0.06441805469036943
 10
29.769125173224175
 20
-0.0653297348846884
 10
29.769781590335313
 20
-0.06623995501914948
 10
29.770439068971466
 20
-0.06714871322243177
 10
29.771097607510338
 20
-0.06805600762645803
 10
29.771757204327024
 20
-0.06896183636639641
 10
29.772417857794
 20
-0.06986619758066759
 10
29.773079566281147
 20
-0.07076908941094118
 10
29.773742328155727
 20
-0.07167051000214464
 10
29.774406141782414
 20
-0.07257045750245616
 10
29.77507100552328
 20
-0.0734689300633189
 10
29.775736917737817
 20
-0.07436592583943202
 10
29.776403876782915
 20
-0.0752614429887597
 10
29.77707188101289
 20
-0.07615547967253278
 10
29.777740928779483
 20
-0.07704803405525062
 10
29.77841101843185
 20
-0.0779391043046811
 10
29.77908214831658
 20
-0.07882868859186232
 10
29.7797543167777
 20
-0.07971678509111335
 10
29.780427522156668
 20
-0.08060339198002353
 10
29.78110176279239
 20
-0.08148850743946667
 10
29.781777037021204
 20
-0.08237212965359753
 10
29.78245334317692
 20
-0.08325425680984999
 10
29.783130679590784
 20
-0.08413488709895312
 10
29.783809044591504
 20
-0.08501401871491332
 10
29.78448843650525
 20
-0.0858916498550375
 10
29.785168853655662
 20
-0.08676777871992236
 10
29.78585029436385
 20
-0.08764240351345443
 10
29.786532756948393
 20
-0.08851552244282423
 10
29.787216239725353
 20
-0.0893871337185228
 10
29.787900741008276
 20
-0.09025723555433807
 10
29.788586259108186
 20
-0.09112582616736553
 10
29.78927279233361
 20
-0.09199290377800473
 10
29.789960338990564
 20
-0.0928584666099681
 10
29.790648897382564
 20
-0.09372251289027567
 10
29.79133846581063
 20
-0.09458504084926211
 10
29.79202904257329
 20
-0.09544604872057505
 10
29.792720625966584
 20
-0.09630553474118386
 10
29.79341321428407
 20
-0.09716349715137618
 10
29.794106805816817
 20
-0.0980199341947614
 10
29.794801398853437
 20
-0.09887484411827252
 10
29.795496991680054
 20
-0.09972822517216962
 10
29.79619358258033
 20
-0.10058007561004167
 10
29.79689116983547
 20
-0.10143039368881013
 10
29.797589751724214
 20
-0.10227917766872885
 10
29.79828932652285
 20
-0.10312642581338771
 10
29.798989892505215
 20
-0.10397213638970904
 10
29.799691447942703
 20
-0.10481630766796535
 10
29.800393991104265
 20
-0.10565893792176162
 10
29.801097520256413
 20
-0.10650002542804948
 10
29.801802033663233
 20
-0.107339568467129
 10
29.80250752958637
 20
-0.10817756532265044
 10
29.80321400628506
 20
-0.10901401428161073
 10
29.80392146201611
 20
-0.10984891363436233
 10
29.80462989503391
 20
-0.11068226167461148
 10
29.80533930359044
 20
-0.11151405669942172
 10
29.806049685935275
 20
-0.11234429700921389
 10
29.80676104031559
 20
-0.11317298090778216
 10
29.807473364976158
 20
-0.11400010670226557
 10
29.808186658159354
 20
-0.11482567270318889
 10
29.80890091810517
 20
-0.1156496772244271
 10
29.80961614305121
 20
-0.11647211858323736
 10
29.810332331232697
 20
-0.11729299510024838
 10
29.811049480882478
 20
-0.1181123050994568
 10
29.811767590231025
 20
-0.1189300469082415
 10
29.812486657506444
 20
-0.1197462188573617
 10
29.813206680934478
 20
-0.12056081928095175
 10
29.81392765873851
 20
-0.12137384651653527
 10
29.814649589139574
 20
-0.1221852989050145
 10
29.81537247035634
 20
-0.12299517479068633
 10
29.816096300605142
 20
-0.12380347252123336
 10
29.816821078099974
 20
-0.12461019044773103
 10
29.817546801052483
 20
-0.12541532692464408
 10
29.818273467671993
 20
-0.1262188803098443
 10
29.8190010761655
 20
-0.1270208489645892
 10
29.81972962473766
 20
-0.1278212312535434
 10
29.820459111590836
 20
-0.12862002554477137
 10
29.82118953492505
 20
-0.12941723020974472
 10
29.82192089293803
 20
-0.13021284362333851
 10
29.822653183825192
 20
-0.13100686416383134
 10
29.82338640577965
 20
-0.13179929021293013
 10
29.82412055699222
 20
-0.13259012015573468
 10
29.824855635651428
 20
-0.13337935238077314
 10
29.825591639943507
 20
-0.13416698527998072
 10
29.826328568052418
 20
-0.134953017248721
 10
29.827066418159824
 20
-0.13573744668576815
 10
29.827805188445126
 20
-0.13652027199333183
 10
29.828544877085452
 20
-0.13730149157703586
 10
29.829285482255663
 20
-0.13808110384593952
 10
29.83002700212836
 20
-0.13885910721252337
 10
29.83076943487389
 20
-0.13963550009270875
 10
29.831512778660336
 20
-0.1404102809058454
 10
29.832257031653548
 20
-0.14118344807471495
 10
29.83300219201712
 20
-0.14195500002554517
 10
29.833748257912415
 20
-0.142724935187994
 10
29.834495227498557
 20
-0.14349325199516905
 10
29.835243098932448
 20
-0.14425994888362048
 10
29.835991870368755
 20
-0.14502502429333752
 10
29.83674153995993
 20
-0.14578847666776618
 10
29.83749210585621
 20
-0.14655030445379502
 10
29.838243566205616
 20
-0.14731050610176943
 10
29.838995919153962
 20
-0.14806908006548447
 10
29.839749162844868
 20
-0.1488260248021973
 10
29.840503295419744
 20
-0.1495813387726148
 10
29.841258315017818
 20
-0.15033502044090774
 10
29.842014219776118
 20
-0.15108706827471075
 10
29.8427710078295
 20
-0.1518374807451206
 10
29.843528677310633
 20
-0.15258625632670153
 10
29.844287226350012
 20
-0.1533333934974781
 10
29.845046653075965
 20
-0.15407889073895653
 10
29.84580695561465
 20
-0.15482274653610695
 10
29.846568132090063
 20
-0.15556495937737758
 10
29.847330180624056
 20
-0.15630552775468587
 10
29.848093099336314
 20
-0.1570444501634345
 10
29.848856886344382
 20
-0.15778172510250243
 10
29.849621539763664
 20
-0.15851735107425213
 10
29.850387057707422
 20
-0.1592513265845259
 10
29.851153438286786
 20
-0.15998365014265836
 10
29.85192067961076
 20
-0.1607143202614676
 10
29.852688779786224
 20
-0.16144333545725864
 10
29.853457736917935
 20
-0.16217069424983244
 10
29.85422754910854
 20
-0.16289639516248222
 10
29.854998214458575
 20
-0.16362043672199889
 10
29.85576973106647
 20
-0.16434281745866564
 10
29.85654209702855
 20
-0.16506353590626865
 10
29.85731531043906
 20
-0.16578259060209177
 10
29.858089369390132
 20
-0.16649998008693068
 10
29.85886427197183
 20
-0.16721570290507692
 10
29.859640016272127
 20
-0.16792975760433215
 10
29.860416600376926
 20
-0.16864214273600986
 10
29.861194022370046
 20
-0.1693528568549283
 10
29.861972280333255
 20
-0.17006189851942288
 10
29.862751372346242
 20
-0.17076926629134626
 10
29.863531296486652
 20
-0.1714749587360611
 10
29.864312050830065
 20
-0.17217897442245444
 10
29.865093633450027
 20
-0.17288131192293044
 10
29.86587604241802
 20
-0.173581969813414
 10
29.866659275803507
 20
-0.17428094667335614
 10
29.867443331673904
 20
-0.17497824108573745
 10
29.868228208094603
 20
-0.17567385163706284
 10
29.869013903128973
 20
-0.17636777691736683
 10
29.869800414838362
 20
-0.17706001552021533
 10
29.870587741282097
 20
-0.17775056604270922
 10
29.8713758805175
 20
-0.1784394270854861
 10
29.872164830599893
 20
-0.17912659725271673
 10
29.872954589582584
 20
-0.17981207515211572
 10
29.873745155516897
 20
-0.18049585939493262
 10
29.874536526452157
 20
-0.18117794859596792
 10
29.87532870043571
 20
-0.1818583413735606
 10
29.876121675512916
 20
-0.18253703634959884
 10
29.876915449727157
 20
-0.18321403214951637
 10
29.87771002111985
 20
-0.18388932740230324
 10
29.878505387730435
 20
-0.18456292074049152
 10
29.8793015475964
 20
-0.18523481080017667
 10
29.88009849875327
 20
-0.18590499622100687
 10
29.88089623923462
 20
-0.18657347564618654
 10
29.881694767072073
 20
-0.18724024772247638
 10
29.882494080295317
 20
-0.18790531110020758
 10
29.883294176932093
 20
-0.18856866443326759
 10
29.88409505500822
 20
-0.1892303063791072
 10
29.88489671254758
 20
-0.18989023559874596
 10
29.885699147572133
 20
-0.19054845075677385
 10
29.88650235810192
 20
-0.19120495052134778
 10
29.88730634215508
 20
-0.19185973356419872
 10
29.888111097747828
 20
-0.19251279856062986
 10
29.888916622894484
 20
-0.19316414418951844
 10
29.889722915607464
 20
-0.19381376913332637
 10
29.890529973897294
 20
-0.19446167207807896
 10
29.891337795772614
 20
-0.19510785171340572
 10
29.89214637924017
 20
-0.195752306732496
 10
29.89295572230484
 20
-0.19639503583213447
 10
29.89376582296962
 20
-0.1970360377126923
 10
29.89457667923564
 20
-0.1976753110781253
 10
29.89538828910217
 20
-0.1983128546359776
 10
29.89620065056661
 20
-0.19894866709739212
 10
29.89701376162451
 20
-0.1995827471770948
 10
29.897827620269577
 20
-0.20021509359341216
 10
29.898642224493667
 20
-0.20084570506826616
 10
29.8994575722868
 20
-0.20147458032717402
 10
29.900273661637154
 20
-0.20210171809926436
 10
29.901090490531082
 20
-0.20272711711725044
 10
29.901908056953122
 20
-0.20335077611746044
 10
29.902726358885975
 20
-0.2039726938398232
 10
29.903545394310534
 20
-0.20459286902787532
 10
29.90436516120589
 20
-0.2052113004287648
 10
29.905185657549318
 20
-0.20582798679324377
 10
29.9060068813163
 20
-0.2064429268756829
 10
29.906828830480524
 20
-0.20705611943405877
 10
29.907651503013877
 20
-0.20766756322997004
 10
29.908474896886478
 20
-0.20827725702862665
 10
29.909299010066654
 20
-0.20888519959886231
 10
29.910123840520964
 20
-0.20949138971313097
 10
29.910949386214188
 20
-0.21009582614750322
 10
29.91177564510935
 20
-0.2106985076816752
 10
29.91260261516772
 20
-0.2112994330989686
 10
29.913430294348796
 20
-0.21189860118633597
 10
29.914258680610338
 20
-0.21249601073435365
 10
29.915087771908357
 20
-0.21309166053722883
 10
29.91591756619713
 20
-0.21368554939280138
 10
29.916748061429196
 20
-0.214277676102542
 10
29.91757925555536
 20
-0.21486803947156297
 10
29.918411146524715
 20
-0.2154566383086074
 10
29.919243732284617
 20
-0.21604347142605818
 10
29.920077010780723
 20
-0.21662853763993617
 10
29.92091097995698
 20
-0.21721183576991088
 10
29.921745637755613
 20
-0.21779336463928445
 10
29.92258098211717
 20
-0.218373123075013
 10
29.9234170109805
 20
-0.2189511099076924
 10
29.92425372228275
 20
-0.21952732397157249
 10
29.925091113959397
 20
-0.22010176410454818
 10
29.925929183944234
 20
-0.2206744291481666
 10
29.926767930169383
 20
-0.2212453179476288
 10
29.927607350565296
 20
-0.22181442935178985
 10
29.928447443060755
 20
-0.2223817622131552
 10
29.929288205582896
 20
-0.2229473153878967
 10
29.930129636057192
 20
-0.22351108773584194
 10
29.930971732407478
 20
-0.22407307812047783
 10
29.931814492555933
 20
-0.22463328540895056
 10
29.932657914423107
 20
-0.22519170847207626
 10
29.93350199592792
 20
-0.22574834618433037
 10
29.934346734987653
 20
-0.22630319742386185
 10
29.935192129517972
 20
-0.22685626107248247
 10
29.93603817743293
 20
-0.2274075360156722
 10
29.936884876644964
 20
-0.22795702114258987
 10
29.937732225064895
 20
-0.22850471534606065
 10
29.93858022060196
 20
-0.22905061752258682
 10
29.93942886116378
 20
-0.22959472657234592
 10
29.940278144656403
 20
-0.23013704139919433
 10
29.941128068984277
 20
-0.23067756091066194
 10
29.941978632050272
 20
-0.2312162840179699
 10
29.94282983175569
 20
-0.23175320963600932
 10
29.943681666000256
 20
-0.23228833668336257
 10
29.944534132682122
 20
-0.23282166408229266
 10
29.945387229697893
 20
-0.23335319075875383
 10
29.94624095494261
 20
-0.23388291564238095
 10
29.94709530630977
 20
-0.2344108376665055
 10
29.94795028169132
 20
-0.23493695576814666
 10
29.948805878977666
 20
-0.23546126888801489
 10
29.94966209605769
 20
-0.23598377597051545
 10
29.950518930818735
 20
-0.23650447596375024
 10
29.95137638114662
 20
-0.23702336781951594
 10
29.95223444492565
 20
-0.23754045049330763
 10
29.953093120038616
 20
-0.23805572294431876
 10
29.953952404366795
 20
-0.2385691841354447
 10
29.954812295789967
 20
-0.2390808330332881
 10
29.955672792186412
 20
-0.23959066860814637
 10
29.95653389143292
 20
-0.24009868983403138
 10
29.957395591404786
 20
-0.2406048956886533
 10
29.958257889975833
 20
-0.24110928515343488
 10
29.9591207850184
 20
-0.24161185721351153
 10
29.95998427440335
 20
-0.24211261085771874
 10
29.960848356000096
 20
-0.24261154507861882
 10
29.961713027676574
 20
-0.2431086588724778
 10
29.962578287299273
 20
-0.2436039512392778
 10
29.963444132733223
 20
-0.2440974211827207
 10
29.964310561842016
 20
-0.24458906771022448
 10
29.965177572487807
 20
-0.24507888983292503
 10
29.9660451625313
 20
-0.24556688656568326
 10
29.966913329831794
 20
-0.24605305692707802
 10
29.96778207224714
 20
-0.24653739993941315
 10
29.96865138763378
 20
-0.24701991462871398
 10
29.96952127384675
 20
-0.24750060002473973
 10
29.970391728739664
 20
-0.24797945516096753
 10
29.971262750164737
 20
-0.24845647907461021
 10
29.972134335972797
 20
-0.24893167080660739
 10
29.97300648401326
 20
-0.24940502940163078
 10
29.973879192134174
 20
-0.24987655390808605
 10
29.974752458182195
 20
-0.2503462433781092
 10
29.9756262800026
 20
-0.25081409686757894
 10
29.976500655439303
 20
-0.25128011343610446
 10
29.977375582334844
 20
-0.2517442921470341
 10
29.97825105853041
 20
-0.2522066320674572
 10
29.97912708186583
 20
-0.2526671322681988
 10
29.980003650179576
 20
-0.25312579182383566
 10
29.980880761308786
 20
-0.25358260981267833
 10
29.981758413089256
 20
-0.2540375853167838
 10
29.98263660335544
 20
-0.2544907174219624
 10
29.983515329940477
 20
-0.254942005217762
 10
29.98439459067617
 20
-0.2553914477974839
 10
29.985274383393016
 20
-0.25583904425817217
 10
29.986154705920182
 20
-0.25628479370063495
 10
29.98703555608555
 20
-0.25672869522942143
 10
29.987916931715684
 20
-0.257170747952836
 10
29.988798830635854
 20
-0.25761095098294007
 10
29.98968125067005
 20
-0.258049303435552
 10
29.99056418964096
 20
-0.2584858044302454
 10
29.991447645370002
 20
-0.2589204530903455
 10
29.992331615677315
 20
-0.2593532485429524
 10
29.993216098381772
 20
-0.25978418991891417
 10
29.99410109130098
 20
-0.26021327635284486
 10
29.994986592251287
 20
-0.26064050698312435
 10
29.995872599047782
 20
-0.2610658809518913
 10
29.996759109504318
 20
-0.26148939740505384
 10
29.997646121433498
 20
-0.26191105549228766
 10
29.998533632646684
 20
-0.2623308543670344
 10
29.99942164095401
 20
-0.2627487931865087
 10
30.000310144164395
 20
-0.2631648711116874
 10
30.001199140085514
 20
-0.2635790873073258
 10
30.002088626523843
 20
-0.2639914409419504
 10
30.002978601284642
 20
-0.2644019311878605
 10
30.00386906217197
 20
-0.26481055722113744
 10
30.004760006988683
 20
-0.26521731822162486
 10
30.005651433536443
 20
-0.26562221337295533
 10
30.00654333961572
 20
-0.2660252418625344
 10
30.007435723025818
 20
-0.2664264028815513
 10
30.00832858156484
 20
-0.26682569562497527
 10
30.00922191302973
 20
-0.2672231192915522
 10
30.010115715216262
 20
-0.2676186730838186
 10
30.011009985919053
 20
-0.2680123562080876
 10
30.011904722931554
 20
-0.26840416787446664
 10
30.012799924046078
 20
-0.2687941072968396
 10
30.013695587053785
 20
-0.2691821736928883
 10
30.014591709744693
 20
-0.2695683662840729
 10
30.015488289907697
 20
-0.2699526842956512
 10
30.01638532533055
 20
-0.2703351269566685
 10
30.01728281379989
 20
-0.27071569349996416
 10
30.01818075310124
 20
-0.27109438316216306
 10
30.019079141019
 20
-0.271471195183695
 10
30.01997797533647
 20
-0.2718461288087788
 10
30.020877253835852
 20
-0.27221918328543104
 10
30.021776974298245
 20
-0.2725903578654627
 10
30.02267713450366
 20
-0.2729596518044861
 10
30.023577732231022
 20
-0.2733270643619168
 10
30.024478765258184
 20
-0.2736925948009592
 10
30.025380231361915
 20
-0.2740562423886317
 10
30.02628212831792
 20
-0.27441800639574687
 10
30.02718445390084
 20
-0.2747778860969259
 10
30.028087205884262
 20
-0.2751358807705895
 10
30.028990382040714
 20
-0.2754919896989687
 10
30.029893980141683
 20
-0.27584621216809957
 10
30.030797997957617
 20
-0.27619854746782657
 10
30.031702433257923
 20
-0.2765489948917992
 10
30.032607283810975
 20
-0.2768975537374825
 10
30.033512547384134
 20
-0.2772442233061465
 10
30.03441822174374
 20
-0.27758900290287336
 10
30.0353243046551
 20
-0.27793189183656253
 10
30.03623079388254
 20
-0.278272889419922
 10
30.037137687189368
 20
-0.27861199496947897
 10
30.0380449823379
 20
-0.27894920780557264
 10
30.03895267708946
 20
-0.2792845272523561
 10
30.039860769204378
 20
-0.2796179526378104
 10
30.04076925644202
 20
-0.2799494832937235
 10
30.041678136560765
 20
-0.28027911855570586
 10
30.042587407318024
 20
-0.2806068577631944
 10
30.04349706647025
 20
-0.2809327002594362
 10
30.044407111772927
 20
-0.2812566453915135
 10
30.0453175409806
 20
-0.281578692510319
 10
30.04622835184686
 20
-0.2818988409705785
 10
30.047139542124352
 20
-0.2822170901308372
 10
30.04805110956479
 20
-0.2825334393534735
 10
30.048963051918957
 20
-0.28284788800468164
 10
30.049875366936714
 20
-0.28316043545449254
 10
30.050788052366993
 20
-0.28347108107676
 10
30.051701105957825
 20
-0.28377982424917114
 10
30.052614525456324
 20
-0.2840866643532447
 10
30.0535283086087
 20
-0.28439160077432213
 10
30.054442453160277
 20
-0.2846946329015889
 10
30.05535695685547
 20
-0.2849957601280533
 10
30.056271817437825
 20
-0.28529498185055857
 10
30.057187032649995
 20
-0.2855922974697922
 10
30.058102600233767
 20
-0.2858877063902643
 10
30.05901851793005
 20
-0.28618120802033253
 10
30.059934783478898
 20
-0.2864728017721827
 10
30.0608513946195
 20
-0.2867624870618446
 10
30.0617683490902
 20
-0.2870502633091849
 10
30.062685644628488
 20
-0.28733612993790736
 10
30.06360327897101
 20
-0.28762008637556136
 10
30.064521249853584
 20
-0.2879021320535369
 10
30.065439555011196
 20
-0.28818226640705724
 10
30.066358192178
 20
-0.28846048887520404
 10
30.067277159087347
 20
-0.28873679890089043
 10
30.068196453471757
 20
-0.2890111959308772
 10
30.069116073062947
 20
-0.2892836794157727
 10
30.07003601559184
 20
-0.28955424881002934
 10
30.07095627878855
 20
-0.28982290357194884
 10
30.071876860382414
 20
-0.290089643163677
 10
30.072797758101967
 20
-0.2903544670512108
 10
30.073718969674978
 20
-0.2906173747043965
 10
30.074640492828433
 20
-0.29087836559692626
 10
30.075562325288555
 20
-0.2911374392063504
 10
30.076484464780798
 20
-0.2913945950140615
 10
30.077406909029868
 20
-0.2916498325053123
 10
30.078329655759706
 20
-0.2919031511692083
 10
30.07925270269352
 20
-0.2921545504986991
 10
30.080176047553767
 20
-0.29240402999059967
 10
30.081099688062178
 20
-0.2926515891455761
 10
30.082023621939744
 20
-0.29289722746815094
 10
30.08294784690674
 20
-0.2931409444666979
 10
30.083872360682722
 20
-0.2933827396534543
 10
30.084797160986533
 20
-0.2936226125445156
 10
30.08572224553631
 20
-0.29386056265983207
 10
30.08664761204948
 20
-0.2940965895232175
 10
30.087573258242788
 20
-0.29433069266234035
 10
30.088499181832283
 20
-0.2945628716087345
 10
30.089425380533324
 20
-0.29479312589779205
 10
30.0903518520606
 20
-0.29502145506876865
 10
30.091278594128124
 20
-0.29524785866478176
 10
30.09220560444924
 20
-0.2954723362328142
 10
30.093132880736633
 20
-0.2956948873237142
 10
30.094060420702327
 20
-0.2959155114921863
 10
30.0949882220577
 20
-0.29613420829681125
 10
30.095916282513485
 20
-0.29635097730002435
 10
30.09684459977977
 20
-0.296565818068137
 10
30.097773171566022
 20
-0.29677873017132406
 10
30.098701995581063
 20
-0.2969897131836259
 10
30.099631069533107
 20
-0.2971987666829552
 10
30.100560391129747
 20
-0.29740589025109365
 10
30.10148995807796
 20
-0.2976110834736918
 10
30.102419768084125
 20
-0.297814345940262
 10
30.103349818854017
 20
-0.2980156772442051
 10
30.10428010809282
 20
-0.29821507698277294
 10
30.105210633505127
 20
-0.29841254475710777
 10
30.10614139279495
 20
-0.29860808017220997
 10
30.10707238366572
 20
-0.29880168283696307
 10
30.108003603820304
 20
-0.2989933523641177
 10
30.108935050960998
 20
-0.2991830883703006
 10
30.10986672278954
 20
-0.29937089047601795
 10
30.110798617007113
 20
-0.2995567583056413
 10
30.11173073131435
 20
-0.2997406914874272
 10
30.112663063411347
 20
-0.29992268965350455
 10
30.113595610997653
 20
-0.30010275243988005
 10
30.11452837177229
 20
-0.30028087948643645
 10
30.115461343433765
 20
-0.30045707043693604
 10
30.116394523680043
 20
-0.3006313249390171
 10
30.117327910208587
 20
-0.30080364264419934
 10
30.118261500716358
 20
-0.3009740232078837
 10
30.1191952928998
 20
-0.30114246628934715
 10
30.120129284454865
 20
-0.3013089715517463
 10
30.12106347307702
 20
-0.3014735386621261
 10
30.121997856461228
 20
-0.3016361672914023
 10
30.122932432301994
 20
-0.30179685711438076
 10
30.12386719829333
 20
-0.30195560780974695
 10
30.124802152128787
 20
-0.3021124190600677
 10
30.125737291501455
 20
-0.3022672905517947
 10
30.12667261410396
 20
-0.30242022197526275
 10
30.127608117628483
 20
-0.3025712130246916
 10
30.12854379976675
 20
-0.3027202633981876
 10
30.12947965821005
 20
-0.3028673727977349
 10
30.130415690649244
 20
-0.3030125409292115
 10
30.131351894774753
 20
-0.30315576750237305
 10
30.13228826827658
 20
-0.30329705223087267
 10
30.13322480884431
 20
-0.3034363948322394
 10
30.13416151416712
 20
-0.3035737950278943
 10
30.135098381933766
 20
-0.30370925254314685
 10
30.136035409832623
 20
-0.3038427671071897
 10
30.136972595551654
 20
-0.3039743384531093
 10
30.137909936778446
 20
-0.30410396631787684
 10
30.138847431200194
 20
-0.30423165044235567
 10
30.139785076503717
 20
-0.30435739057129574
 10
30.14072287037546
 20
-0.304481186453339
 10
30.141660810501506
 20
-0.30460303784101583
 10
30.142598894567577
 20
-0.30472294449075044
 10
30.143537120259033
 20
-0.3048409061628501
 10
30.144475485260894
 20
-0.30495692262152474
 10
30.14541398725783
 20
-0.3050709936348657
 10
30.146352623934174
 20
-0.3051831189748633
 10
30.147291392973933
 20
-0.3052932984173964
 10
30.148230292060774
 20
-0.3054015317422323
 10
30.14916931887806
 20
-0.30550781873304445
 10
30.150108471108823
 20
-0.30561215917738416
 10
30.151047746435797
 20
-0.30571455286670535
 10
30.151987142541408
 20
-0.3058149995963557
 10
30.152926657107784
 20
-0.3059134991655714
 10
30.15386628781676
 20
-0.30601005137748594
 10
30.154806032349892
 20
-0.30610465603913006
 10
30.155745888388445
 20
-0.3061973129614284
 10
30.156685853613407
 20
-0.3062880219591957
 10
30.157625925705513
 20
-0.30637678285114767
 10
30.15856610234522
 20
-0.30646359545989377
 10
30.15950638121273
 20
-0.3065484596119443
 10
30.160446759987995
 20
-0.30663137513769456
 10
30.16138723635072
 20
-0.3067123418714459
 10
30.16232780798037
 20
-0.3067913596513936
 10
30.163268472556172
 20
-0.3068684283196337
 10
30.164209227757127
 20
-0.30694354772214716
 10
30.165150071262012
 20
-0.3070167177088301
 10
30.166091000749386
 20
-0.3070879381334599
 10
30.167032013897593
 20
-0.307157208853722
 10
30.16797310838478
 20
-0.3072245297311973
 10
30.168914281888874
 20
-0.3072899006313623
 10
30.16985553208763
 20
-0.30735332142359617
 10
30.1707968566586
 20
-0.30741479198117183
 10
30.17173825327916
 20
-0.30747431218126486
 10
30.172679719626498
 20
-0.30753188190495173
 10
30.17362125337764
 20
-0.3075875010371991
 10
30.174562852209444
 20
-0.30764116946688347
 10
30.175504513798604
 20
-0.307692887086775
 10
30.176446235821658
 20
-0.30774265379354304
 10
30.177388015955003
 20
-0.30779046948776134
 10
30.178329851874885
 20
-0.30783633407389743
 10
30.17927174125742
 20
-0.30788024746032505
 10
30.18021368177858
 20
-0.3079222095593135
 10
30.181155671114222
 20
-0.3079622202870329
 10
30.18209770694008
 20
-0.30800027956355613
 10
30.183039786931772
 20
-0.3080363873128551
 10
30.183981908764807
 20
-0.3080705434628026
 10
30.18492407011459
 20
-0.3081027479451759
 10
30.18586626865643
 20
-0.3081330006956424
 10
30.186808502065546
 20
-0.30816130165378475
 10
30.18775076801707
 20
-0.30818765076307386
 10
30.18869306418605
 20
-0.3082120479708923
 10
30.189635388247467
 20
-0.3082344932285146
 10
30.19057773787623
 20
-0.30825498649112326
 10
30.191520110747174
 20
-0.3082735277177999
 10
30.192462504535097
 20
-0.30829011687152885
 10
30.19340491691473
 20
-0.3083047539191899
 10
30.194347345560764
 20
-0.30831743883157436
 10
30.19528978814785
 20
-0.3083281715833639
 10
30.196232242350607
 20
-0.3083369521531534
 10
30.19717470584362
 20
-0.3083437805234279
 10
30.198117176301448
 20
-0.3083486566805824
 10
30.19905965139865
 20
-0.30835158061491086
 10
30.199999999999974
 20
-0.308352552325589
  0
LWPOLYLINE
  5
AC
330
17
100
AcDbEntity
  8
20_CONTACT
100
AcDbPolyline
 90
2
 70
0
 10
30.199999999999974
 20
-0.308352552325589
 10
32.49999999999997
 20
-0.3083525523255819
  0
LWPOLYLINE
  5
AD
330
17
100
AcDbEntity
  8
20_CONTACT
100
AcDbPolyline
 90
1001
 70
0
 10
32.49999999999997
 20
-0.3083525523255819
 10
32.50094247740216
 20
-0.30835157621032216
 10
32.501649334089784
 20
-0.3083495629734987
 10
32.502482412257194
 20
-0.3083457804539673
 10
32.50342487851365
 20
-0.3083396623222576
 10
32.504367336313244
 20
-0.30833159198592064
 10
32.50530978333055
 20
-0.30832156946111944
 10
32.506252217240196
 20
-0.30830959476792863
 10
32.5071946357168
 20
-0.3082956679303184
 10
32.50813703643505
 20
-0.3082797889761615
 10
32.509079417069664
 20
-0.30826195793723343
 10
32.51002177529541
 20
-0.30824217484921057
 10
32.510964108787114
 20
-0.3082204397516666
 10
32.51190641521966
 20
-0.30819675268808666
 10
32.512848692268015
 20
-0.3081711137058445
 10
32.51379093760719
 20
-0.3081435228562288
 10
32.51473314891229
 20
-0.30811398019441505
 10
32.515675323858524
 20
-0.30808248577949193
 10
32.51661746012115
 20
-0.3080490396744384
 10
32.51755955537554
 20
-0.3080136419461468
 10
32.51850160729719
 20
-0.3079762926653995
 10
32.51944361356166
 20
-0.3079369919068835
 10
32.520385571844656
 20
-0.3078957397491848
 10
32.521327479822
 20
-0.3078525362747957
 10
32.52226933516961
 20
-0.30780738157010035
 10
32.52321113556357
 20
-0.307760275725391
 10
32.52415287868008
 20
-0.30771121883485186
 10
32.52509456219548
 20
-0.30766021099657515
 10
32.52603618378626
 20
-0.3076072523125486
 10
32.52697774112907
 20
-0.30755234288866085
 10
32.52791923190072
 20
-0.30749548283469785
 10
32.52886065377817
 20
-0.30743667226434646
 10
32.52980200443856
 20
-0.3073759112951926
 10
32.530743281559204
 20
-0.3073132000487231
 10
32.53168448281759
 20
-0.3072485386503221
 10
32.53262560589141
 20
-0.30718192722927107
 10
32.53356664845854
 20
-0.3071133659187506
 10
32.53450760819705
 20
-0.3070428548558386
 10
32.53544848278522
 20
-0.3069703941815174
 10
32.53638926990154
 20
-0.30689598404065954
 10
32.53732996722472
 20
-0.30681962458203493
 10
32.538270572433674
 20
-0.30674131595832144
 10
32.53921108320757
 20
-0.30666105832607826
 10
32.54015149722578
 20
-0.30657885184577616
 10
32.54109181216794
 20
-0.3064946966817743
 10
32.54203202571392
 20
-0.30640859300232925
 10
32.54297213554384
 20
-0.30632054097960015
 10
32.54391213933808
 20
-0.3062305407896293
 10
32.54485203477727
 20
-0.3061385926123723
 10
32.54579181954232
 20
-0.30604469663166256
 10
32.54673149131442
 20
-0.30594885303524144
 10
32.54767104777501
 20
-0.30585106201474055
 10
32.548610486605845
 20
-0.30575132376568526
 10
32.54954980548895
 20
-0.3056496384874965
 10
32.55048900210666
 20
-0.30554600638348894
 10
32.551428074141604
 20
-0.3054404276608711
 10
32.55236701927672
 20
-0.30533290253074874
 10
32.55330583519526
 20
-0.30522343120811435
 10
32.55424451958079
 20
-0.3051120139118595
 10
32.55518307011722
 20
-0.3049986508647624
 10
32.556121484488756
 20
-0.30488334229349867
 10
32.55705976037997
 20
-0.30476608842863406
 10
32.557997895475765
 20
-0.3046468895046228
 10
32.558935887461395
 20
-0.3045257457598165
 10
32.55987373402245
 20
-0.30440265743645334
 10
32.56081143284491
 20
-0.30427762478066356
 10
32.5617489816151
 20
-0.3041506480424676
 10
32.5626863780197
 20
-0.3040217274757744
 10
32.563623619745805
 20
-0.30389086333838655
 10
32.56456070448086
 20
-0.3037580558919881
 10
32.56549762991271
 20
-0.3036233054021604
 10
32.566434393729594
 20
-0.3034866121383697
 10
32.567370993620145
 20
-0.30334797637396704
 10
32.5683074272734
 20
-0.3032073983861956
 10
32.56924369237881
 20
-0.30306487845618335
 10
32.570179786626255
 20
-0.3029204168689468
 10
32.571115707706
 20
-0.302774013913389
 10
32.572051453308774
 20
-0.30262566988229445
 10
32.57298702112572
 20
-0.30247538507233784
 10
32.57392240884843
 20
-0.30232315978407875
 10
32.57485761416893
 20
-0.3021689943219581
 10
32.5757926347797
 20
-0.3020128889943088
 10
32.57672746837369
 20
-0.3018548441133362
 10
32.57766211264428
 20
-0.3016948599951359
 10
32.578596565285345
 20
-0.3015329369596884
 10
32.579530823991234
 20
-0.30136907533084845
 10
32.580464886456745
 20
-0.3012032754363627
 10
32.5813987503772
 20
-0.30103553760785395
 10
32.58233241344837
 20
-0.30086586218082445
 10
32.58326587336656
 20
-0.3006942494946596
 10
32.58419912782855
 20
-0.3005206998926244
 10
32.58513217453164
 20
-0.3003452137218634
 10
32.58606501117363
 20
-0.30016779133340243
 10
32.58699763545286
 20
-0.29998843308213985
 10
32.58793004506818
 20
-0.2998071393268571
 10
32.588862237718956
 20
-0.29962391043021164
 10
32.58979421110512
 20
-0.29943874675873694
 10
32.590725962927124
 20
-0.2992516486828496
 10
32.59165749088597
 20
-0.29906261657683153
 10
32.592588792683216
 20
-0.29887165081884426
 10
32.59351986602098
 20
-0.2986787517909253
 10
32.59445070860194
 20
-0.29848391987898815
 10
32.595381318129334
 20
-0.2982871554728206
 10
32.596311692307
 20
-0.2980884589660757
 10
32.59724182883933
 20
-0.297887830756288
 10
32.59817172543133
 20
-0.2976852712448572
 10
32.59910137978856
 20
-0.29748078083706275
 10
32.600030789617215
 20
-0.297274359942044
 10
32.60095995262408
 20
-0.29706600897282165
 10
32.601888866516546
 20
-0.29685572834627827
 10
32.602817529002614
 20
-0.2966435184831724
 10
32.60374593779092
 20
-0.29642937980812256
 10
32.604674090590706
 20
-0.2962133127496216
 10
32.605601985111875
 20
-0.29599531774002763
 10
32.60652961906494
 20
-0.29577539521556595
 10
32.60745699016107
 20
-0.2955535456163254
 10
32.60838409611208
 20
-0.29532976938626376
 10
32.609310934630436
 20
-0.29510406697320235
 10
32.610237503429275
 20
-0.2948764388288261
 10
32.61116380022238
 20
-0.29464688540868345
 10
32.61208982272422
 20
-0.29441540717218473
 10
32.61301556864995
 20
-0.29418200458260557
 10
32.61394103571538
 20
-0.29394667810707986
 10
32.61486622163703
 20
-0.2937094282166033
 10
32.61579112413211
 20
-0.29347025538603333
 10
32.61671574091852
 20
-0.29322916009408395
 10
32.61764006971488
 20
-0.29298614282332736
 10
32.618564108240506
 20
-0.2927412040602011
 10
32.619487854215436
 20
-0.2924943442949921
 10
32.62041130536044
 20
-0.29224556402184376
 10
32.621334459397
 20
-0.2919948637387648
 10
32.62225731404733
 20
-0.29174224394760806
 10
32.6231798670344
 20
-0.29148770515408806
 10
32.624102116081914
 20
-0.29123124786776877
 10
32.62502405891432
 20
-0.2909728726020706
 10
32.62594569325684
 20
-0.29071257987426513
 10
32.62686701683543
 20
-0.29045037020547504
 10
32.627788027376845
 20
-0.2901862441206777
 10
32.628708722608586
 20
-0.2899202021486911
 10
32.62962910025894
 20
-0.2896522448221912
 10
32.630549158056986
 20
-0.28938237267770006
 10
32.63146889373259
 20
-0.28911058625558894
 10
32.63238830501639
 20
-0.2888368861000732
 10
32.63330738963987
 20
-0.2885612727592157
 10
32.63422614533526
 20
-0.28828374678492885
 10
32.635144569835674
 20
-0.28800430873296
 10
32.63606266087497
 20
-0.28772295916291135
 10
32.63698041618789
 20
-0.2874396986382184
 10
32.63789783350996
 20
-0.28715452772617134
 10
32.63881491057756
 20
-0.28686744699789024
 10
32.63973164512792
 20
-0.2865784570283356
 10
32.64064803489909
 20
-0.28628755839631914
 10
32.64156407762998
 20
-0.2859947516844823
 10
32.64247977106037
 20
-0.28570003747930706
 10
32.6433951129309
 20
-0.2854034163711159
 10
32.64431010098304
 20
-0.2851048889540575
 10
32.64522473295919
 20
-0.28480445582612823
 10
32.646139006602596
 20
-0.284502117589156
 10
32.64705291965738
 20
-0.28419787484879855
 10
32.64796646986858
 20
-0.28389172821455055
 10
32.64887965498211
 20
-0.2835836782997383
 10
32.6497924727448
 20
-0.2832737257215179
 10
32.65070492090437
 20
-0.282961871100877
 10
32.65161699720945
 20
-0.2826481150626332
 10
32.65252869940962
 20
-0.28233245823543207
 10
32.65344002525535
 20
-0.2820149012517472
 10
32.654350972498044
 20
-0.2816954447478839
 10
32.65526153889005
 20
-0.2813740893639629
 10
32.65617172218466
 20
-0.2810508357439385
 10
32.65708152013609
 20
-0.2807256845355859
 10
32.65799093049952
 20
-0.28039863639050466
 10
32.6588999510311
 20
-0.28006969196411724
 10
32.659808579487915
 20
-0.27973885191566517
 10
32.660716813628035
 20
-0.2794061169082145
 10
32.661624651210495
 20
-0.2790714876086451
 10
32.66253208999532
 20
-0.2787349646876631
 10
32.6634391277435
 20
-0.2783965488197797
 10
32.66434576221703
 20
-0.27805624068333934
 10
32.665251991178906
 20
-0.27771404096049146
 10
32.6661578123931
 20
-0.27736995033720113
 10
32.667063223624616
 20
-0.27702396950324726
 10
32.66796822263945
 20
-0.27667609915222435
 10
32.66887280720463
 20
-0.276326339981539
 10
32.66977697508819
 20
-0.2759746926924027
 10
32.67068072405922
 20
-0.27562115798984266
 10
32.671584051887805
 20
-0.2752657365826945
 10
32.67248695634511
 20
-0.2749084291835988
 10
32.67338943520331
 20
-0.27454923650900476
 10
32.67429148623566
 20
-0.2741881592791664
 10
32.675193107216444
 20
-0.27382519821814455
 10
32.67609429592102
 20
-0.2734603540538014
 10
32.67699505012582
 20
-0.27309362751780064
 10
32.67789536760833
 20
-0.2727250193456161
 10
32.678795246147125
 20
-0.2723545302765107
 10
32.67969468352187
 20
-0.2719821610535522
 10
32.68059367751331
 20
-0.27160791242360993
 10
32.68149222590327
 20
-0.2712317851373438
 10
32.68239032647471
 20
-0.270853779949217
 10
32.68328797701166
 20
-0.2704738976174852
 10
32.68418517529928
 20
-0.27009213890419836
 10
32.68508191912383
 20
-0.26970850457519546
 10
32.685978206272715
 20
-0.2693229954001186
 10
32.686874034534455
 20
-0.26893561215238826
 10
32.68776940169869
 20
-0.26854635560922446
 10
32.688664305556216
 20
-0.26815522655163093
 10
32.689558743898964
 20
-0.26776222576440034
 10
32.69045271452002
 20
-0.26736735403611256
 10
32.691346215213606
 20
-0.26697061215913287
 10
32.69223924377513
 20
-0.2665720009296084
 10
32.69313179800115
 20
-0.2661715211474789
 10
32.69402387568938
 20
-0.2657691736164498
 10
32.69491547463875
 20
-0.2653649591440246
 10
32.695806592649326
 20
-0.26495887854147426
 10
32.6966972275224
 20
-0.2645509326238571
 10
32.69758737706043
 20
-0.2641411222100025
 10
32.69847703906708
 20
-0.26372944812252364
 10
32.69936621134721
 20
-0.2633159111877976
 10
32.70025489170691
 20
-0.26290051223598887
 10
32.70114307795346
 20
-0.2624832521010294
 10
32.702030767895366
 20
-0.26206413162061715
 10
32.70291795934237
 20
-0.26164315163622476
 10
32.703804650105425
 20
-0.26122031299310144
 10
32.704690837996736
 20
-0.2607956165402552
 10
32.705576520829744
 20
-0.2603690631304634
 10
32.70646169641913
 20
-0.2599406536202711
 10
32.707346362580836
 20
-0.25951038886998923
 10
32.708230517132044
 20
-0.25907826974368753
 10
32.70911415789123
 20
-0.2586442971092051
 10
32.7099972826781
 20
-0.2582084718381328
 10
32.71087988931367
 20
-0.2577707948058272
 10
32.711761975620206
 20
-0.25733126689140207
 10
32.712643539421265
 20
-0.2568898889777316
 10
32.7135245785417
 20
-0.2564466619514416
 10
32.71440509080766
 20
-0.25600158670290973
 10
32.715285074046584
 20
-0.25555466412628114
 10
32.71616452608722
 20
-0.25510589511944026
 10
32.71704344475964
 20
-0.2546552805840232
 10
32.7179218278952
 20
-0.25420282142542483
 10
32.71879967332662
 20
-0.25374851855277925
 10
32.71967697888791
 20
-0.253292372878974
 10
32.72055374241444
 20
-0.2528343853206412
 10
32.72142996174289
 20
-0.25237455679815035
 10
32.722305634711304
 20
-0.25191288823562985
 10
32.72318075915907
 20
-0.2514493805609366
 10
32.72405533292692
 20
-0.2509840347056791
 10
32.724929353856965
 20
-0.25051685160519277
 10
32.72580281979265
 20
-0.2500478321985593
 10
32.72667572857882
 20
-0.24957697742859786
 10
32.72754807806167
 20
-0.24910428824186148
 10
32.72841986608879
 20
-0.24862976558863892
 10
32.729291090509165
 20
-0.24815341042294925
 10
32.730161749173135
 20
-0.24767522370254547
 10
32.73103183993248
 20
-0.2471952063889109
 10
32.731901360640336
 20
-0.2467133594472557
 10
32.73277030915129
 20
-0.24622968384652033
 10
32.73363868332131
 20
-0.2457441805593703
 10
32.7345064810078
 20
-0.24525685056219615
 10
32.735373700069566
 20
-0.2447676948351134
 10
32.73624033836686
 20
-0.24427671436195908
 10
32.737106393761366
 20
-0.2437839101302881
 10
32.73797186411619
 20
-0.24328928313138043
 10
32.7388367472959
 20
-0.24279283436022858
 10
32.739701041166505
 20
-0.2422945648155448
 10
32.74056474359547
 20
-0.24179447549976096
 10
32.741427852451714
 20
-0.24129256741901095
 10
32.742290365605626
 20
-0.2407888415831554
 10
32.74315228092906
 20
-0.24028329900575685
 10
32.74401359629535
 20
-0.23977594070409047
 10
32.74487430957932
 20
-0.2392667676991369
 10
32.745734418657264
 20
-0.23875578101559114
 10
32.74659392140696
 20
-0.23824298168184477
 10
32.7474528157077
 20
-0.23772837073000197
 10
32.748311099440286
 20
-0.23721194919586353
 10
32.74916877048699
 20
-0.23669371811893214
 10
32.75002582673163
 20
-0.23617367854241422
 10
32.75088226605953
 20
-0.23565183151320745
 10
32.75173808635752
 20
-0.23512817808191677
 10
32.75259328551399
 20
-0.23460271930283305
 10
32.75344786141883
 20
-0.23407545623394732
 10
32.754301811963494
 20
-0.23354638993693655
 10
32.755155135040965
 20
-0.23301552147717786
 10
32.756007828545776
 20
-0.23248285192372897
 10
32.75685989037402
 20
-0.231948382349346
 10
32.75771131842333
 20
-0.23141211383046034
 10
32.75856211059293
 20
-0.23087404744719642
 10
32.7594122647836
 20
-0.23033418428335928
 10
32.76026177889768
 20
-0.22979252542643813
 10
32.76111065083911
 20
-0.22924907196759925
 10
32.76195887851341
 20
-0.22870382500169306
 10
32.76280645982768
 20
-0.2281567856272435
 10
32.763653392690635
 20
-0.22760795494645514
 10
32.76449967501256
 20
-0.2270573340651989
 10
32.76534530470538
 20
-0.2265049240930299
 10
32.7661902796826
 20
-0.2259507261431697
 10
32.76703459785935
 20
-0.2253947413325097
 10
32.7678782571524
 20
-0.22483697078160603
 10
32.768721255480116
 20
-0.22427741561468828
 10
32.769563590762516
 20
-0.2237160769596489
 10
32.77040526092124
 20
-0.22315295594804674
 10
32.771246263879576
 20
-0.22258805371509816
 10
32.77208659756247
 20
-0.22202137139968414
 10
32.772926259896494
 20
-0.2214529101443432
 10
32.773765248809895
 20
-0.22088267109527315
 10
32.77460356223257
 20
-0.2203106554023293
 10
32.775441198096104
 20
-0.21973686421901384
 10
32.77627815433373
 20
-0.21916129870249357
 10
32.77711442888037
 20
-0.21858396001357683
 10
32.777950019672616
 20
-0.21800484931672592
 10
32.77878492464877
 20
-0.21742396778005357
 10
32.7796191417488
 20
-0.2168413165753158
 10
32.7804526689144
 20
-0.21625689687791372
 10
32.78128550408894
 20
-0.21567070986689352
 10
32.782117645217504
 20
-0.21508275672494115
 10
32.7829490902469
 20
-0.21449303863838587
 10
32.78377983712565
 20
-0.21390155679719491
 10
32.78460988380398
 20
-0.2133083123949664
 10
32.78543922823388
 20
-0.21271330662894705
 10
32.78626786836902
 20
-0.2121165407000003
 10
32.78709580216487
 20
-0.21151801581263463
 10
32.7879230275786
 20
-0.2109177331749894
 10
32.788749542569136
 20
-0.21031569399882422
 10
32.78957534509717
 20
-0.20971189949952773
 10
32.79040043312513
 20
-0.2091063508961195
 10
32.79122480461723
 20
-0.20849904941123754
 10
32.79204845753944
 20
-0.20788999627114713
 10
32.7928713898595
 20
-0.20727919270573025
 10
32.79369359954694
 20
-0.2066666399484891
 10
32.794515084573064
 20
-0.20605233923654254
 10
32.795335842910966
 20
-0.20543629181062428
 10
32.79615587253553
 20
-0.20481849891508475
 10
32.79697517142345
 20
-0.20419896179788388
 10
32.7977937375532
 20
-0.20357768171059298
 10
32.79861156890509
 20
-0.20295465990839112
 10
32.79942866346122
 20
-0.20232989765006515
 10
32.80024501920552
 20
-0.2017033961980097
 10
32.80106063412375
 20
-0.20107515681822008
 10
32.80187550620347
 20
-0.20044518078029228
 10
32.80268963343411
 20
-0.19981346935742827
 10
32.80350301380691
 20
-0.19918002382642008
 10
32.804315645314965
 20
-0.19854484546766749
 10
32.80512752595321
 20
-0.19790793556515318
 10
32.80593865371845
 20
-0.19726929540646232
 10
32.80674902660932
 20
-0.19662892628277007
 10
32.80755864262633
 20
-0.19598682948883628
 10
32.80836749977188
 20
-0.19534300632301616
 10
32.80917559605022
 20
-0.19469745808724426
 10
32.809982929467466
 20
-0.19405018608704516
 10
32.81078949803164
 20
-0.19340119163152636
 10
32.81159529975264
 20
-0.19275047603336937
 10
32.812400332642255
 20
-0.19209804060884572
 10
32.81320459471418
 20
-0.19144388667779388
 10
32.81400808398401
 20
-0.19078801556363523
 10
32.814810798469225
 20
-0.19013042859336693
 10
32.81561273618925
 20
-0.18947112709754954
 10
32.81641389516542
 20
-0.1888101124103212
 10
32.81721427342096
 20
-0.18814738586938518
 10
32.818013868981055
 20
-0.18748294881601701
 10
32.81881267987281
 20
-0.18681680259504851
 10
32.81961070412528
 20
-0.18614894855488018
 10
32.820407939769424
 20
-0.18547938804747766
 10
32.82120438483819
 20
-0.18480812242835754
 10
32.82200003736644
 20
-0.18413515305660333
 10
32.822794895391034
 20
-0.18346048129484593
 10
32.823588956950736
 20
-0.18278410850927607
 10
32.824382220086335
 20
-0.1821060360696336
 10
32.82517468284054
 20
-0.1814262653492147
 10
32.82596634325807
 20
-0.18074479772485397
 10
32.826757199385604
 20
-0.18006163457694946
 10
32.82754724927181
 20
-0.17937677728942347
 10
32.82833649096735
 20
-0.17869022724975636
 10
32.82912492252488
 20
-0.1780019858489652
 10
32.82991254199906
 20
-0.17731205448160914
 10
32.83069934744652
 20
-0.17662043454577692
 10
32.83148533692595
 20
-0.17592712744310468
 10
32.83227050849801
 20
-0.1752321345787511
 10
32.83305486022542
 20
-0.1745354573614204
 10
32.833838390172865
 20
-0.17383709720333052
 10
32.83462109640712
 20
-0.1731370555202414
 10
32.83540297699695
 20
-0.17243533373143372
 10
32.83618403001318
 20
-0.17173193325971248
 10
32.83696425352866
 20
-0.17102685553140518
 10
32.8377436456183
 20
-0.17032010197636005
 10
32.838522204359066
 20
-0.16961167402794786
 10
32.83929992782995
 20
-0.1689015731230512
 10
32.84007681411204
 20
-0.16818980070207168
 10
32.840852861288475
 20
-0.16747635820892448
 10
32.841628067444454
 20
-0.1667612470910278
 10
32.84240243066728
 20
-0.16604446879932233
 10
32.8431759490463
 20
-0.16532602478824465
 10
32.843948620672975
 20
-0.1646059165157432
 10
32.844720443640846
 20
-0.16388414544326757
 10
32.84549141604553
 20
-0.1631607130357704
 10
32.84626153598478
 20
-0.1624356207617037
 10
32.84703080155842
 20
-0.1617088700930136
 10
32.84779921086839
 20
-0.1609804625051492
 10
32.84856676201875
 20
-0.16025039947704833
 10
32.84933345311567
 20
-0.1595186824911412
 10
32.85009928226746
 20
-0.15878531303335208
 10
32.85086424758452
 20
-0.1580502925930869
 10
32.851628347179414
 20
-0.15731362266324034
 10
32.85239157916684
 20
-0.15657530474019232
 10
32.85315394166362
 20
-0.15583534032380264
 10
32.85391543278873
 20
-0.1550937309174163
 10
32.8546760506633
 20
-0.15435047802785284
 10
32.85543579341061
 20
-0.1536055831654064
 10
32.856194659156095
 20
-0.15285904784384563
 10
32.85695264602736
 20
-0.1521108735804173
 10
32.857709752154186
 20
-0.15136106189582854
 10
32.85846597566851
 20
-0.15060961431426811
 10
32.859221314704456
 20
-0.14985653236337804
 10
32.85997576739834
 20
-0.14910181757427132
 10
32.86072933188864
 20
-0.14834547148151778
 10
32.86148200631605
 20
-0.1475874956231582
 10
32.86223378882345
 20
-0.1468278915406831
 10
32.86298467755592
 20
-0.14606666077903618
 10
32.86373467066075
 20
-0.1453038048866251
 10
32.86448376628743
 20
-0.14453932541530534
 10
32.86523196258768
 20
-0.14377322392038216
 10
32.865979257715416
 20
-0.14300550196060513
 10
32.866725649826805
 20
-0.14223616109817705
 10
32.86747113708022
 20
-0.1414652028987451
 10
32.86821571763629
 20
-0.14069262893138657
 10
32.868959389657846
 20
-0.1399184407686338
 10
32.869702151309994
 20
-0.1391426399864475
 10
32.870444000760074
 20
-0.1383652281642309
 10
32.87118493617768
 20
-0.13758620688481393
 10
32.87192495573464
 20
-0.1368055777344619
 10
32.87266405760508
 20
-0.13602334230287383
 10
32.87340223996535
 20
-0.13523950218316827
 10
32.87413950099411
 20
-0.13445405897189566
 10
32.87487583887226
 20
-0.13366701426902772
 10
32.87561125178299
 20
-0.13287836967795918
 10
32.87634573791178
 20
-0.13208812680550253
 10
32.87707929544638
 20
-0.1312962872618879
 10
32.87781192257684
 20
-0.13050285266075967
 10
32.87854361749551
 20
-0.1297078246191763
 10
32.879274378397035
 20
-0.12891120475761042
 10
32.880004203478364
 20
-0.12811299469993642
 10
32.88073309093876
 20
-0.12731319607344638
 10
32.88146103897979
 20
-0.1265118105088252
 10
32.88218804580536
 20
-0.12570883964016666
 10
32.882914109621666
 20
-0.12490428510496798
 10
32.88363922863725
 20
-0.12409814854411749
 10
32.88436340106299
 20
-0.123290431601907
 10
32.885086625112095
 20
-0.12248113592601761
 10
32.88580889900011
 20
-0.1216702631675215
 10
32.88653022094492
 20
-0.12085781498088899
 10
32.88725058916677
 20
-0.12004379302396906
 10
32.887970001888256
 20
-0.11922819895800174
 10
32.888688457334325
 20
-0.11841103444760925
 10
32.88940595373229
 20
-0.11759230116079422
 10
32.890122489311835
 20
-0.11677200076893968
 10
32.89083806230501
 20
-0.1159501349468055
 10
32.89155267094623
 20
-0.11512670537252845
 10
32.89226631347232
 20
-0.114301713727615
 10
32.89297898812245
 20
-0.11347516169694494
 10
32.893690693138204
 20
-0.11264705096876604
 10
32.89440142676355
 20
-0.11181738323469226
 10
32.89511118724485
 20
-0.11098616018969665
 10
32.895819972830886
 20
-0.11015338353212734
 10
32.89652778177281
 20
-0.10931905496367733
 10
32.89723461232422
 20
-0.10848317618940939
 10
32.89794046274111
 20
-0.10764574891773648
 10
32.89864533128189
 20
-0.10680677486042178
 10
32.8993492162074
 20
-0.10596625573258578
 10
32.9000521157809
 20
-0.1051241932526974
 10
32.900754028268096
 20
-0.10428058914256688
 10
32.90145495193711
 20
-0.10343544512735825
 10
32.902154885058515
 20
-0.1025887629355644
 10
32.90285382590533
 20
-0.10174054429903379
 10
32.90355177275302
 20
-0.10089079095294373
 10
32.90424872387949
 20
-0.10003950463580757
 10
32.904944677565126
 20
-0.0991866870894782
 10
32.90563963209276
 20
-0.09833234005913205
 10
32.90633358574768
 20
-0.0974764652932798
 10
32.90702653681767
 20
-0.09661906454376101
 10
32.90771848359296
 20
-0.0957601395657317
 10
32.908409424366276
 20
-0.09489969211768212
 10
32.90909935743283
 20
-0.09403772396141186
 10
32.90978828109029
 20
-0.09317423686204584
 10
32.910476193638864
 20
-0.09230923258802193
 10
32.9111630933812
 20
-0.0914427129110944
 10
32.91184897862249
 20
-0.0905746796063216
 10
32.912533847670396
 20
-0.08970513445208006
 10
32.91321769883511
 20
-0.0888340792300486
 10
32.91390053042934
 20
-0.08796151572521005
 10
32.91458234076828
 20
-0.08708744572585836
 10
32.91526312816966
 20
-0.0862118710235702
 10
32.91594289095375
 20
-0.08533479341323513
 10
32.91662162744333
 20
-0.0844562146930361
 10
32.9172993359637
 20
-0.08357613666444408
 10
32.91797601484273
 20
-0.0826945611322234
 10
32.9186516624108
 20
-0.08181148990443354
 10
32.919326277000856
 20
-0.0809269247924096
 10
32.91999985694839
 20
-0.08004086761077822
 10
32.92067240059142
 20
-0.0791533201774488
 10
32.92134390627056
 20
-0.07826428431360632
 10
32.92201437232896
 20
-0.07737376184371492
 10
32.92268379711234
 20
-0.0764817545955161
 10
32.923352178969
 20
-0.07558826440001987
 10
32.92401951624979
 20
-0.07469329309151185
 10
32.924685807308165
 20
-0.07379684250754259
 10
32.92535105050015
 20
-0.07289891448892938
 10
32.92601524418434
 20
-0.07199951087975442
 10
32.926678386721946
 20
-0.07109863352736134
 10
32.92734047647676
 20
-0.07019628428235158
 10
32.92800151181516
 20
-0.06929246499858088
 10
32.92866149110615
 20
-0.06838717753316992
 10
32.92932041272131
 20
-0.06748042374647767
 10
32.92997827503487
 20
-0.0665722055021245
 10
32.930635076423634
 20
-0.06566252466696909
 10
32.93129081526704
 20
-0.06475138311112083
 10
32.93194548994716
 20
-0.06383878270793453
 10
32.93259909884867
 20
-0.06292472533400151
 10
32.93325164035888
 20
-0.06200921286914962
 10
32.93390311286775
 20
-0.06109224719644679
 10
32.93455351476786
 20
-0.060173830202192136
 10
32.935202844454444
 20
-0.05925396377591774
 10
32.93585110032537
 20
-0.05833264981038333
 10
32.93649828078116
 20
-0.0574098902015745
 10
32.93714438422499
 20
-0.056485686848704475
 10
32.93778940906271
 20
-0.05556004165420525
 10
32.93843335370279
 20
-0.05463295652372402
 10
32.93907621655641
 20
-0.053704433366137394
 10
32.93971799603739
 20
-0.05277447409353009
 10
32.94035869056223
 20
-0.051843080621194915
 10
32.94099829855012
 20
-0.05091025486763989
 10
32.941636818422914
 20
-0.04997599875458114
 10
32.94227424860516
 20
-0.04904031420693933
 10
32.94291058752409
 20
-0.04810320315283256
 10
32.94354583360963
 20
-0.04716466752359061
 10
32.94417998529441
 20
-0.046224709253733565
 10
32.944813041013745
 20
-0.04528333028097542
 10
32.94544499920566
 20
-0.04434053254623471
 10
32.946075858310905
 20
-0.043396317993606104
 10
32.94670561677292
 20
-0.042450688570388806
 10
32.94733427303786
 20
-0.0415036462270546
 10
32.94796182555462
 20
-0.04055519291726739
 10
32.9485882727748
 20
-0.039605330597867194
 10
32.94921361315273
 20
-0.03865406122888082
 10
32.94983784514548
 20
-0.0377013867735041
 10
32.95046096721285
 20
-0.036747309198110756
 10
32.95108297781737
 20
-0.0357918304722471
 10
32.95170387542432
 20
-0.03483495256862845
 10
32.95232365850174
 20
-0.033876677463132054
 10
32.95294232552039
 20
-0.03291700713480772
 10
32.953559874953804
 20
-0.0319559435658654
 10
32.95417630527828
 20
-0.030993488741671626
 10
32.95479161497285
 20
-0.030029644650753085
 10
32.95540580251934
 20
-0.029064413284791257
 10
32.956018866402324
 20
-0.028097796638620665
 10
32.956630805109164
 20
-0.027129796710221754
 10
32.95724161712999
 20
-0.02616041550073156
 10
32.9578513009577
 20
-0.02518965501442061
 10
32.95845985508801
 20
-0.02421751725871424
 10
32.95906727801938
 20
-0.023244004244167726
 10
32.9596735682531
 20
-0.022269117984484055
 10
32.96027872429323
 20
-0.021292860496496147
 10
32.960882744646646
 20
-0.020315233800166865
 10
32.961485627823
 20
-0.019336239918599674
 10
32.96208737233478
 20
-0.018355880878013764
 10
32.962687976697254
 20
-0.017374158707765375
 10
32.96328743942854
 20
-0.016391075440326475
 10
32.96388575904954
 20
-0.015406633111291868
 10
32.96448293408398
 20
-0.014420833759379192
 10
32.96507896305844
 20
-0.01343367942641649
 10
32.965673844502284
 20
-0.012445172157343976
 10
32.96626757694774
 20
-0.011455314000219374
 10
32.96686015892986
 20
-0.010464107006203704
 10
32.96745158898654
 20
-0.009471553229564833
 10
32.968041865658506
 20
-0.008477654727679251
 10
32.968630987489334
 20
-0.007482413561012535
 10
32.96921895302546
 20
-0.006485831793144214
 10
32.96980576081616
 20
-0.005487911490734021
 10
32.97039140941357
 20
-0.004488654723550312
 10
32.9709758973727
 20
-0.0034880635644451985
 10
32.971559223251404
 20
-0.0024861400893545493
 10
32.97214138561041
 20
-0.0014828863773104217
 10
32.97272238301332
 20
-0.00047830451042152333
 10
32.9733022140266
 20
0.00052760342611613
 10
32.97388087721962
 20
0.001534835344038754
 10
32.9744583711646
 20
0.0025433891519952567
 10
32.97503469443666
 20
0.003553262755565001
 10
32.97560984561381
 20
0.0045644540572542525
 10
32.97618382327695
 20
0.005576960956508614
 10
32.976756626009866
 20
0.006590781349702368
 10
32.97732825239926
 20
0.007605913130136699
 10
32.977898701034725
 20
0.008622354188069892
 10
32.97846797050876
 20
0.009640102410687135
 10
32.979036059416785
 20
0.010659155682125387
 10
32.97960296635711
 20
0.011679511883466276
 10
32.98016868993099
 20
0.012701168892736092
 10
32.98073322874258
 20
0.013724124584921782
 10
32.98129658139896
 20
0.014748376831954957
 10
32.98185874651014
 20
0.01577392350272966
 10
32.982419722689066
 20
0.016800762463098806
 10
32.9829795085516
 20
0.01782889157587242
 10
32.98353810271657
 20
0.01885830870083005
 10
32.98409550380571
 20
0.01988901169471724
 10
32.98465171044373
 20
0.02092099841124373
 10
32.98520672125825
 20
0.021954266701099456
 10
32.98576053487989
 20
0.022988814411942116
 10
32.98631314994217
 20
0.024024639388409597
 10
32.98686456508161
 20
0.02506173947211643
 10
32.98741477893767
 20
0.02610011250166444
 10
32.987963790152776
 20
0.027139756312633878
 10
32.98851159737232
 20
0.02818066873759939
 10
32.98905819924468
 20
0.02922284760611582
 10
32.98960359442118
 20
0.030266290744737745
 10
32.99014778155615
 20
0.03131099597701237
 10
32.99069075930689
 20
0.032356961123488404
 10
32.99123252633367
 20
0.03340418400170719
 10
32.99177308129976
 20
0.03445266242621692
 10
32.99231242287143
 20
0.035502394208572596
 10
32.99285054971792
 20
0.03655337715733431
 10
32.99338746051149
 20
0.03760560907807253
 10
32.9939231539274
 20
0.038659087773369905
 10
32.994457628643886
 20
0.03971381104282834
 10
32.99499088334222
 20
0.04076977668306547
 10
32.99552291670667
 20
0.04182698248771821
 10
32.996053727424524
 20
0.04288542624745162
 10
32.99658331418608
 20
0.04394510574995181
 10
32.99711167568467
 20
0.04500601877993482
 10
32.99763881061663
 20
0.046068163119150185
 10
32.998164717681334
 20
0.04713153654637203
 10
32.99868939558119
 20
0.04819613683742752
 10
32.99921284302162
 20
0.049261961765168394
 10
32.99973505871109
 20
0.050329009099494115
 10
33.000256041361126
 20
0.05139727660734472
 10
33.000775789686266
 20
0.0524667620527115
 10
33.00129430240412
 20
0.05353746319662811
 10
33.00181157823532
 20
0.05460937779719366
 10
33.00232761590357
 20
0.0556825036095443
 10
33.002842414135614
 20
0.05675683838588874
 10
33.00335597166127
 20
0.05783237987548695
 10
33.00386828721341
 20
0.05890912582466257
 10
33.00437935952797
 20
0.059987073976804695
 10
33.00488918734394
 20
0.061066222072375
 10
33.005397769403416
 20
0.06214656784889705
 10
33.00590510445153
 20
0.06322810904097587
 10
33.00641119123651
 20
0.06431084338028192
 10
33.00691602850966
 20
0.06539476859557958
 10
33.00741961502537
 20
0.06647988241269509
 10
33.007921949541114
 20
0.06756618255455216
 10
33.00842303081745
 20
0.06865366674115947
 10
33.008922857618025
 20
0.06974233268960894
 10
33.00942142870961
 20
0.07083217811408637
 10
33.00991874286203
 20
0.07192320072587144
 10
33.01041479884825
 20
0.07301539823334657
 10
33.01090959544432
 20
0.07410876834198454
 10
33.01140313142939
 20
0.07520330875436265
 10
33.01189540558575
 20
0.07629901717016807
 10
33.01238641669877
 20
0.07739589128619073
 10
33.01287616355695
 20
0.07849392879633399
 10
33.01336464495193
 20
0.07959312739161106
 10
33.013851859678425
 20
0.08069348476015037
 10
33.01433780653432
 20
0.08179499858720263
 10
33.014822484320604
 20
0.08289766655513553
 10
33.01530589184141
 20
0.08400148634344262
 10
33.015788027903994
 20
0.08510645562874153
 10
33.01626889131876
 20
0.08621257208478106
 10
33.01674848089924
 20
0.08731983338243943
 10
33.01722679546212
 20
0.08842823718972959
 10
33.01770383382722
 20
0.08953778117180455
 10
33.01817959481753
 20
0.09064846299095031
 10
33.018654077259164
 20
0.09176028030660355
 10
33.01912727998141
 20
0.09287323077533749
 10
33.01959920181671
 20
0.09398731205088318
 10
33.02006984160066
 20
0.09510252178411349
 10
33.02053919817203
 20
0.0962188576230556
 10
33.02100727037274
 20
0.09733631721289626
 10
33.0214740570479
 20
0.09845489819597653
 10
33.02193955704576
 20
0.09957459821180592
 10
33.02240376921779
 20
0.10069541489704648
 10
33.022866692418596
 20
0.10181734588553759
 10
33.023328325505986
 20
0.1029403888082836
 10
33.023788667340945
 20
0.1040645412934591
 10
33.02424771678764
 20
0.10518980096641783
 10
33.02470547271344
 20
0.10631616544968558
 10
33.0251619339889
 20
0.10744363236297794
 10
33.025617099487754
 20
0.10857219932317896
 10
33.026070968086955
 20
0.10970186394437498
 10
33.02652353866664
 20
0.11083262383782788
 10
33.026974810110154
 20
0.11196447661199294
 10
33.02742478130405
 20
0.11309741987252764
 10
33.02787345113809
 20
0.11423145122227929
 10
33.02832081850524
 20
0.11536656826129388
 10
33.028766882301696
 20
0.1165027685868214
 10
33.02921164142684
 20
0.11764004979331766
 10
33.0296550947833
 20
0.11877840947244245
 10
33.03009724127692
 20
0.1199178452130738
 10
33.030538079816765
 20
0.12105835460129022
 10
33.030977609315116
 20
0.12219993522040262
 10
33.03141582868751
 20
0.12334258465092418
 10
33.03185273685269
 20
0.12448630047059872
 10
33.032288332732655
 20
0.1256310802543954
 10
33.03272261525263
 20
0.12677692157450515
 10
33.03315558334108
 20
0.12792382200034957
 10
33.033587235929716
 20
0.12907177909858625
 10
33.0340175719535
 20
0.13022079043310164
 10
33.03444659035063
 20
0.1313708535650271
 10
33.034874290062575
 20
0.13252196605272992
 10
33.03530067003403
 20
0.1336741254518241
 10
33.03572572921297
 20
0.13482732931517027
 10
33.03614946655062
 20
0.1359815751928739
 10
33.03657188100146
 20
0.13713686063229247
 10
33.03699297152325
 20
0.13829318317804606
 10
33.037412737077
 20
0.13945054037200322
 10
33.03783117662699
 20
0.14060892975329686
 10
33.03824828914079
 20
0.14176834885832257
 10
33.03866407358923
 20
0.1429287952207421
 10
33.03907852894641
 20
0.1440902663714816
 10
33.039491654189725
 20
0.14525275983874586
 10
33.039903448299846
 20
0.14641627314800942
 10
33.04031391026072
 20
0.14758080382202543
 10
33.04072303905959
 20
0.1487463493808221
 10
33.04113083368699
 20
0.14991290734171692
 10
33.04153729313674
 20
0.15108047521930779
 10
33.04194241640595
 20
0.15224905052548543
 10
33.04234620249505
 20
0.15341863076943163
 10
33.04274865040773
 20
0.1545892134576139
 10
33.043149759151014
 20
0.15576079609380322
 10
33.04354952773522
 20
0.15693337617907233
 10
33.04394795517398
 20
0.1581069512117903
 10
33.04434504048421
 20
0.15928151868763507
 10
33.04474078268617
 20
0.1604570760995916
 10
33.04513518080341
 20
0.16163362093795186
 10
33.04552823386282
 20
0.16281115069033092
 10
33.04591994089457
 20
0.16398966284165262
 10
33.04631030093219
 20
0.16516915487415673
 10
33.04669931301252
 20
0.1663496242674185
 10
33.04708697617571
 20
0.16753106849832378
 10
33.04747328946527
 20
0.1687134850410974
 10
33.04785825192801
 20
0.1698968713672837
 10
33.04824186261409
 20
0.17108122494577316
 10
33.048624120577
 20
0.1722665432427828
 10
33.04900502487357
 20
0.1734528237218722
 10
33.04938457456397
 20
0.17464006384394715
 10
33.04976276871171
 20
0.17582826106724703
 10
33.05013960638364
 20
0.17701741284737338
 10
33.05051508664996
 20
0.17820751663726675
 10
33.05088920858422
 20
0.1793985698872298
 10
33.051261971263344
 20
0.18059057004491308
 10
33.05163337376756
 20
0.18178351455533281
 10
33.052003415180494
 20
0.18297740086086556
 10
33.05237209458912
 20
0.18417222640125352
 10
33.052739411083756
 20
0.18536798861360815
 10
33.05310536375811
 20
0.18656468493240297
 10
33.05346995170922
 20
0.18776231278949673
 10
33.05383317403753
 20
0.1889608696141174
 10
33.05419502984683
 20
0.19016035283287458
 10
33.054555518244285
 20
0.19136075986976486
 10
33.054914638340435
 20
0.19256208814615583
 10
33.05527238924919
 20
0.19376433508082158
 10
33.05562877008786
 20
0.19496749808991432
 10
33.055983779977105
 20
0.19617157458698564
 10
33.056337418041
 20
0.19737656198297948
 10
33.05668968340696
 20
0.1985824576862445
 10
33.05704057520583
 20
0.1997892591025323
 10
33.057390092571836
 20
0.20099696363499042
 10
33.05773823464258
 20
0.20220556868418882
 10
33.05808500055905
 20
0.2034150716480987
 10
33.05843038946566
 20
0.2046254699221084
 10
33.05877440051021
 20
0.20583676089902347
 10
33.05911703284387
 20
0.20704894196907375
 10
33.05945828562126
 20
0.20826201051990267
 10
33.059798158000376
 20
0.20947596393658685
 10
33.06013664914261
 20
0.21069079960162895
 10
33.060473758212794
 20
0.21190651489496837
 10
33.06080948437914
 20
0.21312310719397054
 10
33.061143826813286
 20
0.21434057387344474
 10
33.061476784690285
 20
0.21555891230563873
 10
33.061808357188596
 20
0.21677811986024764
 10
33.062138543490114
 20
0.2179981939044069
 10
33.06246734278013
 20
0.21921913180270458
 10
33.062794754247385
 20
0.2204409309171833
 10
33.063120777084016
 20
0.2216635886073366
 10
33.06344541048561
 20
0.22288710223011776
 10
33.06376865365117
 20
0.2241114691399435
 10
33.06409050578312
 20
0.2253366866886939
 10
33.06441096608734
 20
0.22656275222571587
 10
33.064730033773124
 20
0.22778966309782156
 10
33.065047708053214
 20
0.22901741664930597
 10
33.06536398814378
 20
0.23024601022193458
 10
33.06567887326444
 20
0.23147544115495045
 10
33.06599236263825
 20
0.2327057067850813
 10
33.066304455491704
 20
0.2339368044465413
 10
33.066615151054755
 20
0.23516873147102935
 10
33.0669244485608
 20
0.23640148518773607
 10
33.06723234724667
 20
0.23763506292334746
 10
33.06753884635267
 20
0.23886946200204662
 10
33.06784394512254
 20
0.24010467974551375
 10
33.06814764280349
 20
0.24134071347293506
 10
33.06844993864617
 20
0.24257756050100276
 10
33.0687508319047
 20
0.24381521814391682
 10
33.06905032183666
 20
0.24505368371338498
 10
33.069348407703096
 20
0.2462929545186423
 10
33.06964508876851
 20
0.24753302786642983
 10
33.06994036430086
 20
0.24877390106101238
 10
33.070234233571604
 20
0.25001557140418207
 10
33.07052669585564
 20
0.2512580361952583
 10
33.07081775043135
 20
0.2525012927310861
 10
33.07110739658059
 20
0.25374533830604484
 10
33.07139563358868
 20
0.2549901702120554
 10
33.071682460744434
 20
0.25623578573856953
 10
33.07196787734013
 20
0.25748218217258767
 10
33.07225188267153
 20
0.2587293567986553
 10
33.07253447603789
 20
0.25997730689885934
 10
33.07281565674192
 20
0.2612260297528479
 10
33.07309542408986
 20
0.26247552263781593
 10
33.073373777391396
 20
0.2637257828285211
 10
33.073650715959715
 20
0.2649768075972734
 10
33.07392623911151
 20
0.26622859421395795
 10
33.07420034616694
 20
0.2674811399460175
 10
33.07447303644969
 20
0.2687344420584683
 10
33.074744309286906
 20
0.2699884978139
 10
33.07501416400926
 20
0.271243304472474
 10
33.0752825999509
 20
0.2724988592919342
 10
33.0755496164495
 20
0.2737551595276084
 10
33.075815212846216
 20
0.2750122024324053
 10
33.0760793884857
 20
0.2762699852568211
 10
33.07634214271614
 20
0.2775285052489469
 10
33.07660347488921
 20
0.27878775965446856
 10
33.076863384360095
 20
0.28004774571666324
 10
33.077121870487495
 20
0.28130846067641535
 10
33.07737893263361
 20
0.2825699017722112
 10
33.07763457016416
 20
0.28383206624014257
 10
33.07788878244839
 20
0.28509495131391027
 10
33.07814156885905
 20
0.2863585542248277
 10
33.078392928772416
 20
0.28762287220183147
 10
33.07864286156828
 20
0.28888790247146723
 10
33.07889136662994
 20
0.29015364225791096
 10
33.07913844334424
 20
0.29142008878295833
 10
33.07938409110154
 20
0.29268723926603535
 10
33.079628309295714
 20
0.2939550909242019
 10
33.07987109732419
 20
0.2952236409721518
 10
33.08011245458789
 20
0.2964928866222163
 10
33.08035238049129
 20
0.297762825084364
 10
33.0805908744424
 20
0.29903345356621536
 10
33.08082793585275
 20
0.3003047692730334
 10
33.0810635641374
 20
0.30157676940773115
 10
33.08129775871497
 20
0.30284945117088036
 10
33.081530519007586
 20
0.3041228117607009
 10
33.08176184444095
 20
0.30539684837308023
 10
33.08199173444426
 20
0.30667155820157
 10
33.082220188450286
 20
0.30794693843737875
 10
33.08244720589534
 20
0.30922298626939515
 10
33.08267278621927
 20
0.3104996988841737
 10
33.082896928865466
 20
0.31177707346595085
 10
33.08311963328088
 20
0.31305510719663765
 10
33.08334089891599
 20
0.31433379725582533
 10
33.08356072522486
 20
0.31561314082079406
 10
33.08377911166506
 20
0.31689313506651473
 10
33.083996057697746
 20
0.3181737771656472
 10
33.084211562787615
 20
0.31945506428854564
 10
33.08442562640292
 20
0.3207369936032638
 10
33.084638248015466
 20
0.32201956227556217
 10
33.084849427100636
 20
0.32330276746889375
 10
33.085059163137345
 20
0.3245866063444307
 10
33.08526745560809
 20
0.32587107606105015
 10
33.085474303998915
 20
0.3271561737753448
 10
33.08567970779943
 20
0.32844189664163004
 10
33.085883666502816
 20
0.3297282418119334
 10
33.086086179605815
 20
0.3310152064360139
 10
33.08628724660873
 20
0.3323027876613551
 10
33.086486867015445
 20
0.33359098263317044
 10
33.08668504033341
 20
0.33487978849441014
 10
33.086881766073624
 20
0.33616920238575254
 10
33.08707704375069
 20
0.33745922144563245
 10
33.08727087288276
 20
0.3387498428102145
 10
33.087463252991576
 20
0.34004106361341435
 10
33.087654183602446
 20
0.34133288098689896
 10
33.08784366424425
 20
0.34262529206008985
 10
33.088031694449455
 20
0.34391829396016327
 10
33.0882182737541
 20
0.3452118838120537
 10
33.08840340169781
 20
0.3465060587384645
 10
33.088587077823796
 20
0.34780081585985734
 10
33.08876930167882
 20
0.3490961522944769
 10
33.088950072813276
 20
0.3503920651583261
 10
33.089129390781096
 20
0.35168855156519285
 10
33.08930725513982
 20
0.3529856086266445
 10
33.08948366545059
 20
0.3542832334520334
 10
33.08965862127809
 20
0.3555814231484913
 10
33.089832122190636
 20
0.3568801748209456
 10
33.09000416776012
 20
0.3581794855721139
 10
33.09017475756201
 20
0.3594793525025164
 10
33.09034389117539
 20
0.3607797727104636
 10
33.09051156818292
 20
0.36208074329207385
 10
33.09067778817085
 20
0.3633822613412807
 10
33.09084255072905
 20
0.3646843239498079
 10
33.09100585545096
 20
0.36598692820720835
 10
33.09116770193362
 20
0.3672900712008502
 10
33.09132808977769
 20
0.36859375001591665
 10
33.0914870185874
 20
0.369897961735413
 10
33.0916444879706
 20
0.371202703440181
 10
33.09180049753872
 20
0.37250797220887755
 10
33.091955046906826
 20
0.37381376511800646
 10
33.09210813569355
 20
0.3751200792419045
 10
33.09225976352115
 20
0.3764269116527448
 10
33.09240993001548
 20
0.3777342594205493
 10
33.092558634806
 20
0.37904211961318346
 10
33.09270587752578
 20
0.38035048929636694
 10
33.0928516578115
 20
0.3816593655336664
 10
33.09299597530344
 20
0.3829687453865134
 10
33.09313882964548
 20
0.3842786259142006
 10
33.09328022048515
 20
0.38558900417387676
 10
33.09342014747354
 20
0.38689987722056607
 10
33.09355861026538
 20
0.38821124210716285
 10
33.09369560851902
 20
0.3895230958844298
 10
33.093831141896395
 20
0.3908354356010175
 10
33.093965210063075
 20
0.39214825830344857
 10
33.09409781268825
 20
0.3934615610361387
 10
33.0942289494447
 20
0.39477534084138455
 10
33.09435862000885
 20
0.39608959475937944
 10
33.094486824060716
 20
0.3974043198282118
 10
33.09461356128397
 20
0.3987195130838668
 10
33.094738831365866
 20
0.40003517156023527
 10
33.09486263399729
 20
0.4013512922891085
 10
33.09498496887275
 20
0.40266787230019396
 10
33.09510583569038
 20
0.4039849086211085
 10
33.09522523415193
 20
0.40530239827738335
 10
33.095343163962774
 20
0.4066203382924716
 10
33.09545962483191
 20
0.40793872568775136
 10
33.09557461647196
 20
0.40925755748252435
 10
33.09568813859917
 20
0.41057683069402806
 10
33.09580019093342
 20
0.41189654233743056
 10
33.09591077319819
 20
0.413216689425834
 10
33.096019885120626
 20
0.4145372689702871
 10
33.096127526431474
 20
0.41585827797978325
 10
33.09623369686512
 20
0.4171797134612607
 10
33.09633839615957
 20
0.41850157241961305
 10
33.09644162405647
 20
0.419823851857684
 10
33.096543380301085
 20
0.4211465487762833
 10
33.09664366464232
 20
0.422469660174178
 10
33.09674247683271
 20
0.4237931830481063
 10
33.096839816628425
 20
0.4251171143927692
 10
33.096935683789255
 20
0.42644145120084787
 10
33.09703007807864
 20
0.4277661904629948
 10
33.09712299926365
 20
0.4290913291678482
 10
33.097214447114965
 20
0.4304168643020283
 10
33.09730442140694
 20
0.4317427928501427
 10
33.09739292191754
 20
0.43306911179479
 10
33.09747994842837
 20
0.4343958181165668
 10
33.097565500724684
 20
0.4357229087940677
 10
33.09764957859536
 20
0.4370503808038855
 10
33.09773218183291
 20
0.438378231120625
 10
33.09781331023349
 20
0.4397064567169
 10
33.09789296359691
 20
0.4410350545633346
 10
33.0979711417266
 20
0.44236402162857047
 10
33.09804784442963
 20
0.44369335487927053
 10
33.098123071516724
 20
0.44502305128012587
 10
33.09819682280223
 20
0.44635310779385584
 10
33.098269098104154
 20
0.4476835213812027
 10
33.09833989724413
 20
0.44901428900095475
 10
33.09840922004745
 20
0.4503454076099356
 10
33.09847706634302
 20
0.4516768741630113
 10
33.09854343596342
 20
0.4530086856130957
 10
33.09860832874485
 20
0.45434083891115584
 10
33.09867174452718
 20
0.45567333100620466
 10
33.098733683153895
 20
0.4570061588453225
 10
33.098794144472144
 20
0.4583393193736516
 10
33.098853128332706
 20
0.4596728095343945
 10
33.09891063459003
 20
0.4610066262688246
 10
33.098966663102175
 20
0.4623407665162862
 10
33.09902121373088
 20
0.4636752272142086
 10
33.09907428634151
 20
0.46501000529809566
 10
33.099125880803086
 20
0.46634509770153976
 10
33.099175996988265
 20
0.4676805013562113
 10
33.09922463477337
 20
0.46901621319188713
 10
33.09927179403835
 20
0.47035223013643623
 10
33.09931747466682
 20
0.4716885491158198
 10
33.099361676546025
 20
0.473025167054109
 10
33.09940439956688
 20
0.47436208087348497
 10
33.09944564362393
 20
0.47569928749423696
 10
33.09948540861539
 20
0.4770367838347678
 10
33.099523694443086
 20
0.4783745668116044
 10
33.09956050101254
 20
0.47971263333939085
 10
33.0995958282329
 20
0.4810509803309042
 10
33.09962967601695
 20
0.4823896046970493
 10
33.09966204428117
 20
0.4837285033468621
 10
33.09969293294562
 20
0.48506767318752786
 10
33.09972234193409
 20
0.4864071111243664
 10
33.09975027117396
 20
0.4877468140608432
 10
33.09977672059629
 20
0.4890867788985762
 10
33.09980169013578
 20
0.4904270025373414
 10
33.099825179730786
 20
0.491767481875069
 10
33.09984718932331
 20
0.49310821380785264
 10
33.099867718859024
 20
0.4944491952299508
 10
33.09988676828723
 20
0.49579042303379595
 10
33.099904337560886
 20
0.4971318941099909
 10
33.099920426636615
 20
0.49847360534731955
 10
33.099935035474665
 20
0.49981555363274843
 10
33.09994816403898
 20
0.5011577358514252
 10
33.0999598122971
 20
0.5025001488866945
 10
33.09996998022027
 20
0.5038427896200925
 10
33.09997866778336
 20
0.5051856549313491
 10
33.099985874964894
 20
0.5065287416984052
 10
33.09999160174705
 20
0.5078720467974023
 10
33.09999584811566
 20
0.5092155671026948
 10
33.09999861406022
 20
0.510559299486852
 10
33.09999999999997
 20
0.5123983143170641
  0
LWPOLYLINE
  5
AE
330
17
100
AcDbEntity
  8
20_CONTACT
100
AcDbPolyline
 90
1001
 70
0
 10
32.49999999999994
 20
10.308306338012883
 10
32.50094247740213
 20
10.308305361897622
 10
32.50164933409407
 20
10.308303348660782
 10
32.502482412265216
 20
10.308299566141223
 10
32.50342487852167
 20
10.308293448009497
 10
32.504367336321266
 20
10.308285377673144
 10
32.50530978333858
 20
10.308275355148325
 10
32.50625221724822
 20
10.308263380455118
 10
32.50719463572483
 20
10.308249453617492
 10
32.508137036443074
 20
10.308233574663317
 10
32.509079417077686
 20
10.308215743624373
 10
32.51002177530343
 20
10.308195960536334
 10
32.510964108795136
 20
10.308174225438773
 10
32.511906415227685
 20
10.308150538375175
 10
32.51284869227604
 20
10.308124899392919
 10
32.51379093761521
 20
10.308097308543283
 10
32.514733148920314
 20
10.308067765881454
 10
32.515675323866546
 20
10.308036271466513
 10
32.51661746012917
 20
10.308002825361445
 10
32.51755955538356
 20
10.307967427633134
 10
32.518501607305204
 20
10.30793007835237
 10
32.51944361356968
 20
10.307890777593837
 10
32.52038557185268
 20
10.307849525436122
 10
32.52132747983001
 20
10.307806321961717
 10
32.522269335177626
 20
10.307761167257006
 10
32.523211135571586
 20
10.307714061412279
 10
32.52415287868809
 20
10.307665004521724
 10
32.52509456220349
 20
10.307613996683433
 10
32.526036183794275
 20
10.307561037999388
 10
32.52697774113709
 20
10.307506128575483
 10
32.52791923190873
 20
10.307449268521502
 10
32.52886065378618
 20
10.307390457951133
 10
32.52980200444657
 20
10.307329696981967
 10
32.53074328156721
 20
10.307266985735478
 10
32.531684482825604
 20
10.307202324337059
 10
32.532625605899426
 20
10.307135712915994
 10
32.533566648466554
 20
10.307067151605455
 10
32.53450760820506
 20
10.306996640542529
 10
32.535448482793235
 20
10.30692417986819
 10
32.536389269909556
 20
10.306849769727313
 10
32.53732996723273
 20
10.306773410268672
 10
32.53827057244168
 20
10.30669510164494
 10
32.53921108321557
 20
10.306614844012685
 10
32.540151497233786
 20
10.306532637532365
 10
32.54109181217595
 20
10.306448482368346
 10
32.54203202572192
 20
10.306362378688885
 10
32.54297213555184
 20
10.306274326666138
 10
32.543912139346084
 20
10.306184326476153
 10
32.54485203478527
 20
10.306092378298876
 10
32.545791819550324
 20
10.30599848231815
 10
32.54673149132242
 20
10.305902638721713
 10
32.547671047783005
 20
10.305804847701197
 10
32.54861048661384
 20
10.305705109452123
 10
32.549549805496945
 20
10.305603424173917
 10
32.55048900211465
 20
10.305499792069892
 10
32.5514280741496
 20
10.30539421334726
 10
32.55236701928471
 20
10.305286688217123
 10
32.553305835203254
 20
10.30517721689447
 10
32.554244519588785
 20
10.3050657995982
 10
32.55518307012521
 20
10.304952436551087
 10
32.55612148449674
 20
10.304837127979805
 10
32.55705976038796
 20
10.304719874114921
 10
32.55799789548375
 20
10.304600675190896
 10
32.558935887469374
 20
10.304479531446074
 10
32.55987373403044
 20
10.304356443122694
 10
32.560811432852894
 20
10.304231410466887
 10
32.561748981623076
 20
10.304104433728673
 10
32.56268637802768
 20
10.303975513161964
 10
32.563623619753784
 20
10.303844649024558
 10
32.564560704488834
 20
10.303711841578144
 10
32.565497629920685
 20
10.3035770910883
 10
32.566434393737566
 20
10.303440397824492
 10
32.56737099362812
 20
10.303301762060073
 10
32.568307427281376
 20
10.303161184072284
 10
32.569243692386785
 20
10.303018664142257
 10
32.57017978663422
 20
10.302874202555003
 10
32.57111570771397
 20
10.302727799599428
 10
32.57205145331674
 20
10.302579455568317
 10
32.572987021133684
 20
10.302429170758344
 10
32.57392240885639
 20
10.30227694547007
 10
32.57485761417689
 20
10.302122780007934
 10
32.57579263478766
 20
10.301966674680266
 10
32.57672746838164
 20
10.301808629799277
 10
32.577662112652234
 20
10.301648645681059
 10
32.5785965652933
 20
10.301486722645596
 10
32.579530823999185
 20
10.301322861016741
 10
32.580464886464696
 20
10.30115706112224
 10
32.58139875038515
 20
10.300989323293711
 10
32.58233241345632
 20
10.300819647866664
 10
32.5832658733745
 20
10.300648035180483
 10
32.58419912783649
 20
10.300474485578434
 10
32.58513217453958
 20
10.300298999407655
 10
32.586065011181574
 20
10.300121577019176
 10
32.586997635460804
 20
10.299942218767896
 10
32.587930045076114
 20
10.299760925012597
 10
32.58886223772689
 20
10.299577696115938
 10
32.58979421111305
 20
10.299392532444447
 10
32.59072596293505
 20
10.299205434368542
 10
32.5916574908939
 20
10.299016402262506
 10
32.592588792691146
 20
10.298825436504503
 10
32.593519866028906
 20
10.298632537476568
 10
32.59445070860986
 20
10.298437705564615
 10
32.59538131813726
 20
10.29824094115843
 10
32.59631169231492
 20
10.298042244651668
 10
32.59724182884725
 20
10.297841616441865
 10
32.598171725439244
 20
10.297639056930416
 10
32.59910137979647
 20
10.297434566522604
 10
32.60003078962513
 20
10.297228145627571
 10
32.60095995263199
 20
10.297019794658333
 10
32.60188886652445
 20
10.296809514031775
 10
32.602817529010515
 20
10.29659730416865
 10
32.60374593779882
 20
10.296383165493584
 10
32.60467409059861
 20
10.296167098435067
 10
32.605601985119776
 20
10.295949103425455
 10
32.60652961907284
 20
10.295729180900977
 10
32.60745699016896
 20
10.29550733130172
 10
32.60838409611997
 20
10.295283555071642
 10
32.60931093463832
 20
10.295057852658562
 10
32.610237503437155
 20
10.294830224514172
 10
32.611163800230266
 20
10.294600671094013
 10
32.6120898227321
 20
10.294369192857499
 10
32.61301556865783
 20
10.294135790267902
 10
32.61394103572326
 20
10.29390046379236
 10
32.6148662216449
 20
10.293663213901866
 10
32.61579112413998
 20
10.29342404107128
 10
32.61671574092639
 20
10.293182945779314
 10
32.617640069722746
 20
10.292939928508542
 10
32.61856410824837
 20
10.2926949897454
 10
32.6194878542233
 20
10.292448129980173
 10
32.6204113053683
 20
10.29219934970701
 10
32.62133445940485
 20
10.291948649423913
 10
32.62225731405518
 20
10.291696029632739
 10
32.62317986704225
 20
10.291441490839205
 10
32.62410211608976
 20
10.291185033552868
 10
32.625024058922165
 20
10.290926658287155
 10
32.62594569326468
 20
10.290666365559334
 10
32.62686701684328
 20
10.290404155890528
 10
32.62778802738468
 20
10.290140029805709
 10
32.62870872261642
 20
10.289873987833708
 10
32.629629100266776
 20
10.289606030507192
 10
32.63054915806482
 20
10.289336158362685
 10
32.63146889374041
 20
10.289064371940558
 10
32.632388305024215
 20
10.288790671785025
 10
32.63330738964768
 20
10.288515058444151
 10
32.634226145343085
 20
10.288237532469848
 10
32.63514456984349
 20
10.287958094417863
 10
32.636062660882786
 20
10.287676744847797
 10
32.6369804161957
 20
10.28739348432309
 10
32.63789783351777
 20
10.287108313411025
 10
32.63881491058537
 20
10.286821232682724
 10
32.63973164513572
 20
10.286532242713157
 10
32.64064803490688
 20
10.286241344081127
 10
32.641564077637774
 20
10.285948537369272
 10
32.64247977106817
 20
10.28565382316408
 10
32.643395112938684
 20
10.28535720205587
 10
32.64431010099083
 20
10.2850586746388
 10
32.64522473296698
 20
10.284758241510854
 10
32.646139006610376
 20
10.284455903273864
 10
32.64705291966516
 20
10.284151660533492
 10
32.64796646987636
 20
10.283845513899227
 10
32.648879654989884
 20
10.283537463984398
 10
32.649792472752566
 20
10.283227511406162
 10
32.65070492091213
 20
10.282915656785502
 10
32.65161699721722
 20
10.282601900747242
 10
32.65252869941738
 20
10.282286243920028
 10
32.6534400252631
 20
10.281968686936327
 10
32.654350972505796
 20
10.281649230432446
 10
32.655261538897804
 20
10.28132787504851
 10
32.656171722192404
 20
10.281004621428469
 10
32.657081520143834
 20
10.280679470220099
 10
32.65799093050727
 20
10.280352422075001
 10
32.65889995103884
 20
10.280023477648598
 10
32.659808579495646
 20
10.279692637600132
 10
32.660716813635766
 20
10.279359902592663
 10
32.66162465121822
 20
10.27902527329308
 10
32.66253209000304
 20
10.278688750372078
 10
32.66343912775122
 20
10.278350334504182
 10
32.66434576222475
 20
10.278010026367726
 10
32.665251991186615
 20
10.27766782664486
 10
32.66615781240081
 20
10.277323736021554
 10
32.66706322363232
 20
10.276977755187584
 10
32.667968222647154
 20
10.276629884836545
 10
32.668872807212324
 20
10.276280125665842
 10
32.669776975095886
 20
10.27592847837669
 10
32.67068072406691
 20
10.275574943674116
 10
32.67158405189549
 20
10.275219522266948
 10
32.67248695635279
 20
10.274862214867838
 10
32.67338943521099
 20
10.274503022193228
 10
32.674291486243334
 20
10.274141944963375
 10
32.67519310722411
 20
10.273778983902336
 10
32.676094295928685
 20
10.273414139737977
 10
32.67699505013348
 20
10.27304741320196
 10
32.67789536761599
 20
10.272678805029757
 10
32.678795246154785
 20
10.272308315960636
 10
32.679694683529526
 20
10.271935946737662
 10
32.68059367752096
 20
10.271561698107703
 10
32.68149222591092
 20
10.271185570821423
 10
32.68239032648235
 20
10.27080756563328
 10
32.6832879770193
 20
10.27042768330153
 10
32.68418517530691
 20
10.270045924588228
 10
32.68508191913146
 20
10.269662290259209
 10
32.685978206280346
 20
10.269276781084116
 10
32.68687403454208
 20
10.268889397836372
 10
32.68776940170631
 20
10.268500141293192
 10
32.68866430556383
 20
10.26810901223558
 10
32.689558743906574
 20
10.267716011448336
 10
32.69045271452762
 20
10.267321139720032
 10
32.69134621522121
 20
10.266924397843034
 10
32.69223924378273
 20
10.266525786613496
 10
32.69313179800874
 20
10.266125306831348
 10
32.69402387569697
 20
10.265722959300303
 10
32.694915474646336
 20
10.265318744827862
 10
32.695806592656915
 20
10.264912664225296
 10
32.69669722752998
 20
10.264504718307663
 10
32.697587377068004
 20
10.264094907893794
 10
32.698477039074646
 20
10.263683233806297
 10
32.69936621135478
 20
10.263269696871557
 10
32.70025489171447
 20
10.262854297919734
 10
32.701143077961014
 20
10.262437037784753
 10
32.70203076790292
 20
10.262017917304325
 10
32.70291795934992
 20
10.261596937319919
 10
32.70380465011297
 20
10.26117409867678
 10
32.70469083800428
 20
10.260749402223917
 10
32.70557652083728
 20
10.26032284881411
 10
32.706461696426665
 20
10.259894439303904
 10
32.70734636258836
 20
10.259464174553603
 10
32.70823051713957
 20
10.25903205542729
 10
32.709114157898746
 20
10.258598082792787
 10
32.70999728268562
 20
10.2581622575217
 10
32.71087988932118
 20
10.257724580489377
 10
32.71176197562771
 20
10.25728505257494
 10
32.71264353942876
 20
10.256843674661251
 10
32.7135245785492
 20
10.256400447634945
 10
32.71440509081515
 20
10.255955372386401
 10
32.71528507405407
 20
10.255508449809753
 10
32.7161645260947
 20
10.255059680802898
 10
32.717043444767114
 20
10.254609066267463
 10
32.71792182790268
 20
10.25415660710885
 10
32.71879967333409
 20
10.253702304236189
 10
32.71967697889538
 20
10.253246158562368
 10
32.7205537424219
 20
10.252788171004019
 10
32.721429961750346
 20
10.252328342481515
 10
32.72230563471876
 20
10.251866673918979
 10
32.72318075916652
 20
10.25140316624427
 10
32.72405533293436
 20
10.250937820388994
 10
32.7249293538644
 20
10.250470637288492
 10
32.72580281980008
 20
10.250001617881843
 10
32.726675728586244
 20
10.249530763111867
 10
32.72754807806909
 20
10.249058073925115
 10
32.72841986609621
 20
10.248583551271876
 10
32.729291090516575
 20
10.248107196106169
 10
32.730161749180546
 20
10.24762900938575
 10
32.73103183993988
 20
10.247148992072102
 10
32.73190136064773
 20
10.246667145130429
 10
32.73277030915868
 20
10.24618346952968
 10
32.7336386833287
 20
10.245697966242513
 10
32.73450648101518
 20
10.245210636245325
 10
32.73537370007695
 20
10.244721480518226
 10
32.73624033837424
 20
10.244230500045056
 10
32.737106393768734
 20
10.243737695813369
 10
32.73797186412356
 20
10.243243068814445
 10
32.73883674730326
 20
10.24274662004328
 10
32.73970104117386
 20
10.242248350498581
 10
32.74056474360282
 20
10.24174826118278
 10
32.741427852459054
 20
10.241246353102014
 10
32.74229036561296
 20
10.240742627266144
 10
32.74315228093639
 20
10.24023708468873
 10
32.744013596302686
 20
10.239729726387045
 10
32.74487430958665
 20
10.23922055338208
 10
32.74573441866458
 20
10.238709566698518
 10
32.746593921414274
 20
10.238196767364755
 10
32.747452815715015
 20
10.237682156412898
 10
32.748311099447584
 20
10.237165734878744
 10
32.749168770494286
 20
10.236647503801798
 10
32.75002582673892
 20
10.236127464225262
 10
32.75088226606681
 20
10.235605617196043
 10
32.7517380863648
 20
10.235081963764735
 10
32.752593285521264
 20
10.234556504985635
 10
32.7534478614261
 20
10.234029241916733
 10
32.75430181197076
 20
10.233500175619707
 10
32.75515513504823
 20
10.232969307159934
 10
32.75600782855303
 20
10.232436637606472
 10
32.756859890381264
 20
10.231902168032072
 10
32.75771131843058
 20
10.231365899513172
 10
32.758562110600174
 20
10.230827833129892
 10
32.75941226479083
 20
10.230287969966039
 10
32.760261778904905
 20
10.2297463111091
 10
32.761110650846334
 20
10.229202857650247
 10
32.76195887852062
 20
10.228657610684326
 10
32.76280645983489
 20
10.228110571309859
 10
32.76365339269784
 20
10.227561740629056
 10
32.76449967501976
 20
10.227011119747786
 10
32.76534530471257
 20
10.226458709775603
 10
32.76619027968978
 20
10.225904511825728
 10
32.767034597866534
 20
10.22534852701505
 10
32.76787825715957
 20
10.224790756464131
 10
32.768721255487286
 20
10.224231201297199
 10
32.76956359076968
 20
10.223669862642144
 10
32.7704052609284
 20
10.223106741630525
 10
32.77124626388673
 20
10.222541839397561
 10
32.77208659756962
 20
10.221975157082134
 10
32.772926259903635
 20
10.221406695826778
 10
32.77376524881703
 20
10.220836456777693
 10
32.774603562239705
 20
10.220264441084733
 10
32.77544119810323
 20
10.219690649901404
 10
32.776278154340844
 20
10.219115084384867
 10
32.77711442888748
 20
10.218537745695935
 10
32.77795001967972
 20
10.21795863499907
 10
32.77878492465587
 20
10.217377753462383
 10
32.7796191417559
 20
10.21679510225763
 10
32.78045266892149
 20
10.216210682560211
 10
32.78128550409602
 20
10.215624495549177
 10
32.78211764522458
 20
10.215036542407208
 10
32.78294909025398
 20
10.214446824320639
 10
32.78377983713271
 20
10.21385534247943
 10
32.784609883811044
 20
10.213262098077191
 10
32.78543922824093
 20
10.21266709231115
 10
32.78626786837607
 20
10.212070326382193
 10
32.78709580217191
 20
10.211471801494815
 10
32.787923027585634
 20
10.210871518857154
 10
32.78874954257617
 20
10.21026947968097
 10
32.78957534510419
 20
10.209665685181658
 10
32.79040043313215
 20
10.209060136578234
 10
32.79122480462424
 20
10.20845283509334
 10
32.79204845754644
 20
10.207843781953235
 10
32.7928713898665
 20
10.207232978387804
 10
32.79369359955393
 20
10.206620425630547
 10
32.794515084580055
 20
10.206006124918584
 10
32.79533584291794
 20
10.205390077492652
 10
32.796155872542506
 20
10.204772284597098
 10
32.79697517143041
 20
10.204152747479881
 10
32.79779373756016
 20
10.203531467392574
 10
32.798611568912044
 20
10.202908445590358
 10
32.79942866346817
 20
10.20228368333202
 10
32.80024501921246
 20
10.201657181879948
 10
32.801060634130685
 20
10.201028942500145
 10
32.80187550621041
 20
10.200398966462203
 10
32.802689633441034
 20
10.19976725503932
 10
32.80350301381383
 20
10.1991338095083
 10
32.80431564532188
 20
10.198498631149532
 10
32.80512752596012
 20
10.197861721247003
 10
32.80593865372534
 20
10.197223081088298
 10
32.80674902661621
 20
10.196582711964592
 10
32.80755864263322
 20
10.195940615170644
 10
32.80836749977876
 20
10.195296792004807
 10
32.80917559605709
 20
10.19465124376902
 10
32.80998292947433
 20
10.194003971768808
 10
32.810789498038496
 20
10.193354977313271
 10
32.81159529975949
 20
10.192704261715102
 10
32.8124003326491
 20
10.192051826290562
 10
32.81320459472102
 20
10.191397672359496
 10
32.814008083990835
 20
10.190741801245327
 10
32.81481079847605
 20
10.19008421427504
 10
32.81561273619607
 20
10.189424912779208
 10
32.816413895172225
 20
10.188763898091965
 10
32.817214273427766
 20
10.188101171551015
 10
32.818013868987855
 20
10.18743673449763
 10
32.818812679879606
 20
10.186770588276648
 10
32.81961070413207
 20
10.186102734236467
 10
32.8204079397762
 20
10.185433173729049
 10
32.82120438484496
 20
10.184761908109914
 10
32.822000037373215
 20
10.184088938738144
 10
32.82279489539779
 20
10.183414266976373
 10
32.823588956957494
 20
10.182737894190787
 10
32.82438222009308
 20
10.182059821751134
 10
32.825174682847276
 20
10.181380051030697
 10
32.8259663432648
 20
10.180698583406327
 10
32.826757199392326
 20
10.180015420258403
 10
32.82754724927853
 20
10.179330562970865
 10
32.82833649097407
 20
10.178644012931182
 10
32.82912492253159
 20
10.177955771530376
 10
32.82991254200575
 20
10.177265840163003
 10
32.83069934745321
 20
10.17657422022716
 10
32.83148533693263
 20
10.175880913124473
 10
32.83227050850469
 20
10.175185920260105
 10
32.83305486023208
 20
10.174489243042759
 10
32.83383839017953
 20
10.173790882884656
 10
32.83462109641378
 20
10.173090841201553
 10
32.835402977003604
 20
10.172389119412731
 10
32.83618403001982
 20
10.171685718940994
 10
32.8369642535353
 20
10.17098064121267
 10
32.83774364562493
 20
10.170273887657611
 10
32.83852220436568
 20
10.169565459709187
 10
32.839299927836564
 20
10.168855358804276
 10
32.840076814118646
 20
10.168143586383282
 10
32.84085286129507
 20
10.167430143890119
 10
32.84162806745105
 20
10.16671503277221
 10
32.84240243067386
 20
10.165998254480488
 10
32.84317594905288
 20
10.165279810469396
 10
32.84394862067955
 20
10.164559702196883
 10
32.844720443647404
 20
10.163837931124391
 10
32.845491416052084
 20
10.16311449871688
 10
32.846261535991324
 20
10.162389406442799
 10
32.847030801564955
 20
10.161662655774096
 10
32.84779921087492
 20
10.16093424818622
 10
32.84856676202527
 20
10.160204185158102
 10
32.84933345312219
 20
10.159472468172181
 10
32.850099282273966
 20
10.158739098714378
 10
32.85086424759102
 20
10.158004078274097
 10
32.851628347185915
 20
10.157267408344236
 10
32.85239157917333
 20
10.156529090421174
 10
32.8531539416701
 20
10.155789126004773
 10
32.853915432795205
 20
10.155047516598373
 10
32.85467605066977
 20
10.154304263708793
 10
32.855435793417065
 20
10.15355936884633
 10
32.85619465916255
 20
10.15281283352476
 10
32.856952646033804
 20
10.152064659261313
 10
32.85770975216062
 20
10.151314847576716
 10
32.85846597567494
 20
10.15056339999514
 10
32.85922131471088
 20
10.149810318044235
 10
32.859975767404755
 20
10.149055603255114
 10
32.86072933189505
 20
10.148299257162346
 10
32.861482006322454
 20
10.147541281303972
 10
32.86223378882984
 20
10.146781677221483
 10
32.86298467756231
 20
10.146020446459824
 10
32.86373467066713
 20
10.1452575905674
 10
32.8644837662938
 20
10.144493111096065
 10
32.86523196259404
 20
10.143727009601127
 10
32.86597925772177
 20
10.142959287641336
 10
32.86672564983315
 20
10.142189946778897
 10
32.86747113708656
 20
10.14141898857945
 10
32.86821571764261
 20
10.140646414612078
 10
32.86895938966417
 20
10.13987222644931
 10
32.86970215131631
 20
10.13909642566711
 10
32.87044400076638
 20
10.138319013844878
 10
32.87118493618397
 20
10.137539992565449
 10
32.87192495574093
 20
10.136759363415086
 10
32.87266405761136
 20
10.135977127983482
 10
32.873402239971625
 20
10.135193287863762
 10
32.87413950100038
 20
10.134407844652475
 10
32.87487583887852
 20
10.133620799949597
 10
32.875611251789245
 20
10.132832155358512
 10
32.87634573791802
 20
10.132041912486041
 10
32.87707929545261
 20
10.13125007294241
 10
32.87781192258307
 20
10.130456638341272
 10
32.87854361750173
 20
10.129661610299676
 10
32.879274378403245
 20
10.128864990438094
 10
32.88000420348457
 20
10.12806678038041
 10
32.88073309094496
 20
10.127266981753904
 10
32.88146103898598
 20
10.12646559618927
 10
32.88218804581154
 20
10.125662625320599
 10
32.88291410962783
 20
10.124858070785384
 10
32.88363922864342
 20
10.124051934224521
 10
32.884363401069145
 20
10.123244217282295
 10
32.88508662511824
 20
10.122434921606393
 10
32.88580889900624
 20
10.121624048847885
 10
32.88653022095105
 20
10.120811600661238
 10
32.88725058917289
 20
10.119997578704304
 10
32.88797000189437
 20
10.119181984638326
 10
32.88868845734043
 20
10.118364820127919
 10
32.88940595373839
 20
10.11754608684109
 10
32.890122489317925
 20
10.116725786449223
 10
32.89083806231109
 20
10.115903920627074
 10
32.89155267095231
 20
10.115080491052785
 10
32.89226631347838
 20
10.114255499407857
 10
32.892978988128505
 20
10.113428947377175
 10
32.89369069314425
 20
10.112600836648983
 10
32.89440142676959
 20
10.111771168914895
 10
32.89511118725088
 20
10.110939945869887
 10
32.895819972836904
 20
10.110107169212304
 10
32.89652778177883
 20
10.109272840643843
 10
32.89723461233023
 20
10.10843696186956
 10
32.89794046274711
 20
10.107599534597874
 10
32.898645331287874
 20
10.106760560540547
 10
32.89934921621338
 20
10.105920041412695
 10
32.90005211578687
 20
10.105077978932794
 10
32.90075402827406
 20
10.104234374822653
 10
32.901454951943066
 20
10.103389230807428
 10
32.90215488506446
 20
10.102542548615624
 10
32.90285382591127
 20
10.101694329979079
 10
32.903551772758945
 20
10.100844576632975
 10
32.904248723885416
 20
10.099993290315826
 10
32.90494467757104
 20
10.099140472769482
 10
32.90563963209866
 20
10.098286125739124
 10
32.90633358575358
 20
10.097430250973261
 10
32.90702653682356
 20
10.096572850223726
 10
32.90771848359884
 20
10.095713925245686
 10
32.90840942437215
 20
10.094853477797622
 10
32.90909935743869
 20
10.093991509641338
 10
32.90978828109615
 20
10.093128022541961
 10
32.910476193644705
 20
10.092263018267925
 10
32.91116309338704
 20
10.091396498590981
 10
32.91184897862831
 20
10.090528465286198
 10
32.912533847676215
 20
10.089658920131942
 10
32.913217698840924
 20
10.088787864909898
 10
32.913900530435136
 20
10.087915301405049
 10
32.91458234077407
 20
10.087041231405681
 10
32.91526312817545
 20
10.086165656703383
 10
32.91594289095953
 20
10.085288579093033
 10
32.91662162744909
 20
10.08441000037282
 10
32.91729933596945
 20
10.083529922344217
 10
32.91797601484847
 20
10.082648346811984
 10
32.918651662416536
 20
10.081765275584178
 10
32.91932627700659
 20
10.080880710472144
 10
32.91999985695411
 20
10.079994653290502
 10
32.920672400597134
 20
10.079107105857158
 10
32.92134390627626
 20
10.078218069993305
 10
32.92201437233465
 20
10.0773275475234
 10
32.922683797118026
 20
10.076435540275188
 10
32.923352178974675
 20
10.07554205007968
 10
32.92401951625546
 20
10.074647078771157
 10
32.92468580731383
 20
10.073750628187176
 10
32.925351050505796
 20
10.07285270016855
 10
32.92601524418998
 20
10.07195329655936
 10
32.92667838672758
 20
10.071052419206957
 10
32.92734047648238
 20
10.070150069961933
 10
32.928001511820774
 20
10.069246250678152
 10
32.92866149111175
 20
10.068340963212727
 10
32.92932041272691
 20
10.067434209426022
 10
32.929978275040455
 20
10.066525991181656
 10
32.93063507642921
 20
10.065616310346488
 10
32.93129081527261
 20
10.064705168790628
 10
32.93194548995272
 20
10.06379256838743
 10
32.93259909885422
 20
10.062878511013485
 10
32.933251640364425
 20
10.061962998548621
 10
32.93390311287328
 20
10.061046032875904
 10
32.934553514773384
 20
10.06012761588164
 10
32.93520284445996
 20
10.059207749455354
 10
32.93585110033087
 20
10.058286435489805
 10
32.93649828078666
 20
10.057363675880985
 10
32.93714438423048
 20
10.056439472528101
 10
32.93778940906819
 20
10.055513827333588
 10
32.938433353708255
 20
10.0545867422031
 10
32.939076216561865
 20
10.0536582190455
 10
32.93971799604284
 20
10.052728259772879
 10
32.94035869056767
 20
10.051796866300531
 10
32.94099829855555
 20
10.050864040546966
 10
32.941636818428336
 20
10.049929784433894
 10
32.94227424861057
 20
10.048994099886237
 10
32.94291058752949
 20
10.04805698883212
 10
32.943545833615026
 20
10.047118453202867
 10
32.94417998529979
 20
10.046178494932995
 10
32.94481304101912
 20
10.045237115960227
 10
32.945444999211034
 20
10.044294318225472
 10
32.94607585831626
 20
10.043350103672834
 10
32.94670561677827
 20
10.042404474249604
 10
32.947334273043204
 20
10.041457431906256
 10
32.94796182555995
 20
10.040508978596456
 10
32.94858827278012
 20
10.039559116277047
 10
32.949213613158044
 20
10.038607846908047
 10
32.94983784515078
 20
10.03765517245266
 10
32.950460967218135
 20
10.036701094877253
 10
32.95108297782265
 20
10.03574561615138
 10
32.951703875429594
 20
10.034788738247745
 10
32.952323658507
 20
10.033830463142241
 10
32.95294232552564
 20
10.032870792813902
 10
32.95355987495905
 20
10.031909729244948
 10
32.95417630528351
 20
10.030947274420743
 10
32.95479161497808
 20
10.02998343032981
 10
32.95540580252455
 20
10.02901819896384
 10
32.95601886640753
 20
10.028051582317655
 10
32.95663080511436
 20
10.027083582389247
 10
32.95724161713517
 20
10.026114201179741
 10
32.95785130096288
 20
10.025143440693421
 10
32.958459855093174
 20
10.024171302937702
 10
32.95906727802454
 20
10.023197789923145
 10
32.959673568258246
 20
10.02222290366345
 10
32.96027872429837
 20
10.021246646175449
 10
32.96088274465177
 20
10.020269019479109
 10
32.96148562782812
 20
10.01929002559753
 10
32.96208737233988
 20
10.018309666556933
 10
32.962687976702355
 20
10.017327944386672
 10
32.96328743943363
 20
10.01634486111922
 10
32.96388575905461
 20
10.015360418790175
 10
32.96448293408905
 20
10.01437461943825
 10
32.9650789630635
 20
10.013387465105275
 10
32.965673844507336
 20
10.012398957836192
 10
32.96626757695278
 20
10.011409099679057
 10
32.96686015893489
 20
10.010417892685028
 10
32.96745158899156
 20
10.009425338908379
 10
32.968041865663515
 20
10.00843144040648
 10
32.968630987494336
 20
10.007436199239802
 10
32.96921895303045
 20
10.006439617471923
 10
32.96980576082114
 20
10.005441697169502
 10
32.970391409418546
 20
10.004442440402308
 10
32.97097589737766
 20
10.003441849243188
 10
32.97155922325636
 20
10.002439925768087
 10
32.97214138561535
 20
10.001436672056032
 10
32.97272238301825
 20
10.000432090189133
 10
32.97330221403153
 20
9.999426182252583
 10
32.97388087722453
 20
9.998418950334653
 10
32.9744583711695
 20
9.997410396526682
 10
32.97503469444155
 20
9.9964005229231
 10
32.97560984561869
 20
9.995389331621396
 10
32.976183823281815
 20
9.994376824722131
 10
32.976756626014726
 20
9.99336300432893
 10
32.97732825240411
 20
9.992347872548486
 10
32.977898701039564
 20
9.99133143149054
 10
32.97846797051359
 20
9.99031368326791
 10
32.9790360594216
 20
9.989294629996461
 10
32.979602966361924
 20
9.988274273795112
 10
32.980168689935795
 20
9.98725261678583
 10
32.98073322874737
 20
9.986229661093635
 10
32.98129658140374
 20
9.98520540884659
 10
32.98185874651491
 20
9.984179862175804
 10
32.98241972269382
 20
9.983153023215424
 10
32.982979508556355
 20
9.982124894102636
 10
32.983538102721305
 20
9.981095476977668
 10
32.98409550381044
 20
9.98006477398377
 10
32.984651710448446
 20
9.979032787267231
 10
32.98520672126296
 20
9.977999518977366
 10
32.985760534884584
 20
9.976964971266511
 10
32.98631314994686
 20
9.975929146290035
 10
32.986864565086286
 20
9.974892046206318
 10
32.98741477894234
 20
9.973853673176759
 10
32.98796379015743
 20
9.972814029365779
 10
32.98851159737697
 20
9.971773116940803
 10
32.989058199249314
 20
9.970730938072276
 10
32.98960359442581
 20
9.969687494933641
 10
32.99014778156077
 20
9.968642789701356
 10
32.99069075931149
 20
9.967596824554871
 10
32.991232526338266
 20
9.96654960167664
 10
32.991773081304345
 20
9.965501123252118
 10
32.992312422876005
 20
9.964451391469751
 10
32.99285054972248
 20
9.963400408520979
 10
32.99338746051605
 20
9.962348176600234
 10
32.99392315393194
 20
9.961294697904922
 10
32.99445762864842
 20
9.960239974635455
 10
32.99499088334674
 20
9.959184008995205
 10
32.99552291671118
 20
9.958126803190542
 10
32.99605372742902
 20
9.9570683594308
 10
32.99658331419057
 20
9.956008679928289
 10
32.997111675689155
 20
9.954947766898295
 10
32.997638810621105
 20
9.95388562255907
 10
32.998164717685796
 20
9.952822249131835
 10
32.998689395585636
 20
9.951757648840768
 10
32.99921284302605
 20
9.950691823913019
 10
32.999735058715515
 20
9.949624776578684
 10
33.000256041365546
 20
9.948556509070823
 10
33.00077578969068
 20
9.947487023625445
 10
33.00129430240851
 20
9.946416322481518
 10
33.0018115782397
 20
9.945344407880942
 10
33.00232761590794
 20
9.94427128206858
 10
33.00284241413998
 20
9.943196947292225
 10
33.00335597166562
 20
9.942121405802618
 10
33.00386828721775
 20
9.941044659853432
 10
33.0043793595323
 20
9.939966711701278
 10
33.00488918734826
 20
9.9388875636057
 10
33.00539776940773
 20
9.937807217829166
 10
33.00590510445583
 20
9.936725676637078
 10
33.0064111912408
 20
9.935642942297761
 10
33.00691602851394
 20
9.934559017082456
 10
33.00741961502964
 20
9.933473903265329
 10
33.00792194954537
 20
9.932387603123459
 10
33.00842303082169
 20
9.931300118936841
 10
33.00892285762226
 20
9.930211452988384
 10
33.00942142871383
 20
9.929121607563896
 10
33.00991874286625
 20
9.9280305849521
 10
33.01041479885245
 20
9.926938387444615
 10
33.01090959544851
 20
9.92584501733597
 10
33.011403131433575
 20
9.924750476923581
 10
33.01189540558992
 20
9.923654768507765
 10
33.01238641670293
 20
9.922557894391732
 10
33.0128761635611
 20
9.92145985688158
 10
33.01336464495606
 20
9.920360658286292
 10
33.01385185968255
 20
9.919260300917742
 10
33.014337806538435
 20
9.918158787090679
 10
33.01482248432471
 20
9.917056119122737
 10
33.01530589184551
 20
9.915952299334421
 10
33.01578802790808
 20
9.91484733004911
 10
33.01626889132283
 20
9.913741213593061
 10
33.0167484809033
 20
9.912633952295394
 10
33.01722679546617
 20
9.911525548488093
 10
33.01770383383126
 20
9.910416004506011
 10
33.01817959482156
 20
9.909305322686855
 10
33.018654077263186
 20
9.908193505371191
 10
33.01912727998542
 20
9.907080554902446
 10
33.01959920182071
 20
9.905966473626892
 10
33.02006984160465
 20
9.904851263893653
 10
33.020539198176
 20
9.903734928054702
 10
33.02100727037671
 20
9.90261746846485
 10
33.02147405705185
 20
9.90149888748176
 10
33.021939557049706
 20
9.900379187465923
 10
33.02240376922172
 20
9.899258370780672
 10
33.02286669242252
 20
9.898136439792172
 10
33.023328325509894
 20
9.897013396869415
 10
33.023788667344846
 20
9.895889244384229
 10
33.024247716791535
 20
9.894763984711263
 10
33.02470547271732
 20
9.893637620227985
 10
33.02516193399277
 20
9.892510153314685
 10
33.02561709949161
 20
9.891381586354472
 10
33.0260709680908
 20
9.890251921733267
 10
33.02652353867047
 20
9.889121161839807
 10
33.02697481011397
 20
9.887989309065631
 10
33.02742478130786
 20
9.886856365805086
 10
33.02787345114189
 20
9.885722334455327
 10
33.02832081850903
 20
9.884587217416303
 10
33.02876688230547
 20
9.883451017090765
 10
33.02921164143061
 20
9.88231373588426
 10
33.02965509478706
 20
9.881175376205125
 10
33.030097241280664
 20
9.880035940464488
 10
33.030538079820495
 20
9.878895431076257
 10
33.03097760931884
 20
9.87775385045714
 10
33.03141582869122
 20
9.876611201026607
 10
33.03185273685639
 20
9.875467485206922
 10
33.03228833273634
 20
9.874322705423117
 10
33.032722615256304
 20
9.873176864102998
 10
33.033155583344744
 20
9.872029963677145
 10
33.03358723593337
 20
9.870882006578903
 10
33.03401757195714
 20
9.869732995244377
 10
33.034446590354264
 20
9.868582932112442
 10
33.03487429006619
 20
9.867431819624727
 10
33.035300670037635
 20
9.866279660225626
 10
33.035725729216566
 20
9.865126456362272
 10
33.03614946655421
 20
9.86397221048456
 10
33.03657188100504
 20
9.86281692504513
 10
33.036992971526814
 20
9.861660602499368
 10
33.03741273708055
 20
9.860503245305402
 10
33.03783117663053
 20
9.8593448559241
 10
33.03824828914432
 20
9.858185436819065
 10
33.03866407359275
 20
9.857024990456637
 10
33.039078528949915
 20
9.855863519305888
 10
33.03949165419322
 20
9.854701025838615
 10
33.03990344830333
 20
9.853537512529343
 10
33.040313910264196
 20
9.85237298185532
 10
33.04072303906305
 20
9.851207436296512
 10
33.04113083369044
 20
9.850040878335612
 10
33.04153729314018
 20
9.848873310458009
 10
33.041942416409384
 20
9.847704735151822
 10
33.042346202498464
 20
9.846535154907869
 10
33.042748650411134
 20
9.84536457221968
 10
33.04314975915441
 20
9.84419298958348
 10
33.043549527738605
 20
9.843020409498202
 10
33.043947955177345
 20
9.841846834465475
 10
33.04434504048757
 20
9.840672266989623
 10
33.044740782689516
 20
9.83949670957766
 10
33.04513518080675
 20
9.83832016473929
 10
33.04552823386614
 20
9.837142634986902
 10
33.04591994089788
 20
9.835964122835573
 10
33.046310300935495
 20
9.834784630803059
 10
33.04669931301581
 20
9.83360416140979
 10
33.047086976178996
 20
9.832422717178876
 10
33.04747328946854
 20
9.831240300636097
 10
33.04785825193127
 20
9.8300569143099
 10
33.04824186261734
 20
9.828872560731401
 10
33.048624120580236
 20
9.827687242434385
 10
33.0490050248768
 20
9.826500961955286
 10
33.049384574567185
 20
9.825313721833204
 10
33.049762768714906
 20
9.824125524609894
 10
33.05013960638682
 20
9.822936372829762
 10
33.050515086653135
 20
9.82174626903986
 10
33.050889208587385
 20
9.820555215789888
 10
33.05126197126649
 20
9.819363215632197
 10
33.0516333737707
 20
9.818170271121769
 10
33.05200341518363
 20
9.816976384816225
 10
33.052372094592236
 20
9.81578155927583
 10
33.05273941108686
 20
9.81458579706347
 10
33.0531053637612
 20
9.813389100744669
 10
33.0534699517123
 20
9.812191472887566
 10
33.0538331740406
 20
9.810992916062936
 10
33.054195029849886
 20
9.80979343284417
 10
33.05455551824733
 20
9.808593025807276
 10
33.05491463834347
 20
9.807391697530875
 10
33.05527238925222
 20
9.8061894505962
 10
33.05562877009087
 20
9.8049862875871
 10
33.05598377998011
 20
9.803782211090022
 10
33.05633741804398
 20
9.80257722369402
 10
33.056689683409935
 20
9.801371327990747
 10
33.0570405752088
 20
9.800164526574452
 10
33.05739009257479
 20
9.798956822041987
 10
33.05773823464552
 20
9.79774821699278
 10
33.05808500056198
 20
9.796538714028863
 10
33.05843038946858
 20
9.795328315754844
 10
33.05877440051311
 20
9.794117024777922
 10
33.05911703284677
 20
9.792904843707866
 10
33.059458285624146
 20
9.79169177515703
 10
33.05979815800325
 20
9.790477821740337
 10
33.06013664914547
 20
9.789262986075286
 10
33.06047375821564
 20
9.788047270781941
 10
33.06080948438198
 20
9.786830678482932
 10
33.06114382681611
 20
9.785613211803447
 10
33.06147678469309
 20
9.784394873371248
 10
33.061808357191396
 20
9.78317566581663
 10
33.0621385434929
 20
9.781955591772464
 10
33.06246734278291
 20
9.780734653874159
 10
33.06279475425015
 20
9.779512854759673
 10
33.063120777086766
 20
9.778290197069513
 10
33.06344541048835
 20
9.777066683446723
 10
33.063768653653895
 20
9.775842316536888
 10
33.064090505785835
 20
9.774617098988134
 10
33.064410966090044
 20
9.773391033451105
 10
33.06473003377582
 20
9.772164122578992
 10
33.06504770805589
 20
9.770936369027497
 10
33.065363988146444
 20
9.769707775454862
 10
33.06567887326709
 20
9.76847834452184
 10
33.06599236264089
 20
9.7672480788917
 10
33.06630445549433
 20
9.766016981230234
 10
33.06661515105738
 20
9.764785054205738
 10
33.066924448563405
 20
9.763552300489028
 10
33.067232347249266
 20
9.762318722753408
 10
33.067538846355255
 20
9.761084323674702
 10
33.06784394512511
 20
9.759849105931227
 10
33.068147642806046
 20
9.7586130722038
 10
33.06844993864872
 20
9.757376225175726
 10
33.06875083190724
 20
9.756138567532805
 10
33.06905032183919
 20
9.75490010196333
 10
33.06934840770561
 20
9.753660831158065
 10
33.06964508877101
 20
9.75242075781027
 10
33.06994036430335
 20
9.751179884615679
 10
33.070234233574084
 20
9.749938214272504
 10
33.070526695858106
 20
9.74869574948142
 10
33.070817750433804
 20
9.747452492945587
 10
33.07110739658303
 20
9.74620844737062
 10
33.07139563359111
 20
9.744963615464602
 10
33.07168246074685
 20
9.743717999938081
 10
33.07196787734254
 20
9.742471603504056
 10
33.072251882673925
 20
9.741224428877985
 10
33.07253447604027
 20
9.739976478777772
 10
33.0728156567443
 20
9.738727755923776
 10
33.073095424092216
 20
9.737478263038803
 10
33.07337377739373
 20
9.736228002848094
 10
33.073650715962046
 20
9.734976978079331
 10
33.073926239113824
 20
9.733725191462641
 10
33.07420034616925
 20
9.732472645730574
 10
33.074473036451984
 20
9.731219343618118
 10
33.07474430928919
 20
9.72996528786268
 10
33.07501416401153
 20
9.728710481204098
 10
33.07528259995316
 20
9.727454926384631
 10
33.075549616451745
 20
9.72619862614895
 10
33.07581521284845
 20
9.72494158324415
 10
33.076079388487926
 20
9.723683800419728
 10
33.07634214271835
 20
9.722425280427593
 10
33.076603474891414
 20
9.721166026022066
 10
33.076863384362284
 20
9.719906039959866
 10
33.07712187048967
 20
9.718645325000107
 10
33.07737893263577
 20
9.717383883904304
 10
33.07763457016631
 20
9.71612171943637
 10
33.07788878245053
 20
9.714858834362595
 10
33.078141568861184
 20
9.71359523145167
 10
33.078392928774534
 20
9.71233091347466
 10
33.07864286157038
 20
9.711065883205018
 10
33.07889136663203
 20
9.709800143418569
 10
33.07913844334632
 20
9.708533696893515
 10
33.0793840911036
 20
9.707266546410434
 10
33.07962830929777
 20
9.705998694752259
 10
33.079871097326226
 20
9.704730144704303
 10
33.080112454589916
 20
9.703460899054235
 10
33.08035238049331
 20
9.70219096059208
 10
33.080590874444404
 20
9.700920332110222
 10
33.08082793585474
 20
9.699649016403399
 10
33.081063564139384
 20
9.698377016268694
 10
33.081297758716936
 20
9.697104334505543
 10
33.08153051900955
 20
9.695830973915715
 10
33.08176184444289
 20
9.694556937303327
 10
33.081991734446184
 20
9.693282227474834
 10
33.082220188452204
 20
9.692006847239018
 10
33.082447205897246
 20
9.690730799406996
 10
33.08267278622116
 20
9.689454086792212
 10
33.08289692886735
 20
9.68817671221043
 10
33.08311963328275
 20
9.68689867847974
 10
33.083340898917854
 20
9.685619988420548
 10
33.083560725226704
 20
9.68434064485557
 10
33.08377911166689
 20
9.683060650609844
 10
33.083996057699565
 20
9.681780008510707
 10
33.08421156278942
 20
9.6804987213878
 10
33.08442562640471
 20
9.679216792073076
 10
33.08463824801725
 20
9.677934223400774
 10
33.084849427102405
 20
9.676651018207437
 10
33.08505916313911
 20
9.675367179331896
 10
33.08526745560984
 20
9.67408270961527
 10
33.08547430400065
 20
9.67279761190097
 10
33.08567970780115
 20
9.671511889034681
 10
33.08588366650452
 20
9.670225543864369
 10
33.086086179607506
 20
9.668938579240285
 10
33.08628724661041
 20
9.667650998014938
 10
33.086486867017115
 20
9.666362803043118
 10
33.08668504033506
 20
9.665073997181874
 10
33.08688176607527
 20
9.663784583290525
 10
33.08707704375232
 20
9.662494564230641
 10
33.08727087288438
 20
9.661203942866054
 10
33.08746325299319
 20
9.659912722062849
 10
33.087654183604045
 20
9.658620904689359
 10
33.08784366424583
 20
9.657328493616163
 10
33.088031694451026
 20
9.656035491716086
 10
33.088218273755665
 20
9.654741901864188
 10
33.08840340169936
 20
9.653447726937774
 10
33.08858707782533
 20
9.652152969816374
 10
33.088769301680344
 20
9.650857633381753
 10
33.08895007281478
 20
9.649561720517896
 10
33.089129390782595
 20
9.648265234111024
 10
33.08930725514131
 20
9.646968177049565
 10
33.08948366545206
 20
9.645670552224177
 10
33.08965862127955
 20
9.644372362527712
 10
33.089832122192085
 20
9.643073610855254
 10
33.090004167761556
 20
9.64177430010408
 10
33.09017475756343
 20
9.640474433173672
 10
33.0903438911768
 20
9.639174012965722
 10
33.09051156818432
 20
9.637873042384104
 10
33.090677788172236
 20
9.636571524334897
 10
33.09084255073042
 20
9.635269461726363
 10
33.091005855452316
 20
9.633966857468955
 10
33.09116770193497
 20
9.63266371447531
 10
33.091328089779026
 20
9.63136003566024
 10
33.09148701858872
 20
9.630055823940737
 10
33.091644487971905
 20
9.628751082235969
 10
33.09180049754002
 20
9.627445813467265
 10
33.09195504690811
 20
9.626140020558129
 10
33.09210813569482
 20
9.624833706434227
 10
33.09225976352241
 20
9.623526874023383
 10
33.09240993001673
 20
9.622219526255575
 10
33.09255863480723
 20
9.620911666062938
 10
33.09270587752701
 20
9.61960329637975
 10
33.09285165781271
 20
9.618294420142448
 10
33.09299597530464
 20
9.616985040289594
 10
33.09313882964667
 20
9.615675159761905
 10
33.09328022048632
 20
9.614364781502225
 10
33.0934201474747
 20
9.613053908455527
 10
33.093558610266534
 20
9.61174254356893
 10
33.09369560852015
 20
9.610430689791656
 10
33.09383114189752
 20
9.609118350075065
 10
33.093965210064184
 20
9.60780552737263
 10
33.09409781268934
 20
9.606492224639936
 10
33.094228949445785
 20
9.605178444834689
 10
33.09435862000992
 20
9.603864190916688
 10
33.09448682406178
 20
9.60254946584785
 10
33.094613561285016
 20
9.601234272592192
 10
33.0947388313669
 20
9.599918614115818
 10
33.09486263399831
 20
9.598602493386942
 10
33.09498496887376
 20
9.597285913375853
 10
33.09510583569138
 20
9.595968877054936
 10
33.09522523415292
 20
9.594651387398656
 10
33.09534316396375
 20
9.593333447383564
 10
33.09545962483287
 20
9.592015059988281
 10
33.09557461647291
 20
9.5906962281935
 10
33.0956881386001
 20
9.589376954981995
 10
33.095800190934334
 20
9.588057243338591
 10
33.0959107731991
 20
9.586737096250182
 10
33.09601988512152
 20
9.585416516705726
 10
33.09612752643236
 20
9.584095507696228
 10
33.096233696865994
 20
9.582774072214743
 10
33.09633839616043
 20
9.58145221325639
 10
33.09644162405731
 20
9.580129933818315
 10
33.09654338030192
 20
9.578807236899712
 10
33.09664366464314
 20
9.577484125501812
 10
33.09674247683352
 20
9.576160602627883
 10
33.09683981662922
 20
9.574836671283215
 10
33.09693568379004
 20
9.573512334475136
 10
33.09703007807941
 20
9.572187595212984
 10
33.09712299926441
 20
9.570862456508127
 10
33.09721444711571
 20
9.569536921373945
 10
33.09730442140768
 20
9.568210992825827
 10
33.097392921918264
 20
9.566884673881177
 10
33.09747994842908
 20
9.565557967559394
 10
33.09756550072538
 20
9.564230876881892
 10
33.09764957859604
 20
9.56290340487207
 10
33.09773218183358
 20
9.561575554555326
 10
33.09781331023415
 20
9.56024732895905
 10
33.09789296359756
 20
9.558918731112612
 10
33.097971141727236
 20
9.557589764047375
 10
33.098047844430255
 20
9.556260430796668
 10
33.098123071517335
 20
9.554930734395807
 10
33.09819682280283
 20
9.553600677882077
 10
33.09826909810474
 20
9.552270264294727
 10
33.098339897244706
 20
9.550939496674971
 10
33.098409220048005
 20
9.549608378065988
 10
33.09847706634356
 20
9.548276911512911
 10
33.098543435963954
 20
9.546945100062823
 10
33.09860832874538
 20
9.545612946764763
 10
33.098671744527685
 20
9.544280454669709
 10
33.09873368315439
 20
9.542947626830586
 10
33.09879414447263
 20
9.541614466302253
 10
33.09885312833318
 20
9.54028097614151
 10
33.09891063459049
 20
9.538947159407076
 10
33.09896666310262
 20
9.537613019159611
 10
33.09902121373131
 20
9.536278558461685
 10
33.09907428634193
 20
9.534943780377798
 10
33.09912588080349
 20
9.533608687974352
 10
33.09917599698866
 20
9.532273284319675
 10
33.09922463477375
 20
9.530937572483996
 10
33.09927179403872
 20
9.529601555539447
 10
33.099317474667174
 20
9.52826523656006
 10
33.099361676546366
 20
9.526928618621769
 10
33.099404399567206
 20
9.52559170480239
 10
33.09944564362425
 20
9.524254498181637
 10
33.09948540861569
 20
9.522917001841101
 10
33.09952369444338
 20
9.521579218864265
 10
33.099560501012824
 20
9.520241152336474
 10
33.09959582823316
 20
9.51890280534496
 10
33.09962967601721
 20
9.517564180978813
 10
33.09966204428141
 20
9.516225282328994
 10
33.09969293294586
 20
9.514886112488327
 10
33.09972234193431
 20
9.513546674551488
 10
33.099750271174166
 20
9.51220697161501
 10
33.09977672059648
 20
9.510867006777275
 10
33.099801690135955
 20
9.509526783138504
 10
33.09982517973095
 20
9.508186303800777
 10
33.09984718932347
 20
9.506845571867991
 10
33.099867718859166
 20
9.505504590445888
 10
33.09988676828736
 20
9.504163362642043
 10
33.099904337561
 20
9.502821891565844
 10
33.099920426636714
 20
9.501480180328514
 10
33.09993503547476
 20
9.500138232043085
 10
33.099948164039056
 20
9.498796049824406
 10
33.09995981229717
 20
9.497453636789134
 10
33.09996998022033
 20
9.496110996055735
 10
33.099978667783404
 20
9.494768130744477
 10
33.09998587496492
 20
9.493425043977417
 10
33.099991601747064
 20
9.492081738878419
 10
33.09999584811567
 20
9.490738218573124
 10
33.099998614060205
 20
9.489394486188967
 10
33.099999999999945
 20
9.48755547137024
  0
LWPOLYLINE
  5
AF
330
17
100
AcDbEntity
  8
20_CONTACT
100
AcDbPolyline
 90
70
 70
0
 10
29.599999999999945
 20
9.318051656723565
 10
29.571999999999946
 20
9.318051656723565
 10
29.541999999999945
 20
9.318051656723565
 10
29.513999999999946
 20
9.318051656723565
 10
29.483999999999945
 20
9.318051656723565
 10
29.455999999999946
 20
9.318051656723565
 10
29.425999999999945
 20
9.318051656723565
 10
29.397999999999946
 20
9.318051656723565
 10
29.367999999999945
 20
9.318051656723565
 10
29.339999999999947
 20
9.318051656723565
 10
29.309999999999945
 20
9.318051656723565
 10
29.281999999999947
 20
9.318051656723565
 10
29.251999999999946
 20
9.318051656723565
 10
29.223999999999947
 20
9.318051656723565
 10
29.193999999999946
 20
9.318051656723563
 10
29.165999999999947
 20
9.318051656723563
 10
29.135999999999946
 20
9.318051656723563
 10
29.107999999999947
 20
9.318051656723563
 10
29.077999999999946
 20
9.318051656723563
 10
29.049999999999947
 20
9.318051656723563
 10
29.02199999999995
 20
9.318051656723563
 10
28.991999999999948
 20
9.318051656723563
 10
28.963999999999945
 20
9.318051656723563
 10
28.935999999999947
 20
9.318051656723563
 10
28.907999999999944
 20
9.318051656723563
 10
28.879999999999946
 20
9.318051656723563
 10
28.849999999999945
 20
9.318051656723563
 10
28.819999999999943
 20
9.318051656723563
 10
28.789999999999942
 20
9.318051656723563
 10
28.76199999999994
 20
9.318051656723563
 10
28.73399999999994
 20
9.318051656723563
 10
28.70399999999994
 20
9.318051656723561
 10
28.67399999999994
 20
9.318051656723561
 10
28.645999999999937
 20
9.318051656723561
 10
28.617999999999938
 20
9.318051656723561
 10
28.587999999999937
 20
9.318051656723561
 10
28.557999999999936
 20
9.318051656723561
 10
28.529999999999934
 20
9.318051656723561
 10
28.501999999999935
 20
9.318051656723561
 10
28.471999999999934
 20
9.318051656723561
 10
28.441999999999933
 20
9.318051656723561
 10
28.41199999999993
 20
9.318051656723561
 10
28.38399999999993
 20
9.318051656723561
 10
28.35599999999993
 20
9.318051656723561
 10
28.32599999999993
 20
9.318051656723561
 10
28.29599999999993
 20
9.318051656723561
 10
28.267999999999926
 20
9.318051656723561
 10
28.239999999999927
 20
9.318051656723561
 10
28.209999999999926
 20
9.318051656723561
 10
28.179999999999925
 20
9.318051656723561
 10
28.151999999999923
 20
9.318051656723561
 10
28.123999999999924
 20
9.318051656723561
 10
28.093999999999923
 20
9.318051656723561
 10
28.063999999999922
 20
9.31805165672356
 10
28.03399999999992
 20
9.31805165672356
 10
28.00599999999992
 20
9.31805165672356
 10
27.97799999999992
 20
9.31805165672356
 10
27.94799999999992
 20
9.31805165672356
 10
27.917999999999918
 20
9.31805165672356
 10
27.889999999999915
 20
9.31805165672356
 10
27.861999999999917
 20
9.31805165672356
 10
27.831999999999915
 20
9.31805165672356
 10
27.801999999999914
 20
9.31805165672356
 10
27.771999999999913
 20
9.31805165672356
 10
27.74399999999991
 20
9.31805165672356
 10
27.715999999999912
 20
9.31805165672356
 10
27.68599999999991
 20
9.31805165672356
 10
27.65599999999991
 20
9.31805165672356
 10
27.627999999999908
 20
9.31805165672356
 10
27.599999999999948
 20
9.31805165672356
  0
LWPOLYLINE
  5
B0
330
17
100
AcDbEntity
  8
20_CONTACT
100
AcDbPolyline
 90
2
 70
0
 10
29.599999999999948
 20
9.318051656723565
 10
29.599999999999948
 20
8.658113203605735
  0
LWPOLYLINE
  5
B1
330
17
100
AcDbEntity
  8
20_CONTACT
100
AcDbPolyline
 90
2
 70
0
 10
27.599999999999948
 20
9.31805165672356
 10
27.599999999999948
 20
8.658113203605728
  0
LWPOLYLINE
  5
B2
330
17
100
AcDbEntity
  8
20_CONTACT
100
AcDbPolyline
 90
71
 70
0
 10
27.599999999999945
 20
8.658113203605728
 10
27.627999999999943
 20
8.658113203605728
 10
27.657999999999944
 20
8.658113203605728
 10
27.685999999999943
 20
8.658113203605728
 10
27.715999999999944
 20
8.658113203605728
 10
27.743999999999946
 20
8.658113203605728
 10
27.771999999999945
 20
8.65811320360573
 10
27.799999999999944
 20
8.65811320360573
 10
27.827999999999946
 20
8.65811320360573
 10
27.855999999999945
 20
8.65811320360573
 10
27.883999999999943
 20
8.65811320360573
 10
27.913999999999945
 20
8.65811320360573
 10
27.941999999999943
 20
8.65811320360573
 10
27.969999999999942
 20
8.65811320360573
 10
27.999999999999943
 20
8.65811320360573
 10
28.027999999999942
 20
8.65811320360573
 10
28.057999999999943
 20
8.65811320360573
 10
28.08599999999994
 20
8.65811320360573
 10
28.115999999999943
 20
8.65811320360573
 10
28.14399999999994
 20
8.65811320360573
 10
28.173999999999943
 20
8.65811320360573
 10
28.20199999999994
 20
8.65811320360573
 10
28.231999999999942
 20
8.65811320360573
 10
28.259999999999945
 20
8.65811320360573
 10
28.287999999999943
 20
8.65811320360573
 10
28.315999999999946
 20
8.65811320360573
 10
28.343999999999944
 20
8.65811320360573
 10
28.373999999999945
 20
8.65811320360573
 10
28.403999999999947
 20
8.65811320360573
 10
28.43199999999995
 20
8.658113203605732
 10
28.459999999999948
 20
8.658113203605732
 10
28.48999999999995
 20
8.658113203605732
 10
28.51999999999995
 20
8.658113203605732
 10
28.547999999999952
 20
8.658113203605732
 10
28.57599999999995
 20
8.658113203605732
 10
28.605999999999952
 20
8.658113203605732
 10
28.635999999999953
 20
8.658113203605732
 10
28.663999999999955
 20
8.658113203605732
 10
28.691999999999954
 20
8.658113203605732
 10
28.721999999999955
 20
8.658113203605732
 10
28.751999999999956
 20
8.658113203605732
 10
28.77999999999996
 20
8.658113203605732
 10
28.807999999999957
 20
8.658113203605732
 10
28.83799999999996
 20
8.658113203605732
 10
28.86799999999996
 20
8.658113203605732
 10
28.89599999999996
 20
8.658113203605732
 10
28.92399999999996
 20
8.658113203605732
 10
28.95399999999996
 20
8.658113203605733
 10
28.981999999999964
 20
8.658113203605733
 10
29.009999999999962
 20
8.658113203605733
 10
29.039999999999964
 20
8.658113203605733
 10
29.069999999999965
 20
8.658113203605733
 10
29.099999999999966
 20
8.658113203605733
 10
29.127999999999968
 20
8.658113203605733
 10
29.155999999999967
 20
8.658113203605733
 10
29.185999999999968
 20
8.658113203605733
 10
29.21599999999997
 20
8.658113203605733
 10
29.24399999999997
 20
8.658113203605733
 10
29.27199999999997
 20
8.658113203605733
 10
29.30199999999997
 20
8.658113203605733
 10
29.331999999999972
 20
8.658113203605733
 10
29.359999999999975
 20
8.658113203605733
 10
29.387999999999973
 20
8.658113203605733
 10
29.417999999999974
 20
8.658113203605733
 10
29.447999999999976
 20
8.658113203605733
 10
29.477999999999977
 20
8.658113203605733
 10
29.50599999999998
 20
8.658113203605733
 10
29.533999999999978
 20
8.658113203605733
 10
29.56399999999998
 20
8.658113203605733
 10
29.59399999999998
 20
8.658113203605735
 10
29.599999999999945
 20
8.658113203605735
  0
LWPOLYLINE
  5
B3
330
17
100
AcDbEntity
  8
20_CONTACT
100
AcDbPolyline
 90
71
 70
0
 10
27.599999999999945
 20
8.48521733003759
 10
27.627999999999943
 20
8.48521733003759
 10
27.657999999999944
 20
8.48521733003759
 10
27.685999999999943
 20
8.48521733003759
 10
27.715999999999944
 20
8.48521733003759
 10
27.743999999999946
 20
8.48521733003759
 10
27.771999999999945
 20
8.48521733003759
 10
27.799999999999944
 20
8.48521733003759
 10
27.827999999999946
 20
8.48521733003759
 10
27.855999999999945
 20
8.48521733003759
 10
27.883999999999943
 20
8.48521733003759
 10
27.913999999999945
 20
8.48521733003759
 10
27.941999999999943
 20
8.48521733003759
 10
27.969999999999942
 20
8.48521733003759
 10
27.999999999999943
 20
8.485217330037592
 10
28.027999999999942
 20
8.485217330037592
 10
28.057999999999943
 20
8.485217330037592
 10
28.08599999999994
 20
8.485217330037592
 10
28.115999999999943
 20
8.485217330037592
 10
28.14399999999994
 20
8.485217330037592
 10
28.173999999999943
 20
8.485217330037592
 10
28.20199999999994
 20
8.485217330037592
 10
28.231999999999942
 20
8.485217330037592
 10
28.259999999999945
 20
8.485217330037592
 10
28.287999999999943
 20
8.485217330037592
 10
28.315999999999946
 20
8.485217330037592
 10
28.343999999999944
 20
8.485217330037592
 10
28.373999999999945
 20
8.485217330037592
 10
28.403999999999947
 20
8.485217330037592
 10
28.43199999999995
 20
8.485217330037592
 10
28.459999999999948
 20
8.485217330037592
 10
28.48999999999995
 20
8.485217330037592
 10
28.51999999999995
 20
8.485217330037592
 10
28.547999999999952
 20
8.485217330037592
 10
28.57599999999995
 20
8.485217330037592
 10
28.605999999999952
 20
8.485217330037592
 10
28.635999999999953
 20
8.485217330037592
 10
28.663999999999955
 20
8.485217330037594
 10
28.691999999999954
 20
8.485217330037594
 10
28.721999999999955
 20
8.485217330037594
 10
28.751999999999956
 20
8.485217330037594
 10
28.77999999999996
 20
8.485217330037594
 10
28.807999999999957
 20
8.485217330037594
 10
28.83799999999996
 20
8.485217330037594
 10
28.86799999999996
 20
8.485217330037594
 10
28.89599999999996
 20
8.485217330037594
 10
28.92399999999996
 20
8.485217330037594
 10
28.95399999999996
 20
8.485217330037594
 10
28.981999999999964
 20
8.485217330037594
 10
29.009999999999962
 20
8.485217330037594
 10
29.039999999999964
 20
8.485217330037594
 10
29.069999999999965
 20
8.485217330037594
 10
29.099999999999966
 20
8.485217330037594
 10
29.127999999999968
 20
8.485217330037594
 10
29.155999999999967
 20
8.485217330037596
 10
29.185999999999968
 20
8.485217330037596
 10
29.21599999999997
 20
8.485217330037596
 10
29.24399999999997
 20
8.485217330037596
 10
29.27199999999997
 20
8.485217330037596
 10
29.30199999999997
 20
8.485217330037596
 10
29.331999999999972
 20
8.485217330037596
 10
29.359999999999975
 20
8.485217330037596
 10
29.387999999999973
 20
8.485217330037596
 10
29.417999999999974
 20
8.485217330037596
 10
29.447999999999976
 20
8.485217330037596
 10
29.477999999999977
 20
8.485217330037596
 10
29.50599999999998
 20
8.485217330037596
 10
29.533999999999978
 20
8.485217330037596
 10
29.56399999999998
 20
8.485217330037596
 10
29.59399999999998
 20
8.485217330037596
 10
29.599999999999945
 20
8.485217330037596
  0
LWPOLYLINE
  5
B4
330
17
100
AcDbEntity
  8
20_CONTACT
100
AcDbPolyline
 90
2
 70
0
 10
27.599999999999948
 20
8.485217330037598
 10
27.599999999999973
 20
1.1622329437936259
  0
LWPOLYLINE
  5
B5
330
17
100
AcDbEntity
  8
20_CONTACT
100
AcDbPolyline
 90
2
 70
0
 10
29.599999999999948
 20
8.485217330037601
 10
29.599999999999973
 20
1.1622329437936365
  0
LWPOLYLINE
  5
B6
330
17
100
AcDbEntity
  8
20_CONTACT
100
AcDbPolyline
 90
70
 70
0
 10
29.59999999999997
 20
1.1622329437936347
 10
29.57199999999997
 20
1.1622329437936347
 10
29.54199999999997
 20
1.1622329437936347
 10
29.51399999999997
 20
1.1622329437936347
 10
29.48399999999997
 20
1.1622329437936347
 10
29.45599999999997
 20
1.1622329437936347
 10
29.42599999999997
 20
1.162232943793633
 10
29.397999999999968
 20
1.162232943793633
 10
29.36999999999997
 20
1.162232943793633
 10
29.34199999999997
 20
1.162232943793633
 10
29.31399999999997
 20
1.162232943793633
 10
29.28399999999997
 20
1.162232943793633
 10
29.255999999999972
 20
1.162232943793633
 10
29.22599999999997
 20
1.162232943793633
 10
29.197999999999972
 20
1.162232943793633
 10
29.16799999999997
 20
1.162232943793633
 10
29.139999999999972
 20
1.162232943793633
 10
29.10999999999997
 20
1.162232943793633
 10
29.081999999999972
 20
1.162232943793633
 10
29.05199999999997
 20
1.162232943793633
 10
29.023999999999972
 20
1.162232943793633
 10
28.995999999999974
 20
1.162232943793633
 10
28.965999999999973
 20
1.162232943793633
 10
28.93599999999997
 20
1.162232943793633
 10
28.90799999999997
 20
1.162232943793633
 10
28.87999999999997
 20
1.1622329437936312
 10
28.84999999999997
 20
1.1622329437936312
 10
28.81999999999997
 20
1.1622329437936312
 10
28.791999999999966
 20
1.1622329437936312
 10
28.763999999999967
 20
1.1622329437936312
 10
28.733999999999966
 20
1.1622329437936312
 10
28.703999999999965
 20
1.1622329437936312
 10
28.673999999999964
 20
1.1622329437936312
 10
28.64599999999996
 20
1.1622329437936312
 10
28.617999999999963
 20
1.1622329437936312
 10
28.587999999999962
 20
1.1622329437936312
 10
28.55799999999996
 20
1.1622329437936312
 10
28.52999999999996
 20
1.1622329437936312
 10
28.50199999999996
 20
1.1622329437936312
 10
28.47199999999996
 20
1.1622329437936312
 10
28.441999999999958
 20
1.1622329437936312
 10
28.411999999999956
 20
1.1622329437936312
 10
28.383999999999954
 20
1.1622329437936312
 10
28.355999999999955
 20
1.1622329437936312
 10
28.325999999999954
 20
1.1622329437936312
 10
28.295999999999953
 20
1.1622329437936294
 10
28.26799999999995
 20
1.1622329437936294
 10
28.239999999999952
 20
1.1622329437936294
 10
28.20999999999995
 20
1.1622329437936294
 10
28.17999999999995
 20
1.1622329437936294
 10
28.14999999999995
 20
1.1622329437936294
 10
28.121999999999947
 20
1.1622329437936294
 10
28.093999999999948
 20
1.1622329437936294
 10
28.063999999999947
 20
1.1622329437936294
 10
28.033999999999946
 20
1.1622329437936294
 10
28.005999999999943
 20
1.1622329437936294
 10
27.977999999999945
 20
1.1622329437936294
 10
27.947999999999944
 20
1.1622329437936294
 10
27.917999999999942
 20
1.1622329437936294
 10
27.88799999999994
 20
1.1622329437936294
 10
27.85999999999994
 20
1.1622329437936294
 10
27.83199999999994
 20
1.1622329437936294
 10
27.80199999999994
 20
1.1622329437936294
 10
27.773999999999937
 20
1.1622329437936294
 10
27.74599999999994
 20
1.1622329437936276
 10
27.715999999999937
 20
1.1622329437936276
 10
27.685999999999936
 20
1.1622329437936276
 10
27.655999999999935
 20
1.1622329437936276
 10
27.627999999999933
 20
1.1622329437936276
 10
27.599999999999973
 20
1.1622329437936276
  0
LWPOLYLINE
  5
B7
330
17
100
AcDbEntity
  8
20_CONTACT
100
AcDbPolyline
 90
8
 70
0
 10
25.29999999999984
 20
-0.5000231816622005
 10
24.96621859906537
 20
-0.462415049934938
 10
24.649174391323502
 20
-0.3514764835158317
 10
24.36476529721174
 20
-0.17277040536425048
 10
24.127252776297794
 20
0.06474211554969322
 10
23.94854669814621
 20
0.3491512096614553
 10
23.8376081317271
 20
0.6661954174033209
 10
23.799999999999834
 20
0.9999768183377924
  0
LWPOLYLINE
  5
B8
330
17
100
AcDbEntity
  8
20_CONTACT
100
AcDbPolyline
 90
2
 70
0
 10
25.29999999999984
 20
-0.5000231816622023
 10
26.79999999999984
 20
-0.500023181662197
  0
LWPOLYLINE
  5
B9
330
17
100
AcDbEntity
  8
20_CONTACT
100
AcDbPolyline
 90
2
 70
0
 10
23.7999999999998
 20
11.024585923211625
 10
23.799999999999834
 20
0.999976818337796
  0
LWPOLYLINE
  5
BA
330
17
100
AcDbEntity
  8
20_CONTACT
100
AcDbPolyline
 90
2
 70
0
 10
26.799999999999773
 20
20.499976818337757
 10
26.799999999999837
 20
-0.5000231816621952
  0
LWPOLYLINE
  5
BB
330
17
100
AcDbEntity
  8
20_CONTACT
100
AcDbPolyline
 90
2
 70
0
 10
23.799999999999773
 20
20.49997681833775
 10
23.79999999999979
 20
14.635548516477716
  0
LWPOLYLINE
  5
BC
330
17
100
AcDbEntity
  8
20_CONTACT
100
AcDbPolyline
 90
2
 70
0
 10
26.799999999999773
 20
20.499976818337757
 10
23.799999999999773
 20
20.49997681833775
  0
LWPOLYLINE
  5
BD
330
17
100
AcDbEntity
  8
20_CONTACT
100
AcDbPolyline
 90
53
 70
0
 10
23.799999999999795
 20
14.635548516477737
 10
23.7999993832083
 20
14.6331328946699
 10
23.799997532835736
 20
14.630714381138048
 10
23.799994448887272
 20
14.628292970192028
 10
23.799990131371132
 20
14.625868656093607
 10
23.79998458029858
 20
14.623441433056033
 10
23.799977795683937
 20
14.621011295243573
 10
23.79996977754456
 20
14.618578236771093
 10
23.79996052590087
 20
14.616142251703607
 10
23.79995004077633
 20
14.613703334055813
 10
23.79993832219745
 20
14.611261477791663
 10
23.799925370193787
 20
14.608816676823864
 10
23.799911184797956
 20
14.60636892501345
 10
23.79989576604561
 20
14.603918216169273
 10
23.799879113975457
 20
14.601464544047557
 10
23.799861228629258
 20
14.599007902351389
 10
23.799842110051813
 20
14.596548284730254
 10
23.799821758290975
 20
14.594085684779511
 10
23.799800173397646
 20
14.591620096039913
 10
23.799777355425775
 20
14.589151511997105
 10
23.799753304432365
 20
14.5866799260811
 10
23.79972802047746
 20
14.58420533166576
 10
23.799701503624156
 20
14.581727722068287
 10
23.7996737539386
 20
14.57924709054867
 10
23.79964477148998
 20
14.576763430309175
 10
23.799614556350537
 20
14.574276734493775
 10
23.799583108595563
 20
14.57178699618762
 10
23.799550428303387
 20
14.56929420841649
 10
23.799516515555403
 20
14.566798364146202
 10
23.799481370436038
 20
14.564299456282063
 10
23.799444993032772
 20
14.561797477668295
 10
23.79940738343613
 20
14.559292421087443
 10
23.799368541739693
 20
14.55678427925979
 10
23.799328468040073
 20
14.554273044842775
 10
23.799287162436947
 20
14.551758710430349
 10
23.799244625033026
 20
14.54924126855242
 10
23.799200855934075
 20
14.546720711674194
 10
23.7991558552489
 20
14.544197032195541
 10
23.79910962308936
 20
14.541670222450424
 10
23.799062159570358
 20
14.539140274706185
 10
23.799013464809835
 20
14.536607181162926
 10
23.79896353892879
 20
14.534070933952878
 10
23.79891238205126
 20
14.531531525139684
 10
23.79885999430433
 20
14.528988946717767
 10
23.798806375818135
 20
14.526443190611644
 10
23.79875152672584
 20
14.523894248675205
 10
23.798695447163677
 20
14.521342112691055
 10
23.798638137270903
 20
14.51878677436979
 10
23.79857959718983
 20
14.516228225349268
 10
23.798519827065807
 20
14.513666457193903
 10
23.798458827047238
 20
14.51110146139392
 10
23.79839659728556
 20
14.50853322936463
 10
23.798349907640798
 20
14.506641288408979
  0
LWPOLYLINE
  5
BE
330
17
100
AcDbEntity
  8
20_CONTACT
100
AcDbPolyline
 90
2
 70
0
 10
23.79999999999979
 20
14.462712564877517
 10
23.7999999999998
 20
11.197421874811832
  0
LWPOLYLINE
  5
BF
330
17
100
AcDbEntity
  8
20_CONTACT
100
AcDbPolyline
 90
2
 70
0
 10
23.798350149404243
 20
14.506641270485764
 10
23.799999999999795
 20
14.46271256487752
  0
LWPOLYLINE
  5
C0
330
17
100
AcDbEntity
  8
20_CONTACT
100
AcDbPolyline
 90
2
 70
0
 10
23.799999999999805
 20
11.19742187481183
 10
23.798350149404254
 20
11.153493169203596
  0
LWPOLYLINE
  5
C1
330
17
100
AcDbEntity
  8
20_CONTACT
100
AcDbPolyline
 90
53
 70
0
 10
23.799999999999805
 20
11.024585923211573
 10
23.79999938320831
 20
11.027001545019406
 10
23.799997532835746
 20
11.029420058551262
 10
23.799994448887283
 20
11.031841469497284
 10
23.799990131371143
 20
11.034265783595703
 10
23.79998458029859
 20
11.036693006633277
 10
23.799977795683947
 20
11.039123144445737
 10
23.79996977754457
 20
11.041556202918217
 10
23.799960525900882
 20
11.043992187985708
 10
23.79995004077634
 20
11.046431105633497
 10
23.79993832219746
 20
11.048872961897652
 10
23.799925370193797
 20
11.05131776286545
 10
23.799911184797967
 20
11.053765514675865
 10
23.79989576604562
 20
11.056216223520039
 10
23.79987911397547
 20
11.058669895641753
 10
23.79986122862927
 20
11.061126537337922
 10
23.799842110051824
 20
11.063586154959062
 10
23.799821758290985
 20
11.066048754909804
 10
23.799800173397657
 20
11.068514343649408
 10
23.79977735542579
 20
11.07098292769221
 10
23.799753304432375
 20
11.073454513608215
 10
23.79972802047747
 20
11.075929108023555
 10
23.799701503624167
 20
11.078406717621029
 10
23.79967375393861
 20
11.080887349140646
 10
23.79964477148999
 20
11.083371009380146
 10
23.799614556350548
 20
11.085857705195544
 10
23.799583108595574
 20
11.088347443501695
 10
23.7995504283034
 20
11.090840231272825
 10
23.799516515555414
 20
11.093336075543114
 10
23.799481370436048
 20
11.095834983407252
 10
23.799444993032782
 20
11.098336962021026
 10
23.799407383436144
 20
11.100842018601877
 10
23.799368541739703
 20
11.10335016042953
 10
23.799328468040084
 20
11.105861394846546
 10
23.799287162436958
 20
11.108375729258967
 10
23.799244625033037
 20
11.110893171136901
 10
23.799200855934085
 20
11.113413728015127
 10
23.799155855248912
 20
11.11593740749378
 10
23.79910962308937
 20
11.118464217238891
 10
23.79906215957037
 20
11.12099416498314
 10
23.799013464809846
 20
11.123527258526394
 10
23.7989635389288
 20
11.126063505736449
 10
23.79891238205127
 20
11.128602914549637
 10
23.79885999430434
 20
11.131145492971553
 10
23.798806375818145
 20
11.133691249077682
 10
23.79875152672585
 20
11.13624019101412
 10
23.798695447163688
 20
11.138792326998265
 10
23.798638137270913
 20
11.141347665319536
 10
23.79857959718984
 20
11.143906214340058
 10
23.798519827065817
 20
11.146467982495427
 10
23.79845882704725
 20
11.149032978295406
 10
23.79839659728557
 20
11.15160121032469
 10
23.79834990764081
 20
11.153493151280374
  0
LWPOLYLINE
  5
C2
330
17
100
AcDbEntity
  8
20_CONTACT
100
AcDbPolyline
 90
18
 70
0
 10
24.740149999999833
 20
1.2499768183377977
 10
24.777955422367803
 20
1.4522179651526752
 10
24.886265857693846
 20
1.6271453244333234
 10
25.050453381518338
 20
1.7511339870029303
 10
25.248343558954303
 20
1.8074385969365743
 10
25.453210224991686
 20
1.788454904668102
 10
25.63738500117676
 20
1.6967467630306423
 10
25.775994063438056
 20
1.5446998647246897
 10
25.850317489857865
 20
1.3528489858874089
 10
25.850317489857865
 20
1.1471046507881955
 10
25.77599406343806
 20
0.9552537719509147
 10
25.637385001176764
 20
0.8032068736449585
 10
25.453210224991693
 20
0.711498732007497
 10
25.248343558954307
 20
0.6925150397390247
 10
25.05045338151834
 20
0.7488196496726669
 10
24.88626585769385
 20
0.8728083122422721
 10
24.777955422367807
 20
1.0477356715229202
 10
24.740149999999833
 20
1.2499768183377977
  0
LWPOLYLINE
  5
C3
330
17
100
AcDbEntity
  8
20_CONTACT
100
AcDbPolyline
 90
18
 70
0
 10
24.74014999999978
 20
18.74997681833775
 10
24.77795542236775
 20
18.952217965152627
 10
24.886265857693793
 20
19.127145324433272
 10
25.050453381518285
 20
19.25113398700288
 10
25.24834355895425
 20
19.307438596936525
 10
25.453210224991633
 20
19.28845490466805
 10
25.637385001176707
 20
19.196746763030593
 10
25.775994063438002
 20
19.04469986472464
 10
25.85031748985781
 20
18.85284898588736
 10
25.85031748985781
 20
18.647104650788144
 10
25.775994063438006
 20
18.455253771950865
 10
25.63738500117671
 20
18.30320687364491
 10
25.45321022499164
 20
18.21149873200745
 10
25.248343558954254
 20
18.192515039738975
 10
25.050453381518288
 20
18.24881964967262
 10
24.886265857693797
 20
18.37280831224222
 10
24.777955422367754
 20
18.547735671522872
 10
24.74014999999978
 20
18.74997681833775
  0
LWPOLYLINE
  5
C4
330
17
100
AcDbEntity
  8
10_ENC_BOARD
100
AcDbPolyline
 90
2
 70
0
 10
21.75699999999996
 20
7.999976892843611
 10
22.356999999999957
 20
7.999976892843613
  0
LWPOLYLINE
  5
C5
330
17
100
AcDbEntity
  8
10_ENC_BOARD
100
AcDbPolyline
 90
2
 70
0
 10
21.756999999999977
 20
1.9999768928436108
 10
21.75699999999996
 20
7.999976892843611
  0
LWPOLYLINE
  5
C6
330
17
100
AcDbEntity
  8
10_ENC_BOARD
100
AcDbPolyline
 90
2
 70
0
 10
22.356999999999978
 20
1.9999768928436126
 10
22.35699999999996
 20
7.999976892843613
  0
LWPOLYLINE
  5
C7
330
17
100
AcDbEntity
  8
10_ENC_BOARD
100
AcDbPolyline
 90
2
 70
0
 10
22.356999999999974
 20
1.9999768928436126
 10
21.756999999999977
 20
1.9999768928436108
  0
LWPOLYLINE
  5
C8
330
17
100
AcDbEntity
  8
20_CONTACT
100
AcDbPolyline
 90
9
 70
0
 10
-4.702884242794536
 20
-9.495025851789856
 10
-5.00494801978137
 20
-9.410546037822803
 10
-5.284726531882367
 20
-9.268759760270944
 10
-5.5314680477790805
 20
-9.075115786265934
 10
-5.735690429389837
 20
-8.837055745132
 10
-5.889545525118567
 20
-8.563728150744309
 10
-5.987120769919347
 20
-8.265636829271292
 10
-6.024666401855309
 20
-7.954237263025627
 10
-6.000739563346988
 20
-7.641496362703238
  0
LWPOLYLINE
  5
C9
330
17
100
AcDbEntity
  8
20_CONTACT
100
AcDbPolyline
 90
2
 70
0
 10
-1.945422534360349
 20
-9.981240749257251
 10
-4.702884242794536
 20
-9.495025851789856
  0
LWPOLYLINE
  5
CA
330
17
100
AcDbEntity
  8
20_CONTACT
100
AcDbPolyline
 90
2
 70
0
 10
-5.577211658017358
 20
-5.239550253106467
 10
-6.00073956334699
 20
-7.641496362703242
  0
LWPOLYLINE
  5
CB
330
17
100
AcDbEntity
  8
20_CONTACT
100
AcDbPolyline
 90
9
 70
0
 10
-1.9454225343603508
 20
-9.981240749257248
 10
-1.632681634037964
 20
-10.005167587765568
 10
-1.3212820677922967
 20
-9.967621955829605
 10
-1.023190746319282
 20
-9.870046711028825
 10
-0.7498631519315884
 20
-9.716191615300096
 10
-0.511803110797654
 20
-9.511969233689337
 10
-0.3181591367926473
 20
-9.265227717792625
 10
-0.17637285924078805
 20
-8.985449205691628
 10
-0.09189304527373454
 20
-8.683385428704794
  0
LWPOLYLINE
  5
CC
330
17
100
AcDbEntity
  8
20_CONTACT
100
AcDbPolyline
 90
2
 70
0
 10
-0.09189304527373476
 20
-8.683385428704801
 10
0.3316348600558974
 20
-6.2814393191080224
  0
LWPOLYLINE
  5
CD
330
17
100
AcDbEntity
  8
20_CONTACT
100
AcDbPolyline
 90
2
 70
0
 10
0.33163490408023044
 20
-6.281439326870695
 10
-5.577211658017358
 20
-5.239550253106463
  0
LWPOLYLINE
  5
CE
330
17
100
AcDbEntity
  8
20_CONTACT
100
AcDbPolyline
 90
9
 70
0
 10
3.410542548024561
 20
-21.76141229368345
 10
3.274893347843822
 20
-22.044217277419214
 10
3.0866780936633065
 20
-22.295124396547436
 10
2.8531297921488408
 20
-22.504491431190345
 10
2.583223573552229
 20
-22.664272523621015
 10
2.2873317824889883
 20
-22.768327376063596
 10
1.9768253745516497
 20
-22.81265721889335
 10
1.6636369368632464
 20
-22.795558481110795
 10
1.359802125446044
 20
-22.717688257619834
  0
LWPOLYLINE
  5
CF
330
17
100
AcDbEntity
  8
20_CONTACT
100
AcDbPolyline
 90
2
 70
0
 10
4.368198949336436
 20
-19.1302729554829
 10
3.4105425480245612
 20
-21.761412293683442
  0
LWPOLYLINE
  5
D0
330
17
100
AcDbEntity
  8
20_CONTACT
100
AcDbPolyline
 90
2
 70
0
 10
-0.9321081766507935
 20
-21.883501128048522
 10
1.3598021254460364
 20
-22.717688257619834
  0
LWPOLYLINE
  5
D1
330
17
100
AcDbEntity
  8
20_CONTACT
100
AcDbPolyline
 90
9
 70
0
 10
4.368198949336434
 20
-19.1302729554829
 10
4.446069172827398
 20
-18.826438144065698
 10
4.463167910609954
 20
-18.513249706377295
 10
4.4188380677802
 20
-18.202743298439955
 10
4.314783215337622
 20
-17.906851507376714
 10
4.155002122906954
 20
-17.636945288780097
 10
3.9456350882640376
 20
-17.40339698726563
 10
3.6947279691358155
 20
-17.215181733085117
 10
3.4119229854000506
 20
-17.07953253290438
  0
LWPOLYLINE
  5
D2
330
17
100
AcDbEntity
  8
20_CONTACT
100
AcDbPolyline
 90
2
 70
0
 10
3.411922985400052
 20
-17.079532532904373
 10
1.120012683303222
 20
-16.24534540333307
  0
LWPOLYLINE
  5
D3
330
17
100
AcDbEntity
  8
20_CONTACT
100
AcDbPolyline
 90
2
 70
0
 10
1.1200126985927135
 20
-16.24534536132554
 10
-0.9321081766507922
 20
-21.883501128048522
  0
LWPOLYLINE
  5
D4
330
17
100
AcDbEntity
  8
20_CONTACT
100
AcDbPolyline
 90
9
 70
0
 10
22.431801020084528
 20
-19.130272871467753
 10
22.353930796593563
 20
-18.826438060050556
 10
22.336832058811005
 20
-18.513249622362153
 10
22.381161901640755
 20
-18.202743214424814
 10
22.485216754083332
 20
-17.906851423361566
 10
22.644997846513995
 20
-17.636945204764956
 10
22.854364881156908
 20
-17.40339690325049
 10
23.10527200028513
 20
-17.21518164906997
 10
23.38807698402089
 20
-17.079532448889225
  0
LWPOLYLINE
  5
D5
330
17
100
AcDbEntity
  8
20_CONTACT
100
AcDbPolyline
 90
2
 70
0
 10
23.389457421396415
 20
-21.7614122096683
 10
22.431801020084528
 20
-19.13027287146776
  0
LWPOLYLINE
  5
D6
330
17
100
AcDbEntity
  8
20_CONTACT
100
AcDbPolyline
 90
2
 70
0
 10
25.679987286117722
 20
-16.245345319317906
 10
23.388076984020895
 20
-17.079532448889225
  0
LWPOLYLINE
  5
D7
330
17
100
AcDbEntity
  8
20_CONTACT
100
AcDbPolyline
 90
9
 70
0
 10
23.389457421396415
 20
-21.761412209668293
 10
23.52510662157716
 20
-22.04421719340406
 10
23.713321875757675
 20
-22.29512431253228
 10
23.946870177272142
 20
-22.50449134717519
 10
24.216776395868756
 20
-22.66427243960586
 10
24.512668186932
 20
-22.768327292048433
 10
24.82317459486934
 20
-22.812657134878187
 10
25.136363032557743
 20
-22.795558397095633
 10
25.440197843974946
 20
-22.717688173604664
  0
LWPOLYLINE
  5
D8
330
17
100
AcDbEntity
  8
20_CONTACT
100
AcDbPolyline
 90
2
 70
0
 10
25.440197843974946
 20
-22.717688173604664
 10
27.732108146071774
 20
-21.883501044033345
  0
LWPOLYLINE
  5
D9
330
17
100
AcDbEntity
  8
20_CONTACT
100
AcDbPolyline
 90
2
 70
0
 10
27.732108161361264
 20
-21.883501086040873
 10
25.679987286117722
 20
-16.245345319317906
  0
LWPOLYLINE
  5
DA
330
17
100
AcDbEntity
  8
20_CONTACT
100
AcDbPolyline
 90
9
 70
0
 10
28.745422446311647
 20
-9.981240764782482
 10
28.43268154598926
 20
-10.005167603290806
 10
28.121281979743593
 20
-9.967621971354847
 10
27.823190658270576
 20
-9.87004672655407
 10
27.54986306388288
 20
-9.71619163082534
 10
27.311803022748947
 20
-9.511969249214586
 10
27.118159048743937
 20
-9.265227733317873
 10
26.976372771192075
 20
-8.985449221216877
 10
26.89189295722502
 20
-8.683385444230042
  0
LWPOLYLINE
  5
DB
330
17
100
AcDbEntity
  8
20_CONTACT
100
AcDbPolyline
 90
2
 70
0
 10
31.50288415474583
 20
-9.49502586731507
 10
28.745422446311643
 20
-9.981240764782482
  0
LWPOLYLINE
  5
DC
330
17
100
AcDbEntity
  8
20_CONTACT
100
AcDbPolyline
 90
2
 70
0
 10
26.468365051895372
 20
-6.2814393346332675
 10
26.891892957225018
 20
-8.683385444230046
  0
LWPOLYLINE
  5
DD
330
17
100
AcDbEntity
  8
20_CONTACT
100
AcDbPolyline
 90
9
 70
0
 10
31.502884154745825
 20
-9.495025867315077
 10
31.80494793173266
 20
-9.41054605334802
 10
32.08472644383365
 20
-9.268759775796157
 10
32.33146795973037
 20
-9.075115801791148
 10
32.53569034134112
 20
-8.837055760657213
 10
32.68954543706985
 20
-8.563728166269518
 10
32.787120681870626
 20
-8.265636844796502
 10
32.82466631380659
 20
-7.954237278550837
 10
32.800739475298265
 20
-7.641496378228448
  0
LWPOLYLINE
  5
DE
330
17
100
AcDbEntity
  8
20_CONTACT
100
AcDbPolyline
 90
2
 70
0
 10
32.800739475298265
 20
-7.641496378228451
 10
32.377211569968615
 20
-5.239550268631675
  0
LWPOLYLINE
  5
DF
330
17
100
AcDbEntity
  8
20_CONTACT
100
AcDbPolyline
 90
2
 70
0
 10
32.37721161399295
 20
-5.239550260868999
 10
26.46836505189537
 20
-6.281439334633271
  0
LWPOLYLINE
  5
E0
330
17
100
AcDbEntity
  8
20_CONTACT
100
AcDbPolyline
 90
18
 70
0
 10
22.85985
 20
-15.750023181662195
 10
22.82204457763203
 20
-15.952264328477073
 10
22.713734142305988
 20
-16.127191687757723
 10
22.5495466184815
 20
-16.25118035032733
 10
22.351656441045535
 20
-16.30748496026097
 10
22.14678977500815
 20
-16.2885012679925
 10
21.962614998823078
 20
-16.19679312635504
 10
21.82400593656178
 20
-16.044746228049092
 10
21.74968251014197
 20
-15.852895349211808
 10
21.749682510141966
 20
-15.647151014112596
 10
21.824005936561775
 20
-15.455300135275314
 10
21.96261499882307
 20
-15.30325323696936
 10
22.14678977500814
 20
-15.211545095331898
 10
22.351656441045527
 20
-15.192561403063424
 10
22.549546618481493
 20
-15.248866012997064
 10
22.713734142305984
 20
-15.37285467556667
 10
22.822044577632028
 20
-15.547782034847318
 10
22.85985
 20
-15.750023181662195
  0
LWPOLYLINE
  5
E1
330
17
100
AcDbEntity
  8
20_CONTACT
100
AcDbPolyline
 90
29
 70
0
 10
23.8
 20
-15.750023181662195
 10
23.762391868272736
 20
-15.416241780727722
 10
23.65145330185363
 20
-15.09919757298586
 10
23.472747223702044
 20
-14.814788478874094
 10
23.235234702788098
 20
-14.577275957960152
 10
22.950825608676332
 20
-14.398569879808568
 10
22.633781400934467
 20
-14.287631313389463
 10
22.299999999999997
 20
-14.250023181662199
 10
21.966218599065524
 20
-14.287631313389463
 10
21.64917439132366
 20
-14.398569879808571
 10
21.364765297211896
 20
-14.577275957960156
 10
21.127252776297954
 20
-14.814788478874101
 10
20.94854669814637
 20
-15.099197572985867
 10
20.837608131727265
 20
-15.416241780727733
 10
20.8
 20
-15.750023181662202
 10
20.837608131727265
 20
-16.083804582596677
 10
20.948546698146373
 20
-16.400848790338543
 10
21.127252776297958
 20
-16.6852578844503
 10
21.364765297211903
 20
-16.922770405364247
 10
21.64917439132367
 20
-17.10147648351583
 10
21.966218599065535
 20
-17.212415049934933
 10
22.300000000000004
 20
-17.2500231816622
 10
22.633781400934478
 20
-17.212415049934933
 10
22.950825608676343
 20
-17.101476483515825
 10
23.235234702788105
 20
-16.92277040536424
 10
23.472747223702047
 20
-16.685257884450294
 10
23.651453301853632
 20
-16.400848790338536
 10
23.762391868272736
 20
-16.083804582596663
 10
23.8
 20
-15.750023181662195
  0
LWPOLYLINE
  5
E2
330
17
100
AcDbEntity
  8
20_CONTACT
100
AcDbPolyline
 90
18
 70
0
 10
5.05984999999999
 20
-15.750023181662295
 10
5.02204457763202
 20
-15.952264328477172
 10
4.913734142305978
 20
-16.127191687757822
 10
4.749546618481489
 20
-16.25118035032743
 10
4.551656441045523
 20
-16.30748496026107
 10
4.346789775008138
 20
-16.2885012679926
 10
4.1626149988230665
 20
-16.19679312635514
 10
4.0240059365617675
 20
-16.044746228049192
 10
3.9496825101419586
 20
-15.852895349211908
 10
3.9496825101419573
 20
-15.647151014112696
 10
4.024005936561764
 20
-15.455300135275413
 10
4.16261499882306
 20
-15.303253236969459
 10
4.346789775008131
 20
-15.211545095331998
 10
4.551656441045515
 20
-15.192561403063523
 10
4.749546618481482
 20
-15.248866012997164
 10
4.913734142305974
 20
-15.372854675566769
 10
5.022044577632018
 20
-15.547782034847417
 10
5.05984999999999
 20
-15.750023181662295
  0
LWPOLYLINE
  5
E3
330
17
100
AcDbEntity
  8
20_CONTACT
100
AcDbPolyline
 90
29
 70
0
 10
5.99999999999999
 20
-15.750023181662295
 10
5.962391868272725
 20
-15.416241780727821
 10
5.851453301853617
 20
-15.09919757298596
 10
5.672747223702032
 20
-14.814788478874194
 10
5.435234702788087
 20
-14.577275957960252
 10
5.150825608676324
 20
-14.398569879808667
 10
4.833781400934457
 20
-14.287631313389562
 10
4.499999999999986
 20
-14.250023181662298
 10
4.166218599065514
 20
-14.287631313389562
 10
3.849174391323649
 20
-14.39856987980867
 10
3.5647652972118866
 20
-14.577275957960255
 10
3.327252776297943
 20
-14.8147884788742
 10
3.14854669814636
 20
-15.099197572985966
 10
3.0376081317272536
 20
-15.416241780727832
 10
2.9999999999999902
 20
-15.750023181662302
 10
3.037608131727256
 20
-16.083804582596777
 10
3.1485466981463635
 20
-16.400848790338642
 10
3.3272527762979482
 20
-16.6852578844504
 10
3.5647652972118933
 20
-16.922770405364346
 10
3.8491743913236567
 20
-17.10147648351593
 10
4.166218599065522
 20
-17.212415049935032
 10
4.499999999999995
 20
-17.2500231816623
 10
4.833781400934466
 20
-17.212415049935032
 10
5.150825608676331
 20
-17.101476483515924
 10
5.435234702788094
 20
-16.92277040536434
 10
5.6727472237020375
 20
-16.685257884450394
 10
5.851453301853621
 20
-16.400848790338635
 10
5.962391868272727
 20
-16.083804582596763
 10
5.99999999999999
 20
-15.750023181662295
  0
LWPOLYLINE
  5
E4
330
17
100
AcDbEntity
  8
20_CONTACT
100
AcDbPolyline
 90
1361
 70
0
 10
-6.3000000000000655
 20
2.9558728107453485
 10
-6.29999938318207
 20
2.957794643004549
 10
-6.299997532729692
 20
2.959717978405223
 10
-6.299994448647626
 20
2.961642816453555
 10
-6.29999013094361
 20
2.9635691566601903
 10
-6.299984579628429
 20
2.9654969985402797
 10
-6.299977794715908
 20
2.9674263416135123
 10
-6.29996977622292
 20
2.9693571854041325
 10
-6.299960524169378
 20
2.9712895294409707
 10
-6.299950038578241
 20
2.973223373257489
 10
-6.299938319475511
 20
2.9751587163917925
 10
-6.2999253668902355
 20
2.9770955583866705
 10
-6.299911180854502
 20
2.9790338987896234
 10
-6.299895761403445
 20
2.9809737371528966
 10
-6.299879108575243
 20
2.982915073033505
 10
-6.299861222411113
 20
2.9848579059932723
 10
-6.29984210295532
 20
2.9868022355988577
 10
-6.2998217502551705
 20
2.9887480614217834
 10
-6.299800164361015
 20
2.990695383038478
 10
-6.299777345326246
 20
2.9926442000303
 10
-6.2997532932072975
 20
2.9945945119835677
 10
-6.299728008063649
 20
2.9965463184895995
 10
-6.299701489957822
 20
2.998499619144738
 10
-6.299673738955379
 20
3.000454413550396
 10
-6.299644755124925
 20
3.0024107013130727
 10
-6.2996145385381075
 20
3.0043684820443977
 10
-6.299583089269617
 20
3.0063277553611663
 10
-6.299550407397184
 20
3.00828852088536
 10
-6.299516493001581
 20
3.0102507782442
 10
-6.299481346166623
 20
3.0122145270701646
 10
-6.299444966979163
 20
3.014179767001032
 10
-6.299407355529098
 20
3.0161464976799115
 10
-6.299368511909367
 20
3.0181147187552826
 10
-6.299328436215943
 20
3.020084429881023
 10
-6.299287128547848
 20
3.022055630716454
 10
-6.299244589007136
 20
3.0240283209263623
 10
-6.299200817698906
 20
3.0260025001810558
 10
-6.299155814731294
 20
3.0279781681563804
 10
-6.299109580215476
 20
3.029955324533761
 10
-6.299062114265668
 20
3.0319339690002503
 10
-6.299013416999122
 20
3.0339141012485467
 10
-6.298963488536131
 20
3.035895720977048
 10
-6.298912329000025
 20
3.0378788278898803
 10
-6.298859938517171
 20
3.0398634216969374
 10
-6.298806317216976
 20
3.041849502113913
 10
-6.298751465231881
 20
3.0438370688623575
 10
-6.298695382697367
 20
3.0458261216696894
 10
-6.298638069751949
 20
3.047816660269252
 10
-6.298579526537179
 20
3.0498086844003547
 10
-6.298519753197645
 20
3.0518021938083013
 10
-6.2984587498809725
 20
3.0537971882444337
 10
-6.298396516737817
 20
3.0557936674661708
 10
-6.2983330539218745
 20
3.0577916312370563
 10
-6.298268361589871
 20
3.0597910793267857
 10
-6.298202439901569
 20
3.0617920115112556
 10
-6.298135289019765
 20
3.063794427572608
 10
-6.298066909110286
 20
3.0657983272992606
 10
-6.2979973003419945
 20
3.0678037104859612
 10
-6.2979264628867835
 20
3.069810576933813
 10
-6.29785439691958
 20
3.0718189264503346
 10
-6.29778110261834
 20
3.0738287588494977
 10
-6.297706580164053
 20
3.075840073951751
 10
-6.297630829740738
 20
3.0778528715840956
 10
-6.297553851535445
 20
3.0798671515801015
 10
-6.297475645738252
 20
3.0818829137799693
 10
-6.297396212542268
 20
3.083900158030559
 10
-6.2973155521436315
 20
3.085918884185446
 10
-6.297233664741507
 20
3.0879390921049588
 10
-6.297150550538088
 20
3.089960781656232
 10
-6.297066209738596
 20
3.091983952713237
 10
-6.296980642551279
 20
3.0940086051568443
 10
-6.296893849187412
 20
3.0960347388748684
 10
-6.296805829861293
 20
3.0980623537620957
 10
-6.296716584790248
 20
3.100091449720347
 10
-6.29662611419463
 20
3.1021220266585203
 10
-6.296534418297809
 20
3.1041540844926496
 10
-6.296441497326187
 20
3.106187623145928
 10
-6.2963473515091835
 20
3.1082226425487782
 10
-6.2962519810792426
 20
3.110259142638892
 10
-6.29615538627183
 20
3.112297123361273
 10
-6.296057567325435
 20
3.114336584668301
 10
-6.295958524481564
 20
3.11637752651977
 10
-6.295858257984746
 20
3.1184199488829405
 10
-6.295756768082531
 20
3.1204638517325964
 10
-6.2956540550254845
 20
3.12250923505108
 10
-6.295550119067192
 20
3.1245560988283607
 10
-6.29544496046426
 20
3.1266044430620763
 10
-6.295338579476307
 20
3.1286542677575904
 10
-6.295230976365971
 20
3.1307055729280355
 10
-6.295122151398906
 20
3.1327583585943817
 10
-6.2950121048437815
 20
3.1348126247854733
 10
-6.294900836972279
 20
3.136868371538089
 10
-6.294788348059098
 20
3.138925598896999
 10
-6.294674638381948
 20
3.1409843069150183
 10
-6.294559708221553
 20
3.1430444956530526
 10
-6.294443557861649
 20
3.1451061651801693
 10
-6.294326187588981
 20
3.1471693155736347
 10
-6.294207597693307
 20
3.1492339469189883
 10
-6.294087788467395
 20
3.1513000593100866
 10
-6.293966760207019
 20
3.153367652849165
 10
-6.293844513210966
 20
3.1554367276468955
 10
-6.293721047781027
 20
3.157507283822441
 10
-6.293596364222001
 20
3.159579321503518
 10
-6.293470462841693
 20
3.161652840826455
 10
-6.293343343950916
 20
3.163727841936245
 10
-6.293215007863483
 20
3.165804324986617
 10
-6.293085454896215
 20
3.1678822901400867
 10
-6.292954685368935
 20
3.1699617375680145
 10
-6.292822699604466
 20
3.172042667450688
 10
-6.292689497928636
 20
3.17412507997735
 10
-6.292555080670272
 20
3.1762089753462925
 10
-6.292419448161202
 20
3.178294353764895
 10
-6.292282600736251
 20
3.1803812154497084
 10
-6.292144538733246
 20
3.1824695606264948
 10
-6.292005262493007
 20
3.184559389530321
 10
-6.2918647723593555
 20
3.186650702405596
 10
-6.291723068679104
 20
3.1887434995061605
 10
-6.291580151802065
 20
3.190837781095321
 10
-6.291436022081041
 20
3.1929335474459535
 10
-6.291290679871829
 20
3.195030798840543
 10
-6.29114412553322
 20
3.197129535571259
 10
-6.2909963594269955
 20
3.199229757940029
 10
-6.290847381917926
 20
3.201331466258602
 10
-6.290697193373775
 20
3.2034346608486173
 10
-6.2905457941652925
 20
3.2055393420416713
 10
-6.290393184666217
 20
3.207645510179394
 10
-6.290239365253275
 20
3.2097531656135203
 10
-6.290084336306179
 20
3.2118623087059577
 10
-6.289928098207623
 20
3.213972939828855
 10
-6.289770651343292
 20
3.2160850593646773
 10
-6.289611996101849
 20
3.218198667706295
 10
-6.289452132874941
 20
3.220313765257025
 10
-6.289291062057198
 20
3.222430352430738
 10
-6.289128784046227
 20
3.2245484296519074
 10
-6.288965299242618
 20
3.22666799735571
 10
-6.288800608049939
 20
3.22878905598808
 10
-6.2886347108747325
 20
3.230911606005799
 10
-6.2884676081265205
 20
3.233035647876572
 10
-6.2882993002178
 20
3.235161182079098
 10
-6.288129787564043
 20
3.2372882091031627
 10
-6.287959070583693
 20
3.2394167294497063
 10
-6.287787149698168
 20
3.241546743630905
 10
-6.287614025331858
 20
3.243678252170265
 10
-6.28743969791212
 20
3.2458112556026872
 10
-6.287264167869285
 20
3.2479457544745554
 10
-6.287087435636648
 20
3.2500817493438268
 10
-6.2869095016504755
 20
3.2522192407801107
 10
-6.286730366349996
 20
3.2543582293647457
 10
-6.286550030177406
 20
3.2564987156909
 10
-6.286368493577868
 20
3.258640700363645
 10
-6.286185756999501
 20
3.2607841840000518
 10
-6.286001820893392
 20
3.26292916722927
 10
-6.285816685713586
 20
3.265075650692622
 10
-6.285630351917089
 20
3.267223635043692
 10
-6.285442819963864
 20
3.2693731209484103
 10
-6.285254090316833
 20
3.2715241090851537
 10
-6.2850641634418745
 20
3.273676600144828
 10
-6.28487303980782
 20
3.2758305948309667
 10
-6.284680719886459
 20
3.277986093859824
 10
-6.284487204152528
 20
3.280143097960461
 10
-6.284292493083722
 20
3.282301607874852
 10
-6.284096587160682
 20
3.2844616243579736
 10
-6.283899486866999
 20
3.2866231481779007
 10
-6.283701192689215
 20
3.288786180115906
 10
-6.283501705116815
 20
3.2909507209665625
 10
-6.283301024642233
 20
3.293116771537832
 10
-6.283099151760847
 20
3.29528433265118
 10
-6.282896086970979
 20
3.2974534051416624
 10
-6.282691830773891
 20
3.2996239898580413
 10
-6.282486383673787
 20
3.3017960876628702
 10
-6.282279746177814
 20
3.3039696994326153
 10
-6.282071918796052
 20
3.306144826057757
 10
-6.281862902041523
 20
3.3083214684428803
 10
-6.281652696430182
 20
3.3104996275068093
 10
-6.281441302480921
 20
3.3126793041826854
 10
-6.281228720715565
 20
3.3148604994180983
 10
-6.281014951658871
 20
3.317043214175187
 10
-6.280799995838526
 20
3.319227449430744
 10
-6.280583853785149
 20
3.3214132061763486
 10
-6.280366526032285
 20
3.3236004854184493
 10
-6.28014801311641
 20
3.3257892881785036
 10
-6.27992831557692
 20
3.327979615493086
 10
-6.279707433956141
 20
3.3301714684139903
 10
-6.27948536879932
 20
3.3323648480083676
 10
-6.279262120654625
 20
3.334559755358833
 10
-6.279037690073146
 20
3.336756191563591
 10
-6.278812077608892
 20
3.338954157736538
 10
-6.278585283818789
 20
3.3411536550074166
 10
-6.278357309262682
 20
3.343354684521909
 10
-6.278128154503327
 20
3.345557247441773
 10
-6.277897820106397
 20
3.347761344944975
 10
-6.277666306640478
 20
3.3499669782257904
 10
-6.277433614677064
 20
3.352174148494967
 10
-6.27719974479056
 20
3.354382856979824
 10
-6.276964697558282
 20
3.356593104924401
 10
-6.276728473560448
 20
3.3588048935895767
 10
-6.276491073380185
 20
3.3610182242532085
 10
-6.276252497603522
 20
3.3632330982102676
 10
-6.276012746819394
 20
3.365449516772964
 10
-6.2757718216196325
 20
3.3676674812708978
 10
-6.2755297225989715
 20
3.369886993051189
 10
-6.275286450355043
 20
3.372108053478615
 10
-6.275042005488377
 20
3.3743306639357513
 10
-6.274796388602395
 20
3.3765548258231224
 10
-6.274549600303418
 20
3.3787805405593305
 10
-6.274301641200655
 20
3.381007809581221
 10
-6.274052511906207
 20
3.383236634343996
 10
-6.273802213035067
 20
3.385467016321405
 10
-6.273550745205113
 20
3.387698957005859
 10
-6.2732981090371105
 20
3.3899324579085848
 10
-6.273044305154711
 20
3.392167520559809
 10
-6.2727893341844485
 20
3.394404146508867
 10
-6.272533196755738
 20
3.3966423373243897
 10
-6.272275893500878
 20
3.3988820945944473
 10
-6.272017425055044
 20
3.4011234199267077
 10
-6.271757792056288
 20
3.4033663149486113
 10
-6.271496995145539
 20
3.4056107813075025
 10
-6.271235034966602
 20
3.4078568206708235
 10
-6.270971912166151
 20
3.4101044347262635
 10
-6.270707627393734
 20
3.412353625181926
 10
-6.270442181301768
 20
3.414604393766501
 10
-6.270175574545538
 20
3.416856742229431
 10
-6.269907807783196
 20
3.4191106723410885
 10
-6.269638881675757
 20
3.421366185892942
 10
-6.269368796887101
 20
3.4236232846977392
 10
-6.269097554083969
 20
3.42588197058968
 10
-6.268825153935963
 20
3.4281422454245893
 10
-6.268551597115542
 20
3.43040411108011
 10
-6.268276884298023
 20
3.4326675694558784
 10
-6.268001016161578
 20
3.4349326224737053
 10
-6.267723993387231
 20
3.437199272077775
 10
-6.267445816658861
 20
3.4394675202348166
 10
-6.267166486663194
 20
3.4417373689343114
 10
-6.266886004089806
 20
3.4440088201886736
 10
-6.266604369631122
 20
3.4462818760334457
 10
-6.266321583982409
 20
3.4485565385275034
 10
-6.266037647841777
 20
3.450832809753247
 10
-6.265752561910183
 20
3.4531106918167946
 10
-6.265466326891421
 20
3.4553901868482084
 10
-6.265178943492121
 20
3.4576712970016823
 10
-6.264890412421754
 20
3.4599540244557385
 10
-6.264600734392624
 20
3.4622383714134664
 10
-6.26430991011987
 20
3.4645243401027077
 10
-6.264017940321461
 20
3.466811932776289
 10
-6.263724825718195
 20
3.469101151712219
 10
-6.263430567033703
 20
3.4713919992139264
 10
-6.263135164994437
 20
3.4736844776104707
 10
-6.262838620329677
 20
3.4759785892567603
 10
-6.262540933771525
 20
3.4782743365337945
 10
-6.262242106054904
 20
3.480571721848878
 10
-6.261942137917557
 20
3.4828707476358503
 10
-6.261641030100043
 20
3.4851714163553336
 10
-6.261338783345741
 20
3.4874737304949504
 10
-6.261035398400839
 20
3.4897776925695787
 10
-6.260730876014342
 20
3.4920833051215787
 10
-6.260425216938062
 20
3.4943905707210465
 10
-6.260118421926621
 20
3.496699491966054
 10
-6.259810491737448
 20
3.499010071482899
 10
-6.259501427130778
 20
3.5013223119263683
 10
-6.259191228869648
 20
3.503636215979972
 10
-6.258879897719898
 20
3.5059517863562206
 10
-6.258567434450164
 20
3.5082690257968654
 10
-6.258253839831884
 20
3.5105879370731907
 10
-6.25793911463929
 20
3.512908522986246
 10
-6.257623259649409
 20
3.515230786367142
 10
-6.257306275642059
 20
3.517554730077311
 10
-6.25698816339985
 20
3.5198803570087795
 10
-6.256668923708178
 20
3.5222076700844633
 10
-6.256348557355227
 20
3.524536672258428
 10
-6.256027065131967
 20
3.5268673665161847
 10
-6.25570444783215
 20
3.529199755874985
 10
-6.255380706252307
 20
3.5315338433841
 10
-6.255055841191751
 20
3.5338696321251186
 10
-6.254729853452572
 20
3.536207125212255
 10
-6.254402743839632
 20
3.5385463257926304
 10
-6.254074513160571
 20
3.5408872370466113
 10
-6.253745162225795
 20
3.543229862188083
 10
-6.2534146918484845
 20
3.5455742044647804
 10
-6.253083102844584
 20
3.5479202671586076
 10
-6.252750396032806
 20
3.550268053585949
 10
-6.252416572234626
 20
3.552617567097988
 10
-6.25208163227428
 20
3.5549688110810553
 10
-6.251745576978765
 20
3.557321788956938
 10
-6.251408407177835
 20
3.559676504183228
 10
-6.251070123704002
 20
3.5620329602536547
 10
-6.250730727392527
 20
3.564391160698431
 10
-6.250390219081429
 20
3.566751109084608
 10
-6.250048599611473
 20
3.569112809016408
 10
-6.249705869826171
 20
3.571476264135594
 10
-6.249362030571784
 20
3.5738414781218335
 10
-6.249017082697315
 20
3.5762084546930497
 10
-6.2486710270545105
 20
3.578577197605804
 10
-6.248323864497854
 20
3.5809477106556518
 10
-6.247975595884569
 20
3.583319997677542
 10
-6.247626222074615
 20
3.585694062546178
 10
-6.247275743930684
 20
3.588069909176424
 10
-6.246924162318201
 20
3.590447541523682
 10
-6.246571478105319
 20
3.592826963584291
 10
-6.246217692162921
 20
3.595208179395944
 10
-6.245862805364613
 20
3.597591193038067
 10
-6.245506818586728
 20
3.5999760086322565
 10
-6.245149732708316
 20
3.6023626303426735
 10
-6.2447915486111505
 20
3.60475106237649
 10
-6.24443226717972
 20
3.6071413089843
 10
-6.244071889301229
 20
3.6095333744605433
 10
-6.243710415865596
 20
3.611927263143963
 10
-6.243347847765449
 20
3.6143229794180396
 10
-6.242984185896126
 20
3.6167205277114407
 10
-6.242619431155672
 20
3.6191199124984745
 10
-6.242253584444836
 20
3.6215211382995456
 10
-6.241886646667071
 20
3.623924209681631
 10
-6.24151861872853
 20
3.6263291312587516
 10
-6.2411495015380645
 20
3.6287359076924393
 10
-6.240779296007221
 20
3.631144543692227
 10
-6.240408003050243
 20
3.6335550440161404
 10
-6.240035623584064
 20
3.635967413471197
 10
-6.239662158528308
 20
3.638381656913909
 10
-6.239287608805288
 20
3.640797779250777
 10
-6.238911975340001
 20
3.643215785438831
 10
-6.238535259060127
 20
3.6456356804861425
 10
-6.238157460896031
 20
3.6480574694523407
 10
-6.237778581780754
 20
3.650481157449172
 10
-6.237398622650014
 20
3.6529067496410317
 10
-6.237017584442206
 20
3.6553342512455176
 10
-6.236635468098397
 20
3.657763667533981
 10
-6.2362522745623234
 20
3.6601950038321043
 10
-6.235868004780391
 20
3.6626282655204596
 10
-6.235482659701671
 20
3.6650634580351085
 10
-6.235096240277901
 20
3.667500586868176
 10
-6.234708747463478
 20
3.669939657568447
 10
-6.234320182215459
 20
3.6723806757419615
 10
-6.233930545493559
 20
3.674823647052669
 10
-6.233539838260148
 20
3.6772685772229945
 10
-6.233148061480249
 20
3.6797154720344993
 10
-6.232755216121537
 20
3.682164337328512
 10
-6.232361303154334
 20
3.6846151790067676
 10
-6.231966323551608
 20
3.6870680030320804
 10
-6.231570278288974
 20
3.689522815428983
 10
-6.231173168344685
 20
3.6919796222844212
 10
-6.2307749946996385
 20
3.694438429748426
 10
-6.230375758337365
 20
3.6968992440347987
 10
-6.229975460244033
 20
3.6993620714218336
 10
-6.229574101408443
 20
3.7018269182530013
 10
-6.2291716828220265
 20
3.704293790937699
 10
-6.228768205478844
 20
3.706762695951947
 10
-6.228363670375582
 20
3.7092336398391694
 10
-6.22795807851155
 20
3.7117066292109033
 10
-6.227551430888682
 20
3.7141816707476014
 10
-6.227143728511528
 20
3.7166587711993753
 10
-6.22673497238726
 20
3.719137937386792
 10
-6.22632516352566
 20
3.721619176201674
 10
-6.225914302939125
 20
3.7241024946078776
 10
-6.225502391642664
 20
3.7265878996421655
 10
-6.225089430653891
 20
3.729075398414963
 10
-6.22467542099303
 20
3.7315649981112706
 10
-6.224260363682905
 20
3.7340567059914713
 10
-6.223844259748946
 20
3.736550529392198
 10
-6.223427110219175
 20
3.7390464757272515
 10
-6.223008916124219
 20
3.7415445524884445
 10
-6.222589678497294
 20
3.74404476724653
 10
-6.22216939837421
 20
3.7465471276521196
 10
-6.221748076793369
 20
3.749051641436602
 10
-6.221325714795758
 20
3.751558316413096
 10
-6.220902313424951
 20
3.754067160477411
 10
-6.220477873727104
 20
3.7565781816090196
 10
-6.2200523967509564
 20
3.7590913878720285
 10
-6.219625883547824
 20
3.7616067874161976
 10
-6.2191983351716
 20
3.76412438847796
 10
-6.218769752678752
 20
3.7666441993814406
 10
-6.218340137128318
 20
3.76916622853951
 10
-6.217909489581907
 20
3.771690484454842
 10
-6.217477811103695
 20
3.7742169757210107
 10
-6.217045102760422
 20
3.77674571102356
 10
-6.216611365621392
 20
3.7792766991411373
 10
-6.216176600758469
 20
3.7818099489466155
 10
-6.215740809246075
 20
3.7843454694082403
 10
-6.215303992161187
 20
3.786883269590785
 10
-6.214866150583337
 20
3.789423358656764
 10
-6.214427285594607
 20
3.791965745867591
 10
-6.213987398279629
 20
3.794510440584819
 10
-6.213546489725583
 20
3.7970574522714013
 10
-6.213104561022189
 20
3.799606790492903
 10
-6.212661613261713
 20
3.802158464918815
 10
-6.21221764753896
 20
3.8047124853238348
 10
-6.2117726649512734
 20
3.807268861589189
 10
-6.211326666598529
 20
3.8098276037039724
 10
-6.21087965358314
 20
3.8123887217665073
 10
-6.210431627010046
 20
3.8149522259857296
 10
-6.209982587986718
 20
3.817518126682578
 10
-6.209532537623153
 20
3.8200864342914453
 10
-6.209081477031871
 20
3.8226571593616026
 10
-6.208629407327916
 20
3.825230312558693
 10
-6.208176329628848
 20
3.827805904666211
 10
-6.207722245054746
 20
3.8303839465870295
 10
-6.207267154728206
 20
3.83296444934496
 10
-6.206811059774335
 20
3.835547424086302
 10
-6.206353961320749
 20
3.8381328820814478
 10
-6.205895860497576
 20
3.8407208347265156
 10
-6.205436758437448
 20
3.843311293544982
 10
-6.2049766562755
 20
3.845904270189382
 10
-6.204515555149371
 20
3.8484997764429902
 10
-6.2040534561991985
 20
3.8510978242215703
 10
-6.203590360567617
 20
3.85369842557514
 10
-6.203126269399756
 20
3.856301592689743
 10
-6.20266118384324
 20
3.858907337889315
 10
-6.202195105048182
 20
3.861515673637487
 10
-6.201728034167184
 20
3.8641266125394944
 10
-6.201259972355336
 20
3.8667401673441155
 10
-6.200790920770211
 20
3.869356350945581
 10
-6.200320880571863
 20
3.871975176385587
 10
-6.19984985292283
 20
3.87459665685531
 10
-6.199377838988123
 20
3.8772208056974478
 10
-6.198904839935234
 20
3.8798476364083214
 10
-6.198430856934124
 20
3.882477162639997
 10
-6.197955891157229
 20
3.8851093982024443
 10
-6.197479943779454
 20
3.887744357065741
 10
-6.1970030159781695
 20
3.8903820533623215
 10
-6.196525108933214
 20
3.893022501389238
 10
-6.196046223826888
 20
3.895665715610491
 10
-6.195566361843953
 20
3.8983117106593967
 10
-6.195085524171632
 20
3.9009605013409807
 10
-6.194603711999604
 20
3.9036121026344244
 10
-6.194120926520004
 20
3.9062665296955625
 10
-6.1936371689274194
 20
3.9089237978594173
 10
-6.193152440418889
 20
3.9115839226427767
 10
-6.192666742193905
 20
3.9142469197468337
 10
-6.192180075454402
 20
3.91691280505985
 10
-6.191692441404763
 20
3.9195815946598946
 10
-6.191203841251816
 20
3.9222533048176134
 10
-6.1907142762048295
 20
3.9249279519990674
 10
-6.190223747475511
 20
3.9276055528686022
 10
-6.18973225627801
 20
3.930286124291788
 10
-6.18923980382891
 20
3.9329696833384187
 10
-6.1887463913472285
 20
3.935656247285543
 10
-6.188252020054421
 20
3.938345833620583
 10
-6.187756691174369
 20
3.9410384600444788
 10
-6.187260405933386
 20
3.943734144474936
 10
-6.186763165560213
 20
3.9464329050496953
 10
-6.186264971286019
 20
3.94913476012988
 10
-6.185765824344396
 20
3.951839728303419
 10
-6.18526572597136
 20
3.9545478283885167
 10
-6.184764677405347
 20
3.9572590794371987
 10
-6.184262679887218
 20
3.959973500738938
 10
-6.183759734660247
 20
3.9626911118243235
 10
-6.1832558429701265
 20
3.965411932468858
 10
-6.182751006064967
 20
3.9681359826967313
 10
-6.182245225195293
 20
3.97086328278479
 10
-6.1817385016140385
 20
3.97359385326648
 10
-6.181230836576555
 20
3.9763277149359535
 10
-6.1807222313405985
 20
3.9790648888521822
 10
-6.180212687166339
 20
3.9818053963432094
 10
-6.17970220531635
 20
3.984549259010473
 10
-6.179190787055616
 20
3.9872964987332065
 10
-6.178678433651526
 20
3.990047137672926
 10
-6.178165146373872
 20
3.9928011982780447
 10
-6.177650926494851
 20
3.9955587032885314
 10
-6.177135775289064
 20
3.99831967574071
 10
-6.17661969403351
 20
4.001084138972129
 10
-6.176102684007593
 20
4.003852116626552
 10
-6.175584746493115
 20
4.00662363265905
 10
-6.175065882774279
 20
4.00939871134118
 10
-6.174546094137683
 20
4.012177377266304
 10
-6.174025381872328
 20
4.014959655355001
 10
-6.17350374726961
 20
4.017745570860616
 10
-6.172981191623322
 20
4.020535149374889
 10
-6.172457716229653
 20
4.02332841683374
 10
-6.17193332238719
 20
4.026125399523177
 10
-6.171408011396916
 20
4.028926124085317
 10
-6.170881784562208
 20
4.031730617524551
 10
-6.17035464318884
 20
4.034538907213831
 10
-6.16982658858498
 20
4.037351020901119
 10
-6.169297622061194
 20
4.0401669867159535
 10
-6.1687677449304426
 20
4.04298683317617
 10
-6.168236958508081
 20
4.045810589194805
 10
-6.167705264111863
 20
4.048638284087089
 10
-6.167172663061937
 20
4.0514699475776474
 10
-6.16663915668085
 20
4.054305609807874
 10
-6.166104746293545
 20
4.057145301343421
 10
-6.165569433227366
 20
4.05998905318191
 10
-6.165033218812053
 20
4.0628368967608015
 10
-6.164496104379749
 20
4.065688863965428
 10
-6.163958091264997
 20
4.068544987137275
 10
-6.163419180804742
 20
4.071405299082364
 10
-6.162879374338333
 20
4.074269833079915
 10
-6.1623386732075245
 20
4.077138622891187
 10
-6.161797078756476
 20
4.0800117027685
 10
-6.161254592331758
 20
4.082889107464516
 10
-6.160711215282348
 20
4.085770872241701
 10
-6.16016694895964
 20
4.088657032882069
 10
-6.159621794717436
 20
4.091547625697103
 10
-6.159075753911962
 20
4.094442687537957
 10
-6.158528827901857
 20
4.097342255805883
 10
-6.157981018048185
 20
4.100246368462961
 10
-6.157432325714432
 20
4.103155064043024
 10
-6.156882752266517
 20
4.106068381662923
 10
-6.156332299072784
 20
4.108986361034008
 10
-6.155780967504015
 20
4.111909042473977
 10
-6.155228758933428
 20
4.114836466918953
 10
-6.1546756747366835
 20
4.117768675935906
 10
-6.154121716291889
 20
4.120705711735381
 10
-6.1535668849796
 20
4.123647617184548
 10
-6.153011182182831
 20
4.126594435820618
 10
-6.152454609287051
 20
4.129546211864574
 10
-6.151897167680197
 20
4.132502990235266
 10
-6.151338858752675
 20
4.135464816563904
 10
-6.15077968389737
 20
4.138431737208905
 10
-6.150219644509643
 20
4.14140379927113
 10
-6.1496587419873485
 20
4.144381050609577
 10
-6.149096977730833
 20
4.147363539857435
 10
-6.148534353142947
 20
4.150351316438613
 10
-6.147970869629046
 20
4.153344430584698
 10
-6.147406528597006
 20
4.1563429333523905
 10
-6.146841331457227
 20
4.159346876641417
 10
-6.14627527962264
 20
4.162356313212932
 10
-6.145708374508721
 20
4.165371296708435
 10
-6.145140617533494
 20
4.168391881669229
 10
-6.144572010117548
 20
4.171418123556408
 10
-6.14400255368404
 20
4.174450078771435
 10
-6.14343224965871
 20
4.177487804677276
 10
-6.142861099469893
 20
4.180531359620185
 10
-6.142289104548524
 20
4.183580802952082
 10
-6.141716266328162
 20
4.186636195053572
 10
-6.14114258624499
 20
4.189697597357708
 10
-6.1405680657378365
 20
4.192765072374359
 10
-6.139992706248191
 20
4.1958386837153725
 10
-6.13941650922021
 20
4.198918496120455
 10
-6.138839476100741
 20
4.202004575483825
 10
-6.138261608339334
 20
4.205096988881714
 10
-6.137682907388263
 20
4.208195804600629
 10
-6.137103374702537
 20
4.21130109216656
 10
-6.136523011739924
 20
4.214412922375036
 10
-6.135941819960967
 20
4.217531367322142
 10
-6.13535980082901
 20
4.2206565004364665
 10
-6.134776955810208
 20
4.223788396512098
 10
-6.134193286373564
 20
4.226927131742653
 10
-6.1336087939909385
 20
4.230072783756369
 10
-6.133023480137084
 20
4.233225431652349
 10
-6.132437346289664
 20
4.236385156037956
 10
-6.131850393929283
 20
4.239552039067446
 10
-6.131262624539512
 20
4.242726164481845
 10
-6.13067403960692
 20
4.24590761765018
 10
-6.130084640621106
 20
4.249096485612013
 10
-6.1294944290747235
 20
4.2522928571215
 10
-6.128903406463523
 20
4.255496822692811
 10
-6.128311574286382
 20
4.258708474647216
 10
-6.127718934045344
 20
4.261927907161705
 10
-6.127125487245655
 20
4.265155216319316
 10
-6.126531235395805
 20
4.268390500161199
 10
-6.12593618000757
 20
4.27163385874049
 10
-6.125340322596058
 20
4.274885394178146
 10
-6.124743664679752
 20
4.278145210720689
 10
-6.124146207780562
 20
4.2814134148000615
 10
-6.123547953423874
 20
4.28469011509563
 10
-6.122948903138606
 20
4.287975422598471
 10
-6.12234905845726
 20
4.291269450677962
 10
-6.121748420915987
 20
4.294572315150884
 10
-6.121146992054642
 20
4.297884134353076
 10
-6.120544773416857
 20
4.3012050292137936
 10
-6.119941766550102
 20
4.3045351233328635
 10
-6.119337973005761
 20
4.307874543060829
 10
-6.1187333943392055
 20
4.311223417582122
 10
-6.118128032109874
 20
4.314581879001504
 10
-6.1175218878813595
 20
4.317950062433907
 10
-6.11691496322149
 20
4.3213281060977895
 10
-6.116307259702426
 20
4.324716151412202
 10
-6.1156987789007555
 20
4.328114343097845
 10
-6.115089522397597
 20
4.3315228292820604
 10
-6.114479491778709
 20
4.334941761608316
 10
-6.1138686886345965
 20
4.33837129535004
 10
-6.113257114560641
 20
4.341811589529289
 10
-6.112644771157216
 20
4.345262807040396
 10
-6.112031660029828
 20
4.348725114778818
 10
-6.111417782789254
 20
4.352198683775542
 10
-6.110803141051687
 20
4.355683689337302
 10
-6.110187736438896
 20
4.359180311192867
 10
-6.109571570578391
 20
4.362688733645824
 10
-6.108954645103592
 20
4.366209145734138
 10
-6.108336961654023
 20
4.369741741396846
 10
-6.1077185218754995
 20
4.3732867196483545
 10
-6.107099327420339
 20
4.376844284760698
 10
-6.106479379947578
 20
4.380414646454227
 10
-6.1058586811232045
 20
4.383998020097193
 10
-6.105237232620406
 20
4.387594626914814
 10
-6.104615036119826
 20
4.391204694208226
 10
-6.103992093309843
 20
4.394828455584047
 10
-6.103368405886863
 20
4.398466151195108
 10
-6.102743975555634
 20
4.402118027993045
 10
-6.102118804029573
 20
4.405784339993429
 10
-6.101492893031121
 20
4.409465348554267
 10
-6.1008662442921215
 20
4.413161322668671
 10
-6.10023885955421
 20
4.416872539272538
 10
-6.0996107405692515
 20
4.4205992835683166
 10
-6.098981889099784
 20
4.424341849365714
 10
-6.098352306919509
 20
4.428100539440613
 10
-6.097721995813802
 20
4.431875665913294
 10
-6.0970909575802725
 20
4.435667550647242
 10
-6.096459194029344
 20
4.439476525670001
 10
-6.0958267069848935
 20
4.443302933617457
 10
-6.095193498284921
 20
4.447147128203312
 10
-6.094559569782276
 20
4.451009474715331
 10
-6.093924923345434
 20
4.454890350540372
 10
-6.093289560859327
 20
4.45879014572028
 10
-6.09265348422624
 20
4.462709263540755
 10
-6.09201669536677
 20
4.466648121155674
 10
-6.091379196220862
 20
4.470607150249618
 10
-6.090740988748922
 20
4.47458679774127
 10
-6.090102074933019
 20
4.478587526530944
 10
-6.0894624567781745
 20
4.482609816295661
 10
-6.088822136313768
 20
4.486654164335481
 10
-6.088181115595042
 20
4.49072108647513
 10
-6.087539396704739
 20
4.4948111180254555
 10
-6.086896981754877
 20
4.498924814809653
 10
-6.086253872888663
 20
4.503062754259511
 10
-6.0856100722825825
 20
4.507225536587719
 10
-6.084965582148664
 20
4.51141378604278
 10
-6.084320404736944
 20
4.515628152253578
 10
-6.083674542338155
 20
4.5198693116717195
 10
-6.083027997286649
 20
4.5241379691203205
 10
-6.082380771963605
 20
4.528434859459042
 10
-6.081732868800519
 20
4.532760749376124
 10
-6.081084290283045
 20
4.5371164393195045
 10
-6.080435038955189
 20
4.541502765580353
 10
-6.079785117423928
 20
4.545920602543908
 10
-6.079134528364287
 20
4.550370865124378
 10
-6.078483274524931
 20
4.554854511402502
 10
-6.077831358734334
 20
4.55937254548676
 10
-6.077178783907606
 20
4.563926020621758
 10
-6.07652555305404
 20
4.568516042570333
 10
-6.075871669285492
 20
4.573143773299303
 10
-6.075217135825697
 20
4.577810435002855
 10
-6.074561956020629
 20
4.582517314501856
 10
-6.073906133350075
 20
4.587265768063054
 10
-6.073249671440566
 20
4.592057226687796
 10
-6.072592574079872
 20
4.596893201927481
 10
-6.071934845233275
 20
4.601775292290879
 10
-6.071276489061899
 20
4.606705190318672
 10
-6.070617509943382
 20
4.611684690411731
 10
-6.069957912495276
 20
4.616715697513291
 10
-6.069297701601597
 20
4.6218002367616915
 10
-6.068636882443014
 20
4.626940464248763
 10
-6.067975460531319
 20
4.632138679042688
 10
-6.067313441748865
 20
4.637397336660933
 10
-6.066650832393869
 20
4.6427190642125495
 10
-6.065987639232597
 20
4.648106677468751
 10
-6.0653238695597365
 20
4.653563200169916
 10
-6.0646595312684575
 20
4.659091885936635
 10
-6.063994632932081
 20
4.664696243225974
 10
-6.063329183899671
 20
4.6703800638652755
 10
-6.062663194408416
 20
4.6761474558086835
 10
-6.0619966757164025
 20
4.6820028809039
 10
-6.061329640260252
 20
4.68795119863574
 10
-6.0606621018433176
 20
4.693997717040871
 10
-6.059994075861637
 20
4.700148252280098
 10
-6.059325579576929
 20
4.706409198732501
 10
-6.058656632448577
 20
4.712787611967373
 10
-6.057987256540291
 20
4.719291307599428
 10
-6.057317477022031
 20
4.725928979895104
 10
-6.056647322794756
 20
4.732710345160414
 10
-6.055976827275083
 20
4.739646316523903
 10
-6.05530602939059
 20
4.746749218914533
 10
-6.054634974856061
 20
4.754033056097908
 10
-6.053963717829555
 20
4.761513845993584
 10
-6.053292323089846
 20
4.7692100468115
 10
-6.05262086894163
 20
4.777143105869412
 10
-6.051949451155766
 20
4.78533817701695
 10
-6.051278188412985
 20
4.7938250743196225
 10
-6.050607229984134
 20
4.8026395641337425
 10
-6.049936766829456
 20
4.8118251541077965
 10
-6.049267048091547
 20
4.821435633186412
 10
-6.048598406414833
 20
4.83153878516315
 10
-6.047931298349043
 20
4.8422220096899045
 10
-6.047266371906922
 20
4.8536011930708645
 10
-6.046604586218319
 20
4.865835442737848
 10
-6.04594743943544
 20
4.879153186534147
 10
-6.0452974460207525
 20
4.8939024206730055
 10
-6.044659274345326
 20
4.910658991277127
 10
-6.044043019287085
 20
4.930500958660609
 10
-6.0434769578486645
 20
4.955907059935819
 10
-6.043140908825574
 20
4.984685418211491
 10
-6.043129626508634
 20
5.013263346483967
 10
-6.043148599592817
 20
5.016496282366541
 10
-6.043180797177477
 20
5.020867995440591
 10
-6.043235790679405
 20
5.0267321777672445
 10
-6.0433300908771495
 20
5.034547922415152
 10
-6.043492039450435
 20
5.044908978823069
 10
-6.043769882599615
 20
5.0585757629266
 10
-6.044244656467149
 20
5.076505702161052
 10
-6.04501651355854
 20
5.099017641209531
 10
-6.0457499198632165
 20
5.116510793053659
 10
-6.046467283115653
 20
5.131443445124584
 10
-6.0471755508554255
 20
5.144732288646453
 10
-6.047877843538738
 20
5.156846009434532
 10
-6.048575839222299
 20
5.168064082218063
 10
-6.049270544978733
 20
5.178569582334082
 10
-6.049962612029935
 20
5.188490378010647
 10
-6.05065248497339
 20
5.197920054917318
 10
-6.051340480144341
 20
5.20692959951618
 10
-6.05202683005832
 20
5.215574398678843
 10
-6.0527117101684675
 20
5.223898669167861
 10
-6.053395255764582
 20
5.231938386380225
 10
-6.054077573072904
 20
5.239723291792115
 10
-6.054758746789613
 20
5.247278310977396
 10
-6.055438845338025
 20
5.2546245812166505
 10
-6.056117924626053
 20
5.261780212756268
 10
-6.056796030788159
 20
5.268760863656691
 10
-6.057473202223077
 20
5.275580181238827
 10
-6.058149471132811
 20
5.282250146172737
 10
-6.058824864701839
 20
5.2887813442663045
 10
-6.0594994060123435
 20
5.295183183720616
 10
-6.0601731147629385
 20
5.301464070672995
 10
-6.0608460078390305
 20
5.307631552428572
 10
-6.061518099769864
 20
5.313692435372612
 10
-6.062189403097999
 20
5.319652882833699
 10
-6.062859928680428
 20
5.325518496917278
 10
-6.063529685935835
 20
5.331294387409165
 10
-6.064198683049029
 20
5.336985230163865
 10
-6.064866927141069
 20
5.342595316876527
 10
-6.065534424411696
 20
5.348128597744345
 10
-6.066201180259228
 20
5.353588718222161
 10
-6.066867199382035
 20
5.358979050842111
 10
-6.067532485864833
 20
5.364302722884779
 10
-6.068197043252415
 20
5.369562640544664
 10
-6.068860874612922
 20
5.374761510118134
 10
-6.0695239825923535
 20
5.3799018566508305
 10
-6.070186369461725
 20
5.384986040407085
 10
-6.070848037158004
 20
5.390016271464704
 10
-6.071508987319777
 20
5.394994622689555
 10
-6.072169221318423
 20
5.3999230413045245
 10
-6.072828740285446
 20
5.404803359234721
 10
-6.073487545136521
 20
5.409637302383475
 10
-6.074145636592694
 20
5.414426498971236
 10
-6.074803015199134
 20
5.419172487050559
 10
-6.075459681341762
 20
5.42387672129451
 10
-6.076115635262033
 20
5.428540579142583
 10
-6.076770877070105
 20
5.433165366376891
 10
-6.077425406756607
 20
5.43775232219193
 10
-6.078079224203158
 20
5.44230262381294
 10
-6.078732329191822
 20
5.4468173907111
 10
-6.079384721413587
 20
5.45129768845768
 10
-6.080036400476016
 20
5.455744532254274
 10
-6.080687365910139
 20
5.460158890171806
 10
-6.08133761717669
 20
5.464541686127017
 10
-6.081987153671748
 20
5.468893802622091
 10
-6.082635974731862
 20
5.473216083269976
 10
-6.083284079638697
 20
5.477509335125596
 10
-6.0839314676232705
 20
5.4817743308407225
 10
-6.084578137869805
 20
5.486011810658804
 10
-6.085224089519253
 20
5.4902224842637075
 10
-6.085869321672509
 20
5.494407032495518
 10
-6.086513833393359
 20
5.498566108944683
 10
-6.087157623711176
 20
5.502700341435032
 10
-6.087800691623398
 20
5.506810333404827
 10
-6.0884430360978
 20
5.510896665194445
 10
-6.089084656074592
 20
5.514959895248138
 10
-6.0897255504683425
 20
5.519000561236865
 10
-6.090365718169761
 20
5.523019181108429
 10
-6.091005158047335
 20
5.527016254070501
 10
-6.091643868948848
 20
5.530992261511814
 10
-6.092281849702783
 20
5.534947667866087
 10
-6.092919099119623
 20
5.538882921423098
 10
-6.093555615993053
 20
5.542798455090673
 10
-6.094191399101083
 20
5.546694687111253
 10
-6.094826447207082
 20
5.550572021736277
 10
-6.095460759060744
 20
5.554430849861364
 10
-6.096094333398988
 20
5.5582715496250295
 10
-6.0967271689467974
 20
5.562094486973518
 10
-6.097359264417993
 20
5.565900016193994
 10
-6.09799061851597
 20
5.569688480418224
 10
-6.09862122993437
 20
5.573460212098835
 10
-6.099251097357722
 20
5.577215533459788
 10
-6.099880219462033
 20
5.580954756922838
 10
-6.100508594915348
 20
5.584678185511555
 10
-6.101136222378267
 20
5.588386113234245
 10
-6.101763100504438
 20
5.592078825447148
 10
-6.102389227941011
 20
5.595756599199161
 10
-6.103014603329072
 20
5.599419703559144
 10
-6.103639225304047
 20
5.603068399926985
 10
-6.104263092496078
 20
5.606702942329232
 10
-6.104886203530387
 20
5.610323577700439
 10
-6.105508557027608
 20
5.613930546150792
 10
-6.106130151604109
 20
5.617524081221094
 10
-6.106750985872283
 20
5.621104410125626
 10
-6.10737105844084
 20
5.624671753983647
 10
-6.1079903679150656
 20
5.6282263280402045
 10
-6.1086089128970755
 20
5.631768341876856
 10
-6.109226691986056
 20
5.6352979996127495
 10
-6.109843703778481
 20
5.638815500096764
 10
-6.1104599468683345
 20
5.642321037091017
 10
-6.111075419847302
 20
5.645814799446362
 10
-6.11169012130497
 20
5.649296971270179
 10
-6.112304049829001
 20
5.652767732086943
 10
-6.112917204005306
 20
5.656227256991889
 10
-6.1135295824182085
 20
5.659675716798214
 10
-6.114141183650598
 20
5.663113278178001
 10
-6.114752006284075
 20
5.666540103797368
 10
-6.115362048899095
 20
5.669956352446005
 10
-6.115971310075094
 20
5.673362179161375
 10
-6.116579788390621
 20
5.676757735347956
 10
-6.117187482423454
 20
5.680143168891618
 10
-6.117794390750715
 20
5.683518624269492
 10
-6.118400511948981
 20
5.6868842426554895
 10
-6.119005844594383
 20
5.690240162021667
 10
-6.119610387262711
 20
5.6935865172357065
 10
-6.1202141385295
 20
5.696923440154595
 10
-6.1208170969701285
 20
5.700251059714747
 10
-6.121419261159901
 20
5.703569502018711
 10
-6.12202062967413
 20
5.706878890418646
 10
-6.122621201088211
 20
5.710179345596657
 10
-6.123220973977704
 20
5.713470985642161
 10
-6.1238199469184025
 20
5.716753926126435
 10
-6.124418118486402
 20
5.720028280174484
 10
-6.125015487258165
 20
5.723294158534226
 10
-6.125612051810584
 20
5.72655166964331
 10
-6.126207810721044
 20
5.729800919693478
 10
-6.126802762567479
 20
5.733042012692691
 10
-6.127396905928428
 20
5.736275050525098
 10
-6.127990239383088
 20
5.739500133008887
 10
-6.128582761511363
 20
5.7427173579521815
 10
-6.129174470893918
 20
5.745926821206996
 10
-6.129765366112223
 20
5.749128616721366
 10
-6.130355445748597
 20
5.752322836589745
 10
-6.130944708386256
 20
5.7555095711016815
 10
-6.131533152609349
 20
5.758688908788906
 10
-6.1321207770030055
 20
5.7618609364708515
 10
-6.132707580153369
 20
5.76502573929869
 10
-6.133293560647635
 20
5.768183400797936
 10
-6.13387871707409
 20
5.771334002909675
 10
-6.134463048022143
 20
5.774477626030471
 10
-6.135046552082361
 20
5.777614349051007
 10
-6.135629227846501
 20
5.780744249393484
 10
-6.136211073907541
 20
5.7838674030479
 10
-6.136792088859709
 20
5.786983884607109
 10
-6.1373722712985135
 20
5.790093767300897
 10
-6.137951619820773
 20
5.793197123028917
 10
-6.138530133024638
 20
5.7962940223926775
 10
-6.139107809509624
 20
5.799384534726534
 10
-6.139684647876631
 20
5.802468728127769
 10
-6.140260646727974
 20
5.805546669485723
 10
-6.140835804667398
 20
5.808618424510115
 10
-6.14141012030011
 20
5.811684057758483
 10
-6.1419835922327986
 20
5.814743632662845
 10
-6.142556219073652
 20
5.817797211555565
 10
-6.143127999432382
 20
5.820844855694457
 10
-6.1436989319202455
 20
5.823886625287215
 10
-6.144269015150061
 20
5.82692257951507
 10
-6.1448382477362316
 20
5.82995277655585
 10
-6.145406628294758
 20
5.832977273606305
 10
-6.1459741554432625
 20
5.835996126903882
 10
-6.146540827801003
 20
5.839009391747841
 10
-6.147106643988888
 20
5.842017122519791
 10
-6.147671602629502
 20
5.845019372703683
 10
-6.14823570234711
 20
5.848016194905221
 10
-6.14879894176768
 20
5.851007640870765
 10
-6.149361319518899
 20
5.853993761505711
 10
-6.149922834230184
 20
5.856974606892371
 10
-6.150483484532697
 20
5.859950226307392
 10
-6.151043269059363
 20
5.8629206682386945
 10
-6.151602186444879
 20
5.865885980401949
 10
-6.152160235325727
 20
5.868846209756652
 10
-6.152717414340194
 20
5.871801402521743
 10
-6.153273722128377
 20
5.874751604190842
 10
-6.153829157332199
 20
5.8776968595471
 10
-6.154383718595419
 20
5.880637212677598
 10
-6.154937404563648
 20
5.883572706987487
 10
-6.155490213884353
 20
5.886503385213653
 10
-6.15604214520688
 20
5.889429289438121
 10
-6.156593197182451
 20
5.892350461101075
 10
-6.157143368464185
 20
5.895266941013585
 10
-6.157692657707105
 20
5.898178769369957
 10
-6.158241063568149
 20
5.901085985759855
 10
-6.158788584706179
 20
5.9039886291800565
 10
-6.15933521978199
 20
5.906886738045961
 10
-6.159880967458325
 20
5.909780350202782
 10
-6.160425826399877
 20
5.912669502936526
 10
-6.160969795273303
 20
5.915554232984611
 10
-6.161512872747231
 20
5.918434576546337
 10
-6.162055057492274
 20
5.921310569293032
 10
-6.162596348181028
 20
5.924182246377964
 10
-6.163136743488092
 20
5.927049642446056
 10
-6.16367624209007
 20
5.929912791643344
 10
-6.164214842665581
 20
5.932771727626197
 10
-6.164752543895267
 20
5.935626483570368
 10
-6.165289344461799
 20
5.938477092179791
 10
-6.16582524304989
 20
5.941323585695198
 10
-6.1663602383462965
 20
5.944165995902534
 10
-6.166894329039829
 20
5.947004354141176
 10
-6.1674275138213615
 20
5.949838691311952
 10
-6.167959791383833
 20
5.952669037885025
 10
-6.168491160422262
 20
5.95549542390753
 10
-6.169021619633746
 20
5.958317879011098
 10
-6.169551167717476
 20
5.961136432419178
 10
-6.170079803374736
 20
5.9639511129542235
 10
-6.170607525308915
 20
5.9667619490446855
 10
-6.171134332225511
 20
5.969568968731872
 10
-6.1716602228321396
 20
5.972372199676678
 10
-6.172185195838539
 20
5.975171669166118
 10
-6.172709249956574
 20
5.977967404119757
 10
-6.173232383900248
 20
5.98075943109599
 10
-6.173754596385704
 20
5.983547776298186
 10
-6.174275886131234
 20
5.986332465580692
 10
-6.174796251857281
 20
5.9891135244547264
 10
-6.175315692286451
 20
5.991890978094151
 10
-6.175834206143511
 20
5.994664851341068
 10
-6.176351792155403
 20
5.9974351687113785
 10
-6.176868449051244
 20
6.000201954400171
 10
-6.177384175562332
 20
6.002965232287014
 10
-6.177898970422154
 20
6.005725025941126
 10
-6.1784128323663925
 20
6.008481358626467
 10
-6.178925760132924
 20
6.011234253306684
 10
-6.179437752461833
 20
6.013983732650022
 10
-6.179948808095412
 20
6.01672981903403
 10
-6.180458925778168
 20
6.019472534550282
 10
-6.1809681042568245
 20
6.022211901008935
 10
-6.1814763422803365
 20
6.024947939943202
 10
-6.181983638599882
 20
6.027680672613785
 10
-6.182489991968879
 20
6.030410120013121
 10
-6.182995401142981
 20
6.033136302869669
 10
-6.18349986488009
 20
6.035859241651991
 10
-6.184003381940354
 20
6.038578956572841
 10
-6.184505951086176
 20
6.041295467593144
 10
-6.18500757108222
 20
6.044008794425859
 10
-6.185508240695412
 20
6.046718956539845
 10
-6.186007958694945
 20
6.049425973163572
 10
-6.186506723852287
 20
6.052129863288832
 10
-6.187004534941183
 20
6.054830645674303
 10
-6.187501390737658
 20
6.057528338849134
 10
-6.187997290020027
 20
6.060222961116354
 10
-6.188492231568892
 20
6.062914530556339
 10
-6.188986214167152
 20
6.065603065030099
 10
-6.189479236600006
 20
6.068288582182577
 10
-6.189971297654956
 20
6.070971099445861
 10
-6.190462396121811
 20
6.073650634042324
 10
-6.190952530792696
 20
6.076327202987738
 10
-6.191441700462049
 20
6.079000823094305
 10
-6.19192990392663
 20
6.0816715109736235
 10
-6.1924171399855235
 20
6.084339283039634
 10
-6.192903407440145
 20
6.0870041555114796
 10
-6.1933887050942396
 20
6.089666144416327
 10
-6.193873031753892
 20
6.0923252655921525
 10
-6.194356386227528
 20
6.094981534690422
 10
-6.194838767325917
 20
6.097634967178811
 10
-6.1953201738621795
 20
6.100285578343773
 10
-6.1958006046517875
 20
6.102933383293157
 10
-6.196280058512569
 20
6.10557839695871
 10
-6.196758534264715
 20
6.108220634098566
 10
-6.19723603073078
 20
6.110860109299702
 10
-6.197712546735686
 20
6.113496836980301
 10
-6.198188081106729
 20
6.116130831392127
 10
-6.198662632673581
 20
6.1187621066228495
 10
-6.199136200268291
 20
6.121390676598284
 10
-6.199608782725294
 20
6.124016555084653
 10
-6.200080378881411
 20
6.126639755690761
 10
-6.200550987575854
 20
6.129260291870164
 10
-6.201020607650229
 20
6.13187817692328
 10
-6.201489237948543
 20
6.134493423999471
 10
-6.2019568773171985
 20
6.137106046099102
 10
-6.202423524605009
 20
6.139716056075532
 10
-6.2028891786631934
 20
6.142323466637112
 10
-6.203353838345385
 20
6.144928290349112
 10
-6.203817502507631
 20
6.147530539635657
 10
-6.204280170008398
 20
6.150130226781583
 10
-6.204741839708579
 20
6.152727363934288
 10
-6.205202510471488
 20
6.155321963105561
 10
-6.205662181162872
 20
6.15791403617337
 10
-6.206120850650909
 20
6.160503594883595
 10
-6.206578517806217
 20
6.163090650851796
 10
-6.2070351815018485
 20
6.165675215564875
 10
-6.207490840613304
 20
6.168257300382761
 10
-6.207945494018528
 20
6.170836916540072
 10
-6.2083991405979155
 20
6.173414075147717
 10
-6.2088517792343145
 20
6.175988787194479
 10
-6.209303408813031
 20
6.1785610635486
 10
-6.209754028221827
 20
6.181130914959313
 10
-6.210203636350932
 20
6.183698352058363
 10
-6.210652232093038
 20
6.186263385361488
 10
-6.211099814343308
 20
6.188826025269902
 10
-6.21154638199938
 20
6.191386282071718
 10
-6.211991933961364
 20
6.1939441659434
 10
-6.21243646913185
 20
6.196499686951139
 10
-6.212879986415912
 20
6.199052855052238
 10
-6.213322484721106
 20
6.201603680096463
 10
-6.213763962957481
 20
6.20415217182739
 10
-6.214204420037573
 20
6.206698339883693
 10
-6.214643854876417
 20
6.209242193800485
 10
-6.215082266391542
 20
6.211783743010528
 10
-6.21551965350298
 20
6.2143229968455405
 10
-6.215956015133267
 20
6.216859964537405
 10
-6.216391350207444
 20
6.2193946552193875
 10
-6.216825657653064
 20
6.221927077927342
 10
-6.217258936400192
 20
6.224457241600872
 10
-6.217691185381409
 20
6.22698515508451
 10
-6.218122403531816
 20
6.2295108271288555
 10
-6.218552589789034
 20
6.232034266391691
 10
-6.218981743093213
 20
6.234555481439104
 10
-6.219409862387025
 20
6.237074480746569
 10
-6.219836946615677
 20
6.239591272700037
 10
-6.22026299472691
 20
6.24210586559697
 10
-6.220688005670998
 20
6.244618267647411
 10
-6.221111978400759
 20
6.247128486975004
 10
-6.221534911871551
 20
6.249636531618006
 10
-6.221956805041277
 20
6.252142409530277
 10
-6.222377656870389
 20
6.254646128582286
 10
-6.222797466321891
 20
6.257147696562064
 10
-6.223216232361341
 20
6.25964712117615
 10
-6.223633953956851
 20
6.262144410050563
 10
-6.224050630079096
 20
6.264639570731693
 10
-6.22446625970131
 20
6.2671326106872565
 10
-6.224880841799295
 20
6.269623537307151
 10
-6.22529437535142
 20
6.272112357904387
 10
-6.225706859338625
 20
6.274599079715932
 10
-6.226118292744423
 20
6.27708370990359
 10
-6.226528674554904
 20
6.279566255554846
 10
-6.226938003758736
 20
6.282046723683715
 10
-6.22734627934717
 20
6.284525121231539
 10
-6.227753500314041
 20
6.287001455067845
 10
-6.22815966565577
 20
6.289475731991114
 10
-6.228564774371371
 20
6.29194795872959
 10
-6.228968825462447
 20
6.2944181419420575
 10
-6.229371817933197
 20
6.296886288218608
 10
-6.229773750790421
 20
6.299352404081402
 10
-6.230174623043516
 20
6.301816495985435
 10
-6.230574433704485
 20
6.304278570319231
 10
-6.230973181787934
 20
6.3067386334056295
 10
-6.23137086631108
 20
6.309196691502453
 10
-6.23176748629375
 20
6.3116527508032485
 10
-6.232163040758385
 20
6.314106817437979
 10
-6.232557528730044
 20
6.3165588974736915
 10
-6.2329509492364
 20
6.319008996915237
 10
-6.233343301307755
 20
6.3214571217058975
 10
-6.233734583977029
 20
6.323903277728087
 10
-6.234124796279771
 20
6.326347470803975
 10
-6.234513937254158
 20
6.328789706696147
 10
-6.2349020059410005
 20
6.331229991108237
 10
-6.235289001383744
 20
6.333668329685544
 10
-6.235674922628467
 20
6.336104728015664
 10
-6.236059768723893
 20
6.338539191629104
 10
-6.236443538721381
 20
6.340971725999856
 10
-6.2368262316749385
 20
6.343402336546021
 10
-6.23720784664122
 20
6.345831028630393
 10
-6.237588382679528
 20
6.348257807561021
 10
-6.237967838851816
 20
6.350682678591781
 10
-6.238346214222693
 20
6.353105646922966
 10
-6.238723507859426
 20
6.355526717701807
 10
-6.239099718831938
 20
6.357945896023048
 10
-6.239474846212817
 20
6.360363186929479
 10
-6.239848889077312
 20
6.362778595412466
 10
-6.240221846503339
 20
6.365192126412487
 10
-6.240593717571487
 20
6.367603784819644
 10
-6.24096450136501
 20
6.370013575474193
 10
-6.24133419696984
 20
6.37242150316704
 10
-6.241702803474583
 20
6.374827572640237
 10
-6.242070319970524
 20
6.3772317885874905
 10
-6.242436745551629
 20
6.37963415565465
 10
-6.242802079314547
 20
6.382034678440175
 10
-6.243166320358612
 20
6.384433361495631
 10
-6.243529467785847
 20
6.386830209326139
 10
-6.243891520700965
 20
6.3892252263908675
 10
-6.244252478211369
 20
6.391618417103462
 10
-6.244612339427159
 20
6.394009785832522
 10
-6.2449711034611335
 20
6.396399336902031
 10
-6.245328769428786
 20
6.398787074591805
 10
-6.245685336448317
 20
6.401173003137936
 10
-6.246040803640627
 20
6.403557126733209
 10
-6.246395170129324
 20
6.4059394495275415
 10
-6.2467484350407245
 20
6.4083199756283875
 10
-6.247100597503857
 20
6.410698709101175
 10
-6.247451656650459
 20
6.413075653969694
 10
-6.247801611614989
 20
6.415450814216512
 10
-6.248150461534618
 20
6.417824193783375
 10
-6.24849820554924
 20
6.420195796571603
 10
-6.24884484280147
 20
6.422565626442481
 10
-6.2491903724366455
 20
6.4249336872176315
 10
-6.249534793602832
 20
6.427299982679422
 10
-6.249878105450823
 20
6.4296645165713135
 10
-6.250220307134143
 20
6.432027292598245
 10
-6.250561397809049
 20
6.434388314427014
 10
-6.250901376634534
 20
6.436747585686617
 10
-6.251240242772326
 20
6.439105109968622
 10
-6.251577995386896
 20
6.441460890827521
 10
-6.251914633645451
 20
6.443814931781074
 10
-6.252250156717948
 20
6.4461672363106635
 10
-6.252584563777085
 20
6.448517807861639
 10
-6.2529178539983095
 20
6.450866649843639
 10
-6.25325002655982
 20
6.453213765630942
 10
-6.253581080642565
 20
6.455559158562791
 10
-6.2539110154302495
 20
6.4579028319437235
 10
-6.254239830109332
 20
6.460244789043886
 10
-6.2545675238690315
 20
6.4625850330993515
 10
-6.254894095901328
 20
6.464923567312453
 10
-6.255219545400961
 20
6.467260394852078
 10
-6.255543871565437
 20
6.4695955188539696
 10
-6.255867073595029
 20
6.471928942421065
 10
-6.256189150692777
 20
6.474260668623751
 10
-6.256510102064494
 20
6.476590700500205
 10
-6.256829926918764
 20
6.478919041056656
 10
-6.257148624466946
 20
6.481245693267685
 10
-6.257466193923175
 20
6.483570660076525
 10
-6.257782634504366
 20
6.4858939443953325
 10
-6.258097945430215
 20
6.488215549105464
 10
-6.2584121259232
 20
6.490535477057768
 10
-6.258725175208583
 20
6.492853731072858
 10
-6.259037092514412
 20
6.49517031394137
 10
-6.259347877071528
 20
6.497485228424241
 10
-6.259657528113557
 20
6.499798477252977
 10
-6.259966044876921
 20
6.502110063129912
 10
-6.260273426600834
 20
6.504419988728467
 10
-6.26057967252731
 20
6.506728256693403
 10
-6.260884781901158
 20
6.509034869641088
 10
-6.2611887539699875
 20
6.511339830159728
 10
-6.261491587984213
 20
6.513643140809643
 10
-6.261793283197049
 20
6.515944804123483
 10
-6.262093838864518
 20
6.518244822606489
 10
-6.262393254245452
 20
6.520543198736734
 10
-6.262691528601489
 20
6.5228399349653445
 10
-6.262988661197081
 20
6.525135033716758
 10
-6.263284651299494
 20
6.5274284973889305
 10
-6.263579498178807
 20
6.529720328353598
 10
-6.263873201107918
 20
6.5320105289564685
 10
-6.264165759362543
 20
6.534299101517475
 10
-6.264457172221218
 20
6.536586048330992
 10
-6.264747438965305
 20
6.538871371666035
 10
-6.265036558878986
 20
6.541155073766509
 10
-6.265324531249274
 20
6.543437156851405
 10
-6.265611355366004
 20
6.545717623115018
 10
-6.265897030521847
 20
6.547996474727162
 10
-6.266181556012303
 20
6.5502737138333655
 10
-6.266464931135705
 20
6.552549342555099
 10
-6.26674715519322
 20
6.5548233629899615
 10
-6.267028227488855
 20
6.557095777211886
 10
-6.267308147329454
 20
6.5593665872713505
 10
-6.267586914024703
 20
6.5616357951955635
 10
-6.267864526887127
 20
6.563903402988662
 10
-6.268140985232099
 20
6.566169412631915
 10
-6.268416288377834
 20
6.568433826083897
 10
-6.268690435645396
 20
6.570696645280701
 10
-6.268963426358699
 20
6.5729578721361035
 10
-6.269235259844506
 20
6.575217508541769
 10
-6.269505935432433
 20
6.577475556367421
 10
-6.269775452454953
 20
6.579732017461034
 10
-6.27004381024739
 20
6.581986893649005
 10
-6.270311008147929
 20
6.584240186736338
 10
-6.270577045497613
 20
6.586491898506815
 10
-6.270841921640347
 20
6.588742030723177
 10
-6.271105635922896
 20
6.590990585127292
 10
-6.271368187694892
 20
6.593237563440333
 10
-6.2716295763088326
 20
6.59548296736294
 10
-6.271889801120079
 20
6.597726798575383
 10
-6.272148861486867
 20
6.599969058737751
 10
-6.2724067567703
 20
6.602209749490084
 10
-6.272663486334353
 20
6.604448872452567
 10
-6.272919049545877
 20
6.606686429225669
 10
-6.273173445774597
 20
6.6089224213903055
 10
-6.273426674393114
 20
6.611156850508012
 10
-6.273678734776913
 20
6.613389718121087
 10
-6.273929626304352
 20
6.61562102575274
 10
-6.274179348356677
 20
6.617850774907265
 10
-6.2744279003180115
 20
6.620078967070173
 10
-6.274675281575369
 20
6.6223056037083525
 10
-6.274921491518646
 20
6.6245306862702185
 10
-6.275166529540629
 20
6.626754216185856
 10
-6.275410395036993
 20
6.628976194867166
 10
-6.275653087406305
 20
6.6311966237080116
 10
-6.275894606050022
 20
6.633415504084358
 10
-6.276134950372498
 20
6.635632837354417
 10
-6.27637411978098
 20
6.637848624858791
 10
-6.276612113685616
 20
6.6400628679206015
 10
-6.276848931499446
 20
6.642275567845636
 10
-6.277084572638415
 20
6.644486725922481
 10
-6.277319036521369
 20
6.646696343422651
 10
-6.277552322570055
 20
6.648904421600731
 10
-6.277784430209125
 20
6.651110961694511
 10
-6.278015358866138
 20
6.653315964925097
 10
-6.278245107971557
 20
6.655519432497072
 10
-6.2784736769587575
 20
6.6577213655985945
 10
-6.278701065264022
 20
6.659921765401544
 10
-6.278927272326547
 20
6.662120633061638
 10
-6.27915229758844
 20
6.664317969718569
 10
-6.279376140494723
 20
6.666513776496114
 10
-6.279598800493334
 20
6.668708054502262
 10
-6.279820277035129
 20
6.670900804829337
 10
-6.28004056957388
 20
6.6730920285541195
 10
-6.2802596775662805
 20
6.6752817267379605
 10
-6.280477600471945
 20
6.677469900426911
 10
-6.2806943377534115
 20
6.679656550651814
 10
-6.280909888876138
 20
6.681841678428457
 10
-6.281124253308513
 20
6.6840252847576505
 10
-6.281337430521846
 20
6.686207370625358
 10
-6.28154941999038
 20
6.6883879370028225
 10
-6.281760221191282
 20
6.690566984846653
 10
-6.281969833604653
 20
6.692744515098944
 10
-6.282178256713524
 20
6.694920528687393
 10
-6.282385490003859
 20
6.697095026525403
 10
-6.282591532964558
 20
6.699268009512181
 10
-6.282796385087455
 20
6.701439478532868
 10
-6.28300004586732
 20
6.703609434458612
 10
-6.283202514801864
 20
6.705777878146708
 10
-6.283403791391736
 20
6.707944810440669
 10
-6.283603875140524
 20
6.710110232170354
 10
-6.283802765554761
 20
6.712274144152062
 10
-6.28400046214392
 20
6.714436547188619
 10
-6.2841969644204205
 20
6.716597442069493
 10
-6.284392271899629
 20
6.718756829570902
 10
-6.284586384099852
 20
6.720914710455883
 10
-6.284779300542354
 20
6.723071085474413
 10
-6.28497102075134
 20
6.725225955363501
 10
-6.28516154425397
 20
6.727379320847275
 10
-6.285350870580355
 20
6.729531182637087
 10
-6.285538999263555
 20
6.731681541431602
 10
-6.285725929839591
 20
6.733830397916888
 10
-6.285911661847432
 20
6.7359777527665194
 10
-6.286096194829009
 20
6.7381236066416506
 10
-6.286279528329204
 20
6.74026796019112
 10
-6.2864616618958635
 20
6.742410814051547
 10
-6.286642595079791
 20
6.744552168847394
 10
-6.28682232743475
 20
6.7466920251910825
 10
-6.287000858517468
 20
6.748830383683065
 10
-6.287178187887633
 20
6.750967244911914
 10
-6.287354315107899
 20
6.753102609454418
 10
-6.287529239743885
 20
6.755236477875651
 10
-6.287702961364174
 20
6.757368850729059
 10
-6.28787547954032
 20
6.759499728556566
 10
-6.288046793846842
 20
6.761629111888627
 10
-6.2882169038612306
 20
6.763757001244332
 10
-6.2883858091639455
 20
6.765883397131467
 10
-6.288553509338419
 20
6.768008300046619
 10
-6.288720003971055
 20
6.770131710475238
 10
-6.288885292651232
 20
6.7722536288917246
 10
-6.289049374971303
 20
6.774374055759509
 10
-6.289212250526596
 20
6.77649299153112
 10
-6.289373918915417
 20
6.77861043664828
 10
-6.289534379739048
 20
6.780726391541965
 10
-6.28969363260175
 20
6.782840856632485
 10
-6.289851677110764
 20
6.784953832329567
 10
-6.290008512876314
 20
6.787065319032424
 10
-6.290164139511601
 20
6.78917531712983
 10
-6.290318556632811
 20
6.791283827000189
 10
-6.290471763859115
 20
6.793390849011619
 10
-6.290623760812666
 20
6.795496383522019
 10
-6.290774547118603
 20
6.797600430879129
 10
-6.290924122405053
 20
6.799702991420626
 10
-6.291072486303127
 20
6.801804065474174
 10
-6.291219638446928
 20
6.803903653357507
 10
-6.291365578473546
 20
6.806001755378478
 10
-6.291510306023061
 20
6.808098371835163
 10
-6.291653820738545
 20
6.81019350301589
 10
-6.29179612226606
 20
6.8122871491993395
 10
-6.291937210254663
 20
6.8143793106545925
 10
-6.292077084356403
 20
6.816469987641202
 10
-6.292215744226324
 20
6.818559180409259
 10
-6.292353189522464
 20
6.820646889199462
 10
-6.29248941990586
 20
6.822733114243174
 10
-6.292624435040543
 20
6.8248178557624986
 10
-6.292758234593544
 20
6.826901113970337
 10
-6.292890818234891
 20
6.828982889070446
 10
-6.293022185637614
 20
6.831063181257509
 10
-6.29315233647774
 20
6.833141990717199
 10
-6.293281270434298
 20
6.83521931762624
 10
-6.293408987189323
 20
6.837295162152461
 10
-6.293535486427845
 20
6.839369524454868
 10
-6.293660767837905
 20
6.84144240468369
 10
-6.2937848311105435
 20
6.843513802980461
 10
-6.293907675939809
 20
6.84558371947806
 10
-6.294029302022754
 20
6.847652154300777
 10
-6.294149709059436
 20
6.849719107564372
 10
-6.294268896752925
 20
6.851784579376133
 10
-6.294386864809294
 20
6.853848569834936
 10
-6.294503612937627
 20
6.855911079031292
 10
-6.294619140850017
 20
6.857972107047422
 10
-6.294733448261567
 20
6.860031653957295
 10
-6.294846534890393
 20
6.862089719826692
 10
-6.294958400457619
 20
6.864146304713269
 10
-6.295069044687384
 20
6.866201408666596
 10
-6.29517846730684
 20
6.868255031728228
 10
-6.295286668046151
 20
6.870307173931742
 10
-6.295393646638495
 20
6.872357835302806
 10
-6.29549940282007
 20
6.874407015859225
 10
-6.295603936330083
 20
6.876454715610999
 10
-6.295707246910761
 20
6.878500934560368
 10
-6.295809334307349
 20
6.880545672701867
 10
-6.295910198268106
 20
6.882588930022384
 10
-6.296009838544312
 20
6.884630706501203
 10
-6.296108254890265
 20
6.88667100211006
 10
-6.296205447063283
 20
6.88870981681319
 10
-6.296301414823703
 20
6.890747150567377
 10
-6.296396157934884
 20
6.892783003322018
 10
-6.296489676163206
 20
6.894817375019146
 10
-6.296581969278069
 20
6.8968502655935
 10
-6.296673037051899
 20
6.89888167497257
 10
-6.2967628792601404
 20
6.900911603076636
 10
-6.296851495681265
 20
6.902940049818828
 10
-6.296938886096768
 20
6.904967015105169
 10
-6.297025050291168
 20
6.906992498834617
 10
-6.297109988052009
 20
6.909016500899123
 10
-6.297193699169862
 20
6.911039021183662
 10
-6.297276183438322
 20
6.913060059566299
 10
-6.297357440654014
 20
6.915079615918217
 10
-6.297437470616586
 20
6.917097690103775
 10
-6.297516273128718
 20
6.919114281980538
 10
-6.297593847996116
 20
6.921129391399347
 10
-6.297670195027515
 20
6.923143018204341
 10
-6.29774531403468
 20
6.925155162233005
 10
-6.297819204832404
 20
6.9271658233162245
 10
-6.297891867238511
 20
6.929175001278318
 10
-6.297963301073857
 20
6.931182695937091
 10
-6.2980335061623265
 20
6.933188907103865
 10
-6.298102482330838
 20
6.9351936345835306
 10
-6.29817022940934
 20
6.937196878174589
 10
-6.298236747230814
 20
6.939198637669189
 10
-6.298302035631275
 20
6.941198912853178
 10
-6.29836609444977
 20
6.9431977035061365
 10
-6.29842892352838
 20
6.945195009401406
 10
-6.298490522712221
 20
6.947190830306163
 10
-6.298550891849441
 20
6.949185165981435
 10
-6.298610030791225
 20
6.951178016182137
 10
-6.298667939391791
 20
6.953169380657136
 10
-6.298724617508395
 20
6.955159259149261
 10
-6.298780065001327
 20
6.957147651395369
 10
-6.298834281733914
 20
6.95913455712637
 10
-6.2988872675725185
 20
6.96111997606726
 10
-6.2989390223865405
 20
6.963103907937173
 10
-6.298989546048418
 20
6.965086352449418
 10
-6.299038838433625
 20
6.967067309311511
 10
-6.299086899420675
 20
6.96904677822521
 10
-6.299133728891117
 20
6.971024758886565
 10
-6.29917932672954
 20
6.973001250985943
 10
-6.299223692823573
 20
6.974976254208073
 10
-6.299266827063882
 20
6.976949768232075
 10
-6.2993087293441725
 20
6.978921792731508
 10
-6.299349399561191
 20
6.980892327374394
 10
-6.299388837614721
 20
6.982861371823265
 10
-6.299427043407589
 20
6.98482892573519
 10
-6.2994640168456595
 20
6.986794988761808
 10
-6.2994997578378396
 20
6.988759560549382
 10
-6.2995342662960745
 20
6.990722640738811
 10
-6.299567542135352
 20
6.992684228965679
 10
-6.299599585273702
 20
6.994644324860289
 10
-6.299630395632193
 20
6.996602928047686
 10
-6.299659973134938
 20
6.9985600381477076
 10
-6.29968831770909
 20
7.000515654775002
 10
-6.299715429284844
 20
7.002469777539076
 10
-6.299741307795438
 20
7.004422406044318
 10
-6.29976595317715
 20
7.006373539890033
 10
-6.299789365369305
 20
7.008323178670483
 10
-6.299811544314266
 20
7.010271321974907
 10
-6.29983248995744
 20
7.0122179693875655
 10
-6.299852202247279
 20
7.014163120487772
 10
-6.299870681135275
 20
7.016106774849912
 10
-6.299887926575964
 20
7.018048932043486
 10
-6.299903938526928
 20
7.01998959163315
 10
-6.299918716948788
 20
7.021928753178724
 10
-6.299932261805211
 20
7.023866416235238
 10
-6.299944573062907
 20
7.02580258035297
 10
-6.299955650691631
 20
7.027737245077455
 10
-6.299965494664178
 20
7.029670409949536
 10
-6.299974104956391
 20
7.031602074505384
 10
-6.299981481547155
 20
7.033532238276532
 10
-6.299987624418397
 20
7.035460900789906
 10
-6.299992533555091
 20
7.037388061567853
 10
-6.299996208945254
 20
7.039313720128166
 10
-6.299998650579946
 20
7.041237875984127
 10
-6.300000000000078
 20
7.044080974941805
  0
LWPOLYLINE
  5
E5
330
17
100
AcDbEntity
  8
20_CONTACT
100
AcDbPolyline
 90
2
 70
0
 10
-6.300000000000062
 20
1.5012826366316059
 10
-6.300000000000066
 20
2.955872810745353
  0
LWPOLYLINE
  5
E6
330
17
100
AcDbEntity
  8
20_CONTACT
100
AcDbPolyline
 90
2
 70
0
 10
-6.300000000000079
 20
7.044080974941808
 10
-6.300000000000083
 20
8.498671149055554
  0
LWPOLYLINE
  5
E7
330
17
100
AcDbEntity
  8
20_CONTACT
100
AcDbPolyline
 90
2
 70
0
 10
-2.8000000000000607
 20
1.5012826366316165
 10
-6.300000000000061
 20
1.5012826366316059
  0
LWPOLYLINE
  5
E8
330
17
100
AcDbEntity
  8
20_CONTACT
100
AcDbPolyline
 90
2
 70
0
 10
-2.8000000000000824
 20
8.498671149055564
 10
-6.300000000000082
 20
8.498671149055554
  0
LWPOLYLINE
  5
E9
330
17
100
AcDbEntity
  8
20_CONTACT
100
AcDbPolyline
 90
2
 70
0
 10
-2.8000000000000607
 20
1.501282636631613
 10
-2.8000000000000824
 20
8.498671149055564
  0
LWPOLYLINE
  5
EA
330
17
100
AcDbEntity
  8
20_CONTACT
100
AcDbPolyline
 90
2
 70
0
 10
-2.8000000000000824
 20
8.498671149055566
 10
-6.300000000000082
 20
8.498671149055554
  0
LWPOLYLINE
  5
EB
330
17
100
AcDbEntity
  8
20_CONTACT
100
AcDbPolyline
 90
2
 70
0
 10
-2.8000000000000824
 20
8.498671149055568
 10
-2.8000000000000855
 20
9.487555471370175
  0
LWPOLYLINE
  5
EC
330
17
100
AcDbEntity
  8
20_CONTACT
100
AcDbPolyline
 90
2
 70
0
 10
-6.300000000000083
 20
8.498671149055554
 10
-6.300000000000086
 20
9.487555471370163
  0
LWPOLYLINE
  5
ED
330
17
100
AcDbEntity
  8
20_CONTACT
100
AcDbPolyline
 90
2
 70
0
 10
-2.8000000000000607
 20
1.50128263663162
 10
-6.300000000000061
 20
1.5012826366316094
  0
LWPOLYLINE
  5
EE
330
17
100
AcDbEntity
  8
20_CONTACT
100
AcDbPolyline
 90
2
 70
0
 10
-2.8000000000000576
 20
0.5123983143170125
 10
-2.8000000000000607
 20
1.5012826366316183
  0
LWPOLYLINE
  5
EF
330
17
100
AcDbEntity
  8
20_CONTACT
100
AcDbPolyline
 90
2
 70
0
 10
-6.300000000000058
 20
0.5123983143169948
 10
-6.300000000000062
 20
1.5012826366316059
  0
LWPOLYLINE
  5
F0
330
17
100
AcDbEntity
  8
20_CONTACT
100
AcDbPolyline
 90
1001
 70
0
 10
-2.8000000000000576
 20
0.512398314317009
 10
-2.800000740223217
 20
0.5110542913897458
 10
-2.800002960890895
 20
0.5097104762376805
 10
-2.8000066619976494
 20
0.5083668719908143
 10
-2.800011843534386
 20
0.5070234817773684
 10
-2.8000185054883575
 20
0.5056803087237807
 10
-2.8000266478431644
 20
0.5043373559546911
 10
-2.8000362705787527
 20
0.5029946265929635
 10
-2.800047373671416
 20
0.501652123759655
 10
-2.8000599570937963
 20
0.5003098505740251
 10
-2.8000740208148818
 20
0.4989678101535322
 10
-2.8000895648000066
 20
0.49762600561382264
 10
-2.8001065890108556
 20
0.4962844400687363
 10
-2.800125093405458
 20
0.494943116630294
 10
-2.8001450779381925
 20
0.49360203840869055
 10
-2.8001665425597846
 20
0.49226120851230704
 10
-2.800189487217308
 20
0.4909206300476914
 10
-2.800213911854184
 20
0.4895803061195583
 10
-2.8002398164101825
 20
0.4882402398307928
 10
-2.800267200821422
 20
0.486900434282429
 10
-2.800296065020368
 20
0.48556089257366786
 10
-2.8003264089358355
 20
0.48422161780185746
 10
-2.8003582324929885
 20
0.482882613062495
 10
-2.8003915356133393
 20
0.48154388144922144
 10
-2.8004263182147495
 20
0.4802054260538231
 10
-2.80046258021143
 20
0.4788672499662123
 10
-2.800500321513942
 20
0.4775293562744434
 10
-2.8005395420291954
 20
0.47619174806469466
 10
-2.8005802416604504
 20
0.4748544284212688
 10
-2.8006224203073176
 20
0.47351740042659607
 10
-2.800666077865758
 20
0.47218066716121143
 10
-2.800711214228083
 20
0.47084423170377754
 10
-2.800757829282956
 20
0.46950809713105457
 10
-2.8008059229153908
 20
0.46817226651791266
 10
-2.800855495006753
 20
0.4668367429373248
 10
-2.800906545434759
 20
0.4655015294603597
 10
-2.8009590740734795
 20
0.4641666291561801
 10
-2.801013080793336
 20
0.4628320450920409
 10
-2.8010685654611036
 20
0.46149778033328026
 10
-2.80112552793991
 20
0.46016383794331794
 10
-2.8011839680892363
 20
0.458830220983657
 10
-2.8012438857649173
 20
0.45749693251387136
 10
-2.801305280819143
 20
0.45616397559160937
 10
-2.8013681531004573
 20
0.45483135327258317
 10
-2.8014325024537583
 20
0.4534990686105669
 10
-2.8014983287203
 20
0.45216712465740017
 10
-2.801565631737692
 20
0.4508355244629758
 10
-2.8016344113399
 20
0.44950427107523616
 10
-2.801704667357246
 20
0.44817336754017667
 10
-2.801776399616409
 20
0.4468428169018335
 10
-2.801849607940426
 20
0.4455126222022887
 10
-2.8019242921486898
 20
0.44418278648165277
 10
-2.8020004520569533
 20
0.4428533127780785
 10
-2.8020780874773275
 20
0.4415242041277452
 10
-2.802157198218282
 20
0.44019546356485684
 10
-2.8022377840846473
 20
0.43886709412164215
 10
-2.802319844877612
 20
0.4375390988283474
 10
-2.802403380394727
 20
0.4362114807132311
 10
-2.802488390429903
 20
0.4348842428025712
 10
-2.8025748747734136
 20
0.43355738812064537
 10
-2.802662833211893
 20
0.4322309196897347
 10
-2.8027522655283397
 20
0.43090484053012723
 10
-2.802843171502113
 20
0.4295791536601019
 10
-2.8029355509089386
 20
0.42825386209593397
 10
-2.803029403520905
 20
0.4269289688518878
 10
-2.8031247291064645
 20
0.42560447694020986
 10
-2.803221527430437
 20
0.42428038937113577
 10
-2.803319798254007
 20
0.422956709152869
 10
-2.8034195413347254
 20
0.4216334392915986
 10
-2.8035207564265114
 20
0.42031058279147615
 10
-2.8036234432796507
 20
0.41898814265462825
 10
-2.8037276016407975
 20
0.41766612188114216
 10
-2.8038332312529763
 20
0.4163445234690659
 10
-2.80394033185558
 20
0.4150233504143994
 10
-2.8040489031843716
 20
0.4137026057111033
 10
-2.804158944971486
 20
0.4123822923510847
 10
-2.804270456945429
 20
0.4110624133242009
 10
-2.8043834388310787
 20
0.4097429716182397
 10
-2.804497890349687
 20
0.4084239702189425
 10
-2.804613811218877
 20
0.40710541210997775
 10
-2.8047312011526495
 20
0.4057873002729462
 10
-2.804850059861378
 20
0.40446963768738264
 10
-2.8049703870518123
 20
0.40315242733073653
 10
-2.805092182427079
 20
0.40183567217838423
 10
-2.805215445686681
 20
0.40051937520362735
 10
-2.8053401765265003
 20
0.39920353937766784
 10
-2.8054663746387964
 20
0.39788816766962576
 10
-2.8055940397122097
 20
0.3965732630465286
 10
-2.80572317143176
 20
0.3952588284733043
 10
-2.805853769478847
 20
0.39394486691278807
 10
-2.8059858335312544
 20
0.3926313813257014
 10
-2.8061193632631465
 20
0.3913183746706661
 10
-2.8062543583450728
 20
0.3900058499041936
 10
-2.8063908184439645
 20
0.38869380998067804
 10
-2.806528743223141
 20
0.38738225785239777
 10
-2.8066681323423044
 20
0.38607119646951027
 10
-2.806808985457546
 20
0.38476062878005557
 10
-2.806951302221343
 20
0.3834505577299314
 10
-2.8070950822825615
 20
0.38214098626291815
 10
-2.807240325286457
 20
0.3808319173206556
 10
-2.807387030874675
 20
0.37952335384264835
 10
-2.8075351986852524
 20
0.37821529876625526
 10
-2.807684828352617
 20
0.3769077550266928
 10
-2.8078359195075904
 20
0.3756007255570335
 10
-2.8079884717773878
 20
0.3742942132881897
 10
-2.808142484785618
 20
0.3729882211489244
 10
-2.8082979581522873
 20
0.3716827520658441
 10
-2.808454891493797
 20
0.3703778089633847
 10
-2.8086132844229454
 20
0.36907339476382717
 10
-2.808773136548931
 20
0.3677695123872802
 10
-2.8089344474773505
 20
0.3664661647516745
 10
-2.809097216810201
 20
0.3651633547727702
 10
-2.809261444145881
 20
0.36386108536415485
 10
-2.809427129079192
 20
0.3625593594372223
 10
-2.8095942712013375
 20
0.3612581799011867
 10
-2.809762870099927
 20
0.3599575496630738
 10
-2.8099329253589733
 20
0.3586574716277138
 10
-2.8101044365588974
 20
0.3573579486977483
 10
-2.8102774032765265
 20
0.356058983773611
 10
-2.810451825085097
 20
0.35476057975354003
 10
-2.810627701554255
 20
0.35346273953356366
 10
-2.810805032250056
 20
0.3521654660075004
 10
-2.8109838167349688
 20
0.3508687620669644
 10
-2.8111640545678727
 20
0.349572630601342
 10
-2.8113457453040627
 20
0.34827707449781364
 10
-2.811528888495248
 20
0.3469820966413284
 10
-2.8117134836895543
 20
0.3456876999146097
 10
-2.8118995304315235
 20
0.3443938871981569
 10
-2.8120870282621167
 20
0.343100661370233
 10
-2.8122759767187135
 20
0.3418080253068698
 10
-2.8124663753351147
 20
0.3405159818818557
 10
-2.812658223641543
 20
0.3392245339667408
 10
-2.8128515211646428
 20
0.3379336844308263
 10
-2.813046267427483
 20
0.3366434361411663
 10
-2.8132424619495593
 20
0.33535379196256265
 10
-2.8134401042467907
 20
0.33406475475756814
 10
-2.813639193831526
 20
0.3327763273864619
 10
-2.8138397302125426
 20
0.3314885127072795
 10
-2.814041712895047
 20
0.33020131357577576
 10
-2.8142451413806775
 20
0.3289147328454458
 10
-2.8144500151675045
 20
0.3276287733675165
 10
-2.814656333750032
 20
0.3263434379909267
 10
-2.8148640966192
 20
0.32505872956235216
 10
-2.8150733032623823
 20
0.3237746509261772
 10
-2.8152839531633935
 20
0.3224912049245052
 10
-2.8154960458024836
 20
0.32120839439715176
 10
-2.815709580656345
 20
0.31992622218164435
 10
-2.8159245571981097
 20
0.31864469111320837
 10
-2.8161409748973534
 20
0.3173638040247777
 10
-2.8163588332200953
 20
0.31608356374698765
 10
-2.8165781316288
 20
0.3148039731081642
 10
-2.816798869582378
 20
0.3135250349343277
 10
-2.8170210465361882
 20
0.31224675204918917
 10
-2.8172446619420386
 20
0.3109691272741486
 10
-2.8174697152481882
 20
0.3096921634282843
 10
-2.8176962058993476
 20
0.30841586332835824
 10
-2.81792413333668
 20
0.3071402297888053
 10
-2.8181534969978044
 20
0.3058652656217422
 10
-2.8183842963167955
 20
0.3045909736369463
 10
-2.818616530724185
 20
0.3033173566418714
 10
-2.818850199646964
 20
0.3020444174416266
 10
-2.819085302508584
 20
0.3007721588389902
 10
-2.819321838728957
 20
0.29950058363439425
 10
-2.81955980772446
 20
0.29822969462592397
 10
-2.8197992089079333
 20
0.2969594946093217
 10
-2.8200400416886833
 20
0.2956899863779707
 10
-2.8202823054724844
 20
0.2944211727229078
 10
-2.82052599966158
 20
0.2931530564328053
 10
-2.8207711236546835
 20
0.2918856402939749
 10
-2.82101767684698
 20
0.2906189270903692
 10
-2.8212656586301286
 20
0.2893529196035711
 10
-2.821515068392263
 20
0.2880876206127869
 10
-2.8217659055179936
 20
0.2868230328948602
 10
-2.822018169388408
 20
0.2855591592242508
 10
-2.822271859381074
 20
0.2842960023730381
 10
-2.8225269748700406
 20
0.2830335651109195
 10
-2.8227835152258383
 20
0.281771850205212
 10
-2.823041479815483
 20
0.2805108604208346
 10
-2.823300868002475
 20
0.2792505985203224
 10
-2.823561679146802
 20
0.2779910672638035
 10
-2.8238239126049423
 20
0.27673226940902573
 10
-2.824087567729862
 20
0.2754742077113139
 10
-2.8243526438710207
 20
0.27421688492360197
 10
-2.824619140374371
 20
0.272960303796415
 10
-2.8248870565823623
 20
0.27170446707786233
 10
-2.8251563918339384
 20
0.27044937751364095
 10
-2.8254271454645425
 20
0.2691950378470356
 10
-2.8256993168061193
 20
0.26794145081890264
 10
-2.825972905187113
 20
0.2666886191676827
 10
-2.826247909932473
 20
0.2654365456293828
 10
-2.826524330363653
 20
0.2641852329375869
 10
-2.826802165798613
 20
0.2629346838234401
 10
-2.827081415551823
 20
0.26168490101566455
 10
-2.827362078934261
 20
0.26043588724052746
 10
-2.8276441552534184
 20
0.259187645221866
 10
-2.8279276438133
 20
0.2579401776810659
 10
-2.8282125439144252
 20
0.2566934873370723
 10
-2.8284988548538306
 20
0.25544757690637176
 10
-2.828786575925072
 20
0.2542024491029995
 10
-2.8290757064182253
 20
0.25295810663853935
 10
-2.8293662456198883
 20
0.2517145522221096
 10
-2.829658192813184
 20
0.2504717885603629
 10
-2.8299515472777586
 20
0.24922981835749347
 10
-2.830246308289789
 20
0.24798864431522283
 10
-2.8305424751219794
 20
0.24674826913279624
 10
-2.8308400470435657
 20
0.2455086955069934
 10
-2.831139023320316
 20
0.24426992613210707
 10
-2.8314394032145347
 20
0.2430319636999556
 10
-2.8317411859850607
 20
0.24179481089986687
 10
-2.832044370887273
 20
0.24055847041868184
 10
-2.83234895717309
 20
0.23932294494076167
 10
-2.8326549440909723
 20
0.23808823714795935
 10
-2.832962330885924
 20
0.23685434971964447
 10
-2.833271116799496
 20
0.235621285332682
 10
-2.8335813010697866
 20
0.23438904666143223
 10
-2.833892882931442
 20
0.23315763637775255
 10
-2.8342058616156613
 20
0.23192705715099393
 10
-2.8345202363501976
 20
0.23069731164799911
 10
-2.8348360063593576
 20
0.22946840253308487
 10
-2.8351531708640056
 20
0.22824033246805975
 10
-2.8354717290815654
 20
0.2270131041122152
 10
-2.8357916802260217
 20
0.22578672012231316
 10
-2.836113023507922
 20
0.2245611831525931
 10
-2.8364357581343786
 20
0.2233364958547579
 10
-2.8367598833090706
 20
0.2221126608779933
 10
-2.837085398232246
 20
0.22088968086893424
 10
-2.837412302100723
 20
0.21966755847168962
 10
-2.837740594107894
 20
0.21844629632781754
 10
-2.8380702734437246
 20
0.217225897076343
 10
-2.8384013392947582
 20
0.21600636335373302
 10
-2.838733790844117
 20
0.21478769779391804
 10
-2.839067627271502
 20
0.21356990302825807
 10
-2.839402847753199
 20
0.2123529816855747
 10
-2.839739451462079
 20
0.2111369363921245
 10
-2.840077437567598
 20
0.20992176977159538
 10
-2.8404168052358028
 20
0.20870748444512088
 10
-2.840757553629329
 20
0.20749408303126238
 10
-2.8410996819074077
 20
0.2062815681460144
 10
-2.8414431892258634
 20
0.20506994240279397
 10
-2.841788074737118
 20
0.20385920841244243
 10
-2.8421343375901933
 20
0.20264936878322537
 10
-2.842481976930712
 20
0.2014404261208238
 10
-2.842830991900901
 20
0.20023238302833057
 10
-2.8431813816395914
 20
0.1990252421062575
 10
-2.843533145282224
 20
0.1978190059525211
 10
-2.843886281960848
 20
0.1966136771624445
 10
-2.8442407908041245
 20
0.19540925832875367
 10
-2.8445966709373294
 20
0.1942057520415812
 10
-2.844953921482355
 20
0.19300316088844838
 10
-2.8453125415577127
 20
0.19180148745427417
 10
-2.8456725302785326
 20
0.19060073432137337
 10
-2.846033886756569
 20
0.18940090406944243
 10
-2.8463966101002014
 20
0.18820199927556835
 10
-2.8467606994144363
 20
0.1870040225142251
 10
-2.847126153800909
 20
0.18580697635725407
 10
-2.8474929723578875
 20
0.184610863373889
 10
-2.8478611541802734
 20
0.18341568613072745
 10
-2.8482306983596035
 20
0.1822214471917416
 10
-2.8486016039840543
 20
0.18102814911827458
 10
-2.8489738701384426
 20
0.17983579446903342
 10
-2.849347495904227
 20
0.17864438580008546
 10
-2.8497224803595125
 20
0.17745392566486196
 10
-2.850098822579051
 20
0.17626441661414738
 10
-2.8504765216342447
 20
0.17507586119608654
 10
-2.8508555765931467
 20
0.17388826195616858
 10
-2.8512359865204653
 20
0.17270162143723589
 10
-2.8516177504775646
 20
0.17151594217947697
 10
-2.852000867522469
 20
0.17033122672041578
 10
-2.8523853367098626
 20
0.1691474775949242
 10
-2.8527711570910936
 20
0.16796469733520958
 10
-2.853158327714177
 20
0.1667828884708129
 10
-2.853546847623795
 20
0.16560205352860713
 10
-2.8539367158613
 20
0.16442219503278643
 10
-2.8543279314647196
 20
0.16324331550488225
 10
-2.8547204934687542
 20
0.16206541746374192
 10
-2.855114400904784
 20
0.16088850342553584
 10
-2.855509652800867
 20
0.15971257590374854
 10
-2.855906248181747
 20
0.15853763740918048
 10
-2.85630418606885
 20
0.15736369044994447
 10
-2.8567034654802894
 20
0.15619073753145862
 10
-2.857104085430871
 20
0.15501878115645518
 10
-2.8575060449320895
 20
0.15384782382495565
 10
-2.8579093429921367
 20
0.15267786803429395
 10
-2.8583139786159
 20
0.15150891627910035
 10
-2.8587199508049683
 20
0.1503409710512873
 10
-2.85912725855763
 20
0.14917403484007608
 10
-2.8595359008688797
 20
0.1480081101319648
 10
-2.8599458767304182
 20
0.14684319941074264
 10
-2.860357185130656
 20
0.14567930515748095
 10
-2.8607698250547164
 20
0.14451642985053148
 10
-2.8611837954844352
 20
0.1433545759655246
 10
-2.8615990953983674
 20
0.14219374597536394
 10
-2.862015723771786
 20
0.1410339423502247
 10
-2.8624336795766867
 20
0.13987516755755713
 10
-2.8628529617817886
 20
0.13871742406207055
 10
-2.8632735693525406
 20
0.13756071432574046
 10
-2.863695501251118
 20
0.13640504080780325
 10
-2.8641187564364303
 20
0.13525040596475613
 10
-2.8645433338641215
 20
0.13409681225034653
 10
-2.864969232486573
 20
0.1329442621155792
 10
-2.8653964512529058
 20
0.1317927580087055
 10
-2.865824989108983
 20
0.130642302375227
 10
-2.8662548449974143
 20
0.12949289765788485
 10
-2.8666860178575564
 20
0.12834454629666503
 10
-2.867118506625516
 20
0.1271972507287895
 10
-2.867552310234153
 20
0.1260510133887216
 10
-2.867987427613083
 20
0.12490583670814992
 10
-2.8684238576886805
 20
0.12376172311600264
 10
-2.86886159938408
 20
0.12261867503842261
 10
-2.86930065161918
 20
0.12147669489879043
 10
-2.869741013310645
 20
0.12033578511770493
 10
-2.870182683371909
 20
0.11919594811297785
 10
-2.870625660713177
 20
0.11805718629964268
 10
-2.8710699442414285
 20
0.11691950208995117
 10
-2.8715155328604207
 20
0.1157828978933555
 10
-2.871962425470689
 20
0.11464737611652787
 10
-2.8724106209695526
 20
0.11351293916333205
 10
-2.872860118251115
 20
0.11237958943485005
 10
-2.873310916206268
 20
0.11124732932935011
 10
-2.8737630137226935
 20
0.11011616124230983
 10
-2.874216409684868
 20
0.10898608756639128
 10
-2.8746711029740624
 20
0.10785711069145343
 10
-2.875127092468347
 20
0.10672923300454684
 10
-2.8755843770425953
 20
0.10560245688989944
 10
-2.876042955568482
 20
0.10447678472893429
 10
-2.876502826914493
 20
0.10335221890024293
 10
-2.876963989945921
 20
0.10222876177960671
 10
-2.8774264435248726
 20
0.10110641573997547
 10
-2.87789018651027
 20
0.09998518315147464
 10
-2.8783552177578535
 20
0.09886506638139636
 10
-2.8788215361201854
 20
0.0977460677942048
 10
-2.879289140446651
 20
0.09662818975152376
 10
-2.879758029583464
 20
0.09551143461214373
 10
-2.8802282023736656
 20
0.09439580473201303
 10
-2.8806996576571318
 20
0.09328130246422894
 10
-2.881172394270573
 20
0.09216793015905544
 10
-2.881646411047538
 20
0.09105569016390191
 10
-2.8821217068184177
 20
0.0899445848233178
 10
-2.8825982804104453
 20
0.08883461647901214
 10
-2.8830761306477024
 20
0.08772578746982695
 10
-2.88355525635112
 20
0.0866181001317532
 10
-2.884035656338483
 20
0.0855115567979059
 10
-2.8845173294244297
 20
0.08440615979854726
 10
-2.8850002744204595
 20
0.08330191146106891
 10
-2.8854844901349317
 20
0.08219881410999008
 10
-2.8859699753730714
 20
0.08109687006695587
 10
-2.8864567289369703
 20
0.07999608165073724
 10
-2.88694474962559
 20
0.07889645117722566
 10
-2.887434036234767
 20
0.07779798095943313
 10
-2.887924587557214
 20
0.07670067330748687
 10
-2.8884164023825214
 20
0.07560453052862748
 10
-2.8889094794971633
 20
0.07450955492720546
 10
-2.889403817684499
 20
0.07341574880467938
 10
-2.889899415724776
 20
0.07232311445961592
 10
-2.8903962723951335
 20
0.07123165418767918
 10
-2.8908943864696037
 20
0.07014137028163958
 10
-2.8913937567191184
 20
0.06905226503136142
 10
-2.8918943819115075
 20
0.06796434072380464
 10
-2.8923962608115064
 20
0.06687759964301954
 10
-2.8928993921807553
 20
0.06579204407014849
 10
-2.8934037747778047
 20
0.06470767628342067
 10
-2.893909407358118
 20
0.06362449855814667
 10
-2.894416288674074
 20
0.06254251316672033
 10
-2.8949244174749706
 20
0.06146172237861691
 10
-2.8954337925070277
 20
0.06038212846038249
 10
-2.8959444125133884
 20
0.059303733675639236
 10
-2.8964562762341264
 20
0.058226540285081896
 10
-2.896969382406245
 20
0.057150550546472445
 10
-2.8974837297636817
 20
0.056075766714636543
 10
-2.8979993170373124
 20
0.05500219104146886
 10
-2.898516142954953
 20
0.05392982577591887
 10
-2.899034206241363
 20
0.052858673163990844
 10
-2.8995535056182495
 20
0.05178873544875451
 10
-2.9000740398042675
 20
0.050720014870325514
 10
-2.9005958075150278
 20
0.049652513665867204
 10
-2.9011188074630954
 20
0.048586234069595946
 10
-2.9016430383579968
 20
0.04752117831277047
 10
-2.9021684989062186
 20
0.04645734862369011
 10
-2.9026951878112164
 20
0.045394747227694765
 10
-2.9032231037734118
 20
0.044333376347159614
 10
-2.903752245490201
 20
0.043273238201502195
 10
-2.904282611655954
 20
0.0422143350071611
 10
-2.9048142009620213
 20
0.041156668977606614
 10
-2.9053470120967333
 20
0.040100242323338975
 10
-2.905881043745407
 20
0.039045057251884785
 10
-2.906416294590348
 20
0.03799111596778282
 10
-2.9069527633108514
 20
0.0369384206725929
 10
-2.9074904485832107
 20
0.03588697356489767
 10
-2.908029349080715
 20
0.03483677684029196
 10
-2.9085694634736554
 20
0.03378783269137209
 10
-2.9091107904293283
 20
0.03274014330775188
 10
-2.909653328612038
 20
0.03169371087604844
 10
-2.910197076683099
 20
0.03064853757988395
 10
-2.910742033300843
 20
0.029604625599871426
 10
-2.9112881971206166
 20
0.028561977113639614
 10
-2.91183556679479
 20
0.027520594295795675
 10
-2.9123841409727573
 20
0.026480479317951833
 10
-2.91293391830094
 20
0.025441634348700504
 10
-2.9134848974227907
 20
0.024404061553626732
 10
-2.9140370769787984
 20
0.023367763095302863
 10
-2.914590455606488
 20
0.022332741133284983
 10
-2.915145031940427
 20
0.021298997824100496
 10
-2.9157008046122277
 20
0.020266535321260548
 10
-2.9162577722505487
 20
0.01923535577525648
 10
-2.9168159334811024
 20
0.01820546133353851
 10
-2.9173752869266547
 20
0.017176854140538822
 10
-2.9179358312070303
 20
0.016149536337652037
 10
-2.9184975649391154
 20
0.015123510063233425
 10
-2.9190604867368615
 20
0.014098777452611344
 10
-2.9196245952112876
 20
0.013075340638065924
 10
-2.920189888970486
 20
0.012053201748830844
 10
-2.920756366619623
 20
0.01103236291110754
 10
-2.9213240267609457
 20
0.010012826248033235
 10
-2.9218928679937815
 20
0.00899459387970758
 10
-2.9224628889145436
 20
0.007977667923173115
 10
-2.9230340881167365
 20
0.006962050492417049
 10
-2.9236064641909545
 20
0.005947743698362373
 10
-2.9241800157248905
 20
0.004934749648883852
 10
-2.924754741303335
 20
0.00392307044878315
 10
-2.9253306395081826
 20
0.0029127081997994964
 10
-2.9259077089184347
 20
0.0019036650006025724
 10
-2.9264859481102024
 20
0.0008959429467960689
 10
-2.9270653556567106
 20
-0.00011045586909297356
 10
-2.927645930128301
 20
-0.0011155293576141645
 10
-2.9282276700924363
 20
-0.0021192754323937635
 10
-2.9288105741137036
 20
-0.003121692010138233
 10
-2.9293946407538174
 20
-0.00412277701063779
 10
-2.929979868571624
 20
-0.005122528356766409
 10
-2.930566256123103
 20
-0.006120943974488924
 10
-2.9311538019613748
 20
-0.007118021792861029
 10
-2.9317425046367
 20
-0.00811375974402928
 10
-2.9323323626964855
 20
-0.009108155763238202
 10
-2.9329233746852865
 20
-0.010101207788826727
 10
-2.9335155391448127
 20
-0.011092913762238865
 10
-2.9341088546139282
 20
-0.01208327162801659
 10
-2.9347033196286585
 20
-0.013072279333812276
 10
-2.9352989327221914
 20
-0.014059934830381593
 10
-2.935895692424883
 20
-0.015046236071599495
 10
-2.9364935972642603
 20
-0.016031181014442453
 10
-2.9370926457650235
 20
-0.017014767619007998
 10
-2.9376928364490515
 20
-0.017996993848511167
 10
-2.938294167835405
 20
-0.018977857669289833
 10
-2.938896638440331
 20
-0.01995735705080115
 10
-2.9395002467772633
 20
-0.02093548996562511
 10
-2.9401049913568307
 20
-0.021912254389478747
 10
-2.9407108706868574
 20
-0.022887648301198382
 10
-2.941317883272367
 20
-0.02386166968275738
 10
-2.9419260276155885
 20
-0.024834316519269706
 10
-2.9425353022159566
 20
-0.02580558679897571
 10
-2.9431457055701187
 20
-0.026775478513267004
 10
-2.943757236171936
 20
-0.027743989656670465
 10
-2.9443698925124884
 20
-0.028711118226857124
 10
-2.944983673080079
 20
-0.029676862224652822
 10
-2.9455985763602355
 20
-0.030641219654022223
 10
-2.946214600835717
 20
-0.03160418852209368
 10
-2.9468317449865147
 20
-0.0325657668391397
 10
-2.9474500072898584
 20
-0.033525952618598254
 10
-2.9480693862202174
 20
-0.03448474387705858
 10
-2.948689880249307
 20
-0.03544213863427892
 10
-2.9493114878460904
 20
-0.03639813491317945
 10
-2.949934207476783
 20
-0.037352730739842244
 10
-2.950558037604858
 20
-0.03830592414352907
 10
-2.9511829766910465
 20
-0.039257713156660046
 10
-2.951809023193344
 20
-0.04020809581483853
 10
-2.9524361755670134
 20
-0.041157070156844
 10
-2.9530644322645903
 20
-0.04210463422462851
 10
-2.9536937917358834
 20
-0.043050786063330904
 10
-2.954324252427981
 20
-0.043995523721267915
 10
-2.954955812785255
 20
-0.04493884524995018
 10
-2.955588471249364
 20
-0.04588074870406622
 10
-2.9562222262592552
 20
-0.04682123214150913
 10
-2.9568570762511728
 20
-0.04776029362334633
 10
-2.957493019658657
 20
-0.04869793121386046
 10
-2.958130054912551
 20
-0.04963414298051738
 10
-2.9587681804410044
 20
-0.05056892699398752
 10
-2.9594073946694763
 20
-0.05150228132814938
 10
-2.960047696020739
 20
-0.052434204060078926
 10
-2.960689082914883
 20
-0.053364693270060215
 10
-2.9613315537693197
 20
-0.05429374704159251
 10
-2.9619751069987865
 20
-0.05522136346138318
 10
-2.9626197410153496
 20
-0.05614754061935123
 10
-2.96326545422841
 20
-0.057072276608638006
 10
-2.9639122450447024
 20
-0.05799556952560003
 10
-2.964560111868307
 20
-0.05891741746981971
 10
-2.965209053100646
 20
-0.059837818544094645
 10
-2.9658590671404905
 20
-0.060756770854458964
 10
-2.9665101523839668
 20
-0.06167427251016733
 10
-2.967162307224556
 20
-0.06259032162370914
 10
-2.9678155300531017
 20
-0.06350491631080679
 10
-2.9684698192578103
 20
-0.06441805469041739
 10
-2.969125173224259
 20
-0.06532973488473637
 10
-2.969781590335396
 20
-0.06623995501920099
 10
-2.9704390689715474
 20
-0.0671487132224815
 10
-2.97109760751042
 20
-0.06805600762650776
 10
-2.971757204327106
 20
-0.06896183636644615
 10
-2.9724178577940843
 20
-0.06986619758071733
 10
-2.9730795662812284
 20
-0.07076908941099092
 10
-2.9737423281558084
 20
-0.07167051000219438
 10
-2.9744061417824947
 20
-0.0725704575025059
 10
-2.9750710055233633
 20
-0.07346893006336863
 10
-2.9757369177378985
 20
-0.07436592583948176
 10
-2.9764038767829972
 20
-0.07526144298880943
 10
-2.9770718810129746
 20
-0.07615547967258429
 10
-2.9777409287795655
 20
-0.07704803405530036
 10
-2.978411018431932
 20
-0.07793910430472906
 10
-2.979082148316663
 20
-0.07882868859191206
 10
-2.979754316777782
 20
-0.07971678509116131
 10
-2.9804275221567504
 20
-0.08060339198007149
 10
-2.9811017627924694
 20
-0.08148850743951641
 10
-2.981777037021288
 20
-0.08237212965364726
 10
-2.9824533431770024
 20
-0.08325425680989973
 10
-2.9831306795908645
 20
-0.08413488709900285
 10
-2.9838090445915846
 20
-0.08501401871496306
 10
-2.984488436505332
 20
-0.08589164985508724
 10
-2.985168853655746
 20
-0.0867677787199721
 10
-2.9858502943639333
 20
-0.08764240351350416
 10
-2.9865327569484768
 20
-0.08851552244287397
 10
-2.9872162397254365
 20
-0.08938713371857254
 10
-2.987900741008357
 20
-0.0902572355543878
 10
-2.9885862591082684
 20
-0.09112582616741349
 10
-2.9892727923336926
 20
-0.09199290377805447
 10
-2.989960338990646
 20
-0.09285846661001607
 10
-2.9906488973826457
 20
-0.0937225128903254
 10
-2.991338465810712
 20
-0.09458504084931185
 10
-2.992029042573372
 20
-0.09544604872062301
 10
-2.992720625966666
 20
-0.0963055347412336
 10
-2.99341321428415
 20
-0.09716349715142591
 10
-2.9941068058169003
 20
-0.09801993419481114
 10
-2.994801398853519
 20
-0.09887484411832226
 10
-2.9954969916801355
 20
-0.09972822517221758
 10
-2.996193582580413
 20
-0.10058007561009141
 10
-2.996891169835552
 20
-0.10143039368885987
 10
-2.9975897517242953
 20
-0.10227917766877859
 10
-2.998289326522931
 20
-0.10312642581343567
 10
-2.9989898925052967
 20
-0.10397213638975877
 10
-2.999691447942785
 20
-0.10481630766801509
 10
-3.000393991104347
 20
-0.10565893792180958
 10
-3.0010975202564962
 20
-0.10650002542809922
 10
-3.001802033663315
 20
-0.10733956846717874
 10
-3.0025075295864547
 20
-0.10817756532270018
 10
-3.0032140062851442
 20
-0.10901401428166047
 10
-3.0039214620161916
 20
-0.1098489136344103
 10
-3.00462989503399
 20
-0.11068226167465944
 10
-3.0053393035905205
 20
-0.11151405669946968
 10
-3.0060496859353574
 20
-0.11234429700926363
 10
-3.0067610403156726
 20
-0.1131729809078319
 10
-3.0074733649762386
 20
-0.11400010670231531
 10
-3.0081866581594356
 20
-0.11482567270323507
 10
-3.008900918105252
 20
-0.11564967722447683
 10
-3.009616143051292
 20
-0.1164721185832871
 10
-3.010332331232779
 20
-0.11729299510029811
 10
-3.0110494808825585
 20
-0.11811230509950654
 10
-3.011767590231105
 20
-0.11893004690829123
 10
-3.0124866575065252
 20
-0.11974621885740966
 10
-3.0132066809345606
 20
-0.12056081928100149
 10
-3.013927658738594
 20
-0.121373846516585
 10
-3.014649589139655
 20
-0.12218529890506247
 10
-3.0153724703564215
 20
-0.12299517479073607
 10
-3.0160963006052244
 20
-0.1238034725212831
 10
-3.0168210781000546
 20
-0.12461019044777899
 10
-3.0175468010525655
 20
-0.1254153269246956
 10
-3.018273467672077
 20
-0.12621888030989403
 10
-3.0190010761655808
 20
-0.12702084896463894
 10
-3.0197296247377454
 20
-0.12782123125359313
 10
-3.0204591115909185
 20
-0.1286200255448211
 10
-3.0211895349251336
 20
-0.1294172302097909
 10
-3.021920892938114
 20
-0.1302128436233847
 10
-3.022653183825275
 20
-0.13100686416388108
 10
-3.023386405779732
 20
-0.13179929021297987
 10
-3.024120556992302
 20
-0.13259012015578442
 10
-3.0248556356515097
 20
-0.13337935238082288
 10
-3.025591639943591
 20
-0.13416698528003046
 10
-3.0263285680524983
 20
-0.13495301724877073
 10
-3.0270664181599045
 20
-0.1357374466858179
 10
-3.027805188445207
 20
-0.1365202719933798
 10
-3.028544877085534
 20
-0.1373014915770856
 10
-3.0292854822557467
 20
-0.13808110384598749
 10
-3.0300270021284446
 20
-0.1388591072125731
 10
-3.0307694348739718
 20
-0.13963550009276027
 10
-3.031512778660419
 20
-0.14041028090589336
 10
-3.0322570316536286
 20
-0.14118344807476468
 10
-3.033002192017201
 20
-0.14195500002559314
 10
-3.033748257912496
 20
-0.14272493518804374
 10
-3.03449522749864
 20
-0.14349325199521878
 10
-3.0352430989325305
 20
-0.14425994888367022
 10
-3.035991870368838
 20
-0.14502502429338726
 10
-3.0367415399600137
 20
-0.1457884766678159
 10
-3.0374921058562925
 20
-0.14655030445384476
 10
-3.038243566205698
 20
-0.14731050610181917
 10
-3.0389959191540457
 20
-0.1480690800655342
 10
-3.0397491628449496
 20
-0.14882602480224527
 10
-3.0405032954198266
 20
-0.14958133877266455
 10
-3.041258315017899
 20
-0.15033502044095748
 10
-3.042014219776201
 20
-0.15108706827476048
 10
-3.0427710078295824
 20
-0.15183748074517034
 10
-3.043528677310715
 20
-0.1525862563267495
 10
-3.044287226350094
 20
-0.15333339349752784
 10
-3.045046653076046
 20
-0.15407889073900627
 10
-3.0458069556147302
 20
-0.15482274653615669
 10
-3.0465681320901474
 20
-0.15556495937742554
 10
-3.0473301806241393
 20
-0.15630552775473383
 10
-3.0480930993363975
 20
-0.15704445016348423
 10
-3.048856886344466
 20
-0.15778172510255217
 10
-3.0496215397637467
 20
-0.1585173510743001
 10
-3.0503870577075047
 20
-0.15925132658457564
 10
-3.0511534382868697
 20
-0.1599836501427081
 10
-3.051920679610844
 20
-0.16071432026151733
 10
-3.052688779786308
 20
-0.16144333545730838
 10
-3.053457736918019
 20
-0.16217069424988217
 10
-3.054227549108624
 20
-0.16289639516253196
 10
-3.054998214458658
 20
-0.16362043672204862
 10
-3.0557697310665515
 20
-0.16434281745871537
 10
-3.056542097028634
 20
-0.16506353590631662
 10
-3.0573153104391406
 20
-0.1657825906021433
 10
-3.0580893693902143
 20
-0.16649998008698041
 10
-3.0588642719719124
 20
-0.16721570290512666
 10
-3.0596400162722106
 20
-0.1679297576043819
 10
-3.0604166003770077
 20
-0.16864214273605782
 10
-3.0611940223701297
 20
-0.16935285685497803
 10
-3.0619722803333373
 20
-0.17006189851947262
 10
-3.0627513723463258
 20
-0.170769266291396
 10
-3.063531296486735
 20
-0.17147495873611085
 10
-3.0643120508301496
 20
-0.17217897442250418
 10
-3.0650936334501075
 20
-0.1728813119229784
 10
-3.065876042418102
 20
-0.17358196981346197
 10
-3.0666592758035884
 20
-0.17428094667340588
 10
-3.067443331673986
 20
-0.1749782410857872
 10
-3.0682282080946868
 20
-0.17567385163711258
 10
-3.0690139031290573
 20
-0.1763677769174148
 10
-3.0698004148384443
 20
-0.17706001552026507
 10
-3.0705877412821794
 20
-0.17775056604275896
 10
-3.071375880517584
 20
-0.17843942708553762
 10
-3.0721648305999745
 20
-0.17912659725276647
 10
-3.072954589582666
 20
-0.17981207515216546
 10
-3.073745155516978
 20
-0.18049585939498236
 10
-3.0745365264522397
 20
-0.18117794859601766
 10
-3.0753287004357923
 20
-0.18185834137361034
 10
-3.076121675512998
 20
-0.18253703634964857
 10
-3.07691544972724
 20
-0.1832140321495661
 10
-3.0777100211199313
 20
-0.18388932740234942
 10
-3.0785053877305177
 20
-0.18456292074054126
 10
-3.0793015475964824
 20
-0.1852348108002264
 10
-3.0800984987533524
 20
-0.1859049962210566
 10
-3.0808962392347015
 20
-0.1865734756462345
 10
-3.0816947670721557
 20
-0.18724024772252612
 10
-3.082494080295399
 20
-0.1879053111002591
 10
-3.083294176932177
 20
-0.18856866443331732
 10
-3.084095055008303
 20
-0.18923030637915694
 10
-3.0848967125476614
 20
-0.18989023559879392
 10
-3.085699147572215
 20
-0.1905484507568218
 10
-3.0865023581020057
 20
-0.19120495052139752
 10
-3.0873063421551645
 20
-0.19185973356424846
 10
-3.088111097747912
 20
-0.1925127985606796
 10
-3.0889166228945664
 20
-0.19316414418956818
 10
-3.0897229156075463
 20
-0.19381376913337256
 10
-3.0905299738973775
 20
-0.1944616720781287
 10
-3.091337795772696
 20
-0.19510785171345368
 10
-3.092146379240253
 20
-0.19575230673254573
 10
-3.0929557223049224
 20
-0.1963950358321842
 10
-3.093765822969703
 20
-0.19703603771274203
 10
-3.094576679235724
 20
-0.19767531107817504
 10
-3.0953882891022513
 20
-0.19831285463602732
 10
-3.0962006505666904
 20
-0.19894866709744008
 10
-3.0970137616245927
 20
-0.19958274717714275
 10
-3.0978276202696606
 20
-0.20021509359346013
 10
-3.0986422244937506
 20
-0.2008457050683159
 10
-3.099457572286881
 20
-0.20147458032722554
 10
-3.1002736616372353
 20
-0.20210171809931232
 10
-3.1010904905311665
 20
-0.2027271171172984
 10
-3.101908056953204
 20
-0.2033507761175084
 10
-3.1027263588860556
 20
-0.20397269383987116
 10
-3.1035453943106175
 20
-0.20459286902792684
 10
-3.1043651612059726
 20
-0.20521130042881452
 10
-3.1051856575494012
 20
-0.2058279867932935
 10
-3.106006881316384
 20
-0.20644292687573262
 10
-3.1068288304806053
 20
-0.2070561194341085
 10
-3.107651503013961
 20
-0.207667563230018
 10
-3.108474896886561
 20
-0.2082772570286764
 10
-3.109299010066737
 20
-0.20888519959891383
 10
-3.110123840521045
 20
-0.2094913897131807
 10
-3.11094938621427
 20
-0.21009582614755296
 10
-3.1117756451094354
 20
-0.21069850768172493
 10
-3.112602615167802
 20
-0.21129943309901833
 10
-3.113430294348877
 20
-0.2118986011863857
 10
-3.1142586806104187
 20
-0.21249601073440338
 10
-3.1150877719084398
 20
-0.21309166053727857
 10
-3.115917566197213
 20
-0.21368554939285112
 10
-3.116748061429278
 20
-0.21427767610259352
 10
-3.1175792555554436
 20
-0.2148680394716127
 10
-3.1184111465247955
 20
-0.21545663830865713
 10
-3.1192437322846995
 20
-0.21604347142610614
 10
-3.1200770107808067
 20
-0.2166285376399859
 10
-3.1209109799570594
 20
-0.21721183576996062
 10
-3.1217456377556956
 20
-0.21779336463933419
 10
-3.1225809821172548
 20
-0.21837312307506274
 10
-3.1234170109805817
 20
-0.21895110990774214
 10
-3.1242537222828326
 20
-0.21952732397162222
 10
-3.12509111395948
 20
-0.22010176410459614
 10
-3.125929183944318
 20
-0.22067442914821633
 10
-3.126767930169466
 20
-0.22124531794767854
 10
-3.1276073505653765
 20
-0.22181442935183782
 10
-3.128447443060837
 20
-0.22238176221320494
 10
-3.129288205582978
 20
-0.22294731538794643
 10
-3.130129636057276
 20
-0.22351108773589168
 10
-3.1309717324075597
 20
-0.2240730781205258
 10
-3.1318144925560154
 20
-0.2246332854090003
 10
-3.1326579144231905
 20
-0.225191708472126
 10
-3.133501995928001
 20
-0.2257483461843819
 10
-3.134346734987734
 20
-0.22630319742391158
 10
-3.1351921295180563
 20
-0.2268562610725322
 10
-3.1360381774330146
 20
-0.22740753601572017
 10
-3.1368848766450457
 20
-0.22795702114263783
 10
-3.137732225064979
 20
-0.2285047153461104
 10
-3.138580220602041
 20
-0.22905061752263656
 10
-3.139428861163863
 20
-0.22959472657239566
 10
-3.1402781446564845
 20
-0.2301370413992423
 10
-3.141128068984359
 20
-0.23067756091071168
 10
-3.1419786320503564
 20
-0.23121628401801964
 10
-3.1428298317557744
 20
-0.23175320963605905
 10
-3.1436816660003366
 20
-0.2322883366834123
 10
-3.144534132682204
 20
-0.2328216640823424
 10
-3.145387229697975
 20
-0.23335319075880356
 10
-3.1462409549426926
 20
-0.2338829156424307
 10
-3.1470953063098515
 20
-0.23441083766655701
 10
-3.147950281691401
 20
-0.2349369557681964
 10
-3.14880587897775
 20
-0.23546126888806462
 10
-3.149662096057773
 20
-0.2359837759705652
 10
-3.1505189308188166
 20
-0.23650447596379998
 10
-3.151376381146702
 20
-0.23702336781956568
 10
-3.1522344449257327
 20
-0.2375404504933556
 10
-3.1530931200386974
 20
-0.23805572294436672
 10
-3.1539524043668767
 20
-0.23856918413549444
 10
-3.15481229579005
 20
-0.23908083303333783
 10
-3.1556727921864955
 20
-0.2395906686081961
 10
-3.156533891433002
 20
-0.24009868983407934
 10
-3.1573955914048697
 20
-0.24060489568870302
 10
-3.158257889975915
 20
-0.2411092851534864
 10
-3.15912078501848
 20
-0.24161185721356127
 10
-3.159984274403434
 20
-0.24211261085776847
 10
-3.1608483560001788
 20
-0.24261154507866856
 10
-3.1617130276766567
 20
-0.24310865887252397
 10
-3.1625782872993535
 20
-0.24360395123932754
 10
-3.1634441327333045
 20
-0.24409742118277045
 10
-3.1643105618420995
 20
-0.24458906771027422
 10
-3.165177572487888
 20
-0.245078889832973
 10
-3.166045162531385
 20
-0.245566886565733
 10
-3.1669133298318752
 20
-0.24605305692712776
 10
-3.167782072247221
 20
-0.2465373999394611
 10
-3.1686513876338633
 20
-0.24701991462876371
 10
-3.169521273846831
 20
-0.2475006000247877
 10
-3.1703917287397445
 20
-0.2479794551610155
 10
-3.1712627501648205
 20
-0.24845647907465818
 10
-3.1721343359728778
 20
-0.24893167080665535
 10
-3.173006484013344
 20
-0.24940502940167697
 10
-3.1738791921342573
 20
-0.249876553908134
 10
-3.174752458182277
 20
-0.2503462433781589
 10
-3.1756262800026827
 20
-0.25081409686763045
 10
-3.1765006554393844
 20
-0.2512801134361542
 10
-3.177375582334927
 20
-0.25174429214708205
 10
-3.1782510585304933
 20
-0.25220663206750515
 10
-3.1791270818659108
 20
-0.25266713226824855
 10
-3.1800036501796587
 20
-0.2531257918238836
 10
-3.1808807613088694
 20
-0.2535826098127263
 10
-3.181758413089338
 20
-0.2540375853168353
 10
-3.1826366033555242
 20
-0.25449071742201035
 10
-3.18351532994056
 20
-0.25494200521780996
 10
-3.184394590676254
 20
-0.2553914477975301
 10
-3.185274383393096
 20
-0.2558390442582219
 10
-3.1861547059202655
 20
-0.2562847937006829
 10
-3.1870355560856325
 20
-0.2567286952294694
 10
-3.1879169317157654
 20
-0.25717074795288397
 10
-3.1887988306359385
 20
-0.2576109509829898
 10
-3.1896812506701315
 20
-0.25804930343559995
 10
-3.1905641896410417
 20
-0.25848580443029157
 10
-3.1914476453700833
 20
-0.25892045309039524
 10
-3.1923316156773978
 20
-0.2593532485430021
 10
-3.193216098381855
 20
-0.2597841899189639
 10
-3.194101091301063
 20
-0.2602132763528946
 10
-3.194986592251368
 20
-0.2606405069831741
 10
-3.195872599047865
 20
-0.2610658809519393
 10
-3.1967591095044012
 20
-0.2614893974051018
 10
-3.197646121433579
 20
-0.2619110554923356
 10
-3.1985336326467655
 20
-0.26233085436708414
 10
-3.199421640954095
 20
-0.26274879318655486
 10
-3.200310144164476
 20
-0.26316487111173537
 10
-3.2011991400855955
 20
-0.2635790873073738
 10
-3.202088626523924
 20
-0.26399144094199833
 10
-3.2029786012847246
 20
-0.2644019311879102
 10
-3.203869062172052
 20
-0.2648105572211854
 10
-3.204760006988764
 20
-0.2652173182216746
 10
-3.205651433536523
 20
-0.26562221337300507
 10
-3.2065433396158047
 20
-0.26602524186258414
 10
-3.207435723025899
 20
-0.266426402881601
 10
-3.208328581564921
 20
-0.266825695625025
 10
-3.209221913029811
 20
-0.2672231192916019
 10
-3.2101157152163444
 20
-0.26761867308386655
 10
-3.2110099859191337
 20
-0.26801235620813557
 10
-3.2119047229316364
 20
-0.2684041678745146
 10
-3.2127999240461604
 20
-0.26879410729688935
 10
-3.213695587053866
 20
-0.26918217369293806
 10
-3.214591709744776
 20
-0.26956836628412084
 10
-3.2154882899077784
 20
-0.26995268429570096
 10
-3.2163853253306325
 20
-0.27033512695671824
 10
-3.217282813799974
 20
-0.2707156935000121
 10
-3.218180753101322
 20
-0.2710943831622128
 10
-3.2190791410190824
 20
-0.27147119518374474
 10
-3.219977975336554
 20
-0.2718461288088285
 10
-3.220877253835935
 20
-0.2722191832854808
 10
-3.221776974298327
 20
-0.27259035786551244
 10
-3.222677134503742
 20
-0.27295965180453585
 10
-3.2235777322311057
 20
-0.27332706436196297
 10
-3.224478765258267
 20
-0.27369259480100894
 10
-3.225380231361997
 20
-0.27405624238867965
 10
-3.2262821283180014
 20
-0.27441800639579483
 10
-3.227184453900922
 20
-0.27477788609697384
 10
-3.228087205884343
 20
-0.27513588077063744
 10
-3.2289903820407955
 20
-0.27549198969901667
 10
-3.229893980141766
 20
-0.2758462121681493
 10
-3.2307979979576986
 20
-0.2761985474678763
 10
-3.2317024332580035
 20
-0.2765489948918489
 10
-3.2326072838110584
 20
-0.2768975537375322
 10
-3.2335125473842186
 20
-0.2772442233061927
 10
-3.234418221743819
 20
-0.2775890029029213
 10
-3.2353243046551823
 20
-0.2779318918366105
 10
-3.2362307938826222
 20
-0.27827288941997175
 10
-3.2371376871894504
 20
-0.2786119949695287
 10
-3.2380449823379815
 20
-0.2789492078056188
 10
-3.238952677089539
 20
-0.2792845272524058
 10
-3.2398607692044603
 20
-0.2796179526378584
 10
-3.240769256442102
 20
-0.27994948329377145
 10
-3.2416781365608465
 20
-0.2802791185557538
 10
-3.2425874073181062
 20
-0.28060685776324057
 10
-3.2434970664703306
 20
-0.2809327002594859
 10
-3.24440711177301
 20
-0.2812566453915615
 10
-3.245317540980684
 20
-0.28157869251036693
 10
-3.2462283518469417
 20
-0.28189884097062645
 10
-3.2471395421244327
 20
-0.2822170901308869
 10
-3.248051109564871
 20
-0.28253343935352326
 10
-3.248963051919039
 20
-0.2828478880047296
 10
-3.2498753669367946
 20
-0.2831604354545423
 10
-3.250788052367076
 20
-0.28347108107680796
 10
-3.2517011059579075
 20
-0.2837798242492209
 10
-3.252614525456406
 20
-0.28408666435329444
 10
-3.2535283086087836
 20
-0.28439160077437187
 10
-3.2544424531603577
 20
-0.2846946329016369
 10
-3.255356956855552
 20
-0.28499576012809946
 10
-3.2562718174379057
 20
-0.2852949818506083
 10
-3.2571870326500765
 20
-0.28559229746984194
 10
-3.258102600233847
 20
-0.285887706390314
 10
-3.259018517930132
 20
-0.28618120802038227
 10
-3.2599347834789802
 20
-0.28647280177223244
 10
-3.2608513946195843
 20
-0.28676248706189433
 10
-3.261768349090283
 20
-0.28705026330923467
 10
-3.262685644628568
 20
-0.2873361299379571
 10
-3.263603278971091
 20
-0.2876200863756111
 10
-3.2645212498536655
 20
-0.28790213205358306
 10
-3.2654395550112767
 20
-0.288182266407107
 10
-3.266358192178085
 20
-0.2884604888752538
 10
-3.2672771590874294
 20
-0.2887367989009402
 10
-3.268196453471838
 20
-0.28901119593092695
 10
-3.2691160730630298
 20
-0.28928367941582245
 10
-3.2700360155919213
 20
-0.28955424881008085
 10
-3.2709562787886335
 20
-0.2898229035719986
 10
-3.2718768603824944
 20
-0.29008964316372676
 10
-3.2727977581020484
 20
-0.29035446705126056
 10
-3.2737189696750586
 20
-0.29061737470444626
 10
-3.2746404928285138
 20
-0.290878365596976
 10
-3.2755623252886354
 20
-0.2911374392064001
 10
-3.2764844647808804
 20
-0.291394595014113
 10
-3.2774069090299487
 20
-0.2916498325053638
 10
-3.278329655759789
 20
-0.291903151169258
 10
-3.2792527026936025
 20
-0.29215455049874883
 10
-3.28017604755385
 20
-0.2924040299906512
 10
-3.281099688062259
 20
-0.2926515891456276
 10
-3.2820236219398256
 20
-0.29289722746819713
 10
-3.282947846906823
 20
-0.29314094446674765
 10
-3.2838723606828055
 20
-0.29338273965350403
 10
-3.2847971609866167
 20
-0.29362261254456534
 10
-3.2857222455363906
 20
-0.2938605626598836
 10
-3.2866476120495625
 20
-0.2940965895232672
 10
-3.2875732582428703
 20
-0.2943306926623901
 10
-3.2884991818323637
 20
-0.29456287160878425
 10
-3.2894253805334057
 20
-0.29479312589784
 10
-3.2903518520606827
 20
-0.2950214550688184
 10
-3.291278594128207
 20
-0.2952478586648315
 10
-3.292205604449323
 20
-0.2954723362328675
 10
-3.293132880736715
 20
-0.2956948873237639
 10
-3.2940604207024093
 20
-0.2959155114922378
 10
-3.2949882220577824
 20
-0.296134208296861
 10
-3.2959162825135664
 20
-0.2963509773000741
 10
-3.296844599779854
 20
-0.2965658180681867
 10
-3.297773171566103
 20
-0.296778730171372
 10
-3.2987019955811454
 20
-0.2969897131836756
 10
-3.29963106953319
 20
-0.2971987666830067
 10
-3.300560391129829
 20
-0.29740589025114517
 10
-3.301489958078043
 20
-0.29761108347374154
 10
-3.3024197680842082
 20
-0.2978143459403153
 10
-3.3033498188541004
 20
-0.29801567724425304
 10
-3.304280108092903
 20
-0.2982150769828227
 10
-3.3052106335052094
 20
-0.2984125447571575
 10
-3.306141392795031
 20
-0.2986080801722597
 10
-3.3070723836658025
 20
-0.2988016828370128
 10
-3.3080036038203864
 20
-0.29899335236416924
 10
-3.30893505096108
 20
-0.2991830883703521
 10
-3.309866722789622
 20
-0.2993708904760677
 10
-3.310798617007195
 20
-0.29955675830569284
 10
-3.311730731314433
 20
-0.29974069148747695
 10
-3.312663063411428
 20
-0.2999226896535543
 10
-3.313595610997734
 20
-0.300102752439928
 10
-3.3145283717723744
 20
-0.3002808794864844
 10
-3.3154613434338454
 20
-0.300457070436984
 10
-3.3163945236801236
 20
-0.30063132493906686
 10
-3.317327910208671
 20
-0.3008036426442491
 10
-3.3182615007164404
 20
-0.3009740232079334
 10
-3.3191952928998822
 20
-0.3011424662893969
 10
-3.320129284454949
 20
-0.3013089715517978
 10
-3.3210634730771003
 20
-0.3014735386621741
 10
-3.321997856461311
 20
-0.30163616729145204
 10
-3.322932432302075
 20
-0.3017968571144305
 10
-3.323867198293411
 20
-0.3019556078097949
 10
-3.3248021521288695
 20
-0.3021124190601139
 10
-3.3257372915015373
 20
-0.30226729055184265
 10
-3.3266726141040435
 20
-0.3024202219753125
 10
-3.3276081176285643
 20
-0.3025712130247413
 10
-3.3285437997668303
 20
-0.30272026339823555
 10
-3.3294796582101323
 20
-0.30286737279778286
 10
-3.3304156906493247
 20
-0.30301254092925767
 10
-3.3313518947748335
 20
-0.30315576750242457
 10
-3.332288268276662
 20
-0.3032970522309224
 10
-3.333224808844393
 20
-0.30343639483228735
 10
-3.3341615141672
 20
-0.3035737950279458
 10
-3.3350983819338484
 20
-0.3037092525431966
 10
-3.3360354098327045
 20
-0.30384276710723945
 10
-3.3369725955517375
 20
-0.30397433845315724
 10
-3.337909936778529
 20
-0.3041039663179266
 10
-3.338847431200276
 20
-0.3042316504424054
 10
-3.339785076503798
 20
-0.3043573905713455
 10
-3.3407228703755414
 20
-0.30448118645338873
 10
-3.341660810501588
 20
-0.30460303784106557
 10
-3.342598894567658
 20
-0.3047229444907984
 10
-3.3435371202591155
 20
-0.3048409061628998
 10
-3.3444754852609764
 20
-0.3049569226215745
 10
-3.3454139872579125
 20
-0.3050709936349154
 10
-3.3463526239342576
 20
-0.3051831189749148
 10
-3.347291392974014
 20
-0.30529329841744435
 10
-3.348230292060857
 20
-0.30540153174228557
 10
-3.34916931887814
 20
-0.30550781873309596
 10
-3.350108471108904
 20
-0.3056121591774339
 10
-3.3510477464358783
 20
-0.30571455286675686
 10
-3.35198714254149
 20
-0.30581499959640546
 10
-3.3529266571078664
 20
-0.30591349916562116
 10
-3.353866287816845
 20
-0.3060100513775357
 10
-3.3548060323499747
 20
-0.3061046560391798
 10
-3.3557458883885256
 20
-0.30619731296147634
 10
-3.3566858536134907
 20
-0.3062880219592454
 10
-3.357625925705596
 20
-0.3063767828511974
 10
-3.3585661023453017
 20
-0.3064635954599435
 10
-3.359506381212811
 20
-0.3065484596119923
 10
-3.3604467599880765
 20
-0.3066313751377425
 10
-3.361387236350802
 20
-0.3067123418714939
 10
-3.3623278079804515
 20
-0.3067913596514451
 10
-3.3632684725562543
 20
-0.30686842831967986
 10
-3.36420922775721
 20
-0.3069435477221969
 10
-3.3651500712620956
 20
-0.30701671770887806
 10
-3.366091000749469
 20
-0.30708793813351143
 10
-3.367032013897677
 20
-0.30715720885377173
 10
-3.36797310838486
 20
-0.30722452973124703
 10
-3.368914281888957
 20
-0.30728990063141204
 10
-3.369855532087713
 20
-0.30735332142364413
 10
-3.3707968566586834
 20
-0.30741479198122157
 10
-3.371738253279241
 20
-0.3074743121813164
 10
-3.37267971962658
 20
-0.30753188190500147
 10
-3.373621253377723
 20
-0.30758750103724886
 10
-3.3745628522095252
 20
-0.3076411694669332
 10
-3.3755045137986843
 20
-0.30769288708682474
 10
-3.3764462358217404
 20
-0.30774265379359456
 10
-3.3773880159550855
 20
-0.3077904694878111
 10
-3.3783298518749687
 20
-0.30783633407394717
 10
-3.379271741257501
 20
-0.307880247460373
 10
-3.380213681778662
 20
-0.3079222095593632
 10
-3.3811556711143047
 20
-0.30796222028708264
 10
-3.3820977069401623
 20
-0.3080002795636041
 10
-3.383039786931854
 20
-0.30803638731290306
 10
-3.3839819087648877
 20
-0.30807054346285234
 10
-3.384924070114671
 20
-0.30810274794522385
 10
-3.385866268656512
 20
-0.30813300069569216
 10
-3.3868085020656293
 20
-0.3081613016538345
 10
-3.387750768017153
 20
-0.3081876507631236
 10
-3.3886930641861346
 20
-0.30821204797094204
 10
-3.3896353882475507
 20
-0.30823449322856433
 10
-3.39057773787631
 20
-0.308254986491173
 10
-3.3915201107472557
 20
-0.30827352771785144
 10
-3.3924625045351777
 20
-0.3082901168715768
 10
-3.3934049169148106
 20
-0.3083047539192396
 10
-3.3943473455608455
 20
-0.3083174388316223
 10
-3.3952897881479327
 20
-0.30832817158341363
 10
-3.3962322423506883
 20
-0.30833695215320134
 10
-3.3971747058436996
 20
-0.30834378052347766
 10
-3.398117176301531
 20
-0.3083486566806304
 10
-3.3990596513987312
 20
-0.3083515806149606
 10
-3.4000000000000545
 20
-0.30835255232563874
  0
LWPOLYLINE
  5
F1
330
17
100
AcDbEntity
  8
20_CONTACT
100
AcDbPolyline
 90
2
 70
0
 10
-5.700000000000055
 20
-0.30835255232564585
 10
-3.4000000000000554
 20
-0.30835255232563874
  0
LWPOLYLINE
  5
F2
330
17
100
AcDbEntity
  8
20_CONTACT
100
AcDbPolyline
 90
1001
 70
0
 10
-2.8000000000000855
 20
9.487555471370175
 10
-2.800000740223245
 20
9.488899494297439
 10
-2.8000029608909225
 20
9.490243309449504
 10
-2.800006661997677
 20
9.49158691369637
 10
-2.8000118435344135
 20
9.492930303909816
 10
-2.8000185054883855
 20
9.494273476963404
 10
-2.8000266478431923
 20
9.495616429732491
 10
-2.8000362705787802
 20
9.49695915909422
 10
-2.800047373671444
 20
9.49830166192753
 10
-2.8000599570938243
 20
9.49964393511316
 10
-2.8000740208149093
 20
9.500985975533652
 10
-2.8000895648000346
 20
9.50232778007336
 10
-2.800106589010883
 20
9.503669345618444
 10
-2.800125093405486
 20
9.50501066905689
 10
-2.8001450779382204
 20
9.506351747278492
 10
-2.800166542559812
 20
9.507692577174875
 10
-2.800189487217336
 20
9.509033155639493
 10
-2.800213911854212
 20
9.510373479567624
 10
-2.800239816410211
 20
9.511713545856393
 10
-2.80026720082145
 20
9.513053351404755
 10
-2.800296065020396
 20
9.514392893113516
 10
-2.8003264089358635
 20
9.515732167885325
 10
-2.8003582324930165
 20
9.517071172624687
 10
-2.8003915356133673
 20
9.51840990423796
 10
-2.8004263182147775
 20
9.51974835963336
 10
-2.800462580211458
 20
9.521086535720972
 10
-2.80050032151397
 20
9.522424429412741
 10
-2.8005395420292234
 20
9.52376203762249
 10
-2.8005802416604784
 20
9.525099357265916
 10
-2.8006224203073455
 20
9.526436385260588
 10
-2.800666077865786
 20
9.527773118525973
 10
-2.8007112142281114
 20
9.529109553983407
 10
-2.800757829282984
 20
9.53044568855613
 10
-2.8008059229154187
 20
9.531781519169272
 10
-2.8008554950067808
 20
9.533117042749858
 10
-2.800906545434787
 20
9.534452256226823
 10
-2.8009590740735075
 20
9.535787156531
 10
-2.801013080793364
 20
9.537121740595143
 10
-2.8010685654611316
 20
9.538456005353904
 10
-2.801125527939938
 20
9.539789947743865
 10
-2.801183968089264
 20
9.541123564703526
 10
-2.8012438857649453
 20
9.54245685317331
 10
-2.8013052808191716
 20
9.543789810095575
 10
-2.8013681531004853
 20
9.545122432414601
 10
-2.8014325024537863
 20
9.546454717076617
 10
-2.801498328720328
 20
9.547786661029782
 10
-2.80156563173772
 20
9.549118261224208
 10
-2.8016344113399283
 20
9.550449514611946
 10
-2.8017046673572743
 20
9.551780418147008
 10
-2.801776399616437
 20
9.553110968785349
 10
-2.801849607940454
 20
9.554441163484896
 10
-2.8019242921487177
 20
9.555770999205532
 10
-2.8020004520569817
 20
9.557100472909106
 10
-2.802078087477356
 20
9.55842958155944
 10
-2.8021571982183104
 20
9.559758322122327
 10
-2.8022377840846753
 20
9.561086691565542
 10
-2.80231984487764
 20
9.562414686858837
 10
-2.802403380394755
 20
9.56374230497395
 10
-2.8024883904299314
 20
9.565069542884611
 10
-2.8025748747734416
 20
9.566396397566539
 10
-2.8026628332119214
 20
9.56772286599745
 10
-2.8027522655283676
 20
9.569048945157057
 10
-2.8028431715021416
 20
9.57037463202708
 10
-2.802935550908967
 20
9.57169992359125
 10
-2.803029403520933
 20
9.573024816835295
 10
-2.803124729106493
 20
9.574349308746973
 10
-2.8032215274304653
 20
9.575673396316049
 10
-2.8033197982540354
 20
9.576997076534315
 10
-2.803419541334754
 20
9.578320346395586
 10
-2.8035207564265394
 20
9.579643202895706
 10
-2.8036234432796787
 20
9.580965643032554
 10
-2.803727601640826
 20
9.58228766380604
 10
-2.8038332312530048
 20
9.583609262218118
 10
-2.803940331855608
 20
9.584930435272783
 10
-2.8040489031844
 20
9.58625117997608
 10
-2.8041589449715145
 20
9.587571493336096
 10
-2.8042704569454573
 20
9.588891372362983
 10
-2.804383438831107
 20
9.590210814068943
 10
-2.804497890349715
 20
9.591529815468238
 10
-2.804613811218905
 20
9.592848373577205
 10
-2.804731201152678
 20
9.594166485414236
 10
-2.8048500598614066
 20
9.595484147999802
 10
-2.8049703870518403
 20
9.596801358356448
 10
-2.805092182427107
 20
9.598118113508797
 10
-2.8052154456867093
 20
9.599434410483557
 10
-2.8053401765265282
 20
9.600750246309516
 10
-2.805466374638825
 20
9.602065618017559
 10
-2.805594039712238
 20
9.603380522640654
 10
-2.805723171431788
 20
9.604694957213876
 10
-2.805853769478875
 20
9.606008918774393
 10
-2.805985833531283
 20
9.60732240436148
 10
-2.806119363263175
 20
9.608635411016518
 10
-2.806254358345101
 20
9.60994793578299
 10
-2.806390818443993
 20
9.611259975706506
 10
-2.8065287432231694
 20
9.612571527834785
 10
-2.806668132342333
 20
9.61388258921767
 10
-2.8068089854575744
 20
9.615193156907129
 10
-2.8069513022213712
 20
9.61650322795725
 10
-2.80709508228259
 20
9.617812799424264
 10
-2.8072403252864855
 20
9.619121868366527
 10
-2.8073870308747035
 20
9.620430431844536
 10
-2.807535198685281
 20
9.621738486920929
 10
-2.8076848283526457
 20
9.62304603066049
 10
-2.807835919507619
 20
9.62435306013015
 10
-2.807988471777416
 20
9.625659572398995
 10
-2.808142484785647
 20
9.626965564538256
 10
-2.8082979581523158
 20
9.628271033621338
 10
-2.808454891493825
 20
9.629575976723798
 10
-2.808613284422974
 20
9.630880390923352
 10
-2.808773136548959
 20
9.632184273299904
 10
-2.808934447477379
 20
9.633487620935508
 10
-2.8090972168102293
 20
9.634790430914412
 10
-2.8092614441459096
 20
9.63609270032303
 10
-2.8094271290792205
 20
9.637394426249962
 10
-2.809594271201366
 20
9.638695605785998
 10
-2.8097628700999553
 20
9.63999623602411
 10
-2.8099329253590017
 20
9.641296314059467
 10
-2.8101044365589254
 20
9.642595836989432
 10
-2.810277403276555
 20
9.643894801913568
 10
-2.8104518250851256
 20
9.64519320593364
 10
-2.8106277015542833
 20
9.646491046153619
 10
-2.8108050322500846
 20
9.64778831967968
 10
-2.810983816734997
 20
9.649085023620216
 10
-2.811164054567901
 20
9.650381155085839
 10
-2.811345745304091
 20
9.651676711189367
 10
-2.8115288884952765
 20
9.652971689045856
 10
-2.8117134836895827
 20
9.654266085772573
 10
-2.811899530431552
 20
9.655559898489027
 10
-2.812087028262145
 20
9.65685312431695
 10
-2.812275976718742
 20
9.658145760380313
 10
-2.8124663753351435
 20
9.659437803805329
 10
-2.8126582236415714
 20
9.660729251720444
 10
-2.812851521164671
 20
9.662020101256356
 10
-2.813046267427512
 20
9.663310349546014
 10
-2.8132424619495877
 20
9.664599993724618
 10
-2.813440104246819
 20
9.665889030929616
 10
-2.8136391938315546
 20
9.66717745830072
 10
-2.813839730212571
 20
9.668465272979905
 10
-2.8140417128950754
 20
9.669752472111407
 10
-2.814245141380706
 20
9.671039052841735
 10
-2.814450015167533
 20
9.672325012319668
 10
-2.8146563337500603
 20
9.673610347696254
 10
-2.814864096619228
 20
9.67489505612483
 10
-2.815073303262411
 20
9.676179134761004
 10
-2.815283953163422
 20
9.677462580762677
 10
-2.8154960458025124
 20
9.678745391290029
 10
-2.8157095806563737
 20
9.680027563505538
 10
-2.815924557198138
 20
9.681309094573974
 10
-2.8161409748973822
 20
9.682589981662403
 10
-2.816358833220124
 20
9.683870221940193
 10
-2.8165781316288285
 20
9.685149812579018
 10
-2.8167988695824064
 20
9.686428750752855
 10
-2.8170210465362167
 20
9.687707033637992
 10
-2.8172446619420675
 20
9.688984658413034
 10
-2.817469715248217
 20
9.690261622258898
 10
-2.8176962058993764
 20
9.691537922358822
 10
-2.817924133336709
 20
9.692813555898375
 10
-2.8181534969978337
 20
9.694088520065442
 10
-2.8183842963168244
 20
9.695362812050236
 10
-2.818616530724214
 20
9.696636429045311
 10
-2.818850199646993
 20
9.697909368245554
 10
-2.8190853025086127
 20
9.699181626848192
 10
-2.819321838728986
 20
9.700453202052788
 10
-2.819559807724489
 20
9.701724091061257
 10
-2.8197992089079618
 20
9.70299429107786
 10
-2.820040041688712
 20
9.704263799309212
 10
-2.8202823054725137
 20
9.705532612964276
 10
-2.820525999661609
 20
9.706800729254379
 10
-2.8207711236547124
 20
9.708068145393208
 10
-2.821017676847009
 20
9.709334858596812
 10
-2.8212656586301574
 20
9.710600866083613
 10
-2.8215150683922916
 20
9.711866165074394
 10
-2.8217659055180224
 20
9.713130752792322
 10
-2.8220181693884365
 20
9.714394626462934
 10
-2.822271859381103
 20
9.715657783314146
 10
-2.8225269748700694
 20
9.716920220576263
 10
-2.8227835152258676
 20
9.718181935481969
 10
-2.8230414798155117
 20
9.719442925266346
 10
-2.823300868002504
 20
9.720703187166862
 10
-2.823561679146831
 20
9.721962718423377
 10
-2.823823912604971
 20
9.723221516278159
 10
-2.8240875677298907
 20
9.724479577975867
 10
-2.8243526438710496
 20
9.72573690076358
 10
-2.8246191403744003
 20
9.726993481890766
 10
-2.824887056582391
 20
9.728249318609318
 10
-2.8251563918339673
 20
9.72950440817354
 10
-2.8254271454645714
 20
9.730758747840147
 10
-2.825699316806148
 20
9.73201233486828
 10
-2.8259729051871423
 20
9.733265166519502
 10
-2.826247909932502
 20
9.734517240057802
 10
-2.826524330363682
 20
9.735768552749597
 10
-2.826802165798642
 20
9.73701910186374
 10
-2.8270814155518518
 20
9.738268884671518
 10
-2.8273620789342897
 20
9.739517898446657
 10
-2.8276441552534473
 20
9.740766140465317
 10
-2.8279276438133287
 20
9.742013608006115
 10
-2.828212543914454
 20
9.74326029835011
 10
-2.8284988548538594
 20
9.74450620878081
 10
-2.828786575925101
 20
9.745751336584181
 10
-2.829075706418254
 20
9.746995679048641
 10
-2.8293662456199176
 20
9.748239233465075
 10
-2.8296581928132127
 20
9.749481997126818
 10
-2.829951547277788
 20
9.750723967329689
 10
-2.8302463082898184
 20
9.75196514137196
 10
-2.8305424751220087
 20
9.753205516554386
 10
-2.830840047043595
 20
9.75444509018019
 10
-2.831139023320345
 20
9.755683859555075
 10
-2.8314394032145636
 20
9.756921821987227
 10
-2.8317411859850896
 20
9.758158974787317
 10
-2.832044370887302
 20
9.7593953152685
 10
-2.832348957173119
 20
9.760630840746423
 10
-2.8326549440910016
 20
9.761865548539223
 10
-2.8329623308859535
 20
9.763099435967536
 10
-2.8332711167995255
 20
9.764332500354502
 10
-2.833581301069816
 20
9.765564739025752
 10
-2.833892882931471
 20
9.76679614930943
 10
-2.8342058616156907
 20
9.768026728536189
 10
-2.834520236350227
 20
9.769256474039185
 10
-2.8348360063593865
 20
9.7704853831541
 10
-2.8351531708640345
 20
9.771713453219125
 10
-2.8354717290815947
 20
9.772940681574969
 10
-2.835791680226051
 20
9.77416706556487
 10
-2.8361130235079512
 20
9.775392602534595
 10
-2.836435758134408
 20
9.776617289832425
 10
-2.8367598833091
 20
9.777841124809191
 10
-2.8370853982322752
 20
9.77906410481825
 10
-2.8374123021007525
 20
9.780286227215496
 10
-2.8377405941079235
 20
9.781507489359367
 10
-2.838070273443754
 20
9.782727888610841
 10
-2.838401339294788
 20
9.783947422333448
 10
-2.838733790844146
 20
9.78516608789327
 10
-2.839067627271531
 20
9.786383882658924
 10
-2.8394028477532287
 20
9.78760080400161
 10
-2.8397394514621084
 20
9.78881684929506
 10
-2.8400774375676274
 20
9.790032015915589
 10
-2.840416805235832
 20
9.791246301242063
 10
-2.840757553629359
 20
9.792459702655922
 10
-2.841099681907437
 20
9.793672217541168
 10
-2.8414431892258927
 20
9.79488384328439
 10
-2.8417880747371473
 20
9.79609457727474
 10
-2.8421343375902226
 20
9.797304416903959
 10
-2.842481976930742
 20
9.798513359566362
 10
-2.8428309919009305
 20
9.799721402658854
 10
-2.843181381639621
 20
9.800928543580927
 10
-2.8435331452822536
 20
9.802134779734665
 10
-2.8438862819608772
 20
9.803340108524738
 10
-2.844240790804154
 20
9.804544527358427
 10
-2.844596670937359
 20
9.805748033645603
 10
-2.844953921482385
 20
9.806950624798736
 10
-2.845312541557742
 20
9.808152298232908
 10
-2.845672530278562
 20
9.809353051365811
 10
-2.846033886756598
 20
9.810552881617742
 10
-2.846396610100231
 20
9.811751786411614
 10
-2.8467606994144656
 20
9.81294976317296
 10
-2.8471261538009385
 20
9.814146809329927
 10
-2.847492972357917
 20
9.815342922313294
 10
-2.8478611541803027
 20
9.816538099556453
 10
-2.8482306983596333
 20
9.817732338495441
 10
-2.848601603984084
 20
9.818925636568906
 10
-2.848973870138472
 20
9.820117991218147
 10
-2.8493474959042566
 20
9.821309399887099
 10
-2.8497224803595422
 20
9.822499860022322
 10
-2.850098822579081
 20
9.823689369073033
 10
-2.8504765216342745
 20
9.824877924491098
 10
-2.850855576593176
 20
9.826065523731014
 10
-2.8512359865204946
 20
9.827252164249948
 10
-2.8516177504775944
 20
9.828437843507707
 10
-2.8520008675224986
 20
9.829622558966769
 10
-2.8523853367098924
 20
9.83080630809226
 10
-2.8527711570911234
 20
9.831989088351975
 10
-2.8531583277142065
 20
9.83317089721637
 10
-2.8535468476238246
 20
9.834351732158577
 10
-2.8539367158613302
 20
9.835531590654398
 10
-2.8543279314647494
 20
9.8367104701823
 10
-2.854720493468784
 20
9.83788836822344
 10
-2.8551144009048137
 20
9.839065282261647
 10
-2.855509652800897
 20
9.840241209783436
 10
-2.855906248181777
 20
9.841416148278004
 10
-2.856304186068879
 20
9.842590095237242
 10
-2.856703465480319
 20
9.843763048155722
 10
-2.8571040854309
 20
9.84493500453073
 10
-2.8575060449321192
 20
9.846105961862229
 10
-2.8579093429921665
 20
9.847275917652889
 10
-2.8583139786159304
 20
9.848444869408084
 10
-2.858719950804998
 20
9.849612814635895
 10
-2.8591272585576597
 20
9.850779750847108
 10
-2.8595359008689094
 20
9.851945675555218
 10
-2.859945876730448
 20
9.85311058627644
 10
-2.860357185130686
 20
9.854274480529703
 10
-2.860769825054746
 20
9.855437355836653
 10
-2.8611837954844654
 20
9.856599209721658
 10
-2.8615990953983976
 20
9.85776003971182
 10
-2.8620157237718162
 20
9.858919843336956
 10
-2.8624336795767165
 20
9.860078618129625
 10
-2.862852961781819
 20
9.861236361625112
 10
-2.8632735693525704
 20
9.862393071361444
 10
-2.8636955012511476
 20
9.863548744879381
 10
-2.86411875643646
 20
9.864703379722428
 10
-2.8645433338641513
 20
9.865856973436838
 10
-2.8649692324866027
 20
9.867009523571603
 10
-2.865396451252935
 20
9.868161027678475
 10
-2.865824989109013
 20
9.869311483311956
 10
-2.866254844997444
 20
9.8704608880293
 10
-2.866686017857586
 20
9.87160923939052
 10
-2.867118506625546
 20
9.872756534958391
 10
-2.867552310234183
 20
9.873902772298461
 10
-2.867987427613113
 20
9.875047948979033
 10
-2.86842385768871
 20
9.876192062571182
 10
-2.86886159938411
 20
9.877335110648762
 10
-2.8693006516192097
 20
9.878477090788392
 10
-2.8697410133106747
 20
9.87961800056948
 10
-2.870182683371939
 20
9.880757837574206
 10
-2.870625660713207
 20
9.881896599387538
 10
-2.8710699442414587
 20
9.883034283597233
 10
-2.8715155328604505
 20
9.884170887793829
 10
-2.871962425470719
 20
9.885306409570658
 10
-2.8724106209695828
 20
9.88644084652385
 10
-2.872860118251145
 20
9.887574196252334
 10
-2.873310916206298
 20
9.888706456357832
 10
-2.8737630137227237
 20
9.889837624444874
 10
-2.8742164096848977
 20
9.890967698120793
 10
-2.874671102974092
 20
9.892096674995727
 10
-2.875127092468377
 20
9.893224552682636
 10
-2.875584377042625
 20
9.894351328797285
 10
-2.8760429555685123
 20
9.895477000958252
 10
-2.876502826914523
 20
9.89660156678694
 10
-2.876963989945951
 20
9.897725023907576
 10
-2.877426443524903
 20
9.898847369947207
 10
-2.8778901865103
 20
9.899968602535708
 10
-2.8783552177578837
 20
9.901088719305786
 10
-2.8788215361202156
 20
9.902207717892981
 10
-2.8792891404466814
 20
9.903325595935659
 10
-2.8797580295834937
 20
9.90444235107504
 10
-2.880228202373696
 20
9.905557980955173
 10
-2.880699657657162
 20
9.906672483222954
 10
-2.881172394270603
 20
9.907785855528125
 10
-2.8816464110475684
 20
9.908898095523284
 10
-2.882121706818448
 20
9.910009200863865
 10
-2.8825982804104755
 20
9.91111916920817
 10
-2.8830761306477326
 20
9.912227998217357
 10
-2.8835552563511504
 20
9.913335685555431
 10
-2.884035656338513
 20
9.914442228889278
 10
-2.88451732942446
 20
9.915547625888635
 10
-2.8850002744204897
 20
9.916651874226115
 10
-2.885484490134962
 20
9.917754971577196
 10
-2.8859699753731016
 20
9.918856915620228
 10
-2.886456728937
 20
9.919957704036449
 10
-2.88694474962562
 20
9.921057334509957
 10
-2.887434036234797
 20
9.922155804727751
 10
-2.8879245875572437
 20
9.923253112379697
 10
-2.8884164023825516
 20
9.924349255158557
 10
-2.8889094794971935
 20
9.925444230759979
 10
-2.889403817684529
 20
9.926538036882505
 10
-2.8898994157248064
 20
9.927630671227568
 10
-2.8903962723951633
 20
9.928722131499505
 10
-2.890894386469634
 20
9.929812415405543
 10
-2.8913937567191486
 20
9.930901520655821
 10
-2.8918943819115377
 20
9.931989444963378
 10
-2.892396260811536
 20
9.933076186044163
 10
-2.8928993921807846
 20
9.934161741617032
 10
-2.893403774777834
 20
9.935246109403764
 10
-2.893909407358148
 20
9.936329287129036
 10
-2.894416288674104
 20
9.93741127252046
 10
-2.894924417475001
 20
9.938492063308566
 10
-2.895433792507057
 20
9.939571657226802
 10
-2.895944412513418
 20
9.940650052011545
 10
-2.896456276234156
 20
9.941727245402102
 10
-2.8969693824062746
 20
9.94280323514071
 10
-2.8974837297637115
 20
9.943878018972544
 10
-2.897999317037342
 20
9.944951594645712
 10
-2.898516142954983
 20
9.946023959911265
 10
-2.8990342062413927
 20
9.94709511252319
 10
-2.899553505618279
 20
9.948165050238426
 10
-2.900074039804297
 20
9.949233770816857
 10
-2.900595807515057
 20
9.950301272021314
 10
-2.901118807463125
 20
9.951367551617587
 10
-2.901643038358026
 20
9.952432607374412
 10
-2.9021684989062484
 20
9.953496437063492
 10
-2.9026951878112457
 20
9.95455903845949
 10
-2.9032231037734415
 20
9.955620409340021
 10
-2.9037522454902303
 20
9.956680547485679
 10
-2.904282611655984
 20
9.957739450680023
 10
-2.9048142009620506
 20
9.958797116709576
 10
-2.9053470120967626
 20
9.959853543363842
 10
-2.9058810437454365
 20
9.960908728435296
 10
-2.906416294590377
 20
9.961962669719401
 10
-2.906952763310881
 20
9.963015365014588
 10
-2.90749044858324
 20
9.964066812122283
 10
-2.9080293490807443
 20
9.96511700884689
 10
-2.908569463473685
 20
9.96616595299581
 10
-2.9091107904293576
 20
9.96721364237943
 10
-2.9096533286120674
 20
9.968260074811132
 10
-2.910197076683129
 20
9.9693052481073
 10
-2.9107420333008727
 20
9.97034916008731
 10
-2.9112881971206463
 20
9.971391808573541
 10
-2.91183556679482
 20
9.972433191391385
 10
-2.9123841409727866
 20
9.97347330636923
 10
-2.9129339183009693
 20
9.974512151338484
 10
-2.9134848974228205
 20
9.975549724133556
 10
-2.9140370769788277
 20
9.976586022591878
 10
-2.914590455606518
 20
9.977621044553896
 10
-2.915145031940457
 20
9.978654787863082
 10
-2.915700804612257
 20
9.97968725036592
 10
-2.916257772250578
 20
9.980718429911926
 10
-2.916815933481132
 20
9.981748324353644
 10
-2.9173752869266845
 20
9.982776931546645
 10
-2.91793583120706
 20
9.98380424934953
 10
-2.918497564939145
 20
9.984830275623947
 10
-2.919060486736891
 20
9.98585500823457
 10
-2.9196245952113173
 20
9.986878445049118
 10
-2.9201898889705156
 20
9.98790058393835
 10
-2.9207563666196528
 20
9.988921422776077
 10
-2.921324026760975
 20
9.98994095943915
 10
-2.9218928679938108
 20
9.990959191807473
 10
-2.9224628889145734
 20
9.991976117764008
 10
-2.923034088116766
 20
9.992991735194765
 10
-2.9236064641909842
 20
9.994006041988818
 10
-2.92418001572492
 20
9.995019036038297
 10
-2.9247547413033645
 20
9.996030715238401
 10
-2.925330639508212
 20
9.997041077487381
 10
-2.9259077089184644
 20
9.99805012068658
 10
-2.926485948110232
 20
9.999057842740388
 10
-2.92706535565674
 20
10.000064241556275
 10
-2.9276459301283304
 20
10.001069315044798
 10
-2.928227670092466
 20
10.002073061119575
 10
-2.9288105741137334
 20
10.003075477697319
 10
-2.929394640753847
 20
10.004076562697819
 10
-2.929979868571653
 20
10.005076314043947
 10
-2.9305662561231327
 20
10.006074729661671
 10
-2.9311538019614045
 20
10.007071807480042
 10
-2.9317425046367296
 20
10.008067545431212
 10
-2.932332362696515
 20
10.009061941450419
 10
-2.9329233746853163
 20
10.010054993476007
 10
-2.9335155391448424
 20
10.01104669944942
 10
-2.9341088546139575
 20
10.012037057315197
 10
-2.934703319628688
 20
10.013026065020993
 10
-2.9352989327222208
 20
10.014013720517564
 10
-2.935895692424913
 20
10.01500002175878
 10
-2.93649359726429
 20
10.015984966701623
 10
-2.9370926457650532
 20
10.016968553306189
 10
-2.937692836449081
 20
10.017950779535694
 10
-2.938294167835435
 20
10.018931643356472
 10
-2.9388966384403608
 20
10.019911142737982
 10
-2.939500246777293
 20
10.020889275652806
 10
-2.9401049913568604
 20
10.02186604007666
 10
-2.940710870686887
 20
10.02284143398838
 10
-2.9413178832723967
 20
10.023815455369942
 10
-2.9419260276156183
 20
10.02478810220645
 10
-2.9425353022159864
 20
10.02575937248616
 10
-2.9431457055701484
 20
10.02672926420045
 10
-2.9437572361719653
 20
10.027697775343853
 10
-2.944369892512518
 20
10.02866490391404
 10
-2.9449836730801087
 20
10.029630647911834
 10
-2.9455985763602652
 20
10.030595005341205
 10
-2.946214600835747
 20
10.031557974209274
 10
-2.946831744986545
 20
10.032519552526324
 10
-2.947450007289888
 20
10.033479738305779
 10
-2.948069386220247
 20
10.034438529564241
 10
-2.9486898802493364
 20
10.035395924321463
 10
-2.9493114878461197
 20
10.03635192060036
 10
-2.949934207476813
 20
10.037306516427027
 10
-2.9505580376048877
 20
10.03825970983071
 10
-2.951182976691076
 20
10.03921149884384
 10
-2.9518090231933733
 20
10.040161881502023
 10
-2.952436175567043
 20
10.041110855844025
 10
-2.95306443226462
 20
10.042058419911811
 10
-2.953693791735913
 20
10.043004571750512
 10
-2.9543242524280107
 20
10.04394930940845
 10
-2.954955812785285
 20
10.044892630937131
 10
-2.955588471249394
 20
10.04583453439125
 10
-2.956222226259285
 20
10.04677501782869
 10
-2.9568570762512025
 20
10.047714079310529
 10
-2.9574930196586866
 20
10.048651716901043
 10
-2.958130054912581
 20
10.049587928667698
 10
-2.958768180441034
 20
10.05052271268117
 10
-2.959407394669506
 20
10.051456067015332
 10
-2.960047696020769
 20
10.052387989747261
 10
-2.9606890829149126
 20
10.053318478957245
 10
-2.9613315537693494
 20
10.054247532728777
 10
-2.9619751069988163
 20
10.055175149148566
 10
-2.9626197410153794
 20
10.056101326306534
 10
-2.9632654542284396
 20
10.057026062295822
 10
-2.9639122450447326
 20
10.057949355212784
 10
-2.964560111868337
 20
10.058871203157
 10
-2.9652090531006756
 20
10.059791604231277
 10
-2.9658590671405207
 20
10.06071055654164
 10
-2.966510152383997
 20
10.061628058197348
 10
-2.9671623072245863
 20
10.06254410731089
 10
-2.9678155300531315
 20
10.06345870199799
 10
-2.9684698192578405
 20
10.0643718403776
 10
-2.9691251732242887
 20
10.06528352057192
 10
-2.9697815903354257
 20
10.066193740706382
 10
-2.9704390689715776
 20
10.067102498909662
 10
-2.9710976075104503
 20
10.068009793313689
 10
-2.971757204327136
 20
10.068915622053629
 10
-2.972417857794114
 20
10.069819983267898
 10
-2.973079566281258
 20
10.070722875098172
 10
-2.973742328155838
 20
10.071624295689373
 10
-2.974406141782525
 20
10.072524243189687
 10
-2.975071005523393
 20
10.07342271575055
 10
-2.9757369177379283
 20
10.074319711526663
 10
-2.976403876783027
 20
10.07521522867599
 10
-2.977071881013005
 20
10.076109265359763
 10
-2.977740928779596
 20
10.077001819742481
 10
-2.978411018431962
 20
10.07789288999191
 10
-2.979082148316693
 20
10.078782474279091
 10
-2.9797543167778127
 20
10.079670570778344
 10
-2.9804275221567806
 20
10.080557177667256
 10
-2.9811017627924996
 20
10.081442293126697
 10
-2.981777037021318
 20
10.082325915340828
 10
-2.9824533431770326
 20
10.08320804249708
 10
-2.983130679590895
 20
10.084088672786184
 10
-2.983809044591615
 20
10.084967804402146
 10
-2.9844884365053623
 20
10.085845435542268
 10
-2.985168853655776
 20
10.086721564407153
 10
-2.9858502943639635
 20
10.087596189200685
 10
-2.986532756948507
 20
10.088469308130055
 10
-2.9872162397254667
 20
10.089340919405753
 10
-2.9879007410083873
 20
10.090211021241569
 10
-2.9885862591082986
 20
10.091079611854596
 10
-2.989272792333723
 20
10.091946689465235
 10
-2.9899603389906764
 20
10.092812252297199
 10
-2.9906488973826764
 20
10.093676298577506
 10
-2.9913384658107423
 20
10.09453882653649
 10
-2.992029042573402
 20
10.095399834407804
 10
-2.992720625966696
 20
10.096259320428413
 10
-2.99341321428418
 20
10.097117282838607
 10
-2.994106805816931
 20
10.09797371988199
 10
-2.994801398853549
 20
10.098828629805503
 10
-2.9954969916801657
 20
10.0996820108594
 10
-2.9961935825804433
 20
10.100533861297272
 10
-2.9968911698355827
 20
10.10138417937604
 10
-2.997589751724326
 20
10.10223296335596
 10
-2.9982893265229613
 20
10.103080211500618
 10
-2.998989892505327
 20
10.103925922076941
 10
-2.999691447942815
 20
10.104770093355196
 10
-3.000393991104377
 20
10.10561272360899
 10
-3.001097520256527
 20
10.106453811115278
 10
-3.001802033663345
 20
10.10729335415436
 10
-3.002507529586485
 20
10.108131351009881
 10
-3.0032140062851744
 20
10.108967799968841
 10
-3.003921462016222
 20
10.109802699321591
 10
-3.0046298950340207
 20
10.110636047361842
 10
-3.0053393035905507
 20
10.111467842386652
 10
-3.006049685935388
 20
10.112298082696444
 10
-3.006761040315703
 20
10.113126766595013
 10
-3.0074733649762693
 20
10.113953892389498
 10
-3.008186658159466
 20
10.114779458390418
 10
-3.0089009181052826
 20
10.115603462911654
 10
-3.0096161430513226
 20
10.116425904270466
 10
-3.010332331232809
 20
10.117246780787477
 10
-3.011049480882589
 20
10.118066090786687
 10
-3.011767590231136
 20
10.118883832595472
 10
-3.0124866575065554
 20
10.11970000454459
 10
-3.0132066809345908
 20
10.120514604968182
 10
-3.013927658738625
 20
10.121327632203766
 10
-3.014649589139686
 20
10.122139084592245
 10
-3.0153724703564517
 20
10.122948960477917
 10
-3.0160963006052546
 20
10.123757258208464
 10
-3.016821078100085
 20
10.12456397613496
 10
-3.0175468010525957
 20
10.125369112611875
 10
-3.018273467672107
 20
10.126172665997075
 10
-3.019001076165611
 20
10.126974634651818
 10
-3.0197296247377756
 20
10.127775016940774
 10
-3.0204591115909487
 20
10.128573811232002
 10
-3.0211895349251643
 20
10.129371015896973
 10
-3.0219208929381445
 20
10.130166629310565
 10
-3.0226531838253057
 20
10.130960649851064
 10
-3.0233864057797626
 20
10.13175307590016
 10
-3.024120556992332
 20
10.132543905842965
 10
-3.0248556356515404
 20
10.133333138068004
 10
-3.0255916399436216
 20
10.134120770967211
 10
-3.0263285680525285
 20
10.134906802935948
 10
-3.0270664181599347
 20
10.135691232372999
 10
-3.0278051884452375
 20
10.136474057680562
 10
-3.0285448770855647
 20
10.137255277264265
 10
-3.029285482255777
 20
10.138034889533168
 10
-3.030027002128475
 20
10.138812892899754
 10
-3.0307694348740024
 20
10.139589285779941
 10
-3.0315127786604497
 20
10.140364066593076
 10
-3.0322570316536592
 20
10.141137233761945
 10
-3.033002192017231
 20
10.141908785712776
 10
-3.033748257912526
 20
10.142678720875224
 10
-3.0344952274986703
 20
10.143447037682403
 10
-3.0352430989325603
 20
10.144213734570851
 10
-3.035991870368868
 20
10.144978809980568
 10
-3.036741539960044
 20
10.145742262354997
 10
-3.0374921058563227
 20
10.146504090141026
 10
-3.038243566205728
 20
10.147264291789002
 10
-3.0389959191540754
 20
10.148022865752717
 10
-3.0397491628449798
 20
10.148779810489428
 10
-3.0405032954198568
 20
10.149535124459844
 10
-3.041258315017929
 20
10.150288806128138
 10
-3.042014219776231
 20
10.151040853961941
 10
-3.0427710078296126
 20
10.151791266432353
 10
-3.043528677310745
 20
10.152540042013928
 10
-3.044287226350124
 20
10.153287179184709
 10
-3.045046653076076
 20
10.154032676426187
 10
-3.0458069556147604
 20
10.154776532223337
 10
-3.046568132090177
 20
10.155518745064608
 10
-3.0473301806241695
 20
10.156259313441915
 10
-3.0480930993364277
 20
10.156998235850665
 10
-3.0488568863444963
 20
10.157735510789733
 10
-3.049621539763777
 20
10.158471136761483
 10
-3.050387057707535
 20
10.15920511227176
 10
-3.0511534382869
 20
10.15993743582989
 10
-3.051920679610874
 20
10.160668105948698
 10
-3.052688779786338
 20
10.161397121144491
 10
-3.053457736918049
 20
10.162124479937065
 10
-3.054227549108654
 20
10.162850180849713
 10
-3.054998214458688
 20
10.163574222409228
 10
-3.0557697310665817
 20
10.164296603145896
 10
-3.056542097028664
 20
10.1650173215935
 10
-3.057315310439171
 20
10.165736376289324
 10
-3.058089369390244
 20
10.166453765774161
 10
-3.0588642719719426
 20
10.167169488592307
 10
-3.0596400162722404
 20
10.167883543291563
 10
-3.0604166003770374
 20
10.168595928423239
 10
-3.0611940223701595
 20
10.169306642542159
 10
-3.061972280333367
 20
10.170015684206653
 10
-3.0627513723463555
 20
10.170723051978577
 10
-3.0635312964867647
 20
10.171428744423292
 10
-3.0643120508301793
 20
10.172132760109683
 10
-3.0650936334501373
 20
10.172835097610157
 10
-3.065876042418132
 20
10.173535755500641
 10
-3.066659275803618
 20
10.174234732360585
 10
-3.067443331674016
 20
10.174932026772968
 10
-3.0682282080947165
 20
10.175627637324293
 10
-3.069013903129087
 20
10.176321562604597
 10
-3.069800414838474
 20
10.177013801207444
 10
-3.070587741282209
 20
10.17770435172994
 10
-3.071375880517614
 20
10.178393212772715
 10
-3.0721648306000042
 20
10.179080382939945
 10
-3.0729545895826957
 20
10.179765860839346
 10
-3.073745155517008
 20
10.180449645082163
 10
-3.0745365264522695
 20
10.181131734283198
 10
-3.075328700435822
 20
10.181812127060791
 10
-3.076121675513028
 20
10.18249082203683
 10
-3.0769154497272697
 20
10.183167817836747
 10
-3.077710021119961
 20
10.183843113089532
 10
-3.0785053877305475
 20
10.184516706427722
 10
-3.079301547596512
 20
10.185188596487407
 10
-3.0800984987533826
 20
10.185858781908237
 10
-3.080896239234731
 20
10.186527261333417
 10
-3.0816947670721855
 20
10.187194033409707
 10
-3.0824940802954286
 20
10.187859096787438
 10
-3.0832941769322066
 20
10.188522450120498
 10
-3.0840950550083326
 20
10.189184092066336
 10
-3.0848967125476916
 20
10.189844021285975
 10
-3.0856991475722446
 20
10.190502236444004
 10
-3.0865023581020354
 20
10.191158736208576
 10
-3.0873063421551943
 20
10.19181351925143
 10
-3.088111097747942
 20
10.192466584247859
 10
-3.088916622894596
 20
10.193117929876749
 10
-3.0897229156075765
 20
10.193767554820553
 10
-3.0905299738974072
 20
10.194415457765311
 10
-3.0913377957727257
 20
10.195061637400636
 10
-3.092146379240283
 20
10.195706092419726
 10
-3.092955722304952
 20
10.196348821519365
 10
-3.0937658229697327
 20
10.196989823399923
 10
-3.094576679235754
 20
10.197629096765354
 10
-3.095388289102281
 20
10.198266640323208
 10
-3.09620065056672
 20
10.198902452784623
 10
-3.0970137616246225
 20
10.199536532864325
 10
-3.0978276202696904
 20
10.200168879280643
 10
-3.0986422244937804
 20
10.200799490755493
 10
-3.099457572286911
 20
10.201428366014406
 10
-3.100273661637265
 20
10.202055503786495
 10
-3.1010904905311962
 20
10.202680902804481
 10
-3.1019080569532336
 20
10.203304561804691
 10
-3.102726358886086
 20
10.203926479527052
 10
-3.1035453943106472
 20
10.204546654715108
 10
-3.1043651612060024
 20
10.205165086115997
 10
-3.1051856575494314
 20
10.205781772480474
 10
-3.106006881316414
 20
10.206396712562913
 10
-3.1068288304806355
 20
10.20700990512129
 10
-3.107651503013991
 20
10.2076213489172
 10
-3.108474896886591
 20
10.208231042715859
 10
-3.109299010066767
 20
10.208838985286093
 10
-3.1101238405210747
 20
10.209445175400361
 10
-3.1109493862143003
 20
10.210049611834734
 10
-3.1117756451094656
 20
10.210652293368906
 10
-3.112602615167832
 20
10.211253218786199
 10
-3.1134302943489076
 20
10.211852386873565
 10
-3.1142586806104493
 20
10.212449796421584
 10
-3.11508777190847
 20
10.21304544622446
 10
-3.1159175661972434
 20
10.213639335080032
 10
-3.116748061429308
 20
10.214231461789772
 10
-3.117579255555474
 20
10.214821825158795
 10
-3.118411146524826
 20
10.215410423995838
 10
-3.1192437322847297
 20
10.215997257113289
 10
-3.120077010780837
 20
10.216582323327167
 10
-3.12091097995709
 20
10.217165621457141
 10
-3.121745637755726
 20
10.217747150326515
 10
-3.122580982117285
 20
10.218326908762243
 10
-3.123417010980612
 20
10.218904895594923
 10
-3.1242537222828632
 20
10.219481109658805
 10
-3.1250911139595106
 20
10.220055549791779
 10
-3.1259291839443484
 20
10.220628214835399
 10
-3.1267679301694966
 20
10.22119910363486
 10
-3.127607350565407
 20
10.22176821503902
 10
-3.1284474430608675
 20
10.222335547900386
 10
-3.1292882055830082
 20
10.222901101075129
 10
-3.130129636057306
 20
10.223464873423072
 10
-3.13097173240759
 20
10.224026863807707
 10
-3.1318144925560456
 20
10.224587071096181
 10
-3.1326579144232207
 20
10.225145494159307
 10
-3.1335019959280315
 20
10.22570213187156
 10
-3.1343467349877647
 20
10.226256983111092
 10
-3.1351921295180865
 20
10.226810046759713
 10
-3.136038177433045
 20
10.227361321702903
 10
-3.1368848766450763
 20
10.22791080682982
 10
-3.137732225065009
 20
10.228458501033291
 10
-3.1385802206020714
 20
10.229004403209817
 10
-3.1394288611638936
 20
10.229548512259576
 10
-3.140278144656515
 20
10.230090827086425
 10
-3.141128068984389
 20
10.230631346597894
 10
-3.1419786320503866
 20
10.2311700697052
 10
-3.1428298317558045
 20
10.23170699532324
 10
-3.1436816660003672
 20
10.232242122370591
 10
-3.1445341326822343
 20
10.232775449769525
 10
-3.145387229698005
 20
10.233306976445984
 10
-3.146240954942723
 20
10.233836701329611
 10
-3.147095306309882
 20
10.234364623353738
 10
-3.1479502816914313
 20
10.234890741455377
 10
-3.14880587897778
 20
10.235415054575245
 10
-3.1496620960578032
 20
10.235937561657748
 10
-3.1505189308188473
 20
10.23645826165098
 10
-3.151376381146733
 20
10.236977153506746
 10
-3.1522344449257633
 20
10.237494236180538
 10
-3.1530931200387275
 20
10.238009508631547
 10
-3.1539524043669074
 20
10.238522969822675
 10
-3.15481229579008
 20
10.23903461872052
 10
-3.155672792186526
 20
10.23954445429538
 10
-3.1565338914330328
 20
10.240052475521262
 10
-3.1573955914049
 20
10.240558681375884
 10
-3.1582578899759457
 20
10.241063070840667
 10
-3.1591207850185103
 20
10.241565642900742
 10
-3.159984274403464
 20
10.24206639654495
 10
-3.1608483560002094
 20
10.24256533076585
 10
-3.1617130276766874
 20
10.243062444559705
 10
-3.162578287299384
 20
10.243557736926508
 10
-3.163444132733335
 20
10.244051206869951
 10
-3.16431056184213
 20
10.244542853397455
 10
-3.1651775724879183
 20
10.245032675520157
 10
-3.166045162531415
 20
10.245520672252912
 10
-3.166913329831906
 20
10.246006842614308
 10
-3.167782072247251
 20
10.246491185626642
 10
-3.1686513876338935
 20
10.246973700315946
 10
-3.169521273846861
 20
10.247454385711968
 10
-3.1703917287397747
 20
10.247933240848198
 10
-3.1712627501648507
 20
10.248410264761839
 10
-3.1721343359729084
 20
10.248885456493838
 10
-3.1730064840133743
 20
10.249358815088861
 10
-3.173879192134288
 20
10.249830339595315
 10
-3.174752458182307
 20
10.250300029065341
 10
-3.175626280002713
 20
10.25076788255481
 10
-3.176500655439415
 20
10.251233899123335
 10
-3.1773755823349576
 20
10.251698077834265
 10
-3.178251058530524
 20
10.252160417754686
 10
-3.1791270818659414
 20
10.25262091795543
 10
-3.180003650179689
 20
10.253079577511066
 10
-3.1808807613089
 20
10.253536395499907
 10
-3.1817584130893684
 20
10.253991371004016
 10
-3.1826366033555544
 20
10.254444503109195
 10
-3.1835153299405903
 20
10.254895790904992
 10
-3.1843945906762845
 20
10.25534523348471
 10
-3.1852743833931267
 20
10.255792829945403
 10
-3.186154705920296
 20
10.256238579387865
 10
-3.1870355560856627
 20
10.256682480916652
 10
-3.187916931715796
 20
10.257124533640065
 10
-3.1887988306359687
 20
10.257564736670172
 10
-3.189681250670162
 20
10.25800308912278
 10
-3.1905641896410724
 20
10.258439590117472
 10
-3.191447645370114
 20
10.258874238777576
 10
-3.1923316156774284
 20
10.259307034230183
 10
-3.193216098381886
 20
10.259737975606145
 10
-3.194101091301093
 20
10.260167062040075
 10
-3.1949865922513982
 20
10.260594292670351
 10
-3.195872599047896
 20
10.26101966663912
 10
-3.1967591095044314
 20
10.261443183092284
 10
-3.1976461214336096
 20
10.261864841179518
 10
-3.198533632646796
 20
10.262284640054265
 10
-3.199421640954126
 20
10.26270257887374
 10
-3.2003101441645065
 20
10.263118656798916
 10
-3.2011991400856257
 20
10.263532872994556
 10
-3.2020886265239548
 20
10.263945226629179
 10
-3.2029786012847548
 20
10.264355716875095
 10
-3.2038690621720827
 20
10.264764342908368
 10
-3.2047600069887947
 20
10.265171103908855
 10
-3.205651433536554
 20
10.265575999060186
 10
-3.206543339615835
 20
10.265979027549765
 10
-3.2074357230259296
 20
10.266380188568782
 10
-3.2083285815649516
 20
10.266779481312204
 10
-3.2092219130298414
 20
10.267176904978783
 10
-3.2101157152163746
 20
10.267572458771046
 10
-3.211009985919164
 20
10.267966141895318
 10
-3.211904722931667
 20
10.268357953561697
 10
-3.2127999240461906
 20
10.268747892984072
 10
-3.2136955870538966
 20
10.269135959380117
 10
-3.2145917097448065
 20
10.269522151971302
 10
-3.215488289907809
 20
10.269906469982882
 10
-3.216385325330663
 20
10.270288912643899
 10
-3.2172828138000047
 20
10.270669479187191
 10
-3.2181807531013527
 20
10.271048168849394
 10
-3.219079141019113
 20
10.271424980870925
 10
-3.2199779753365845
 20
10.271799914496011
 10
-3.2208772538359653
 20
10.272172968972662
 10
-3.2217769742983577
 20
10.272544143552693
 10
-3.222677134503772
 20
10.272913437491717
 10
-3.2235777322311363
 20
10.273280850049147
 10
-3.224478765258297
 20
10.27364638048819
 10
-3.2253802313620277
 20
10.274010028075862
 10
-3.2262821283180316
 20
10.274371792082977
 10
-3.2271844539009527
 20
10.274731671784155
 10
-3.228087205884373
 20
10.27508966645782
 10
-3.228990382040826
 20
10.2754457753862
 10
-3.2298939801417967
 20
10.27579999785533
 10
-3.2307979979577293
 20
10.276152333155057
 10
-3.231702433258034
 20
10.27650278057903
 10
-3.232607283811089
 20
10.276851339424713
 10
-3.233512547384249
 20
10.277198008993375
 10
-3.2344182217438497
 20
10.277542788590104
 10
-3.235324304655213
 20
10.277885677523793
 10
-3.236230793882653
 20
10.278226675107152
 10
-3.237137687189481
 20
10.278565780656708
 10
-3.238044982338012
 20
10.278902993492803
 10
-3.2389526770895696
 20
10.279238312939587
 10
-3.239860769204491
 20
10.27957173832504
 10
-3.240769256442132
 20
10.279903268980952
 10
-3.2416781365608767
 20
10.280232904242936
 10
-3.2425874073181364
 20
10.280560643450423
 10
-3.243497066470361
 20
10.280886485946667
 10
-3.2444071117730404
 20
10.281210431078744
 10
-3.2453175409807136
 20
10.28153247819755
 10
-3.2462283518469714
 20
10.281852626657807
 10
-3.247139542124463
 20
10.282170875818068
 10
-3.248051109564901
 20
10.282487225040702
 10
-3.2489630519190693
 20
10.282801673691912
 10
-3.2498753669368248
 20
10.283114221141723
 10
-3.250788052367106
 20
10.28342486676399
 10
-3.2517011059579377
 20
10.283733609936402
 10
-3.2526145254564356
 20
10.284040450040475
 10
-3.253528308608814
 20
10.284345386461553
 10
-3.254442453160388
 20
10.28464841858882
 10
-3.2553569568555822
 20
10.284949545815282
 10
-3.256271817437936
 20
10.28524876753779
 10
-3.2571870326501062
 20
10.285546083157023
 10
-3.2581026002338773
 20
10.285841492077495
 10
-3.259018517930162
 20
10.286134993707563
 10
-3.2599347834790104
 20
10.286426587459413
 10
-3.2608513946196145
 20
10.286716272749073
 10
-3.261768349090313
 20
10.287004048996412
 10
-3.2626856446285983
 20
10.287289915625136
 10
-3.263603278971121
 20
10.28757387206279
 10
-3.2645212498536957
 20
10.287855917740766
 10
-3.265439555011307
 20
10.288136052094288
 10
-3.2663581921781146
 20
10.288414274562433
 10
-3.267277159087459
 20
10.28869058458812
 10
-3.268196453471868
 20
10.288964981618106
 10
-3.26911607306306
 20
10.289237465103003
 10
-3.2700360155919515
 20
10.28950803449726
 10
-3.2709562787886637
 20
10.289776689259181
 10
-3.2718768603825246
 20
10.290043428850908
 10
-3.2727977581020786
 20
10.290308252738441
 10
-3.273718969675089
 20
10.290571160391629
 10
-3.274640492828544
 20
10.290832151284157
 10
-3.2755623252886656
 20
10.291091224893579
 10
-3.2764844647809106
 20
10.29134838070129
 10
-3.277406909029979
 20
10.291603618192545
 10
-3.278329655759819
 20
10.291856936856437
 10
-3.2792527026936327
 20
10.29210833618593
 10
-3.2801760475538804
 20
10.292357815677828
 10
-3.281099688062289
 20
10.292605374832807
 10
-3.2820236219398558
 20
10.29285101315538
 10
-3.282947846906853
 20
10.293094730153928
 10
-3.2838723606828357
 20
10.293336525340685
 10
-3.2847971609866464
 20
10.293576398231746
 10
-3.285722245536421
 20
10.293814348347063
 10
-3.2866476120495927
 20
10.294050375210446
 10
-3.2875732582429005
 20
10.29428447834957
 10
-3.2884991818323934
 20
10.294516657295963
 10
-3.289425380533436
 20
10.294746911585023
 10
-3.290351852060713
 20
10.294975240756
 10
-3.2912785941282365
 20
10.295201644352012
 10
-3.2922056044493533
 20
10.295426121920046
 10
-3.2931328807367453
 20
10.295648673010945
 10
-3.2940604207024395
 20
10.295869297179415
 10
-3.2949882220578126
 20
10.29608799398404
 10
-3.2959162825135966
 20
10.296304762987251
 10
-3.2968445997798836
 20
10.296519603755364
 10
-3.297773171566133
 20
10.296732515858551
 10
-3.2987019955811756
 20
10.296943498870856
 10
-3.2996310695332203
 20
10.297152552370187
 10
-3.300560391129859
 20
10.297359675938324
 10
-3.301489958078073
 20
10.29756486916092
 10
-3.302419768084238
 20
10.297768131627492
 10
-3.3033498188541306
 20
10.297969462931434
 10
-3.304280108092933
 20
10.298168862670003
 10
-3.3052106335052396
 20
10.298366330444338
 10
-3.306141392795061
 20
10.29856186585944
 10
-3.3070723836658327
 20
10.298755468524194
 10
-3.3080036038204166
 20
10.298947138051348
 10
-3.3089350509611104
 20
10.299136874057531
 10
-3.309866722789652
 20
10.299324676163248
 10
-3.310798617007225
 20
10.299510543992874
 10
-3.311730731314463
 20
10.299694477174658
 10
-3.312663063411458
 20
10.299876475340735
 10
-3.3135956109977642
 20
10.30005653812711
 10
-3.3145283717724046
 20
10.300234665173667
 10
-3.3154613434338756
 20
10.300410856124167
 10
-3.3163945236801537
 20
10.300585110626246
 10
-3.317327910208701
 20
10.30075742833143
 10
-3.3182615007164706
 20
10.300927808895114
 10
-3.3191952928999124
 20
10.301096251976578
 10
-3.3201292844549792
 20
10.301262757238977
 10
-3.3210634730771305
 20
10.301427324349355
 10
-3.321997856461341
 20
10.301589952978631
 10
-3.3229324323021046
 20
10.30175064280161
 10
-3.323867198293441
 20
10.301909393496977
 10
-3.3248021521288997
 20
10.302066204747296
 10
-3.3257372915015675
 20
10.302221076239023
 10
-3.3266726141040737
 20
10.302374007662491
 10
-3.3276081176285945
 20
10.302524998711922
 10
-3.3285437997668605
 20
10.302674049085415
 10
-3.3294796582101625
 20
10.302821158484964
 10
-3.330415690649355
 20
10.30296632661644
 10
-3.3313518947748637
 20
10.303109553189604
 10
-3.3322882682766917
 20
10.303250837918103
 10
-3.3332248088444234
 20
10.303390180519472
 10
-3.33416151416723
 20
10.303527580715123
 10
-3.3350983819338786
 20
10.303663038230377
 10
-3.3360354098327347
 20
10.30379655279442
 10
-3.3369725955517677
 20
10.30392812414034
 10
-3.3379099367785594
 20
10.304057752005107
 10
-3.338847431200306
 20
10.304185436129586
 10
-3.3397850765038277
 20
10.304311176258526
 10
-3.3407228703755716
 20
10.30443497214057
 10
-3.3416608105016183
 20
10.304556823528246
 10
-3.342598894567688
 20
10.304676730177981
 10
-3.3435371202591457
 20
10.30479469185008
 10
-3.3444754852610066
 20
10.304910708308757
 10
-3.3454139872579423
 20
10.305024779322098
 10
-3.346352623934288
 20
10.305136904662094
 10
-3.347291392974044
 20
10.305247084104625
 10
-3.3482302920608866
 20
10.305355317429463
 10
-3.3491693188781704
 20
10.305461604420275
 10
-3.350108471108934
 20
10.305565944864615
 10
-3.3510477464359085
 20
10.305668338553936
 10
-3.3519871425415197
 20
10.305768785283586
 10
-3.3529266571078966
 20
10.305867284852802
 10
-3.3538662878168752
 20
10.305963837064716
 10
-3.354806032350005
 20
10.30605844172636
 10
-3.355745888388556
 20
10.306151098648659
 10
-3.356685853613521
 20
10.306241807646426
 10
-3.357625925705626
 20
10.306330568538378
 10
-3.358566102345332
 20
10.306417381147124
 10
-3.3595063812128414
 20
10.306502245299171
 10
-3.3604467599881067
 20
10.306585160824925
 10
-3.3613872363508324
 20
10.306666127558675
 10
-3.3623278079804817
 20
10.306745145338624
 10
-3.3632684725562845
 20
10.30682221400686
 10
-3.3642092277572404
 20
10.30689733340938
 10
-3.365150071262126
 20
10.306970503396059
 10
-3.366091000749499
 20
10.307041723820689
 10
-3.367032013897707
 20
10.307110994540952
 10
-3.3679731083848896
 20
10.30717831541843
 10
-3.368914281888987
 20
10.307243686318593
 10
-3.369855532087743
 20
10.307307107110825
 10
-3.3707968566587136
 20
10.307368577668402
 10
-3.371738253279271
 20
10.307428097868497
 10
-3.37267971962661
 20
10.30748566759218
 10
-3.373621253377753
 20
10.30754128672443
 10
-3.3745628522095554
 20
10.307594955154116
 10
-3.3755045137987145
 20
10.307646672774005
 10
-3.3764462358217706
 20
10.307696439480775
 10
-3.3773880159551157
 20
10.307744255174992
 10
-3.378329851874999
 20
10.30779011976113
 10
-3.379271741257531
 20
10.307834033147557
 10
-3.380213681778692
 20
10.30787599524654
 10
-3.381155671114335
 20
10.307916005974263
 10
-3.3820977069401925
 20
10.307954065250783
 10
-3.383039786931884
 20
10.307990173000086
 10
-3.383981908764918
 20
10.308024329150033
 10
-3.384924070114701
 20
10.308056533632405
 10
-3.3858662686565424
 20
10.308086786382873
 10
-3.3868085020656595
 20
10.308115087341015
 10
-3.3877507680171832
 20
10.308141436450304
 10
-3.388693064186165
 20
10.308165833658123
 10
-3.389635388247581
 20
10.308188278915745
 10
-3.39057773787634
 20
10.308208772178354
 10
-3.391520110747286
 20
10.308227313405032
 10
-3.3924625045352075
 20
10.308243902558758
 10
-3.393404916914841
 20
10.30825853960642
 10
-3.3943473455608757
 20
10.308271224518801
 10
-3.3952897881479625
 20
10.308281957270594
 10
-3.396232242350718
 20
10.308290737840382
 10
-3.39717470584373
 20
10.308297566210658
 10
-3.3981171763015614
 20
10.308302442367813
 10
-3.3990596513987614
 20
10.30830536630214
 10
-3.4000000000000874
 20
10.30830633801282
  0
LWPOLYLINE
  5
F3
330
17
100
AcDbEntity
  8
20_CONTACT
100
AcDbPolyline
 90
2
 70
0
 10
-5.700000000000088
 20
10.308306338012812
 10
-3.4000000000000883
 20
10.30830633801282
  0
LWPOLYLINE
  5
F4
330
17
100
AcDbEntity
  8
20_CONTACT
100
AcDbPolyline
 90
1001
 70
0
 10
-5.700000000000055
 20
-0.30835255232564585
 10
-5.700942477402242
 20
-0.3083515762103861
 10
-5.701649334092458
 20
-0.308349562973552
 10
-5.702482412262013
 20
-0.30834578045400285
 10
-5.703424878518465
 20
-0.30833966232228427
 10
-5.704367336318058
 20
-0.3083315919859384
 10
-5.705309783335373
 20
-0.3083215694611283
 10
-5.706252217245014
 20
-0.30830959476792685
 10
-5.707194635721621
 20
-0.3082956679303077
 10
-5.708137036439869
 20
-0.30827978897614017
 10
-5.709079417074481
 20
-0.30826195793720146
 10
-5.710021775300225
 20
-0.30824217484916794
 10
-5.71096410879193
 20
-0.30822043975161684
 10
-5.71190641522448
 20
-0.3081967526880245
 10
-5.712848692272829
 20
-0.3081711137057752
 10
-5.713790937612005
 20
-0.3081435228561471
 10
-5.714733148917111
 20
-0.30811398019432445
 10
-5.715675323863337
 20
-0.3080824857793907
 10
-5.716617460125962
 20
-0.3080490396743283
 10
-5.717559555380357
 20
-0.30801364194602776
 10
-5.718501607302001
 20
-0.30797629266526805
 10
-5.719443613566475
 20
-0.3079369919067414
 10
-5.720385571849474
 20
-0.3078957397490356
 10
-5.721327479826811
 20
-0.3078525362746358
 10
-5.722269335174425
 20
-0.3078073815699316
 10
-5.723211135568383
 20
-0.3077602757252116
 10
-5.724152878684889
 20
-0.30771121883466357
 10
-5.7250945622002885
 20
-0.30766021099637797
 10
-5.726036183791073
 20
-0.30760725231234254
 10
-5.7269777411338865
 20
-0.30755234288844413
 10
-5.727919231905534
 20
-0.3074954828344687
 10
-5.7288606537829825
 20
-0.3074366722641084
 10
-5.72980200444337
 20
-0.3073759112949457
 10
-5.7307432815640125
 20
-0.3073132000484673
 10
-5.731684482822402
 20
-0.30724853865005564
 10
-5.7326256058962235
 20
-0.30718192722899396
 10
-5.733566648463352
 20
-0.30711336591846283
 10
-5.734507608201862
 20
-0.3070428548555437
 10
-5.735448482790033
 20
-0.30697039418121186
 10
-5.736389269906352
 20
-0.3068959840403416
 10
-5.737329967229527
 20
-0.30681962458170986
 10
-5.738270572438482
 20
-0.30674131595798393
 10
-5.739211083212373
 20
-0.3066610583257319
 10
-5.7401514972305865
 20
-0.3065788518454209
 10
-5.741091812172748
 20
-0.30649469668141016
 10
-5.7420320257187285
 20
-0.3064085930019562
 10
-5.742972135548648
 20
-0.30632054097921646
 10
-5.743912139342885
 20
-0.30623054078923495
 10
-5.744852034782076
 20
-0.3061385926119673
 10
-5.7457918195471285
 20
-0.30604469663124867
 10
-5.746731491319221
 20
-0.30594885303481867
 10
-5.7476710477798125
 20
-0.3058510620143071
 10
-5.748610486610645
 20
-0.30575132376524117
 10
-5.749549805493751
 20
-0.30564963848704174
 10
-5.75048900211146
 20
-0.3055460063830253
 10
-5.7514280741464034
 20
-0.3054404276603986
 10
-5.752367019281519
 20
-0.30533290253026735
 10
-5.753305835200059
 20
-0.3052234312076241
 10
-5.754244519585592
 20
-0.3051120139113568
 10
-5.7551830701220155
 20
-0.3049986508642508
 10
-5.756121484493554
 20
-0.3048833422929764
 10
-5.757059760384768
 20
-0.30476608842810116
 10
-5.757997895480562
 20
-0.3046468895040828
 10
-5.758935887466188
 20
-0.30452574575926583
 10
-5.759873734027247
 20
-0.304402657435892
 10
-5.760811432849704
 20
-0.30427762478009335
 10
-5.761748981619887
 20
-0.30415064804188674
 10
-5.762686378024491
 20
-0.30402172747518463
 10
-5.763623619750594
 20
-0.30389086333778614
 10
-5.764560704485648
 20
-0.3037580558913806
 10
-5.7654976299174985
 20
-0.30362330540154225
 10
-5.766434393734381
 20
-0.30348661213774086
 10
-5.767370993624931
 20
-0.30334797637332933
 10
-5.768307427278188
 20
-0.3032073983855472
 10
-5.7692436923836015
 20
-0.3030648784555261
 10
-5.770179786631038
 20
-0.30292041686828064
 10
-5.771115707710786
 20
-0.3027740139127104
 10
-5.7720514533135585
 20
-0.3026256698816052
 10
-5.772987021130505
 20
-0.3024753850716415
 10
-5.773922408853212
 20
-0.30232315978337176
 10
-5.774857614173711
 20
-0.302168994321244
 10
-5.775792634784483
 20
-0.30201288899358225
 10
-5.776727468378466
 20
-0.301854844112599
 10
-5.7776621126490575
 20
-0.30169485999438983
 10
-5.778596565290125
 20
-0.30153293695893346
 10
-5.779530823996007
 20
-0.3013690753300846
 10
-5.780464886461521
 20
-0.3012032754355882
 10
-5.781398750381969
 20
-0.3010355376070688
 10
-5.782332413453143
 20
-0.3008658621800304
 10
-5.78326587337133
 20
-0.3006942494938549
 10
-5.78419912783332
 20
-0.30052069989181085
 10
-5.7851321745364075
 20
-0.30034521372104095
 10
-5.786065011178402
 20
-0.30016779133256755
 10
-5.78699763545763
 20
-0.2999884330812943
 10
-5.787930045072944
 20
-0.29980713932600267
 10
-5.788862237723723
 20
-0.29962391042934833
 10
-5.789794211109886
 20
-0.2994387467578665
 10
-5.790725962931887
 20
-0.29925164868196674
 10
-5.791657490890732
 20
-0.29906261657593625
 10
-5.792588792687979
 20
-0.29887165081794187
 10
-5.79351986602574
 20
-0.298678751790014
 10
-5.794450708606695
 20
-0.298483919878068
 10
-5.795381318134093
 20
-0.298287155471888
 10
-5.796311692311756
 20
-0.298088458965136
 10
-5.797241828844087
 20
-0.29788783075533765
 10
-5.798171725436079
 20
-0.297685271243898
 10
-5.799101379793313
 20
-0.2974807808360911
 10
-5.800030789621968
 20
-0.2972743599410652
 10
-5.800959952628831
 20
-0.297066008971834
 10
-5.801888866521292
 20
-0.29685572834528173
 10
-5.80281752900736
 20
-0.2966435184821652
 10
-5.803745937795663
 20
-0.2964293798071047
 10
-5.804674090595454
 20
-0.29621331274859486
 10
-5.8056019851166205
 20
-0.29599531773899024
 10
-5.806529619069685
 20
-0.2957753952145179
 10
-5.807456990165813
 20
-0.2955535456152685
 10
-5.8083840961168205
 20
-0.2953297693851962
 10
-5.8093109346351754
 20
-0.2951040669721259
 10
-5.810237503434009
 20
-0.29487643882774073
 10
-5.8111638002271135
 20
-0.29464688540758743
 10
-5.812089822728956
 20
-0.29441540717107983
 10
-5.813015568654681
 20
-0.2941820045814918
 10
-5.81394103572011
 20
-0.29394667810595543
 10
-5.81486622164176
 20
-0.2937094282154682
 10
-5.815791124136838
 20
-0.29347025538488936
 10
-5.816715740923248
 20
-0.2932291600929293
 10
-5.817640069719605
 20
-0.29298614282216384
 10
-5.81856410824523
 20
-0.2927412040590287
 10
-5.819487854220161
 20
-0.29249434429380905
 10
-5.82041130536516
 20
-0.2922455640206518
 10
-5.821334459401715
 20
-0.2919948637375622
 10
-5.822257314052047
 20
-0.2917422439463966
 10
-5.823179867039116
 20
-0.29148770515286593
 10
-5.824102116086627
 20
-0.29123124786653953
 10
-5.825024058919035
 20
-0.2909728726008307
 10
-5.82594569326155
 20
-0.29071257987301813
 10
-5.8268670168401435
 20
-0.2904503702042174
 10
-5.827788027381554
 20
-0.2901862441194094
 10
-5.8287087226132925
 20
-0.2899202021474121
 10
-5.829629100263648
 20
-0.28965224482090335
 10
-5.830549158061692
 20
-0.28938237267640154
 10
-5.831468893737289
 20
-0.2891105862542833
 10
-5.832388305021093
 20
-0.28883688609875513
 10
-5.833307389644563
 20
-0.28856127275789056
 10
-5.834226145339962
 20
-0.2882837467835895
 10
-5.835144569840367
 20
-0.28800430873161353
 10
-5.8360626608796675
 20
-0.2877229591615542
 10
-5.8369804161925805
 20
-0.28743969863685415
 10
-5.837897833514648
 20
-0.28715452772479644
 10
-5.838814910582251
 20
-0.2868674469965047
 10
-5.839731645132604
 20
-0.28657845702694296
 10
-5.84064803490377
 20
-0.2862875583949158
 10
-5.841564077634664
 20
-0.28599475168307187
 10
-5.842479771065055
 20
-0.28570003747788597
 10
-5.843395112935575
 20
-0.2854034163696806
 10
-5.844310100987722
 20
-0.2851048889526151
 10
-5.84522473296387
 20
-0.2848044558246787
 10
-5.8461390066072685
 20
-0.28450211758769584
 10
-5.847052919662055
 20
-0.2841978748473295
 10
-5.847966469873253
 20
-0.2838917282130726
 10
-5.848879654986782
 20
-0.2835836782982497
 10
-5.849792472749466
 20
-0.2832737257200204
 10
-5.850704920909031
 20
-0.2829618710993689
 10
-5.851616997214118
 20
-0.2826481150611162
 10
-5.852528699414283
 20
-0.2823324582339062
 10
-5.853440025260009
 20
-0.28201490125021245
 10
-5.854350972502703
 20
-0.28169544474633845
 10
-5.855261538894711
 20
-0.2813740893624068
 10
-5.856171722189314
 20
-0.28105083574237355
 10
-5.857081520140743
 20
-0.28072568453401026
 10
-5.857990930504176
 20
-0.28039863638892015
 10
-5.85889995103575
 20
-0.28006969196252207
 10
-5.8598085794925625
 20
-0.2797388519140629
 10
-5.860716813632679
 20
-0.27940611690660155
 10
-5.861624651215139
 20
-0.27907148760702327
 10
-5.862532089999958
 20
-0.2787349646860324
 10
-5.863439127748138
 20
-0.2783965488181419
 10
-5.864345762221671
 20
-0.2780562406816909
 10
-5.86525199118354
 20
-0.27771404095883234
 10
-5.866157812397735
 20
-0.27736995033553136
 10
-5.867063223629247
 20
-0.2770239695015686
 10
-5.867968222644079
 20
-0.2766760991505368
 10
-5.868872807209255
 20
-0.2763263399798408
 10
-5.869776975092817
 20
-0.27597469269069563
 10
-5.87068072406384
 20
-0.2756211579881267
 10
-5.8715840518924285
 20
-0.27526573658096787
 10
-5.872486956349729
 20
-0.2749084291818633
 10
-5.87338943520793
 20
-0.2745492365072604
 10
-5.874291486240272
 20
-0.27418815927741136
 10
-5.875193107221053
 20
-0.2738251982163806
 10
-5.876094295925628
 20
-0.2734603540520286
 10
-5.8769950501304224
 20
-0.27309362751602073
 10
-5.877895367612931
 20
-0.272725019343822
 10
-5.8787952461517285
 20
-0.27235453027470946
 10
-5.879694683526472
 20
-0.27198216105174033
 10
-5.880593677517905
 20
-0.2716079124217874
 10
-5.881492225907869
 20
-0.27123178513551416
 10
-5.882390326479302
 20
-0.27085377994737847
 10
-5.8832879770162485
 20
-0.270473897615636
 10
-5.884185175303864
 20
-0.2700921389023385
 10
-5.885081919128417
 20
-0.2697085045733285
 10
-5.885978206277302
 20
-0.269322995398241
 10
-5.886874034539035
 20
-0.26893561215050177
 10
-5.88776940170327
 20
-0.2685463556073291
 10
-5.888664305560795
 20
-0.2681552265497267
 10
-5.889558743903541
 20
-0.26776222576248543
 10
-5.89045271452459
 20
-0.26736735403418876
 10
-5.891346215218178
 20
-0.2669706121572002
 10
-5.892239243779698
 20
-0.26657200092766686
 10
-5.89313179800571
 20
-0.2661715211455249
 10
-5.894023875693946
 20
-0.2657691736144887
 10
-5.894915474643309
 20
-0.2653649591420528
 10
-5.895806592653888
 20
-0.2649588785394936
 10
-5.896697227526958
 20
-0.2645509326218676
 10
-5.897587377064983
 20
-0.2641411222080041
 10
-5.898477039071629
 20
-0.2637294481205146
 10
-5.8993662113517615
 20
-0.26331591118578146
 10
-5.900254891711457
 20
-0.2629005122339638
 10
-5.901143077958003
 20
-0.2624832520989919
 10
-5.902030767899909
 20
-0.2620641316185708
 10
-5.902917959346908
 20
-0.2616431516341695
 10
-5.903804650109963
 20
-0.2612203129910373
 10
-5.904690838001272
 20
-0.2607956165381804
 10
-5.905576520834276
 20
-0.2603690631283797
 10
-5.9064616964236585
 20
-0.25994065361817853
 10
-5.907346362585359
 20
-0.2595103888678896
 10
-5.9082305171365705
 20
-0.2590782697415772
 10
-5.9091141578957505
 20
-0.25864429710708414
 10
-5.909997282682623
 20
-0.25820847183600293
 10
-5.910879889318186
 20
-0.2577707948036885
 10
-5.911761975624716
 20
-0.25733126688925445
 10
-5.9126435394257735
 20
-0.2568898889755733
 10
-5.913524578546208
 20
-0.25644666194927446
 10
-5.9144050908121635
 20
-0.2560015867007355
 10
-5.915285074051085
 20
-0.2555546641240962
 10
-5.9161645260917215
 20
-0.2551058951172447
 10
-5.917043444764134
 20
-0.2546552805818205
 10
-5.917921827899698
 20
-0.2542028214232115
 10
-5.9187996733311135
 20
-0.253748518550557
 10
-5.919676978892403
 20
-0.2532923728767429
 10
-5.920553742418925
 20
-0.2528343853183994
 10
-5.921429961747374
 20
-0.2523745567959015
 10
-5.922305634715786
 20
-0.2519128882333721
 10
-5.923180759163548
 20
-0.25144938055866994
 10
-5.924055332931399
 20
-0.25098403470339825
 10
-5.924929353861436
 20
-0.2505168516029048
 10
-5.925802819797121
 20
-0.2500478321962607
 10
-5.926675728583285
 20
-0.24957697742629215
 10
-5.927548078066135
 20
-0.2491042882395451
 10
-5.928419866093256
 20
-0.24862976558631367
 10
-5.929291090513622
 20
-0.24815341042061512
 10
-5.930161749177593
 20
-0.24767522370020245
 10
-5.931031839936928
 20
-0.247195206386559
 10
-5.931901360644788
 20
-0.24671335944489492
 10
-5.932770309155738
 20
-0.24622968384415067
 10
-5.933638683325757
 20
-0.24574418055699176
 10
-5.9345064810122405
 20
-0.24525685055980873
 10
-5.935373700074005
 20
-0.2447676948327171
 10
-5.936240338371299
 20
-0.24427671435955212
 10
-5.937106393765798
 20
-0.24378391012787226
 10
-5.937971864120621
 20
-0.24328928312895393
 10
-5.938836747300329
 20
-0.24279283435779497
 10
-5.939701041170931
 20
-0.2422945648131023
 10
-5.940564743599889
 20
-0.24179447549730604
 10
-5.94142785245613
 20
-0.24129256741654892
 10
-5.942290365610038
 20
-0.24078884158068625
 10
-5.943152280933472
 20
-0.24028329900327527
 10
-5.944013596299764
 20
-0.23977594070160002
 10
-5.94487430958373
 20
-0.23926676769663935
 10
-5.945734418661665
 20
-0.2387557810130847
 10
-5.946593921411361
 20
-0.23824298167932945
 10
-5.947452815712103
 20
-0.23772837072747777
 10
-5.948311099444679
 20
-0.23721194919332866
 10
-5.949168770491382
 20
-0.2366937181163884
 10
-5.9500258267360175
 20
-0.2361736785398616
 10
-5.950882266063909
 20
-0.23565183151064772
 10
-5.9517380863619
 20
-0.2351281780793446
 10
-5.952593285518364
 20
-0.23460271930025378
 10
-5.953447861423205
 20
-0.2340754562313574
 10
-5.954301811967867
 20
-0.23354638993433774
 10
-5.955155135045335
 20
-0.23301552147457194
 10
-5.9560078285501445
 20
-0.23248285192111418
 10
-5.956859890378381
 20
-0.23194838234672055
 10
-5.957711318427693
 20
-0.23141211382782778
 10
-5.958562110597289
 20
-0.2308740474445532
 10
-5.959412264787949
 20
-0.2303341842807054
 10
-5.960261778902027
 20
-0.22979252542377715
 10
-5.961110650843455
 20
-0.22924907196492939
 10
-5.961958878517751
 20
-0.22870382499901432
 10
-5.962806459832022
 20
-0.2281567856245541
 10
-5.963653392694969
 20
-0.22760795494375685
 10
-5.964499675016895
 20
-0.2270573340624935
 10
-5.9653453047097065
 20
-0.22650492409031564
 10
-5.966190279686923
 20
-0.22595072614044653
 10
-5.967034597863676
 20
-0.2253947413297741
 10
-5.967878257156719
 20
-0.22483697077886156
 10
-5.968721255484432
 20
-0.22427741561193848
 10
-5.9695635907668265
 20
-0.22371607695688844
 10
-5.970405260925548
 20
-0.22315295594527562
 10
-5.971246263883885
 20
-0.22258805371231993
 10
-5.972086597566771
 20
-0.22202137139689704
 10
-5.972926259900791
 20
-0.221452910141549
 10
-5.973765248814188
 20
-0.22088267109246829
 10
-5.974603562236865
 20
-0.22031065539951378
 10
-5.975441198100393
 20
-0.21973686421619298
 10
-5.976278154338014
 20
-0.21916129869966205
 10
-5.977114428884648
 20
-0.2185839600107382
 10
-5.977950019676895
 20
-0.21800484931387665
 10
-5.978784924653044
 20
-0.21742396777719541
 10
-5.979619141753076
 20
-0.21684131657244876
 10
-5.9804526689186694
 20
-0.21625689687503602
 10
-5.981285504093204
 20
-0.21567070986400871
 10
-5.982117645221768
 20
-0.2150827567220457
 10
-5.982949090251162
 20
-0.2144930386354833
 10
-5.983779837129904
 20
-0.2139015567942817
 10
-5.984609883808234
 20
-0.21330831239204606
 10
-5.985439228238123
 20
-0.21271330662601606
 10
-5.986267868373269
 20
-0.2121165406970622
 10
-5.987095802169113
 20
-0.21151801580968943
 10
-5.987923027582838
 20
-0.21091773317203355
 10
-5.988749542573371
 20
-0.2103156939958577
 10
-5.989575345101397
 20
-0.20971189949655233
 10
-5.9904004331293565
 20
-0.20910635089313523
 10
-5.991224804621453
 20
-0.20849904940824793
 10
-5.992048457543659
 20
-0.20788999626814864
 10
-5.992871389863717
 20
-0.2072791927027211
 10
-5.993693599551154
 20
-0.20666663994547285
 10
-5.994515084577274
 20
-0.20605233923351562
 10
-5.99533584291517
 20
-0.2054362918075885
 10
-5.996155872539732
 20
-0.20481849891204007
 10
-5.996975171427643
 20
-0.2041989617948321
 10
-5.997793737557392
 20
-0.20357768170753054
 10
-5.9986115689092765
 20
-0.20295465990532158
 10
-5.999428663465404
 20
-0.20232989764698495
 10
-6.0002450192097045
 20
-0.2017033961949224
 10
-6.001060634127927
 20
-0.2010751568151239
 10
-6.001875506207649
 20
-0.2004451807771872
 10
-6.002689633438284
 20
-0.19981346935431432
 10
-6.0035030138110805
 20
-0.19918002382329902
 10
-6.004315645319131
 20
-0.19854484546453754
 10
-6.0051275259573735
 20
-0.19790793556201436
 10
-6.005938653722604
 20
-0.19726929540331462
 10
-6.00674902661347
 20
-0.19662892627961348
 10
-6.007558642630485
 20
-0.1959868294856708
 10
-6.008367499776031
 20
-0.1953430063198418
 10
-6.00917559605436
 20
-0.19469745808406103
 10
-6.009982929471602
 20
-0.19405018608385483
 10
-6.010789498035771
 20
-0.1934011916283236
 10
-6.011595299756766
 20
-0.19275047603016127
 10
-6.012400332646379
 20
-0.19209804060562696
 10
-6.013204594718301
 20
-0.19144388667456802
 10
-6.014008083988122
 20
-0.19078801556040048
 10
-6.014810798473339
 20
-0.1901304285901233
 10
-6.015612736193363
 20
-0.18947112709429526
 10
-6.016413895169521
 20
-0.1888101124070598
 10
-6.0172142734250595
 20
-0.1881473858661149
 10
-6.018013868985155
 20
-0.18748294881273786
 10
-6.01881267987691
 20
-0.18681680259176225
 10
-6.019610704129369
 20
-0.18614894855158504
 10
-6.020407939773514
 20
-0.18547938804417363
 10
-6.021204384842273
 20
-0.18480812242504463
 10
-6.022000037370525
 20
-0.18413515305328154
 10
-6.022794895395106
 20
-0.18346048129151704
 10
-6.023588956954811
 20
-0.18278410850593652
 10
-6.024382220090399
 20
-0.18210603606628872
 10
-6.025174682844603
 20
-0.18142626534585915
 10
-6.025966343262127
 20
-0.1807447977214931
 10
-6.026757199389657
 20
-0.18006163457357616
 10
-6.0275472492758615
 20
-0.17937677728604307
 10
-6.0283364909714
 20
-0.17869022724636885
 10
-6.029124922528927
 20
-0.17800198584556703
 10
-6.0299125420030935
 20
-0.17731205447820209
 10
-6.030699347450556
 20
-0.17662043454236276
 10
-6.031485336929979
 20
-0.17592712743967986
 10
-6.03227050850204
 20
-0.17523213457532272
 10
-6.033054860229435
 20
-0.17453545735798137
 10
-6.033838390176885
 20
-0.17383709719988438
 10
-6.034621096411134
 20
-0.17313705551678638
 10
-6.035402977000963
 20
-0.17243533372796982
 10
-6.036184030017187
 20
-0.17173193325623792
 10
-6.036964253532666
 20
-0.17102685552792174
 10
-6.037743645622304
 20
-0.1703201019728695
 10
-6.0385222043630575
 20
-0.16961167402444843
 10
-6.03929992783394
 20
-0.1689015731195429
 10
-6.040076814116025
 20
-0.16818980069855805
 10
-6.040852861292453
 20
-0.1674763582054002
 10
-6.041628067448432
 20
-0.1667612470874964
 10
-6.042402430671249
 20
-0.16604446879578028
 10
-6.0431759490502674
 20
-0.1653260247846955
 10
-6.043948620676939
 20
-0.16460591651218515
 10
-6.044720443644801
 20
-0.16388414543970065
 10
-6.0454914160494875
 20
-0.16316071303219637
 10
-6.046261535988729
 20
-0.16243562075811901
 10
-6.047030801562362
 20
-0.1617088700894218
 10
-6.047799210872329
 20
-0.16098046250155207
 10
-6.048566762022685
 20
-0.16025039947344233
 10
-6.049333453119605
 20
-0.15951868248752632
 10
-6.0500992822713835
 20
-0.15878531302972831
 10
-6.050864247588443
 20
-0.15805029258945247
 10
-6.051628347183337
 20
-0.1573136226595988
 10
-6.052391579170758
 20
-0.1565753047365419
 10
-6.053153941667532
 20
-0.1558353403201469
 10
-6.053915432792639
 20
-0.15509373091375167
 10
-6.054676050667203
 20
-0.15435047802417934
 10
-6.055435793414506
 20
-0.153605583161724
 10
-6.056194659159987
 20
-0.15285904784015614
 10
-6.056952646031251
 20
-0.15211087357671893
 10
-6.05770975215807
 20
-0.15136106189212306
 10
-6.05846597567239
 20
-0.15060961431055375
 10
-6.059221314708335
 20
-0.1498565323596548
 10
-6.059975767402211
 20
-0.14910181757053742
 10
-6.060729331892509
 20
-0.14834547147777855
 10
-6.061482006319916
 20
-0.1475874956194101
 10
-6.062233788827312
 20
-0.14682789153692433
 10
-6.062984677559777
 20
-0.1460666607752703
 10
-6.0637346706646
 20
-0.14530380488285388
 10
-6.064483766291276
 20
-0.14453932541152348
 10
-6.0652319625915165
 20
-0.1437732239165932
 10
-6.065979257719252
 20
-0.14300550195680906
 10
-6.0667256498306354
 20
-0.14223616109437387
 10
-6.06747113708405
 20
-0.14146520289493125
 10
-6.068215717640109
 20
-0.14069262892756562
 10
-6.068959389661663
 20
-0.13991844076480398
 10
-6.069702151313809
 20
-0.13914263998261234
 10
-6.070444000763883
 20
-0.1383652281603851
 10
-6.071184936181478
 20
-0.13758620688095924
 10
-6.071924955738439
 20
-0.1368055777306001
 10
-6.072664057608871
 20
-0.13602334229900315
 10
-6.073402239969144
 20
-0.13523950217929048
 10
-6.074139500997897
 20
-0.134454058968009
 10
-6.074875838876043
 20
-0.13366701426513572
 10
-6.0756112517867695
 20
-0.13287836967406008
 10
-6.076345737915551
 20
-0.13208812680159276
 10
-6.077079295450146
 20
-0.13129628725796927
 10
-6.077811922580603
 20
-0.13050285265683215
 10
-6.078543617499268
 20
-0.12970782461524166
 10
-6.079274378400789
 20
-0.12891120475366868
 10
-6.080004203482115
 20
-0.12811299469598758
 10
-6.0807330909425055
 20
-0.12731319606948865
 10
-6.081461038983535
 20
-0.12651181050486038
 10
-6.082188045809093
 20
-0.12570883963619472
 10
-6.082914109625393
 20
-0.12490428510098717
 10
-6.083639228640976
 20
-0.1240981485401278
 10
-6.084363401066713
 20
-0.1232904315979102
 10
-6.085086625115811
 20
-0.12248113592201015
 10
-6.085808899003817
 20
-0.12167026316350871
 10
-6.086530220948624
 20
-0.12085781497686732
 10
-6.08725058917047
 20
-0.12004379301994028
 10
-6.087970001891949
 20
-0.11922819895396408
 10
-6.088688457338014
 20
-0.11841103444356271
 10
-6.089405953735977
 20
-0.1175923011567388
 10
-6.090122489315516
 20
-0.11677200076487715
 10
-6.090838062308684
 20
-0.11595013494273765
 10
-6.091552670949905
 20
-0.11512670536845171
 10
-6.092266313475984
 20
-0.11430171372353115
 10
-6.092978988126109
 20
-0.11347516169285399
 10
-6.093690693141858
 20
-0.1126470509646662
 10
-6.0944014267672
 20
-0.11181738323058177
 10
-6.0951111872484995
 20
-0.1109861601855826
 10
-6.095819972834525
 20
-0.11015338352800264
 10
-6.096527781776449
 20
-0.1093190549595473
 10
-6.097234612327854
 20
-0.10848317618527048
 10
-6.097940462744736
 20
-0.10764574891358869
 10
-6.0986453312855105
 20
-0.10680677485626688
 10
-6.099349216211015
 20
-0.10596625572842377
 10
-6.1000521157845125
 20
-0.10512419324852651
 10
-6.100754028271701
 20
-0.10428058913839067
 10
-6.1014549519407115
 20
-0.10343544512317315
 10
-6.102154885062114
 20
-0.1025887629313722
 10
-6.102853825908924
 20
-0.1017405442948327
 10
-6.103551772756606
 20
-0.10089079094873554
 10
-6.104248723883075
 20
-0.10003950463159228
 10
-6.104944677568706
 20
-0.09918668708525402
 10
-6.10563963209633
 20
-0.09833234005490077
 10
-6.106333585751249
 20
-0.09747646528903964
 10
-6.10702653682123
 20
-0.09661906453951197
 10
-6.107718483596518
 20
-0.09576013956147911
 10
-6.108409424369832
 20
-0.09489969211342064
 10
-6.109099357436375
 20
-0.09403772395714327
 10
-6.109788281093837
 20
-0.09317423685776838
 10
-6.110476193642398
 20
-0.09230923258373736
 10
-6.111163093384732
 20
-0.09144271290680095
 10
-6.111848978626013
 20
-0.09057467960202104
 10
-6.112533847673919
 20
-0.08970513444777417
 10
-6.113217698838632
 20
-0.08883407922573383
 10
-6.113900530432851
 20
-0.08796151572088817
 10
-6.114582340771784
 20
-0.08708744572152582
 10
-6.115263128173164
 20
-0.08621187101923233
 10
-6.115942890957246
 20
-0.08533479340889016
 10
-6.116621627446815
 20
-0.08445621468868225
 10
-6.117299335967184
 20
-0.08357613666008312
 10
-6.117976014846207
 20
-0.08269456112785711
 10
-6.118651662414275
 20
-0.0818114899000566
 10
-6.119326277004327
 20
-0.08092692478802732
 10
-6.119999856951849
 20
-0.08004086760638884
 10
-6.120672400594878
 20
-0.07915332017305055
 10
-6.121343906274012
 20
-0.07826428430920096
 10
-6.122014372332406
 20
-0.07737376183930245
 10
-6.1226837971157835
 20
-0.07648175459109474
 10
-6.123352178972435
 20
-0.07558826439559319
 10
-6.124019516253226
 20
-0.07469329308707628
 10
-6.124685807311597
 20
-0.07379684250309992
 10
-6.125351050503572
 20
-0.07289891448447783
 10
-6.1260152441877604
 20
-0.07199951087529577
 10
-6.12667838672536
 20
-0.07109863352289558
 10
-6.127340476480164
 20
-0.07019628427787872
 10
-6.12800151181856
 20
-0.06929246499410091
 10
-6.128661491109542
 20
-0.06838717752868284
 10
-6.129320412724704
 20
-0.06748042374198349
 10
-6.129978275038254
 20
-0.06657220549761966
 10
-6.130635076427013
 20
-0.06566252466245892
 10
-6.131290815270418
 20
-0.06475138310660533
 10
-6.131945489950529
 20
-0.06383878270341192
 10
-6.132599098852031
 20
-0.0629247253294718
 10
-6.13325164036224
 20
-0.062009212864612806
 10
-6.133903112871105
 20
-0.06109224719190287
 10
-6.134553514771212
 20
-0.06017383019763933
 10
-6.135202844457788
 20
-0.05925396377135961
 10
-6.135851100328708
 20
-0.05833264980581809
 10
-6.136498280784494
 20
-0.05740989019700038
 10
-6.137144384228323
 20
-0.05648568684412325
 10
-6.137789409066029
 20
-0.055560041649615144
 10
-6.138433353706107
 20
-0.05463295651913036
 10
-6.139076216559719
 20
-0.05370443336153663
 10
-6.139717996040692
 20
-0.05277447408892044
 10
-6.14035869056553
 20
-0.05184308061657816
 10
-6.140998298553414
 20
-0.050910254863016036
 10
-6.1416368184262025
 20
-0.04997599874995018
 10
-6.142274248608443
 20
-0.049040314202299484
 10
-6.142910587527368
 20
-0.04810320314818739
 10
-6.1435458336129045
 20
-0.04716466751893833
 10
-6.144179985297676
 20
-0.046224709249072404
 10
-6.144813041017006
 20
-0.04528333027630893
 10
-6.145444999208922
 20
-0.04434053254155934
 10
-6.146075858314159
 20
-0.04339631798892718
 10
-6.146705616776165
 20
-0.042450688565701
 10
-6.1473342730411025
 20
-0.04150364622235969
 10
-6.147961825557855
 20
-0.040555192912565374
 10
-6.148588272778028
 20
-0.03960533059315985
 10
-6.149213613155954
 20
-0.03865406122416459
 10
-6.149837845148698
 20
-0.03770138676878254
 10
-6.150460967216059
 20
-0.03674730919338032
 10
-6.1510829778205744
 20
-0.03579183046751133
 10
-6.151703875427524
 20
-0.0348349525638838
 10
-6.152323658504933
 20
-0.0338766774583803
 10
-6.152942325523579
 20
-0.032917007130050635
 10
-6.153559874956991
 20
-0.03195594356109943
 10
-6.154176305281457
 20
-0.030993488736898556
 10
-6.154791614976023
 20
-0.03002964464597291
 10
-6.155405802522506
 20
-0.029064413280005752
 10
-6.1560188664054865
 20
-0.028097796633826277
 10
-6.15663080511232
 20
-0.027129796705422038
 10
-6.157241617133136
 20
-0.026160415495921185
 10
-6.157851300960846
 20
-0.025189655009606682
 10
-6.158459855091145
 20
-0.024217517253893206
 10
-6.1590672780225155
 20
-0.02324400423933959
 10
-6.159673568256229
 20
-0.02226911797964881
 10
-6.160278724296355
 20
-0.021292860491653798
 10
-6.16088274464976
 20
-0.020315233795320964
 10
-6.16148562782611
 20
-0.019336239913743114
 10
-6.16208737233788
 20
-0.0183558808731501
 10
-6.162687976700356
 20
-0.017374158702894604
 10
-6.163287439431633
 20
-0.0163910754354486
 10
-6.163885759052624
 20
-0.015406633106410439
 10
-6.164482934087065
 20
-0.014420833754490658
 10
-6.165078963061513
 20
-0.013433679421519074
 10
-6.1656738445053545
 20
-0.01244517215244123
 10
-6.1662675769508075
 20
-0.011455313995309524
 10
-6.1668601589329235
 20
-0.010464107001286749
 10
-6.167451588989594
 20
-0.009471553224642548
 10
-6.168041865661551
 20
-0.008477654722748085
 10
-6.168630987492375
 20
-0.007482413556074263
 10
-6.169218953028494
 20
-0.006485831788198837
 10
-6.16980576081919
 20
-0.005487911485785091
 10
-6.1703914094166
 20
-0.004488654718594276
 10
-6.170975897375722
 20
-0.003488063559480281
 10
-6.171559223254418
 20
-0.002486140084384303
 10
-6.1721413856134175
 20
-0.0014828863723330699
 10
-6.172722383016319
 20
-0.00047830450543706604
 10
-6.1733022140296
 20
0.0005276034311076927
 10
-6.17388087722261
 20
0.0015348353490356459
 10
-6.1744583711675824
 20
0.002543389156999254
 10
-6.175034694439637
 20
0.0035532627605761036
 10
-6.17560984561678
 20
0.004564454062274237
 10
-6.17618382327991
 20
0.005576960961535704
 10
-6.176756626012823
 20
0.006590781354731234
 10
-6.17732825240221
 20
0.007605913135174447
 10
-6.17789870103767
 20
0.008622354193112969
 10
-6.178467970511702
 20
0.009640102415739094
 10
-6.179036059419718
 20
0.010659155687182675
 10
-6.179602966360043
 20
0.011679511888528893
 10
-6.180168689933915
 20
0.012701168897807591
 10
-6.180733228745497
 20
0.013724124589996833
 10
-6.18129658140187
 20
0.01474837683703889
 10
-6.181858746513046
 20
0.01577392350781892
 10
-6.1824197226919635
 20
0.016800762468195174
 10
-6.182979508554498
 20
0.017828891580974116
 10
-6.1835381027194565
 20
0.018858308705938853
 10
-6.184095503808593
 20
0.019889011699833148
 10
-6.184651710446602
 20
0.020920998416366743
 10
-6.185206721261124
 20
0.021954266706229575
 10
-6.185760534882751
 20
0.022988814417077563
 10
-6.18631314994503
 20
0.024024639393550373
 10
-6.186864565084464
 20
0.02506173947726431
 10
-6.187414778940516
 20
0.02610011250681943
 10
-6.187963790155616
 20
0.02713975631779597
 10
-6.188511597375158
 20
0.028180668742765036
 10
-6.189058199247508
 20
0.029222847611286795
 10
-6.189603594424007
 20
0.030266290749915825
 10
-6.190147781558971
 20
0.031310995982197554
 10
-6.190690759309698
 20
0.03235696112867892
 10
-6.191232526336471
 20
0.03340418400690659
 10
-6.191773081302557
 20
0.03445266243142164
 10
-6.192312422874219
 20
0.03550239421378443
 10
-6.192850549720707
 20
0.03655337716255147
 10
-6.193387460514274
 20
0.037605609083293245
 10
-6.193923153930171
 20
0.0386590877785995
 10
-6.194457628646651
 20
0.03971381104806504
 10
-6.194990883344978
 20
0.04076977668830928
 10
-6.1955229167094235
 20
0.041826982492967346
 10
-6.196053727427272
 20
0.04288542625270786
 10
-6.196583314188826
 20
0.0439451057552116
 10
-6.197111675687408
 20
0.04500601878520172
 10
-6.197638810619361
 20
0.046068163124420636
 10
-6.19816471768406
 20
0.04713153655165492
 10
-6.198689395583903
 20
0.048196136842713955
 10
-6.199212843024325
 20
0.04926196177046016
 10
-6.199735058713796
 20
0.05032900910479121
 10
-6.200256041363825
 20
0.05139727661264892
 10
-6.2007757896889615
 20
0.052466762058019256
 10
-6.201294302406804
 20
0.05353746320194652
 10
-6.201811578237997
 20
0.054609377802515624
 10
-6.202327615906238
 20
0.05568250361487337
 10
-6.20284241413828
 20
0.05675683839122492
 10
-6.203355971663931
 20
0.057832379880828455
 10
-6.203868287216064
 20
0.0589091258300094
 10
-6.2043793595306145
 20
0.059987073982158634
 10
-6.204889187346586
 20
0.06106622207773249
 10
-6.205397769406051
 20
0.06214656785426165
 10
-6.2059051044541595
 20
0.06322810904634757
 10
-6.206411191239134
 20
0.06431084338566073
 10
-6.206916028512278
 20
0.06539476860096194
 10
-6.207419615027982
 20
0.06647988241808456
 10
-6.207921949543716
 20
0.06756618255994873
 10
-6.208423030820043
 20
0.06865366674656137
 10
-6.208922857620619
 20
0.06974233269501617
 10
-6.209421428712192
 20
0.07083217811949893
 10
-6.20991874286461
 20
0.07192320073129288
 10
-6.210414798850823
 20
0.07301539823876979
 10
-6.210909595446884
 20
0.07410876834741309
 10
-6.211403131431954
 20
0.0752033087597983
 10
-6.2118954055883036
 20
0.07629901717560905
 10
-6.212386416701317
 20
0.07739589129163882
 10
-6.212876163559497
 20
0.0784939288017874
 10
-6.213364644954462
 20
0.07959312739706981
 10
-6.213851859680955
 20
0.08069348476561622
 10
-6.214337806536843
 20
0.08179499859267558
 10
-6.214822484323123
 20
0.08289766656061381
 10
-6.215305891843921
 20
0.08400148634892624
 10
-6.2157880279065
 20
0.08510645563423047
 10
-6.216268891321257
 20
0.08621257209027533
 10
-6.216748480901732
 20
0.08731983338793903
 10
-6.217226795464604
 20
0.08842823719523452
 10
-6.2177038338297015
 20
0.08953778117731481
 10
-6.218179594820001
 20
0.09064846299646767
 10
-6.218654077261631
 20
0.09176028031212624
 10
-6.219127279983872
 20
0.09287323078086729
 10
-6.219599201819165
 20
0.0939873120564183
 10
-6.2200698416031095
 20
0.09510252178965395
 10
-6.220539198174468
 20
0.09621885762860138
 10
-6.221007270375173
 20
0.09733631721844738
 10
-6.221474057050321
 20
0.09845489820153652
 10
-6.221939557048183
 20
0.0995745982173677
 10
-6.222403769220202
 20
0.10069541490261535
 10
-6.222866692421002
 20
0.1018173458911118
 10
-6.223328325508386
 20
0.10294038881386314
 10
-6.223788667343339
 20
0.10406454129904397
 10
-6.224247716790033
 20
0.10518980097200803
 10
-6.2247054727158275
 20
0.10631616545528288
 10
-6.225161933991275
 20
0.10744363236857879
 10
-6.225617099490123
 20
0.10857219932878692
 10
-6.2260709680893145
 20
0.10970186394998649
 10
-6.226523538668991
 20
0.11083262384344472
 10
-6.2269748101125
 20
0.11196447661761688
 10
-6.227424781306392
 20
0.11309741987815691
 10
-6.227873451140427
 20
0.1142314512279139
 10
-6.228320818507574
 20
0.11536656826693381
 10
-6.228766882304018
 20
0.11650276859246667
 10
-6.229211641429158
 20
0.11764004979896647
 10
-6.229655094785613
 20
0.11877840947809837
 10
-6.230097241279226
 20
0.11991784521873505
 10
-6.23053807981906
 20
0.12105835460695857
 10
-6.230977609317408
 20
0.12219993522607275
 10
-6.231415828689793
 20
0.1233425846566032
 10
-6.23185273685497
 20
0.12448630047628306
 10
-6.232288332734927
 20
0.12563108026008507
 10
-6.232722615254893
 20
0.12677692158019838
 10
-6.233155583343336
 20
0.12792382200604813
 10
-6.233587235931967
 20
0.12907177910428835
 10
-6.234017571955743
 20
0.13022079043881085
 10
-6.23444659035287
 20
0.13137085357074163
 10
-6.234874290064804
 20
0.1325219660584498
 10
-6.2353006700362545
 20
0.13367412545755109
 10
-6.235725729215187
 20
0.1348273293209008
 10
-6.2361494665528285
 20
0.13598157519860798
 10
-6.236571881003664
 20
0.13713686063803543
 10
-6.236992971525445
 20
0.13829318318379258
 10
-6.237412737079186
 20
0.13945054037775506
 10
-6.237831176629175
 20
0.1406089297590558
 10
-6.238248289142969
 20
0.14176834886408507
 10
-6.2386640735914
 20
0.14292879522650814
 10
-6.239078528948575
 20
0.14409026637725475
 10
-6.239491654191884
 20
0.14525275984452257
 10
-6.2399034483019955
 20
0.14641627315379324
 10
-6.240313910262864
 20
0.1475808038278128
 10
-6.24072303906173
 20
0.1487463493866148
 10
-6.241130833689122
 20
0.14991290734751495
 10
-6.241537293138864
 20
0.15108047522511114
 10
-6.2419424164080715
 20
0.15224905053129412
 10
-6.242346202497157
 20
0.15341863077524387
 10
-6.242748650409832
 20
0.15458921346343146
 10
-6.243149759153112
 20
0.15576079609962612
 10
-6.243549527737313
 20
0.15693337618490055
 10
-6.243947955176061
 20
0.15810695121762386
 10
-6.24434504048629
 20
0.15928151869347396
 10
-6.244740782688242
 20
0.16045707610543403
 10
-6.2451351808054785
 20
0.1616336209438014
 10
-6.245528233864874
 20
0.16281115069618401
 10
-6.245919940896622
 20
0.16398966284750927
 10
-6.246310300934236
 20
0.16516915488002049
 10
-6.246699313014556
 20
0.1663496242732858
 10
-6.247086976177744
 20
0.1675310685041982
 10
-6.247473289467295
 20
0.1687134850469736
 10
-6.24785825193003
 20
0.169896871373167
 10
-6.248241862616104
 20
0.17108122495166178
 10
-6.2486241205790085
 20
0.1722665432486732
 10
-6.249005024875572
 20
0.1734528237277697
 10
-6.249384574565963
 20
0.1746400638498482
 10
-6.2497627687136905
 20
0.1758282610731552
 10
-6.250139606385612
 20
0.1770174128532851
 10
-6.2505150866519275
 20
0.1782075166431838
 10
-6.250889208586188
 20
0.1793985698931504
 10
-6.251261971265297
 20
0.18059057005083723
 10
-6.25163337376951
 20
0.1817835145612623
 10
-6.252003415182438
 20
0.18297740086680214
 10
-6.252372094591053
 20
0.18417222640719721
 10
-6.252739411085683
 20
0.18536798861955184
 10
-6.2531053637600245
 20
0.186564684938352
 10
-6.253469951711134
 20
0.1877623127954493
 10
-6.253833174039437
 20
0.18896086962007708
 10
-6.254195029848729
 20
0.1901603528388378
 10
-6.254555518246176
 20
0.19136075987572987
 10
-6.254914638342318
 20
0.19256208815212794
 10
-6.255272389251072
 20
0.19376433508679902
 10
-6.255628770089732
 20
0.19496749809589708
 10
-6.2559837799789735
 20
0.19617157459297196
 10
-6.256337418042853
 20
0.19737656198896936
 10
-6.256689683408812
 20
0.19858245769224148
 10
-6.2570405752076805
 20
0.19978925910853107
 10
-6.257390092573676
 20
0.2009969636409945
 10
-6.257738234644408
 20
0.20220556869019823
 10
-6.258085000560877
 20
0.20341507165411166
 10
-6.258430389467482
 20
0.2046254699281267
 10
-6.258774400512017
 20
0.2058367609050471
 10
-6.259117032845679
 20
0.20704894197510093
 10
-6.259458285623062
 20
0.2082620105259334
 10
-6.259798158002166
 20
0.2094759639426229
 10
-6.260136649144398
 20
0.21069079960767034
 10
-6.260473758214571
 20
0.21190651490101153
 10
-6.26080948438091
 20
0.21312310720001726
 10
-6.261143826815049
 20
0.21434057387949856
 10
-6.261476784692039
 20
0.21555891231169788
 10
-6.261808357190347
 20
0.21677811986631035
 10
-6.262138543491855
 20
0.21799819391047315
 10
-6.262467342781868
 20
0.21921913180877617
 10
-6.2627947542491125
 20
0.22044093092325845
 10
-6.263120777085739
 20
0.22166358861341529
 10
-6.263445410487324
 20
0.22288710223620178
 10
-6.263768653652872
 20
0.22411146914603286
 10
-6.264090505784819
 20
0.2253366866947868
 10
-6.264410966089031
 20
0.22656275223181233
 10
-6.264730033774809
 20
0.22778966310392157
 10
-6.265047708054889
 20
0.2290174166554113
 10
-6.265363988145449
 20
0.23024601022804525
 10
-6.265678873266101
 20
0.23147544116106467
 10
-6.265992362639902
 20
0.23270570679120084
 10
-6.266304455493353
 20
0.23393680445266618
 10
-6.266615151056399
 20
0.235168731477156
 10
-6.266924448562435
 20
0.23640148519386806
 10
-6.267232347248301
 20
0.237635062929483
 10
-6.267538846354293
 20
0.23886946200818393
 10
-6.267843945124158
 20
0.2401046797516564
 10
-6.268147642805098
 20
0.24134071347908304
 10
-6.2684499386477714
 20
0.2425775605071543
 10
-6.268750831906297
 20
0.24381521815007012
 10
-6.269050321838252
 20
0.2450536837195454
 10
-6.269348407704679
 20
0.24629295452480449
 10
-6.269645088770081
 20
0.24753302787259734
 10
-6.26994036430243
 20
0.24877390106718344
 10
-6.270234233573165
 20
0.2500155714103567
 10
-6.2705266958571935
 20
0.2512580362014365
 10
-6.270817750432896
 20
0.2525012927372696
 10
-6.271107396582126
 20
0.2537453383122319
 10
-6.2713956335902115
 20
0.2549901702182442
 10
-6.271682460745957
 20
0.2562357857447637
 10
-6.2719678773416465
 20
0.25748218217878893
 10
-6.272251882673043
 20
0.25872935680485654
 10
-6.272534476039391
 20
0.25997730690506593
 10
-6.272815656743422
 20
0.26122602975905984
 10
-6.273095424091348
 20
0.2624755226440314
 10
-6.273373777392874
 20
0.2637257828347366
 10
-6.273650715961188
 20
0.2649768076034942
 10
-6.2739262391129715
 20
0.2662285942201823
 10
-6.274200346168399
 20
0.2674811399522472
 10
-6.274473036451138
 20
0.26873444206470154
 10
-6.27474430928835
 20
0.2699884978201368
 10
-6.275014164010696
 20
0.27124330447871436
 10
-6.275282599952335
 20
0.27249885929817985
 10
-6.275549616450926
 20
0.27375515953385765
 10
-6.275815212847631
 20
0.2750122024386581
 10
-6.276079388487115
 20
0.27626998526307567
 10
-6.2763421427175485
 20
0.2775285052552068
 10
-6.27660347489061
 20
0.2787877596607302
 10
-6.276863384361486
 20
0.28004774572293023
 10
-6.277121870488873
 20
0.2813084606826859
 10
-6.27737893263498
 20
0.2825699017784853
 10
-6.277634570165527
 20
0.2838320662464202
 10
-6.277888782449752
 20
0.28509495132019147
 10
-6.278141568860407
 20
0.2863585542311142
 10
-6.278392928773766
 20
0.2876228722081198
 10
-6.278642861569615
 20
0.2888879024777591
 10
-6.27889136663127
 20
0.29015364226420637
 10
-6.279138443345563
 20
0.2914200887892573
 10
-6.279384091102853
 20
0.29268723927233786
 10
-6.279628309297024
 20
0.29395509093050975
 10
-6.279871097325488
 20
0.29522364097846143
 10
-6.280112454589184
 20
0.29649288662852946
 10
-6.280352380492582
 20
0.29776282509068075
 10
-6.280590874443684
 20
0.29903345357253563
 10
-6.280827935854024
 20
0.300304769279359
 10
-6.2810635641386705
 20
0.3015767694140603
 10
-6.281297758716229
 20
0.3028494511772113
 10
-6.281530519008841
 20
0.3041228117670354
 10
-6.281761844442189
 20
0.3053968483794183
 10
-6.2819917344454925
 20
0.30667155820790803
 10
-6.282220188451515
 20
0.3079469384437221
 10
-6.282447205896562
 20
0.30922298627574385
 10
-6.282672786220484
 20
0.310499698890526
 10
-6.282896928866675
 20
0.3117770734723049
 10
-6.28311963328208
 20
0.31305510720299345
 10
-6.2833408989171895
 20
0.3143337972621847
 10
-6.283560725226046
 20
0.31561314082715697
 10
-6.28377911166624
 20
0.3168931350728812
 10
-6.283996057698918
 20
0.31817377717201545
 10
-6.284211562788778
 20
0.3194550642949192
 10
-6.284425626404076
 20
0.3207369936096427
 10
-6.284638248016621
 20
0.32201956228194106
 10
-6.284849427101781
 20
0.3233027674752762
 10
-6.2850591631384845
 20
0.32458660635081493
 10
-6.285267455609219
 20
0.3258710760674379
 10
-6.285474304000035
 20
0.3271561737817361
 10
-6.2856797078005435
 20
0.32844189664802315
 10
-6.2858836665039215
 20
0.3297282418183318
 10
-6.286086179606912
 20
0.3310152064424159
 10
-6.286287246609823
 20
0.33230278766776067
 10
-6.2864868670165315
 20
0.33359098263957954
 10
-6.286685040334483
 20
0.33487978850081923
 10
-6.2868817660746945
 20
0.33616920239216874
 10
-6.2870770437517525
 20
0.33745922145204865
 10
-6.287270872883818
 20
0.33874984281663423
 10
-6.287463252992627
 20
0.34004106361983766
 10
-6.287654183603486
 20
0.34133288099332404
 10
-6.287843664245283
 20
0.3426252920665185
 10
-6.288031694450481
 20
0.3439182939665937
 10
-6.288218273755122
 20
0.34521188381848766
 10
-6.288403401698827
 20
0.34650605874490026
 10
-6.288587077824799
 20
0.3478008158662984
 10
-6.288769301679822
 20
0.34909615230091795
 10
-6.288950072814265
 20
0.3503920651647707
 10
-6.289129390782078
 20
0.3516885515716428
 10
-6.2893072551408
 20
0.35298560863309625
 10
-6.289483665451554
 20
0.3542832334584869
 10
-6.2896586212790515
 20
0.35558142315494834
 10
-6.289832122191592
 20
0.3568801748274044
 10
-6.290004167761065
 20
0.3581794855785798
 10
-6.290174757562951
 20
0.3594793525089788
 10
-6.290343891176322
 20
0.3607797727169313
 10
-6.290511568183842
 20
0.3620807432985469
 10
-6.29067778817177
 20
0.36338226134775375
 10
-6.290842550729961
 20
0.3646843239562845
 10
-6.2910058554518615
 20
0.3659869282136885
 10
-6.291167701934519
 20
0.3672900712073339
 10
-6.2913280897785775
 20
0.36859375002240213
 10
-6.29148701858828
 20
0.3698979617419038
 10
-6.29164448797147
 20
0.37120270344667006
 10
-6.2918004975395885
 20
0.37250797221537013
 10
-6.291955046907683
 20
0.37381376512450437
 10
-6.2921081356944
 20
0.3751200792484042
 10
-6.292259763521993
 20
0.37642691165924624
 10
-6.292409930016316
 20
0.3777342594270525
 10
-6.29255863480683
 20
0.37904211961969025
 10
-6.292705877526605
 20
0.38035048930287196
 10
-6.2928516578123155
 20
0.381659365540175
 10
-6.292995975304246
 20
0.3829687453930273
 10
-6.293138829646288
 20
0.38427862592071627
 10
-6.293280220485943
 20
0.3855890041803942
 10
-6.293420147474326
 20
0.3868998772270871
 10
-6.293558610266162
 20
0.38821124211368563
 10
-6.293695608519789
 20
0.38952309589095613
 10
-6.293831141897156
 20
0.39083543560754563
 10
-6.293965210063831
 20
0.39214825830998024
 10
-6.294097812688992
 20
0.39346156104267216
 10
-6.294228949445438
 20
0.39477534084791976
 10
-6.29435862000958
 20
0.39608959476591643
 10
-6.2944868240614475
 20
0.39740431983475233
 10
-6.29461356128469
 20
0.3987195130904091
 10
-6.294738831366576
 20
0.40003517156677937
 10
-6.294862633997993
 20
0.40135129229565614
 10
-6.2949849688734485
 20
0.40266787230674517
 10
-6.295105835691071
 20
0.4039849086276597
 10
-6.295225234152614
 20
0.4053023982839363
 10
-6.295343163963451
 20
0.4066203382990281
 10
-6.295459624832579
 20
0.40793872569430967
 10
-6.295574616472621
 20
0.4092575574890862
 10
-6.295688138599823
 20
0.4105768307005899
 10
-6.2958001909340595
 20
0.411896542343996
 10
-6.295910773198829
 20
0.4132166894324012
 10
-6.296019885121257
 20
0.41453726897685783
 10
-6.296127526432098
 20
0.415858277986354
 10
-6.296233696865735
 20
0.417179713467835
 10
-6.296338396160178
 20
0.41850157242618735
 10
-6.296441624057068
 20
0.41982385186426363
 10
-6.296543380301677
 20
0.4211465487828647
 10
-6.2966436646429065
 20
0.42246966018076115
 10
-6.296742476833291
 20
0.4237931830546895
 10
-6.296839816628997
 20
0.42511711439935596
 10
-6.2969356837898225
 20
0.4264414512074364
 10
-6.2970300780791995
 20
0.4277661904695851
 10
-6.297122999264194
 20
0.4290913291744385
 10
-6.297214447115508
 20
0.43041686430862214
 10
-6.297304421407476
 20
0.43174279285673833
 10
-6.297392921918068
 20
0.4330691118013874
 10
-6.2974799484288955
 20
0.43439581812316774
 10
-6.2975655007252
 20
0.43572290880066866
 10
-6.2976495785958635
 20
0.43705038081048997
 10
-6.297732181833406
 20
0.43837823112723306
 10
-6.297813310233984
 20
0.43970645672350805
 10
-6.297892963597396
 20
0.44103505456994263
 10
-6.297971141727076
 20
0.4423640216351803
 10
-6.2980478444301005
 20
0.4436933548858857
 10
-6.298123071517185
 20
0.445023051286741
 10
-6.298196822802687
 20
0.44635310780047277
 10
-6.298269098104603
 20
0.4476835213878232
 10
-6.298339897244573
 20
0.449014289007577
 10
-6.298409220047879
 20
0.45034540761655784
 10
-6.298477066343445
 20
0.4516768741696371
 10
-6.298543435963836
 20
0.4530086856197233
 10
-6.298608328745264
 20
0.45434083891778165
 10
-6.298671744527583
 20
0.455673331012834
 10
-6.298733683154291
 20
0.4570061588519554
 10
-6.298794144472531
 20
0.4583393193802845
 10
-6.298853128333089
 20
0.4596728095410292
 10
-6.298910634590401
 20
0.4610066262754575
 10
-6.298966663102543
 20
0.4623407665229262
 10
-6.29902121373124
 20
0.46367522722084864
 10
-6.299074286341862
 20
0.46501000530473746
 10
-6.2991258808034285
 20
0.4663450977081798
 10
-6.299175996988603
 20
0.4676805013628549
 10
-6.299224634773696
 20
0.4690162131985325
 10
-6.2992717940386695
 20
0.4703522301430816
 10
-6.299317474667129
 20
0.47168854912246694
 10
-6.299361676546329
 20
0.4730251670607597
 10
-6.299404399567177
 20
0.4743620808801374
 10
-6.299445643624222
 20
0.4756992875008894
 10
-6.299485408615667
 20
0.477036783841422
 10
-6.299523694443363
 20
0.4783745668182604
 10
-6.29956050101281
 20
0.47971263334604863
 10
-6.2995958282331594
 20
0.481050980337562
 10
-6.299629676017209
 20
0.48238960470370884
 10
-6.299662044281411
 20
0.48372850335352346
 10
-6.299692932945865
 20
0.48506767319419275
 10
-6.299722341934322
 20
0.4864071111310295
 10
-6.299750271174184
 20
0.4877468140675063
 10
-6.299776720596504
 20
0.4890867789052429
 10
-6.299801690135986
 20
0.49042700254400984
 10
-6.299825179730986
 20
0.49176748188173747
 10
-6.299847189323509
 20
0.4931082138145211
 10
-6.299867718859213
 20
0.4944491952366228
 10
-6.29988676828741
 20
0.4957904230404697
 10
-6.29990433756106
 20
0.4971318941166647
 10
-6.299920426636776
 20
0.4984736053539951
 10
-6.299935035474825
 20
0.499815553639424
 10
-6.299948164039125
 20
0.5011577358581043
 10
-6.299959812297246
 20
0.5025001488933736
 10
-6.299969980220409
 20
0.5038427896267716
 10
-6.299978667783488
 20
0.50518565493803
 10
-6.299985874965014
 20
0.5065287417050879
 10
-6.299991601747163
 20
0.5078720468040867
 10
-6.299995848115769
 20
0.5092155671093792
 10
-6.299998614060316
 20
0.5105592994935382
 10
-6.3000000000000576
 20
0.5123983143170001
  0
LWPOLYLINE
  5
F5
330
17
100
AcDbEntity
  8
20_CONTACT
100
AcDbPolyline
 90
1001
 70
0
 10
-5.700000000000088
 20
10.308306338012812
 10
-5.7009424774022746
 20
10.30830536189755
 10
-5.701649334094218
 20
10.308303348660711
 10
-5.702482412265367
 20
10.308299566141153
 10
-5.703424878521819
 20
10.308293448009426
 10
-5.704367336321413
 20
10.308285377673073
 10
-5.705309783338727
 20
10.308275355148254
 10
-5.706252217248368
 20
10.308263380455049
 10
-5.707194635724974
 20
10.308249453617421
 10
-5.7081370364432225
 20
10.308233574663248
 10
-5.7090794170778345
 20
10.308215743624302
 10
-5.710021775303579
 20
10.308195960536262
 10
-5.710964108795283
 20
10.308174225438702
 10
-5.711906415227833
 20
10.308150538375106
 10
-5.712848692276182
 20
10.308124899392848
 10
-5.713790937615358
 20
10.308097308543214
 10
-5.714733148920464
 20
10.308067765881383
 10
-5.715675323866691
 20
10.308036271466442
 10
-5.7166174601293145
 20
10.308002825361374
 10
-5.71755955538371
 20
10.307967427633063
 10
-5.718501607305353
 20
10.3079300783523
 10
-5.719443613569827
 20
10.307890777593766
 10
-5.720385571852826
 20
10.307849525436055
 10
-5.721327479830163
 20
10.307806321961646
 10
-5.722269335177777
 20
10.307761167256935
 10
-5.723211135571735
 20
10.30771406141221
 10
-5.724152878688241
 20
10.307665004521652
 10
-5.7250945622036395
 20
10.307613996683362
 10
-5.726036183794424
 20
10.307561037999317
 10
-5.726977741137238
 20
10.307506128575413
 10
-5.727919231908884
 20
10.307449268521433
 10
-5.728860653786333
 20
10.307390457951065
 10
-5.729802004446721
 20
10.307329696981895
 10
-5.730743281567362
 20
10.30726698573541
 10
-5.731684482825751
 20
10.307202324336991
 10
-5.732625605899573
 20
10.307135712915922
 10
-5.733566648466701
 20
10.307067151605384
 10
-5.73450760820521
 20
10.306996640542458
 10
-5.735448482793381
 20
10.306924179868119
 10
-5.736389269909701
 20
10.306849769727243
 10
-5.737329967232875
 20
10.306773410268605
 10
-5.73827057244183
 20
10.306695101644872
 10
-5.739211083215721
 20
10.306614844012614
 10
-5.740151497233933
 20
10.306532637532294
 10
-5.741091812176094
 20
10.306448482368275
 10
-5.742032025722074
 20
10.306362378688815
 10
-5.742972135551994
 20
10.306274326666067
 10
-5.74391213934623
 20
10.306184326476084
 10
-5.744852034785421
 20
10.306092378298807
 10
-5.745791819550473
 20
10.305998482318081
 10
-5.746731491322565
 20
10.305902638721642
 10
-5.7476710477831565
 20
10.305804847701125
 10
-5.748610486613988
 20
10.305705109452052
 10
-5.749549805497094
 20
10.305603424173846
 10
-5.7504890021148025
 20
10.30549979206982
 10
-5.751428074149746
 20
10.305394213347192
 10
-5.75236701928486
 20
10.305286688217052
 10
-5.7533058352034
 20
10.3051772168944
 10
-5.754244519588933
 20
10.305065799598129
 10
-5.755183070125356
 20
10.304952436551016
 10
-5.7561214844968935
 20
10.304837127979734
 10
-5.757059760388107
 20
10.304719874114852
 10
-5.757997895483901
 20
10.304600675190827
 10
-5.758935887469526
 20
10.304479531446002
 10
-5.759873734030585
 20
10.304356443122622
 10
-5.760811432853041
 20
10.304231410466816
 10
-5.761748981623223
 20
10.304104433728604
 10
-5.762686378027827
 20
10.303975513161893
 10
-5.763623619753929
 20
10.303844649024487
 10
-5.764560704488983
 20
10.303711841578075
 10
-5.765497629920833
 20
10.303577091088231
 10
-5.766434393737715
 20
10.30344039782442
 10
-5.767370993628264
 20
10.303301762060002
 10
-5.7683074272815205
 20
10.303161184072213
 10
-5.769243692386933
 20
10.303018664142186
 10
-5.77017978663437
 20
10.302874202554932
 10
-5.771115707714117
 20
10.302727799599356
 10
-5.772051453316888
 20
10.302579455568246
 10
-5.772987021133835
 20
10.302429170758273
 10
-5.77392240885654
 20
10.302276945469998
 10
-5.774857614177039
 20
10.302122780007863
 10
-5.775792634787811
 20
10.301966674680195
 10
-5.776727468381792
 20
10.301808629799208
 10
-5.777662112652384
 20
10.301648645680988
 10
-5.778596565293451
 20
10.301486722645524
 10
-5.779530823999332
 20
10.301322861016672
 10
-5.780464886464845
 20
10.301157061122169
 10
-5.781398750385293
 20
10.300989323293642
 10
-5.782332413456466
 20
10.300819647866595
 10
-5.783265873374652
 20
10.300648035180414
 10
-5.784199127836641
 20
10.300474485578363
 10
-5.7851321745397275
 20
10.300298999407584
 10
-5.786065011181721
 20
10.300121577019105
 10
-5.786997635460949
 20
10.299942218767825
 10
-5.787930045076262
 20
10.299760925012526
 10
-5.788862237727041
 20
10.299577696115866
 10
-5.789794211113202
 20
10.299392532444378
 10
-5.790725962935203
 20
10.29920543436847
 10
-5.791657490894048
 20
10.299016402262435
 10
-5.7925887926912925
 20
10.298825436504432
 10
-5.793519866029054
 20
10.298632537476498
 10
-5.794450708610008
 20
10.298437705564545
 10
-5.795381318137405
 20
10.29824094115836
 10
-5.796311692315067
 20
10.2980422446516
 10
-5.7972418288473975
 20
10.297841616441794
 10
-5.7981717254393885
 20
10.297639056930347
 10
-5.799101379796621
 20
10.297434566522533
 10
-5.800030789625276
 20
10.2972281456275
 10
-5.800959952632137
 20
10.297019794658262
 10
-5.801888866524598
 20
10.296809514031704
 10
-5.802817529010665
 20
10.296597304168579
 10
-5.803745937798967
 20
10.296383165493515
 10
-5.804674090598757
 20
10.296167098434996
 10
-5.805601985119923
 20
10.295949103425386
 10
-5.806529619072986
 20
10.295729180900906
 10
-5.807456990169113
 20
10.295507331301648
 10
-5.808384096120119
 20
10.295283555071572
 10
-5.809310934638474
 20
10.295057852658491
 10
-5.810237503437306
 20
10.2948302245141
 10
-5.81116380023041
 20
10.294600671093942
 10
-5.812089822732252
 20
10.294369192857427
 10
-5.813015568657975
 20
10.29413579026783
 10
-5.8139410357234045
 20
10.29390046379229
 10
-5.814866221645053
 20
10.293663213901798
 10
-5.815791124140129
 20
10.293424041071209
 10
-5.816715740926539
 20
10.293182945779243
 10
-5.817640069722895
 20
10.292939928508474
 10
-5.818564108248518
 20
10.292694989745328
 10
-5.819487854223448
 20
10.292448129980102
 10
-5.820411305368446
 20
10.292199349706939
 10
-5.821334459405
 20
10.291948649423844
 10
-5.822257314055331
 20
10.291696029632668
 10
-5.823179867042399
 20
10.291441490839134
 10
-5.824102116089909
 20
10.291185033552797
 10
-5.825024058922316
 20
10.290926658287084
 10
-5.82594569326483
 20
10.290666365559265
 10
-5.826867016843423
 20
10.290404155890457
 10
-5.827788027384831
 20
10.290140029805638
 10
-5.828708722616569
 20
10.289873987833637
 10
-5.8296291002669225
 20
10.289606030507123
 10
-5.830549158064967
 20
10.289336158362614
 10
-5.831468893740562
 20
10.289064371940487
 10
-5.832388305024365
 20
10.288790671784955
 10
-5.8333073896478345
 20
10.288515058444082
 10
-5.834226145343233
 20
10.288237532469777
 10
-5.835144569843635
 20
10.287958094417792
 10
-5.836062660882935
 20
10.287676744847726
 10
-5.836980416195846
 20
10.287393484323019
 10
-5.837897833517913
 20
10.287108313410954
 10
-5.838814910585515
 20
10.286821232682655
 10
-5.839731645135866
 20
10.286532242713086
 10
-5.840648034907032
 20
10.286241344081056
 10
-5.8415640776379245
 20
10.285948537369201
 10
-5.842479771068314
 20
10.28565382316401
 10
-5.843395112938832
 20
10.285357202055799
 10
-5.844310100990978
 20
10.285058674638726
 10
-5.845224732967125
 20
10.28475824151078
 10
-5.846139006610523
 20
10.284455903273791
 10
-5.847052919665307
 20
10.284151660533418
 10
-5.8479664698765035
 20
10.283845513899154
 10
-5.848879654990032
 20
10.283537463984324
 10
-5.849792472752715
 20
10.28322751140609
 10
-5.850704920912278
 20
10.282915656785434
 10
-5.851616997217364
 20
10.282601900747173
 10
-5.852528699417529
 20
10.282286243919955
 10
-5.853440025263253
 20
10.281968686936256
 10
-5.854350972505946
 20
10.281649230432373
 10
-5.855261538897952
 20
10.281327875048436
 10
-5.8561717221925536
 20
10.281004621428396
 10
-5.857081520143981
 20
10.280679470220026
 10
-5.8579909305074125
 20
10.28035242207493
 10
-5.8588999510389845
 20
10.280023477648525
 10
-5.859808579495796
 20
10.27969263760006
 10
-5.860716813635912
 20
10.27935990259259
 10
-5.861624651218369
 20
10.279025273293007
 10
-5.862532090003187
 20
10.278688750372005
 10
-5.863439127751366
 20
10.27835033450411
 10
-5.864345762224898
 20
10.278010026367653
 10
-5.865251991186765
 20
10.277667826644787
 10
-5.866157812400958
 20
10.27732373602148
 10
-5.867063223632469
 20
10.276977755187511
 10
-5.8679682226473
 20
10.276629884836472
 10
-5.868872807212474
 20
10.27628012566577
 10
-5.869776975096036
 20
10.275928478376617
 10
-5.870680724067056
 20
10.275574943674043
 10
-5.871584051895644
 20
10.275219522266879
 10
-5.872486956352942
 20
10.274862214867765
 10
-5.873389435211141
 20
10.274503022193155
 10
-5.874291486243483
 20
10.2741419449633
 10
-5.875193107224262
 20
10.273778983902265
 10
-5.876094295928835
 20
10.273414139737904
 10
-5.876995050133628
 20
10.273047413201887
 10
-5.877895367616135
 20
10.272678805029688
 10
-5.878795246154931
 20
10.272308315960565
 10
-5.879694683529673
 20
10.271935946737589
 10
-5.880593677521105
 20
10.271561698107629
 10
-5.881492225911067
 20
10.27118557082135
 10
-5.882390326482499
 20
10.270807565633207
 10
-5.883287977019444
 20
10.270427683301458
 10
-5.884185175307057
 20
10.270045924588155
 10
-5.8850819191316095
 20
10.269662290259138
 10
-5.885978206280492
 20
10.269276781084045
 10
-5.886874034542224
 20
10.2688893978363
 10
-5.887769401706457
 20
10.268500141293119
 10
-5.88866430556398
 20
10.26810901223551
 10
-5.889558743906725
 20
10.267716011448265
 10
-5.890452714527772
 20
10.267321139719959
 10
-5.891346215221358
 20
10.266924397842963
 10
-5.892239243782877
 20
10.266525786613425
 10
-5.893131798008887
 20
10.266125306831276
 10
-5.894023875697121
 20
10.265722959300234
 10
-5.894915474646482
 20
10.26531874482779
 10
-5.89580659265706
 20
10.264912664225225
 10
-5.896697227530128
 20
10.264504718307592
 10
-5.8975873770681515
 20
10.264094907893721
 10
-5.898477039074796
 20
10.263683233806224
 10
-5.899366211354927
 20
10.263269696871484
 10
-5.90025489171462
 20
10.262854297919661
 10
-5.901143077961165
 20
10.262437037784682
 10
-5.902030767903069
 20
10.262017917304254
 10
-5.902917959350066
 20
10.261596937319846
 10
-5.903804650113119
 20
10.261174098676706
 10
-5.904690838004426
 20
10.260749402223844
 10
-5.905576520837428
 20
10.260322848814038
 10
-5.90646169642681
 20
10.259894439303832
 10
-5.907346362588508
 20
10.259464174553536
 10
-5.908230517139717
 20
10.25903205542722
 10
-5.9091141578988955
 20
10.258598082792716
 10
-5.909997282685766
 20
10.25816225752163
 10
-5.910879889321327
 20
10.257724580489306
 10
-5.911761975627856
 20
10.257285052574865
 10
-5.912643539428911
 20
10.25684367466118
 10
-5.913524578549344
 20
10.25640044763487
 10
-5.914405090815298
 20
10.255955372386328
 10
-5.915285074054218
 20
10.255508449809682
 10
-5.916164526094852
 20
10.255059680802825
 10
-5.917043444767263
 20
10.254609066267394
 10
-5.917921827902825
 20
10.25415660710878
 10
-5.918799673334238
 20
10.253702304236118
 10
-5.9196769788955255
 20
10.253246158562295
 10
-5.9205537424220465
 20
10.252788171003946
 10
-5.921429961750493
 20
10.252328342481444
 10
-5.922305634718904
 20
10.251866673918904
 10
-5.923180759166664
 20
10.251403166244199
 10
-5.924055332934512
 20
10.250937820388922
 10
-5.924929353864547
 20
10.25047063728842
 10
-5.9258028198002295
 20
10.250001617881772
 10
-5.926675728586392
 20
10.249530763111794
 10
-5.92754807806924
 20
10.249058073925042
 10
-5.928419866096359
 20
10.248583551271803
 10
-5.929291090516723
 20
10.248107196106098
 10
-5.930161749180692
 20
10.24762900938568
 10
-5.931031839940026
 20
10.24714899207203
 10
-5.931901360647883
 20
10.246667145130356
 10
-5.9327703091588315
 20
10.246183469529607
 10
-5.933638683328848
 20
10.245697966242442
 10
-5.93450648101533
 20
10.245210636245254
 10
-5.9353737000770925
 20
10.244721480518155
 10
-5.936240338374383
 20
10.244230500044985
 10
-5.9371063937688815
 20
10.243737695813298
 10
-5.9379718641237025
 20
10.243243068814373
 10
-5.938836747303408
 20
10.242746620043206
 10
-5.939701041174008
 20
10.242248350498508
 10
-5.940564743602964
 20
10.241748261182707
 10
-5.941427852459202
 20
10.241246353101943
 10
-5.9422903656131085
 20
10.240742627266071
 10
-5.94315228093654
 20
10.240237084688658
 10
-5.944013596302831
 20
10.239729726386972
 10
-5.944874309586794
 20
10.239220553382006
 10
-5.945734418664727
 20
10.238709566698446
 10
-5.94659392141442
 20
10.238196767364684
 10
-5.9474528157151605
 20
10.237682156412827
 10
-5.948311099447734
 20
10.237165734878669
 10
-5.949168770494435
 20
10.236647503801724
 10
-5.950025826739068
 20
10.23612746422519
 10
-5.950882266066958
 20
10.23560561719597
 10
-5.951738086364947
 20
10.235081963764664
 10
-5.9525932855214085
 20
10.234556504985566
 10
-5.953447861426248
 20
10.234029241916662
 10
-5.9543018119709075
 20
10.233500175619636
 10
-5.955155135048374
 20
10.23296930715986
 10
-5.95600782855318
 20
10.2324366376064
 10
-5.9568598903814145
 20
10.231902168032
 10
-5.957711318430724
 20
10.231365899513097
 10
-5.958562110600318
 20
10.230827833129819
 10
-5.959412264790976
 20
10.230287969965968
 10
-5.960261778905052
 20
10.229746311109029
 10
-5.961110650846478
 20
10.229202857650176
 10
-5.961958878520771
 20
10.228657610684255
 10
-5.962806459835039
 20
10.22811057130979
 10
-5.963653392697984
 20
10.227561740628985
 10
-5.9644996750199075
 20
10.227011119747715
 10
-5.965345304712717
 20
10.226458709775532
 10
-5.966190279689931
 20
10.225904511825657
 10
-5.9670345978666814
 20
10.225348527014978
 10
-5.967878257159723
 20
10.22479075646406
 10
-5.968721255487434
 20
10.224231201297126
 10
-5.969563590769826
 20
10.223669862642073
 10
-5.970405260928545
 20
10.223106741630453
 10
-5.971246263886879
 20
10.222541839397492
 10
-5.9720865975697635
 20
10.221975157082063
 10
-5.972926259903781
 20
10.221406695826708
 10
-5.973765248817175
 20
10.22083645677762
 10
-5.97460356223985
 20
10.22026444108466
 10
-5.9754411981033755
 20
10.219690649901331
 10
-5.976278154340995
 20
10.219115084384796
 10
-5.977114428887625
 20
10.218537745695862
 10
-5.97795001967987
 20
10.217958634998997
 10
-5.978784924656017
 20
10.217377753462312
 10
-5.9796191417560465
 20
10.216795102257556
 10
-5.980452668921637
 20
10.21621068256014
 10
-5.98128550409617
 20
10.215624495549104
 10
-5.982117645224731
 20
10.215036542407137
 10
-5.982949090254123
 20
10.214446824320564
 10
-5.983779837132862
 20
10.21385534247936
 10
-5.98460988381119
 20
10.213262098077116
 10
-5.985439228241076
 20
10.212667092311081
 10
-5.9862678683762205
 20
10.212070326382122
 10
-5.987095802172062
 20
10.211471801494742
 10
-5.987923027585783
 20
10.210871518857079
 10
-5.988749542576314
 20
10.210269479680898
 10
-5.989575345104337
 20
10.209665685181589
 10
-5.990400433132295
 20
10.209060136578165
 10
-5.991224804624388
 20
10.208452835093269
 10
-5.992048457546591
 20
10.207843781953162
 10
-5.992871389866648
 20
10.207232978387733
 10
-5.993693599554082
 20
10.206620425630476
 10
-5.994515084580199
 20
10.206006124918513
 10
-5.995335842918093
 20
10.20539007749258
 10
-5.996155872542652
 20
10.204772284597027
 10
-5.99697517143056
 20
10.204152747479808
 10
-5.997793737560308
 20
10.203531467392501
 10
-5.998611568912189
 20
10.202908445590285
 10
-5.999428663468314
 20
10.202283683331947
 10
-6.0002450192126116
 20
10.201657181879876
 10
-6.001060634130831
 20
10.20102894250007
 10
-6.001875506210552
 20
10.200398966462128
 10
-6.002689633441184
 20
10.199767255039252
 10
-6.003503013813978
 20
10.19913380950823
 10
-6.004315645322024
 20
10.198498631149459
 10
-6.0051275259602654
 20
10.19786172124693
 10
-6.005938653725492
 20
10.197223081088225
 10
-6.0067490266163555
 20
10.196582711964517
 10
-6.007558642633368
 20
10.19594061517057
 10
-6.008367499778911
 20
10.195296792004735
 10
-6.009175596057237
 20
10.194651243768948
 10
-6.009982929474477
 20
10.194003971768735
 10
-6.010789498038643
 20
10.193354977313199
 10
-6.011595299759636
 20
10.19270426171503
 10
-6.012400332649246
 20
10.192051826290488
 10
-6.013204594721166
 20
10.191397672359425
 10
-6.0140080839909835
 20
10.190741801245252
 10
-6.014810798476198
 20
10.190084214274968
 10
-6.0156127361962195
 20
10.189424912779135
 10
-6.0164138951723745
 20
10.188763898091892
 10
-6.017214273427911
 20
10.188101171550944
 10
-6.018013868988002
 20
10.18743673449756
 10
-6.018812679879756
 20
10.186770588276577
 10
-6.019610704132211
 20
10.186102734236394
 10
-6.020407939776353
 20
10.185433173728978
 10
-6.02120438484511
 20
10.184761908109841
 10
-6.022000037373359
 20
10.184088938738071
 10
-6.022794895397937
 20
10.1834142669763
 10
-6.023588956957639
 20
10.182737894190716
 10
-6.024382220093225
 20
10.18205982175106
 10
-6.0251746828474255
 20
10.181380051030626
 10
-6.025966343264947
 20
10.180698583406254
 10
-6.026757199392474
 20
10.18001542025833
 10
-6.027547249278675
 20
10.17933056297079
 10
-6.028336490974212
 20
10.178644012931109
 10
-6.029124922531736
 20
10.177955771530305
 10
-6.029912542005899
 20
10.177265840162935
 10
-6.030699347453359
 20
10.176574220227085
 10
-6.0314853369327786
 20
10.175880913124402
 10
-6.032270508504837
 20
10.175185920260034
 10
-6.033054860232229
 20
10.174489243042688
 10
-6.033838390179676
 20
10.173790882884582
 10
-6.034621096413923
 20
10.173090841201482
 10
-6.0354029770037485
 20
10.172389119412658
 10
-6.03618403001997
 20
10.171685718940921
 10
-6.036964253535445
 20
10.170980641212601
 10
-6.03774364562508
 20
10.17027388765754
 10
-6.038522204365831
 20
10.169565459709116
 10
-6.03929992783671
 20
10.168855358804205
 10
-6.040076814118793
 20
10.16814358638321
 10
-6.0408528612952175
 20
10.167430143890048
 10
-6.041628067451193
 20
10.166715032772139
 10
-6.042402430674008
 20
10.165998254480417
 10
-6.0431759490530235
 20
10.165279810469325
 10
-6.043948620679692
 20
10.16455970219681
 10
-6.044720443647551
 20
10.16383793112432
 10
-6.045491416052235
 20
10.163114498716808
 10
-6.046261535991473
 20
10.162389406442728
 10
-6.047030801565103
 20
10.161662655774023
 10
-6.047799210875066
 20
10.160934248186145
 10
-6.04856676202542
 20
10.160204185158031
 10
-6.049333453122337
 20
10.159472468172108
 10
-6.050099282274112
 20
10.158739098714303
 10
-6.050864247591169
 20
10.158004078274026
 10
-6.05162834718606
 20
10.157267408344163
 10
-6.052391579173476
 20
10.156529090421103
 10
-6.0531539416702485
 20
10.155789126004699
 10
-6.053915432795352
 20
10.1550475165983
 10
-6.054676050669913
 20
10.15430426370872
 10
-6.055435793417213
 20
10.15355936884626
 10
-6.056194659162691
 20
10.152812833524687
 10
-6.056952646033952
 20
10.152064659261242
 10
-6.057709752160768
 20
10.151314847576643
 10
-6.058465975675086
 20
10.150563399995068
 10
-6.059221314711027
 20
10.149810318044164
 10
-6.059975767404899
 20
10.149055603255041
 10
-6.060729331895194
 20
10.148299257162275
 10
-6.061482006322598
 20
10.147541281303901
 10
-6.062233788829991
 20
10.146781677221409
 10
-6.062984677562453
 20
10.146020446459751
 10
-6.063734670667273
 20
10.145257590567326
 10
-6.064483766293946
 20
10.144493111095993
 10
-6.065231962594183
 20
10.143727009601054
 10
-6.065979257721915
 20
10.142959287641265
 10
-6.0667256498332955
 20
10.142189946778823
 10
-6.067471137086707
 20
10.141418988579378
 10
-6.0682157176427625
 20
10.140646414612007
 10
-6.068959389664315
 20
10.139872226449238
 10
-6.069702151316456
 20
10.139096425667038
 10
-6.0704440007665275
 20
10.138319013844807
 10
-6.071184936184119
 20
10.137539992565376
 10
-6.071924955741077
 20
10.136759363415011
 10
-6.072664057611505
 20
10.13597712798341
 10
-6.073402239971775
 20
10.13519328786369
 10
-6.074139501000525
 20
10.134407844652404
 10
-6.0748758388786674
 20
10.133620799949524
 10
-6.075611251789391
 20
10.13283215535844
 10
-6.076345737918169
 20
10.13204191248597
 10
-6.07707929545276
 20
10.13125007294234
 10
-6.077811922583214
 20
10.1304566383412
 10
-6.078543617501877
 20
10.129661610299602
 10
-6.079274378403394
 20
10.128864990438021
 10
-6.080004203484717
 20
10.128066780380337
 10
-6.080733090945104
 20
10.12726698175383
 10
-6.08146103898613
 20
10.126465596189199
 10
-6.082188045811684
 20
10.125662625320526
 10
-6.082914109627981
 20
10.124858070785315
 10
-6.083639228643561
 20
10.12405193422445
 10
-6.084363401069295
 20
10.123244217282226
 10
-6.0850866251183895
 20
10.12243492160632
 10
-6.085808899006392
 20
10.121624048847814
 10
-6.086530220951195
 20
10.120811600661165
 10
-6.0872505891730375
 20
10.119997578704236
 10
-6.087970001894514
 20
10.119181984638253
 10
-6.0886884573405755
 20
10.118364820127846
 10
-6.0894059537385345
 20
10.117546086841017
 10
-6.0901224893180705
 20
10.116725786449152
 10
-6.090838062311235
 20
10.115903920627005
 10
-6.091552670952453
 20
10.115080491052712
 10
-6.092266313478528
 20
10.114255499407786
 10
-6.0929789881286505
 20
10.113428947377106
 10
-6.093690693144396
 20
10.11260083664891
 10
-6.094401426769734
 20
10.11177116891482
 10
-6.09511118725103
 20
10.110939945869815
 10
-6.095819972837052
 20
10.110107169212231
 10
-6.096527781778972
 20
10.109272840643769
 10
-6.097234612330374
 20
10.108436961869486
 10
-6.097940462747252
 20
10.1075995345978
 10
-6.098645331288023
 20
10.106760560540472
 10
-6.099349216213524
 20
10.105920041412627
 10
-6.100052115787019
 20
10.105077978932723
 10
-6.1007540282742045
 20
10.10423437482258
 10
-6.101454951943211
 20
10.103389230807355
 10
-6.10215488506461
 20
10.102542548615551
 10
-6.102853825911417
 20
10.101694329979008
 10
-6.103551772759095
 20
10.100844576632902
 10
-6.1042487238855605
 20
10.099993290315755
 10
-6.104944677571187
 20
10.09914047276941
 10
-6.105639632098809
 20
10.098286125739051
 10
-6.106333585753724
 20
10.097430250973188
 10
-6.107026536823701
 20
10.096572850223655
 10
-6.107718483598986
 20
10.095713925245613
 10
-6.108409424372296
 20
10.09485347779755
 10
-6.1090993574388355
 20
10.093991509641267
 10
-6.109788281096295
 20
10.093128022541888
 10
-6.1104761936448515
 20
10.092263018267852
 10
-6.111163093387182
 20
10.091396498590909
 10
-6.111848978628459
 20
10.090528465286123
 10
-6.112533847676361
 20
10.089658920131871
 10
-6.113217698841071
 20
10.088787864909825
 10
-6.113900530435285
 20
10.087915301404976
 10
-6.1145823407742155
 20
10.087041231405609
 10
-6.115263128175592
 20
10.08616565670331
 10
-6.115942890959671
 20
10.08528857909296
 10
-6.116621627449235
 20
10.084410000372749
 10
-6.1172993359696015
 20
10.083529922344145
 10
-6.11797601484862
 20
10.082648346811911
 10
-6.118651662416685
 20
10.081765275584111
 10
-6.119326277006734
 20
10.080880710472073
 10
-6.1199998569542515
 20
10.07999465329043
 10
-6.120672400597277
 20
10.079107105857087
 10
-6.121343906276407
 20
10.07821806999323
 10
-6.122014372334798
 20
10.077327547523328
 10
-6.122683797118171
 20
10.076435540275114
 10
-6.1233521789748195
 20
10.075542050079607
 10
-6.124019516255606
 20
10.074647078771086
 10
-6.124685807313973
 20
10.073750628187103
 10
-6.125351050505945
 20
10.072852700168479
 10
-6.12601524419013
 20
10.07195329655929
 10
-6.126678386727726
 20
10.071052419206886
 10
-6.127340476482526
 20
10.070150069961862
 10
-6.128001511820919
 20
10.06924625067808
 10
-6.128661491111896
 20
10.068340963212655
 10
-6.129320412727055
 20
10.06743420942595
 10
-6.129978275040601
 20
10.066525991181582
 10
-6.130635076429356
 20
10.065616310346417
 10
-6.131290815272758
 20
10.064705168790557
 10
-6.131945489952865
 20
10.06379256838736
 10
-6.132599098854364
 20
10.062878511013412
 10
-6.133251640364569
 20
10.061962998548548
 10
-6.13390311287343
 20
10.061046032875833
 10
-6.134553514773533
 20
10.060127615881566
 10
-6.135202844460105
 20
10.059207749455279
 10
-6.1358511003310205
 20
10.05828643548973
 10
-6.136498280786803
 20
10.05736367588091
 10
-6.137144384230629
 20
10.056439472528027
 10
-6.137789409068331
 20
10.055513827333513
 10
-6.138433353708405
 20
10.054586742203025
 10
-6.139076216562012
 20
10.053658219045428
 10
-6.139717996042982
 20
10.052728259772806
 10
-6.140358690567816
 20
10.051796866300457
 10
-6.140998298555696
 20
10.050864040546891
 10
-6.1416368184284815
 20
10.049929784433822
 10
-6.142274248610717
 20
10.048994099886162
 10
-6.142910587529639
 20
10.048056988832046
 10
-6.143545833615172
 20
10.047118453202792
 10
-6.14417998529994
 20
10.04617849493292
 10
-6.144813041019265
 20
10.045237115960154
 10
-6.145444999211177
 20
10.044294318225397
 10
-6.146075858316411
 20
10.043350103672761
 10
-6.146705616778413
 20
10.04240447424953
 10
-6.147334273043347
 20
10.041457431906181
 10
-6.147961825560095
 20
10.040508978596382
 10
-6.148588272780264
 20
10.039559116276973
 10
-6.149213613158187
 20
10.038607846907972
 10
-6.149837845150927
 20
10.037655172452585
 10
-6.150460967218284
 20
10.03670109487718
 10
-6.151082977822795
 20
10.035745616151305
 10
-6.151703875429741
 20
10.034788738247673
 10
-6.152323658507146
 20
10.033830463142166
 10
-6.152942325525788
 20
10.03287079281383
 10
-6.153559874959196
 20
10.031909729244873
 10
-6.1541763052836576
 20
10.030947274420669
 10
-6.154791614978221
 20
10.02998343032974
 10
-6.155405802524699
 20
10.029018198963765
 10
-6.156018866407676
 20
10.02805158231758
 10
-6.156630805114504
 20
10.027083582389173
 10
-6.157241617135316
 20
10.026114201179668
 10
-6.1578513009630225
 20
10.025143440693348
 10
-6.1584598550933185
 20
10.024171302937628
 10
-6.1590672780246845
 20
10.02319778992307
 10
-6.159673568258395
 20
10.022222903663376
 10
-6.160278724298516
 20
10.021246646175374
 10
-6.160882744651916
 20
10.020269019479036
 10
-6.161485627828263
 20
10.019290025597455
 10
-6.16208737234003
 20
10.01830966655686
 10
-6.162687976702501
 20
10.017327944386597
 10
-6.163287439433773
 20
10.016344861119146
 10
-6.163885759054761
 20
10.015360418790102
 10
-6.164482934089198
 20
10.014374619438179
 10
-6.165078963063642
 20
10.0133874651052
 10
-6.16567384450748
 20
10.012398957836117
 10
-6.1662675769529285
 20
10.011409099678982
 10
-6.16686015893504
 20
10.010417892684954
 10
-6.167451588991706
 20
10.009425338908304
 10
-6.1680418656636595
 20
10.008431440406406
 10
-6.16863098749448
 20
10.007436199239729
 10
-6.169218953030595
 20
10.006439617471848
 10
-6.169805760821286
 20
10.005441697169429
 10
-6.170391409418691
 20
10.004442440402233
 10
-6.17097589737781
 20
10.003441849243115
 10
-6.1715592232565015
 20
10.002439925768016
 10
-6.172141385615497
 20
10.001436672055958
 10
-6.172722383018396
 20
10.00043209018906
 10
-6.173302214031671
 20
9.99942618225251
 10
-6.1738808772246765
 20
9.998418950334576
 10
-6.174458371169646
 20
9.997410396526611
 10
-6.175034694441695
 20
9.996400522923027
 10
-6.175609845618835
 20
9.995389331621324
 10
-6.176183823281961
 20
9.994376824722057
 10
-6.176756626014869
 20
9.993363004328856
 10
-6.177328252404253
 20
9.992347872548407
 10
-6.177898701039708
 20
9.991331431490465
 10
-6.178467970513736
 20
9.990313683267836
 10
-6.179036059421748
 20
9.989294629996387
 10
-6.179602966362069
 20
9.988274273795039
 10
-6.180168689935937
 20
9.987252616785756
 10
-6.180733228747514
 20
9.98622966109356
 10
-6.181296581403884
 20
9.985205408846515
 10
-6.181858746515055
 20
9.98417986217573
 10
-6.182419722693969
 20
9.98315302321535
 10
-6.182979508556498
 20
9.982124894102565
 10
-6.183538102721453
 20
9.981095476977595
 10
-6.184095503810585
 20
9.980064773983697
 10
-6.184651710448589
 20
9.979032787267158
 10
-6.185206721263107
 20
9.977999518977294
 10
-6.18576053488473
 20
9.976964971266439
 10
-6.186313149947005
 20
9.97592914628996
 10
-6.1868645650864345
 20
9.974892046206243
 10
-6.187414778942483
 20
9.973853673176684
 10
-6.187963790157579
 20
9.972814029365704
 10
-6.188511597377117
 20
9.971773116940728
 10
-6.189058199249462
 20
9.970730938072201
 10
-6.189603594425957
 20
9.96968749493357
 10
-6.190147781560917
 20
9.968642789701281
 10
-6.190690759311639
 20
9.967596824554796
 10
-6.191232526338408
 20
9.966549601676567
 10
-6.19177308130449
 20
9.965501123252047
 10
-6.192312422876147
 20
9.964451391469677
 10
-6.192850549722631
 20
9.963400408520908
 10
-6.193387460516194
 20
9.962348176600159
 10
-6.1939231539320865
 20
9.961294697904851
 10
-6.194457628648562
 20
9.960239974635382
 10
-6.194990883346885
 20
9.959184008995134
 10
-6.195522916711326
 20
9.958126803190467
 10
-6.19605372742917
 20
9.957068359430725
 10
-6.19658331419072
 20
9.956008679928214
 10
-6.197111675689297
 20
9.954947766898222
 10
-6.197638810621247
 20
9.953885622558998
 10
-6.198164717685941
 20
9.952822249131762
 10
-6.19868939558578
 20
9.951757648840697
 10
-6.1992128430261975
 20
9.950691823912946
 10
-6.199735058715664
 20
9.949624776578611
 10
-6.200256041365688
 20
9.94855650907075
 10
-6.200775789690821
 20
9.947487023625373
 10
-6.201294302408659
 20
9.946416322481443
 10
-6.201811578239848
 20
9.945344407880869
 10
-6.202327615908085
 20
9.944271282068508
 10
-6.202842414140122
 20
9.943196947292154
 10
-6.2033559716657685
 20
9.942121405802546
 10
-6.2038682872178965
 20
9.94104465985336
 10
-6.204379359532443
 20
9.939966711701206
 10
-6.20488918734841
 20
9.938887563605626
 10
-6.205397769407871
 20
9.937807217829093
 10
-6.205905104455975
 20
9.936725676637007
 10
-6.206411191240945
 20
9.935642942297687
 10
-6.206916028514085
 20
9.934559017082382
 10
-6.207419615029784
 20
9.933473903265256
 10
-6.207921949545514
 20
9.932387603123386
 10
-6.208423030821837
 20
9.93130011893677
 10
-6.208922857622408
 20
9.93021145298831
 10
-6.209421428713976
 20
9.929121607563822
 10
-6.209918742866391
 20
9.928030584952026
 10
-6.210414798852598
 20
9.926938387444544
 10
-6.210909595448655
 20
9.925845017335895
 10
-6.211403131433721
 20
9.924750476923506
 10
-6.211895405590066
 20
9.923654768507692
 10
-6.212386416703075
 20
9.922557894391657
 10
-6.21287616356125
 20
9.921459856881505
 10
-6.2133646449562105
 20
9.920360658286219
 10
-6.213851859682699
 20
9.919260300917669
 10
-6.214337806538583
 20
9.918158787090608
 10
-6.214822484324858
 20
9.917056119122662
 10
-6.215305891845652
 20
9.915952299334347
 10
-6.215788027908227
 20
9.914847330049039
 10
-6.216268891322979
 20
9.913741213592989
 10
-6.216748480903449
 20
9.912633952295323
 10
-6.217226795466317
 20
9.91152554848802
 10
-6.21770383383141
 20
9.910416004505938
 10
-6.218179594821706
 20
9.90930532268678
 10
-6.21865407726333
 20
9.90819350537112
 10
-6.219127279985567
 20
9.907080554902372
 10
-6.219599201820855
 20
9.905966473626819
 10
-6.220069841604795
 20
9.904851263893578
 10
-6.22053919817615
 20
9.903734928054627
 10
-6.22100727037685
 20
9.902617468464776
 10
-6.221474057051993
 20
9.901498887481686
 10
-6.22193955704985
 20
9.900379187465848
 10
-6.222403769221865
 20
9.899258370780597
 10
-6.222866692422661
 20
9.898136439792097
 10
-6.22332832551004
 20
9.89701339686934
 10
-6.223788667344988
 20
9.895889244384156
 10
-6.224247716791678
 20
9.89476398471119
 10
-6.224705472717468
 20
9.89363762022791
 10
-6.225161933992911
 20
9.89251015331461
 10
-6.225617099491755
 20
9.891381586354399
 10
-6.226070968090941
 20
9.890251921733196
 10
-6.226523538670613
 20
9.889121161839734
 10
-6.226974810114118
 20
9.887989309065556
 10
-6.227424781308005
 20
9.886856365805013
 10
-6.2278734511420355
 20
9.885722334455252
 10
-6.228320818509178
 20
9.884587217416229
 10
-6.228766882305617
 20
9.88345101709069
 10
-6.229211641430752
 20
9.882313735884187
 10
-6.229655094787203
 20
9.881175376205054
 10
-6.230097241280811
 20
9.880035940464413
 10
-6.230538079820641
 20
9.878895431076185
 10
-6.230977609318985
 20
9.877753850457065
 10
-6.2314158286913655
 20
9.876611201026535
 10
-6.231852736856537
 20
9.875467485206848
 10
-6.2322883327364895
 20
9.874322705423044
 10
-6.232722615256451
 20
9.873176864102927
 10
-6.233155583344889
 20
9.872029963677072
 10
-6.233587235933515
 20
9.870882006578828
 10
-6.234017571957287
 20
9.869732995244304
 10
-6.234446590354409
 20
9.868582932112368
 10
-6.2348742900663385
 20
9.867431819624656
 10
-6.235300670037784
 20
9.866279660225551
 10
-6.235725729216712
 20
9.865126456362198
 10
-6.236149466554349
 20
9.863972210484487
 10
-6.23657188100518
 20
9.862816925045056
 10
-6.236992971526956
 20
9.861660602499295
 10
-6.237412737080692
 20
9.860503245305328
 10
-6.237831176630677
 20
9.859344855924025
 10
-6.238248289144466
 20
9.858185436818992
 10
-6.238664073592892
 20
9.857024990456562
 10
-6.2390785289500625
 20
9.855863519305814
 10
-6.239491654193367
 20
9.85470102583854
 10
-6.239903448303474
 20
9.853537512529268
 10
-6.240313910264337
 20
9.852372981855247
 10
-6.240723039063198
 20
9.851207436296441
 10
-6.241130833690587
 20
9.850040878335538
 10
-6.241537293140324
 20
9.848873310457936
 10
-6.241942416409526
 20
9.847704735151748
 10
-6.242346202498607
 20
9.846535154907798
 10
-6.2427486504112775
 20
9.845364572219607
 10
-6.243149759154552
 20
9.844192989583405
 10
-6.243549527738749
 20
9.84302040949813
 10
-6.243947955177493
 20
9.841846834465404
 10
-6.244345040487716
 20
9.84067226698955
 10
-6.244740782689664
 20
9.839496709577586
 10
-6.245135180806896
 20
9.838320164739216
 10
-6.2455282338662865
 20
9.83714263498683
 10
-6.245919940898029
 20
9.8359641228355
 10
-6.246310300935638
 20
9.834784630802986
 10
-6.246699313015954
 20
9.833604161409717
 10
-6.247086976179138
 20
9.832422717178805
 10
-6.247473289468683
 20
9.831240300636022
 10
-6.247858251931413
 20
9.830056914309825
 10
-6.2482418626174825
 20
9.828872560731329
 10
-6.2486241205803825
 20
9.827687242434312
 10
-6.249005024876941
 20
9.826500961955212
 10
-6.249384574567327
 20
9.825313721833133
 10
-6.24976276871505
 20
9.824125524609823
 10
-6.250139606386966
 20
9.82293637282969
 10
-6.2505150866532775
 20
9.821746269039785
 10
-6.250889208587534
 20
9.820555215789817
 10
-6.251261971266637
 20
9.819363215632123
 10
-6.251633373770845
 20
9.818170271121696
 10
-6.2520034151837685
 20
9.816976384816154
 10
-6.252372094592379
 20
9.815781559275756
 10
-6.2527394110870045
 20
9.814585797063398
 10
-6.253105363761341
 20
9.813389100744594
 10
-6.253469951712446
 20
9.812191472887491
 10
-6.253833174040744
 20
9.810992916062865
 10
-6.254195029850031
 20
9.809793432844096
 10
-6.254555518247473
 20
9.808593025807202
 10
-6.25491463834361
 20
9.8073916975308
 10
-6.25527238925236
 20
9.806189450596127
 10
-6.255628770091016
 20
9.804986287587028
 10
-6.255983779980252
 20
9.803782211089947
 10
-6.256337418044126
 20
9.802577223693945
 10
-6.25668968341008
 20
9.80137132799067
 10
-6.257040575208944
 20
9.800164526574378
 10
-6.257390092574934
 20
9.798956822041912
 10
-6.257738234645661
 20
9.797748216992705
 10
-6.258085000562126
 20
9.796538714028786
 10
-6.258430389468726
 20
9.79532831575477
 10
-6.258774400513257
 20
9.794117024777847
 10
-6.259117032846913
 20
9.792904843707792
 10
-6.259458285624291
 20
9.791691775156956
 10
-6.25979815800339
 20
9.790477821740264
 10
-6.260136649145617
 20
9.789262986075212
 10
-6.260473758215786
 20
9.788047270781867
 10
-6.260809484382119
 20
9.786830678482858
 10
-6.261143826816254
 20
9.785613211803375
 10
-6.261476784693239
 20
9.784394873371172
 10
-6.261808357191542
 20
9.783175665816556
 10
-6.262138543493045
 20
9.78195559177239
 10
-6.2624673427830535
 20
9.780734653874084
 10
-6.262794754250293
 20
9.779512854759599
 10
-6.263120777086915
 20
9.77829019706944
 10
-6.263445410488495
 20
9.777066683446648
 10
-6.263768653654038
 20
9.775842316536817
 10
-6.26409050578598
 20
9.77461709898806
 10
-6.264410966090186
 20
9.773391033451032
 10
-6.26473003377596
 20
9.772164122578918
 10
-6.265047708056036
 20
9.770936369027424
 10
-6.26536398814659
 20
9.76970777545479
 10
-6.2656788732672375
 20
9.768478344521766
 10
-6.265992362641033
 20
9.767248078891626
 10
-6.266304455494479
 20
9.766016981230159
 10
-6.266615151057521
 20
9.764785054205664
 10
-6.266924448563551
 20
9.763552300488954
 10
-6.267232347249413
 20
9.762318722753335
 10
-6.2675388463554
 20
9.76108432367463
 10
-6.26784394512526
 20
9.759849105931155
 10
-6.268147642806195
 20
9.758613072203726
 10
-6.268449938648863
 20
9.757376225175651
 10
-6.268750831907384
 20
9.75613856753273
 10
-6.269050321839334
 20
9.754900101963255
 10
-6.269348407705755
 20
9.75366083115799
 10
-6.269645088771153
 20
9.752420757810196
 10
-6.269940364303497
 20
9.751179884615606
 10
-6.270234233574227
 20
9.749938214272428
 10
-6.27052669585825
 20
9.748695749481346
 10
-6.270817750433949
 20
9.747452492945513
 10
-6.271107396583174
 20
9.746208447370549
 10
-6.271395633591254
 20
9.744963615464531
 10
-6.2716824607469945
 20
9.74371799993801
 10
-6.271967877342679
 20
9.742471603503983
 10
-6.27225188267407
 20
9.74122442887791
 10
-6.272534476040414
 20
9.739976478777697
 10
-6.272815656744439
 20
9.738727755923701
 10
-6.273095424092361
 20
9.737478263038728
 10
-6.273373777393881
 20
9.73622800284802
 10
-6.27365071596219
 20
9.734976978079258
 10
-6.273926239113969
 20
9.733725191462568
 10
-6.274200346169392
 20
9.732472645730503
 10
-6.274473036452125
 20
9.731219343618044
 10
-6.274744309289333
 20
9.729965287862607
 10
-6.275014164011674
 20
9.728710481204025
 10
-6.275282599953307
 20
9.727454926384556
 10
-6.275549616451893
 20
9.726198626148875
 10
-6.275815212848593
 20
9.724941583244075
 10
-6.276079388488072
 20
9.723683800419654
 10
-6.276342142718501
 20
9.72242528042752
 10
-6.276603474891558
 20
9.721166026021994
 10
-6.276863384362429
 20
9.719906039959792
 10
-6.277121870489811
 20
9.718645325000033
 10
-6.277378932635912
 20
9.71738388390423
 10
-6.277634570166454
 20
9.716121719436295
 10
-6.277888782450675
 20
9.71485883436252
 10
-6.278141568861325
 20
9.713595231451595
 10
-6.278392928774678
 20
9.712330913474588
 10
-6.278642861570523
 20
9.711065883204943
 10
-6.2788913666321715
 20
9.709800143418496
 10
-6.27913844334646
 20
9.708533696893443
 10
-6.279384091103745
 20
9.707266546410356
 10
-6.2796283092979115
 20
9.705998694752186
 10
-6.27987109732637
 20
9.704730144704229
 10
-6.280112454590061
 20
9.70346089905416
 10
-6.280352380493454
 20
9.702190960592004
 10
-6.280590874444551
 20
9.700920332110147
 10
-6.2808279358548855
 20
9.699649016403326
 10
-6.281063564139528
 20
9.69837701626862
 10
-6.281297758717081
 20
9.697104334505468
 10
-6.281530519009689
 20
9.695830973915639
 10
-6.281761844443031
 20
9.694556937303254
 10
-6.281991734446329
 20
9.69328222747476
 10
-6.282220188452347
 20
9.692006847238947
 10
-6.282447205897388
 20
9.690730799406923
 10
-6.282672786221305
 20
9.689454086792137
 10
-6.282896928867491
 20
9.688176712210355
 10
-6.283119633282891
 20
9.686898678479665
 10
-6.283340898917996
 20
9.685619988420472
 10
-6.283560725226847
 20
9.684340644855496
 10
-6.283779111667036
 20
9.68306065060977
 10
-6.283996057699709
 20
9.681780008510632
 10
-6.284211562789564
 20
9.680498721387726
 10
-6.284425626404857
 20
9.679216792073001
 10
-6.284638248017396
 20
9.677934223400701
 10
-6.284849427102551
 20
9.676651018207362
 10
-6.28505916313925
 20
9.675367179331822
 10
-6.285267455609979
 20
9.674082709615197
 10
-6.28547430400079
 20
9.672797611900897
 10
-6.285679707801293
 20
9.671511889034608
 10
-6.285883666504667
 20
9.670225543864296
 10
-6.2860861796076515
 20
9.668938579240208
 10
-6.2862872466105575
 20
9.667650998014864
 10
-6.286486867017261
 20
9.666362803043043
 10
-6.2866850403352075
 20
9.665073997181802
 10
-6.286881766075414
 20
9.66378458329045
 10
-6.287077043752467
 20
9.662494564230567
 10
-6.287270872884528
 20
9.661203942865981
 10
-6.287463252993331
 20
9.659912722062776
 10
-6.287654183604185
 20
9.658620904689286
 10
-6.287843664245978
 20
9.65732849361609
 10
-6.2880316944511705
 20
9.656035491716011
 10
-6.288218273755806
 20
9.654741901864114
 10
-6.288403401699505
 20
9.653447726937701
 10
-6.288587077825472
 20
9.6521529698163
 10
-6.288769301680491
 20
9.65085763338168
 10
-6.288950072814928
 20
9.649561720517825
 10
-6.289129390782736
 20
9.648265234110951
 10
-6.289307255141453
 20
9.646968177049494
 10
-6.289483665452202
 20
9.645670552224102
 10
-6.2896586212796946
 20
9.644372362527639
 10
-6.289832122192229
 20
9.64307361085518
 10
-6.290004167761698
 20
9.641774300104004
 10
-6.2901747575635785
 20
9.6404744331736
 10
-6.290343891176944
 20
9.639174012965647
 10
-6.290511568184459
 20
9.63787304238403
 10
-6.290677788172383
 20
9.636571524334823
 10
-6.290842550730567
 20
9.635269461726288
 10
-6.291005855452463
 20
9.63396685746888
 10
-6.291167701935116
 20
9.632663714475235
 10
-6.291328089779169
 20
9.631360035660165
 10
-6.291487018588867
 20
9.630055823940662
 10
-6.291644487972051
 20
9.628751082235892
 10
-6.291800497540165
 20
9.627445813467192
 10
-6.291955046908254
 20
9.626140020558054
 10
-6.292108135694966
 20
9.624833706434154
 10
-6.292259763522553
 20
9.623526874023309
 10
-6.292409930016871
 20
9.622219526255503
 10
-6.2925586348073805
 20
9.620911666062863
 10
-6.29270587752715
 20
9.619603296379676
 10
-6.2928516578128555
 20
9.618294420142373
 10
-6.29299597530478
 20
9.61698504028952
 10
-6.293138829646817
 20
9.615675159761832
 10
-6.2932802204864675
 20
9.61436478150215
 10
-6.293420147474845
 20
9.613053908455452
 10
-6.293558610266676
 20
9.611742543568853
 10
-6.293695608520297
 20
9.610430689791581
 10
-6.29383114189766
 20
9.60911835007499
 10
-6.2939652100643295
 20
9.607805527372555
 10
-6.294097812689486
 20
9.606492224639862
 10
-6.294228949445926
 20
9.605178444834612
 10
-6.294358620010062
 20
9.603864190916614
 10
-6.2944868240619245
 20
9.602549465847776
 10
-6.294613561285162
 20
9.601234272592116
 10
-6.294738831367043
 20
9.599918614115744
 10
-6.294862633998456
 20
9.598602493386867
 10
-6.294984968873905
 20
9.597285913375778
 10
-6.2951058356915235
 20
9.595968877054862
 10
-6.295225234153061
 20
9.594651387398583
 10
-6.295343163963892
 20
9.59333344738349
 10
-6.295459624833015
 20
9.592015059988206
 10
-6.2955746164730515
 20
9.59069622819343
 10
-6.29568813860025
 20
9.58937695498192
 10
-6.2958001909344805
 20
9.588057243338518
 10
-6.295910773199244
 20
9.586737096250108
 10
-6.296019885121668
 20
9.585416516705653
 10
-6.296127526432504
 20
9.584095507696151
 10
-6.2962336968661345
 20
9.58277407221467
 10
-6.296338396160572
 20
9.581452213256316
 10
-6.296441624057458
 20
9.580129933818242
 10
-6.296543380302062
 20
9.578807236899637
 10
-6.296643664643286
 20
9.577484125501737
 10
-6.296742476833665
 20
9.576160602627807
 10
-6.296839816629365
 20
9.57483667128314
 10
-6.296935683790186
 20
9.573512334475062
 10
-6.297030078079557
 20
9.57218759521291
 10
-6.297122999264547
 20
9.570862456508053
 10
-6.297214447115856
 20
9.569536921373867
 10
-6.2973044214078175
 20
9.568210992825751
 10
-6.297392921918406
 20
9.566884673881102
 10
-6.297479948429228
 20
9.565557967559322
 10
-6.297565500725527
 20
9.564230876881817
 10
-6.297649578596185
 20
9.562903404871994
 10
-6.297732181833722
 20
9.561575554555251
 10
-6.297813310234296
 20
9.560247328958972
 10
-6.297892963597702
 20
9.558918731112538
 10
-6.297971141727377
 20
9.5575897640473
 10
-6.298047844430396
 20
9.556260430796593
 10
-6.298123071517476
 20
9.554930734395734
 10
-6.298196822802972
 20
9.553600677882002
 10
-6.298269098104884
 20
9.552270264294652
 10
-6.2983398972448486
 20
9.550939496674896
 10
-6.298409220048149
 20
9.549608378065914
 10
-6.298477066343708
 20
9.548276911512836
 10
-6.2985434359640955
 20
9.546945100062748
 10
-6.298608328745519
 20
9.545612946764688
 10
-6.298671744527832
 20
9.544280454669636
 10
-6.298733683154535
 20
9.542947626830511
 10
-6.29879414447277
 20
9.541614466302178
 10
-6.298853128333323
 20
9.540280976141435
 10
-6.298910634590629
 20
9.538947159407003
 10
-6.298966663102766
 20
9.537613019159537
 10
-6.299021213731457
 20
9.53627855846161
 10
-6.299074286342075
 20
9.534943780377723
 10
-6.2991258808036354
 20
9.533608687974278
 10
-6.299175996988804
 20
9.532273284319603
 10
-6.299224634773893
 20
9.530937572483923
 10
-6.2992717940388605
 20
9.529601555539372
 10
-6.2993174746673155
 20
9.528265236559987
 10
-6.299361676546511
 20
9.526928618621694
 10
-6.2994043995673525
 20
9.525591704802315
 10
-6.299445643624392
 20
9.52425449818156
 10
-6.2994854086158325
 20
9.522917001841027
 10
-6.299523694443524
 20
9.52157921886419
 10
-6.299560501012966
 20
9.5202411523364
 10
-6.299595828233309
 20
9.518902805344885
 10
-6.299629676017354
 20
9.517564180978738
 10
-6.2996620442815505
 20
9.51622528232892
 10
-6.299692932945999
 20
9.514886112488252
 10
-6.299722341934451
 20
9.513546674551414
 10
-6.299750271174307
 20
9.512206971614935
 10
-6.299776720596623
 20
9.510867006777197
 10
-6.2998016901361
 20
9.50952678313843
 10
-6.299825179731093
 20
9.508186303800702
 10
-6.299847189323612
 20
9.506845571867917
 10
-6.299867718859311
 20
9.505504590445815
 10
-6.299886768287502
 20
9.504163362641968
 10
-6.299904337561147
 20
9.50282189156577
 10
-6.2999204266368585
 20
9.50148018032844
 10
-6.299935035474903
 20
9.50013823204301
 10
-6.299948164039197
 20
9.498796049824328
 10
-6.2999598122973115
 20
9.497453636789059
 10
-6.299969980220469
 20
9.496110996055663
 10
-6.299978667783544
 20
9.4947681307444
 10
-6.299985874965064
 20
9.493425043977343
 10
-6.299991601747208
 20
9.492081738878344
 10
-6.299995848115809
 20
9.49073821857305
 10
-6.2999986140603506
 20
9.48939448618889
 10
-6.300000000000086
 20
9.487555471370166
  0
LWPOLYLINE
  5
F6
330
17
100
AcDbEntity
  8
20_CONTACT
100
AcDbPolyline
 90
71
 70
0
 10
-2.800000000000085
 20
9.318051656723517
 10
-2.772000000000085
 20
9.318051656723517
 10
-2.7420000000000853
 20
9.318051656723519
 10
-2.7140000000000852
 20
9.318051656723519
 10
-2.6840000000000854
 20
9.318051656723519
 10
-2.654000000000085
 20
9.318051656723519
 10
-2.624000000000085
 20
9.318051656723519
 10
-2.5960000000000854
 20
9.318051656723519
 10
-2.5680000000000853
 20
9.318051656723519
 10
-2.5380000000000855
 20
9.318051656723519
 10
-2.510000000000086
 20
9.318051656723519
 10
-2.4800000000000857
 20
9.318051656723519
 10
-2.452000000000086
 20
9.318051656723519
 10
-2.4240000000000865
 20
9.318051656723519
 10
-2.3940000000000863
 20
9.318051656723519
 10
-2.3660000000000867
 20
9.318051656723519
 10
-2.3380000000000867
 20
9.318051656723519
 10
-2.310000000000087
 20
9.318051656723519
 10
-2.2800000000000873
 20
9.318051656723519
 10
-2.2500000000000875
 20
9.318051656723519
 10
-2.2200000000000877
 20
9.318051656723519
 10
-2.190000000000088
 20
9.318051656723519
 10
-2.160000000000087
 20
9.318051656723519
 10
-2.1320000000000867
 20
9.318051656723519
 10
-2.1020000000000856
 20
9.31805165672352
 10
-2.074000000000085
 20
9.31805165672352
 10
-2.044000000000084
 20
9.31805165672352
 10
-2.016000000000083
 20
9.31805165672352
 10
-1.9880000000000824
 20
9.31805165672352
 10
-1.9600000000000817
 20
9.31805165672352
 10
-1.9300000000000808
 20
9.31805165672352
 10
-1.90200000000008
 20
9.31805165672352
 10
-1.8720000000000792
 20
9.31805165672352
 10
-1.8440000000000782
 20
9.31805165672352
 10
-1.8160000000000776
 20
9.31805165672352
 10
-1.7860000000000766
 20
9.31805165672352
 10
-1.758000000000076
 20
9.31805165672352
 10
-1.728000000000075
 20
9.31805165672352
 10
-1.7000000000000741
 20
9.31805165672352
 10
-1.6720000000000734
 20
9.31805165672352
 10
-1.6420000000000725
 20
9.31805165672352
 10
-1.6140000000000718
 20
9.318051656723522
 10
-1.584000000000071
 20
9.318051656723522
 10
-1.55600000000007
 20
9.318051656723522
 10
-1.5280000000000693
 20
9.318051656723522
 10
-1.4980000000000684
 20
9.318051656723522
 10
-1.4700000000000677
 20
9.318051656723522
 10
-1.4400000000000668
 20
9.318051656723522
 10
-1.4120000000000659
 20
9.318051656723522
 10
-1.3840000000000652
 20
9.318051656723522
 10
-1.3540000000000643
 20
9.318051656723522
 10
-1.3260000000000636
 20
9.318051656723522
 10
-1.2960000000000627
 20
9.318051656723522
 10
-1.2680000000000617
 20
9.318051656723522
 10
-1.240000000000061
 20
9.318051656723522
 10
-1.2100000000000601
 20
9.318051656723522
 10
-1.1820000000000594
 20
9.318051656723522
 10
-1.1520000000000585
 20
9.318051656723522
 10
-1.1240000000000576
 20
9.318051656723522
 10
-1.096000000000057
 20
9.318051656723522
 10
-1.066000000000056
 20
9.318051656723522
 10
-1.0380000000000553
 20
9.318051656723522
 10
-1.0080000000000544
 20
9.318051656723522
 10
-0.9800000000000535
 20
9.318051656723522
 10
-0.9520000000000528
 20
9.318051656723524
 10
-0.9220000000000519
 20
9.318051656723524
 10
-0.8940000000000511
 20
9.318051656723524
 10
-0.8640000000000503
 20
9.318051656723524
 10
-0.8340000000000494
 20
9.318051656723524
 10
-0.8060000000000486
 20
9.318051656723524
 10
-0.800000000000086
 20
9.318051656723524
  0
LWPOLYLINE
  5
F7
330
17
100
AcDbEntity
  8
20_CONTACT
100
AcDbPolyline
 90
2
 70
0
 10
-2.800000000000085
 20
9.318051656723517
 10
-2.800000000000083
 20
8.65811320360569
  0
LWPOLYLINE
  5
F8
330
17
100
AcDbEntity
  8
20_CONTACT
100
AcDbPolyline
 90
2
 70
0
 10
-0.8000000000000849
 20
9.318051656723524
 10
-0.8000000000000829
 20
8.658113203605698
  0
LWPOLYLINE
  5
F9
330
17
100
AcDbEntity
  8
20_CONTACT
100
AcDbPolyline
 90
70
 70
0
 10
-0.800000000000083
 20
8.658113203605698
 10
-0.8280000000000829
 20
8.658113203605698
 10
-0.8580000000000833
 20
8.658113203605698
 10
-0.8860000000000833
 20
8.658113203605698
 10
-0.9140000000000835
 20
8.658113203605698
 10
-0.9420000000000835
 20
8.658113203605698
 10
-0.9700000000000837
 20
8.658113203605696
 10
-1.0000000000000835
 20
8.658113203605696
 10
-1.0280000000000835
 20
8.658113203605696
 10
-1.0580000000000833
 20
8.658113203605696
 10
-1.0880000000000831
 20
8.658113203605696
 10
-1.1160000000000831
 20
8.658113203605696
 10
-1.146000000000083
 20
8.658113203605696
 10
-1.176000000000083
 20
8.658113203605696
 10
-1.2060000000000828
 20
8.658113203605696
 10
-1.2340000000000826
 20
8.658113203605696
 10
-1.2640000000000824
 20
8.658113203605696
 10
-1.2940000000000822
 20
8.658113203605696
 10
-1.3240000000000822
 20
8.658113203605696
 10
-1.354000000000082
 20
8.658113203605696
 10
-1.3840000000000818
 20
8.658113203605696
 10
-1.4140000000000816
 20
8.658113203605696
 10
-1.442000000000082
 20
8.658113203605696
 10
-1.470000000000083
 20
8.658113203605694
 10
-1.4980000000000837
 20
8.658113203605694
 10
-1.5260000000000846
 20
8.658113203605694
 10
-1.5540000000000853
 20
8.658113203605694
 10
-1.582000000000086
 20
8.658113203605694
 10
-1.612000000000087
 20
8.658113203605694
 10
-1.6400000000000876
 20
8.658113203605694
 10
-1.6700000000000885
 20
8.658113203605694
 10
-1.6980000000000892
 20
8.658113203605694
 10
-1.7280000000000901
 20
8.658113203605694
 10
-1.7560000000000908
 20
8.658113203605694
 10
-1.7860000000000917
 20
8.658113203605694
 10
-1.8140000000000924
 20
8.658113203605694
 10
-1.8440000000000933
 20
8.658113203605694
 10
-1.872000000000094
 20
8.658113203605694
 10
-1.9000000000000947
 20
8.658113203605694
 10
-1.9300000000000956
 20
8.658113203605694
 10
-1.9580000000000963
 20
8.658113203605694
 10
-1.986000000000097
 20
8.658113203605694
 10
-2.016000000000098
 20
8.658113203605694
 10
-2.0440000000000986
 20
8.658113203605694
 10
-2.0740000000000993
 20
8.658113203605694
 10
-2.1040000000001
 20
8.658113203605694
 10
-2.134000000000101
 20
8.658113203605692
 10
-2.1620000000001016
 20
8.658113203605692
 10
-2.1920000000001023
 20
8.658113203605692
 10
-2.2220000000001034
 20
8.658113203605692
 10
-2.250000000000104
 20
8.658113203605692
 10
-2.280000000000105
 20
8.658113203605692
 10
-2.3080000000001055
 20
8.658113203605692
 10
-2.3380000000001067
 20
8.658113203605692
 10
-2.366000000000107
 20
8.658113203605692
 10
-2.3960000000001083
 20
8.658113203605692
 10
-2.4240000000001087
 20
8.658113203605692
 10
-2.4520000000001096
 20
8.658113203605692
 10
-2.48000000000011
 20
8.658113203605692
 10
-2.510000000000111
 20
8.658113203605692
 10
-2.540000000000112
 20
8.658113203605692
 10
-2.5680000000001124
 20
8.658113203605692
 10
-2.5980000000001136
 20
8.658113203605692
 10
-2.626000000000114
 20
8.658113203605692
 10
-2.656000000000115
 20
8.65811320360569
 10
-2.684000000000116
 20
8.65811320360569
 10
-2.7120000000001165
 20
8.65811320360569
 10
-2.7420000000001172
 20
8.65811320360569
 10
-2.7720000000001184
 20
8.65811320360569
 10
-2.800000000000079
 20
8.65811320360569
  0
LWPOLYLINE
  5
FA
330
17
100
AcDbEntity
  8
20_CONTACT
100
AcDbPolyline
 90
70
 70
0
 10
-0.8000000000000821
 20
8.48521733003755
 10
-0.828000000000082
 20
8.48521733003755
 10
-0.8580000000000823
 20
8.485217330037548
 10
-0.8860000000000824
 20
8.485217330037548
 10
-0.9140000000000824
 20
8.485217330037548
 10
-0.9420000000000827
 20
8.485217330037548
 10
-0.9700000000000826
 20
8.485217330037548
 10
-1.0000000000000826
 20
8.485217330037548
 10
-1.0280000000000824
 20
8.485217330037548
 10
-1.0580000000000824
 20
8.485217330037548
 10
-1.0880000000000822
 20
8.485217330037548
 10
-1.116000000000082
 20
8.485217330037548
 10
-1.1460000000000818
 20
8.485217330037548
 10
-1.1760000000000819
 20
8.485217330037548
 10
-1.2040000000000817
 20
8.485217330037548
 10
-1.2340000000000815
 20
8.485217330037548
 10
-1.2640000000000813
 20
8.485217330037548
 10
-1.2940000000000813
 20
8.485217330037548
 10
-1.3240000000000811
 20
8.485217330037546
 10
-1.354000000000081
 20
8.485217330037546
 10
-1.3840000000000807
 20
8.485217330037546
 10
-1.4140000000000805
 20
8.485217330037546
 10
-1.442000000000081
 20
8.485217330037546
 10
-1.470000000000082
 20
8.485217330037546
 10
-1.4980000000000826
 20
8.485217330037546
 10
-1.5260000000000835
 20
8.485217330037546
 10
-1.5540000000000842
 20
8.485217330037546
 10
-1.582000000000085
 20
8.485217330037546
 10
-1.6120000000000858
 20
8.485217330037546
 10
-1.6400000000000865
 20
8.485217330037546
 10
-1.6700000000000874
 20
8.485217330037546
 10
-1.698000000000088
 20
8.485217330037546
 10
-1.728000000000089
 20
8.485217330037546
 10
-1.7560000000000897
 20
8.485217330037546
 10
-1.7860000000000906
 20
8.485217330037546
 10
-1.8140000000000913
 20
8.485217330037546
 10
-1.8440000000000922
 20
8.485217330037546
 10
-1.872000000000093
 20
8.485217330037546
 10
-1.9000000000000936
 20
8.485217330037546
 10
-1.9300000000000945
 20
8.485217330037546
 10
-1.9580000000000954
 20
8.485217330037546
 10
-1.9860000000000964
 20
8.485217330037544
 10
-2.014000000000097
 20
8.485217330037544
 10
-2.0440000000000977
 20
8.485217330037544
 10
-2.0740000000000984
 20
8.485217330037544
 10
-2.104000000000099
 20
8.485217330037544
 10
-2.1340000000001003
 20
8.485217330037544
 10
-2.1620000000001007
 20
8.485217330037544
 10
-2.192000000000102
 20
8.485217330037544
 10
-2.2200000000001023
 20
8.485217330037544
 10
-2.250000000000103
 20
8.485217330037544
 10
-2.280000000000104
 20
8.485217330037544
 10
-2.3080000000001046
 20
8.485217330037544
 10
-2.3380000000001058
 20
8.485217330037544
 10
-2.3660000000001062
 20
8.485217330037544
 10
-2.3960000000001074
 20
8.485217330037544
 10
-2.424000000000108
 20
8.485217330037544
 10
-2.454000000000109
 20
8.485217330037544
 10
-2.4820000000001095
 20
8.485217330037544
 10
-2.5120000000001106
 20
8.485217330037543
 10
-2.540000000000111
 20
8.485217330037543
 10
-2.570000000000112
 20
8.485217330037543
 10
-2.5980000000001127
 20
8.485217330037543
 10
-2.628000000000114
 20
8.485217330037543
 10
-2.6560000000001143
 20
8.485217330037543
 10
-2.6860000000001154
 20
8.485217330037543
 10
-2.714000000000116
 20
8.485217330037543
 10
-2.744000000000117
 20
8.485217330037543
 10
-2.7720000000001175
 20
8.485217330037543
 10
-2.8000000000000784
 20
8.485217330037543
  0
LWPOLYLINE
  5
FB
330
17
100
AcDbEntity
  8
20_CONTACT
100
AcDbPolyline
 90
2
 70
0
 10
-0.8000000000000823
 20
8.485217330037555
 10
-0.8000000000000597
 20
1.162232943793592
  0
LWPOLYLINE
  5
FC
330
17
100
AcDbEntity
  8
20_CONTACT
100
AcDbPolyline
 90
2
 70
0
 10
-2.8000000000000824
 20
8.485217330037546
 10
-2.8000000000000598
 20
1.1622329437935832
  0
LWPOLYLINE
  5
FD
330
17
100
AcDbEntity
  8
20_CONTACT
100
AcDbPolyline
 90
71
 70
0
 10
-2.8000000000000598
 20
1.1622329437935832
 10
-2.77000000000006
 20
1.1622329437935832
 10
-2.7400000000000597
 20
1.1622329437935832
 10
-2.7120000000000597
 20
1.1622329437935832
 10
-2.6840000000000597
 20
1.1622329437935832
 10
-2.6560000000000596
 20
1.1622329437935832
 10
-2.62600000000006
 20
1.162232943793585
 10
-2.59800000000006
 20
1.162232943793585
 10
-2.5700000000000602
 20
1.162232943793585
 10
-2.5400000000000604
 20
1.162232943793585
 10
-2.5120000000000604
 20
1.162232943793585
 10
-2.4820000000000606
 20
1.162232943793585
 10
-2.454000000000061
 20
1.162232943793585
 10
-2.4240000000000608
 20
1.162232943793585
 10
-2.396000000000061
 20
1.162232943793585
 10
-2.3680000000000616
 20
1.162232943793585
 10
-2.3380000000000614
 20
1.162232943793585
 10
-2.310000000000062
 20
1.162232943793585
 10
-2.280000000000062
 20
1.162232943793585
 10
-2.250000000000062
 20
1.162232943793585
 10
-2.2200000000000624
 20
1.162232943793585
 10
-2.1900000000000626
 20
1.162232943793585
 10
-2.160000000000062
 20
1.162232943793585
 10
-2.1320000000000614
 20
1.162232943793585
 10
-2.1020000000000603
 20
1.162232943793585
 10
-2.0740000000000594
 20
1.1622329437935868
 10
-2.046000000000059
 20
1.1622329437935868
 10
-2.0160000000000577
 20
1.1622329437935868
 10
-1.988000000000057
 20
1.1622329437935868
 10
-1.9600000000000564
 20
1.1622329437935868
 10
-1.9300000000000554
 20
1.1622329437935868
 10
-1.9020000000000548
 20
1.1622329437935868
 10
-1.8720000000000538
 20
1.1622329437935868
 10
-1.844000000000053
 20
1.1622329437935868
 10
-1.8160000000000522
 20
1.1622329437935868
 10
-1.7860000000000513
 20
1.1622329437935868
 10
-1.7580000000000506
 20
1.1622329437935868
 10
-1.7280000000000497
 20
1.1622329437935868
 10
-1.7000000000000488
 20
1.1622329437935868
 10
-1.6720000000000481
 20
1.1622329437935868
 10
-1.6420000000000472
 20
1.1622329437935868
 10
-1.6140000000000465
 20
1.1622329437935868
 10
-1.5840000000000456
 20
1.1622329437935868
 10
-1.5560000000000447
 20
1.1622329437935868
 10
-1.528000000000044
 20
1.1622329437935868
 10
-1.498000000000043
 20
1.1622329437935885
 10
-1.4700000000000424
 20
1.1622329437935885
 10
-1.4400000000000415
 20
1.1622329437935885
 10
-1.4120000000000406
 20
1.1622329437935885
 10
-1.3840000000000399
 20
1.1622329437935885
 10
-1.354000000000039
 20
1.1622329437935885
 10
-1.3260000000000383
 20
1.1622329437935885
 10
-1.2960000000000373
 20
1.1622329437935885
 10
-1.2680000000000364
 20
1.1622329437935885
 10
-1.2400000000000357
 20
1.1622329437935885
 10
-1.2100000000000348
 20
1.1622329437935885
 10
-1.1820000000000341
 20
1.1622329437935885
 10
-1.1520000000000332
 20
1.1622329437935885
 10
-1.1240000000000323
 20
1.1622329437935885
 10
-1.0960000000000316
 20
1.1622329437935885
 10
-1.0660000000000307
 20
1.1622329437935885
 10
-1.03800000000003
 20
1.1622329437935885
 10
-1.008000000000029
 20
1.1622329437935885
 10
-0.9800000000000282
 20
1.1622329437935885
 10
-0.9520000000000275
 20
1.1622329437935903
 10
-0.9220000000000266
 20
1.1622329437935903
 10
-0.8940000000000258
 20
1.1622329437935903
 10
-0.864000000000025
 20
1.1622329437935903
 10
-0.834000000000024
 20
1.1622329437935903
 10
-0.8060000000000233
 20
1.1622329437935903
 10
-0.8000000000000607
 20
1.1622329437935903
  0
LWPOLYLINE
  5
FE
330
17
100
AcDbEntity
  8
10_ENC_BOARD
100
AcDbPolyline
 90
2
 70
0
 10
5.042999999999914
 20
7.999976892843611
 10
4.4429999999999135
 20
7.999976892843608
  0
LWPOLYLINE
  5
FF
330
17
100
AcDbEntity
  8
10_ENC_BOARD
100
AcDbPolyline
 90
2
 70
0
 10
5.0429999999999335
 20
1.9999768928436108
 10
5.042999999999915
 20
7.999976892843611
  0
LWPOLYLINE
  5
100
330
17
100
AcDbEntity
  8
10_ENC_BOARD
100
AcDbPolyline
 90
2
 70
0
 10
4.442999999999934
 20
1.999976892843609
 10
4.442999999999915
 20
7.999976892843609
  0
LWPOLYLINE
  5
101
330
17
100
AcDbEntity
  8
10_ENC_BOARD
100
AcDbPolyline
 90
2
 70
0
 10
4.442999999999932
 20
1.999976892843609
 10
5.042999999999933
 20
1.9999768928436108
  0
LWPOLYLINE
  5
102
330
17
100
AcDbEntity
  8
20_CONTACT
100
AcDbPolyline
 90
8
 70
0
 10
1.499999999999898
 20
-0.5000231816621259
 10
1.8337814009343694
 20
-0.4624150499348598
 10
2.150825608676235
 20
-0.35147648351575356
 10
2.4352347027879975
 20
-0.17277040536416877
 10
2.6727472237019416
 20
0.06474211554977671
 10
2.8514533018535246
 20
0.34915120966154056
 10
2.962391868272631
 20
0.6661954174034062
 10
2.9999999999998943
 20
0.9999768183378777
  0
LWPOLYLINE
  5
103
330
17
100
AcDbEntity
  8
20_CONTACT
100
AcDbPolyline
 90
2
 70
0
 10
1.4999999999998994
 20
-0.5000231816621259
 10
-1.0047518372857667e-13
 20
-0.5000231816621312
  0
LWPOLYLINE
  5
104
330
17
100
AcDbEntity
  8
20_CONTACT
100
AcDbPolyline
 90
2
 70
0
 10
2.9999999999998637
 20
11.024585923211772
 10
2.9999999999998943
 20
0.9999768183378777
  0
LWPOLYLINE
  5
105
330
17
100
AcDbEntity
  8
20_CONTACT
100
AcDbPolyline
 90
2
 70
0
 10
-1.6533767844897344e-13
 20
20.49997681833782
 10
-1.0046814310822701e-13
 20
-0.5000231816621348
  0
LWPOLYLINE
  5
106
330
17
100
AcDbEntity
  8
20_CONTACT
100
AcDbPolyline
 90
2
 70
0
 10
2.9999999999998344
 20
20.49997681833783
 10
2.999999999999852
 20
14.635548516477742
  0
LWPOLYLINE
  5
107
330
17
100
AcDbEntity
  8
20_CONTACT
100
AcDbPolyline
 90
2
 70
0
 10
-1.6564527527407336e-13
 20
20.49997681833782
 10
2.9999999999998344
 20
20.49997681833783
  0
LWPOLYLINE
  5
108
330
17
100
AcDbEntity
  8
20_CONTACT
100
AcDbPolyline
 90
53
 70
0
 10
2.999999999999853
 20
14.635548516477764
 10
3.000000616791348
 20
14.63313289466993
 10
3.000002467163912
 20
14.630714381138075
 10
3.0000055511123733
 20
14.628292970192053
 10
3.000009868628513
 20
14.625868656093635
 10
3.000015419701064
 20
14.623441433056062
 10
3.000022204315709
 20
14.6210112952436
 10
3.000030222455084
 20
14.618578236771121
 10
3.0000394740987733
 20
14.616142251703636
 10
3.000049959223315
 20
14.613703334055842
 10
3.000061677802197
 20
14.611261477791691
 10
3.000074629805859
 20
14.608816676823892
 10
3.000088815201692
 20
14.606368925013477
 10
3.0001042339540365
 20
14.603918216169301
 10
3.0001208860241873
 20
14.601464544047586
 10
3.0001387713703873
 20
14.599007902351419
 10
3.0001578899478334
 20
14.596548284730282
 10
3.0001782417086718
 20
14.594085684779532
 10
3.0001998266020005
 20
14.59162009603994
 10
3.00022264457387
 20
14.58915151199713
 10
3.0002466955672804
 20
14.586679926081128
 10
3.0002719795221857
 20
14.584205331665789
 10
3.000298496375489
 20
14.581727722068312
 10
3.0003262460610474
 20
14.579247090548698
 10
3.0003552285096675
 20
14.576763430309201
 10
3.0003854436491095
 20
14.5742767344938
 10
3.000416891404085
 20
14.571786996187651
 10
3.000449571696257
 20
14.569294208416517
 10
3.0004834844442425
 20
14.566798364146226
 10
3.000518629563608
 20
14.564299456282091
 10
3.0005550069668745
 20
14.561797477668321
 10
3.000592616563515
 20
14.559292421087466
 10
3.0006314582599556
 20
14.55678427925982
 10
3.0006715319595734
 20
14.554273044842798
 10
3.0007128375627
 20
14.551758710430375
 10
3.0007553749666207
 20
14.549241268552448
 10
3.000799144065572
 20
14.546720711674215
 10
3.0008441447507455
 20
14.54419703219557
 10
3.0008903769102853
 20
14.541670222450453
 10
3.00093784042929
 20
14.539140274706206
 10
3.000986535189812
 20
14.536607181162953
 10
3.0010364610708575
 20
14.5340709339529
 10
3.0010876179483867
 20
14.531531525139707
 10
3.0011400056953152
 20
14.528988946717794
 10
3.001193624181513
 20
14.526443190611667
 10
3.0012484732738045
 20
14.52389424867523
 10
3.00130455283597
 20
14.521342112691084
 10
3.0013618627287446
 20
14.518786774369815
 10
3.001420402809819
 20
14.51622822534929
 10
3.0014801729338396
 20
14.513666457193922
 10
3.0015411729524097
 20
14.511101461393945
 10
3.001603402714088
 20
14.508533229364655
 10
3.001650092358847
 20
14.506641288409053
  0
LWPOLYLINE
  5
109
330
17
100
AcDbEntity
  8
20_CONTACT
100
AcDbPolyline
 90
2
 70
0
 10
2.999999999999853
 20
14.462712564877606
 10
2.9999999999998628
 20
11.197421874811905
  0
LWPOLYLINE
  5
10A
330
17
100
AcDbEntity
  8
20_CONTACT
100
AcDbPolyline
 90
2
 70
0
 10
2.999999999999853
 20
14.462712564877608
 10
3.0016498505954026
 20
14.506641270485833
  0
LWPOLYLINE
  5
10B
330
17
100
AcDbEntity
  8
20_CONTACT
100
AcDbPolyline
 90
2
 70
0
 10
3.001649850595413
 20
11.153493169203685
 10
2.9999999999998637
 20
11.1974218748119
  0
LWPOLYLINE
  5
10C
330
17
100
AcDbEntity
  8
20_CONTACT
100
AcDbPolyline
 90
53
 70
0
 10
2.999999999999864
 20
11.024585923211724
 10
3.0000006167913593
 20
11.027001545019553
 10
3.000002467163923
 20
11.02942005855141
 10
3.000005551112384
 20
11.031841469497435
 10
3.000009868628524
 20
11.034265783595853
 10
3.000015419701075
 20
11.036693006633428
 10
3.0000222043157203
 20
11.039123144445886
 10
3.000030222455095
 20
11.041556202918366
 10
3.0000394740987844
 20
11.043992187985857
 10
3.000049959223326
 20
11.046431105633648
 10
3.000061677802208
 20
11.0488729618978
 10
3.00007462980587
 20
11.051317762865597
 10
3.0000888152017025
 20
11.053765514676012
 10
3.0001042339540476
 20
11.056216223520188
 10
3.000120886024198
 20
11.058669895641904
 10
3.0001387713703984
 20
11.06112653733807
 10
3.000157889947844
 20
11.063586154959212
 10
3.0001782417086824
 20
11.066048754909957
 10
3.000199826602011
 20
11.068514343649554
 10
3.0002226445738804
 20
11.070982927692361
 10
3.000246695567291
 20
11.073454513608365
 10
3.0002719795221964
 20
11.075929108023704
 10
3.0002984963754997
 20
11.078406717621178
 10
3.0003262460610576
 20
11.080887349140793
 10
3.000355228509678
 20
11.083371009380294
 10
3.00038544364912
 20
11.085857705195695
 10
3.0004168914040954
 20
11.088347443501846
 10
3.000449571696268
 20
11.090840231272976
 10
3.0004834844442527
 20
11.093336075543267
 10
3.0005186295636186
 20
11.095834983407403
 10
3.000555006966885
 20
11.098336962021174
 10
3.0005926165635257
 20
11.100842018602027
 10
3.000631458259966
 20
11.103350160429677
 10
3.0006715319595836
 20
11.105861394846698
 10
3.000712837562711
 20
11.108375729259121
 10
3.000755374966631
 20
11.110893171137048
 10
3.0007991440655823
 20
11.113413728015283
 10
3.0008441447507557
 20
11.115937407493929
 10
3.0008903769102955
 20
11.118464217239048
 10
3.0009378404293003
 20
11.120994164983292
 10
3.0009865351898224
 20
11.123527258526547
 10
3.0010364610708677
 20
11.126063505736596
 10
3.001087617948397
 20
11.128602914549793
 10
3.0011400056953255
 20
11.131145492971706
 10
3.001193624181523
 20
11.133691249077833
 10
3.0012484732738147
 20
11.13624019101427
 10
3.0013045528359803
 20
11.138792326998418
 10
3.0013618627287544
 20
11.141347665319685
 10
3.001420402809829
 20
11.143906214340213
 10
3.00148017293385
 20
11.146467982495578
 10
3.00154117295242
 20
11.149032978295557
 10
3.001603402714098
 20
11.151601210324847
 10
3.001650092358857
 20
11.153493151280466
  0
LWPOLYLINE
  5
10D
330
17
100
AcDbEntity
  8
20_CONTACT
100
AcDbPolyline
 90
18
 70
0
 10
2.0598499999998943
 20
1.2499768183378759
 10
2.022044577631922
 20
1.4522179651527534
 10
1.9137341423058791
 20
1.6271453244333998
 10
1.7495466184813877
 20
1.7511339870030067
 10
1.5516564410454223
 20
1.8074385969366489
 10
1.3467897750080373
 20
1.7884549046681766
 10
1.1626149988229666
 20
1.6967467630307151
 10
1.0240059365616692
 20
1.5446998647247607
 10
0.9496825101418616
 20
1.35284898588748
 10
0.9496825101418619
 20
1.1471046507882665
 10
1.02400593656167
 20
0.9552537719509857
 10
1.162614998822968
 20
0.8032068736450313
 10
1.346789775008039
 20
0.7114987320075716
 10
1.551656441045424
 20
0.6925150397390993
 10
1.7495466184813893
 20
0.7488196496727433
 10
1.9137341423058805
 20
0.8728083122423502
 10
2.022044577631923
 20
1.0477356715229984
 10
2.0598499999998943
 20
1.2499768183378759
  0
LWPOLYLINE
  5
10E
330
17
100
AcDbEntity
  8
20_CONTACT
100
AcDbPolyline
 90
18
 70
0
 10
2.05984999999984
 20
18.749976818337824
 10
2.022044577631868
 20
18.952217965152702
 10
1.9137341423058252
 20
19.12714532443335
 10
1.7495466184813337
 20
19.251133987002955
 10
1.5516564410453684
 20
19.3074385969366
 10
1.3467897750079834
 20
19.288454904668125
 10
1.1626149988229126
 20
19.196746763030664
 10
1.0240059365616152
 20
19.04469986472471
 10
0.9496825101418076
 20
18.852848985887427
 10
0.9496825101418079
 20
18.647104650788215
 10
1.024005936561616
 20
18.455253771950936
 10
1.162614998822914
 20
18.30320687364498
 10
1.3467897750079851
 20
18.21149873200752
 10
1.5516564410453701
 20
18.19251503973905
 10
1.7495466184813353
 20
18.24881964967269
 10
1.9137341423058265
 20
18.3728083122423
 10
2.022044577631869
 20
18.547735671522947
 10
2.05984999999984
 20
18.749976818337824
  0
LWPOLYLINE
  5
10F
330
17
100
AcDbEntity
  8
11_ENC_CHIP
100
AcDbPolyline
 90
4
 70
1
 10
22.3053
 20
2.446300000000001
 10
23.5027
 20
2.446300000000001
 10
23.5027
 20
7.553700000000001
 10
22.3053
 20
7.553700000000001
  0
LWPOLYLINE
  5
110
330
17
100
AcDbEntity
  8
12_MAGNET_AXIS
100
AcDbPolyline
 90
4
 70
1
 10
24.0
 20
3.500000000000001
 10
25.0
 20
3.500000000000001
 10
25.0
 20
6.500000000000001
 10
24.0
 20
6.500000000000001
  0
LINE
  5
111
330
17
100
AcDbEntity
  8
12_MAGNET_AXIS
100
AcDbLine
 10
26.0
 20
5.000000000000001
 30
0.0
 11
20.757
 21
5.000000000000001
 31
0.0
  0
LWPOLYLINE
  5
112
330
17
100
AcDbEntity
  8
10_ENC_BOARD
100
AcDbPolyline
 90
4
 70
1
 10
21.757
 20
2.0
 10
22.357
 20
2.0
 10
22.357
 20
8.0
 10
21.757
 20
8.0
  0
LINE
  5
113
330
17
100
AcDbEntity
  8
10_ENC_BOARD
100
AcDbLine
 10
22.057000000000002
 20
1.2
 30
0.0
 11
22.057000000000002
 21
8.8
 31
0.0
  0
TEXT
  5
114
330
17
100
AcDbEntity
  8
90_TEXT
100
AcDbText
 10
18.757
 20
9.0
 30
0.0
 40
0.4
  1
ENC_R board 6x0.6 (stands vertical)
 11
18.757
 21
9.0
 31
0.0
100
AcDbText
  0
TEXT
  5
115
330
17
100
AcDbEntity
  8
90_TEXT
100
AcDbText
 10
22.1053
 20
1.0
 30
0.0
 40
0.4
  1
AS5047P side
 11
22.1053
 21
1.0
 31
0.0
100
AcDbText
  0
TEXT
  5
116
330
17
100
AcDbEntity
  8
90_TEXT
100
AcDbText
 10
20.757
 20
5.200000000000001
 30
0.0
 40
0.35
  1
magnet axis
 11
20.757
 21
5.200000000000001
 31
0.0
100
AcDbText
  0
LWPOLYLINE
  5
117
330
17
100
AcDbEntity
  8
11_ENC_CHIP
100
AcDbPolyline
 90
4
 70
1
 10
3.2973
 20
2.446300000000001
 10
4.4947
 20
2.446300000000001
 10
4.4947
 20
7.553700000000001
 10
3.2973
 20
7.553700000000001
  0
LWPOLYLINE
  5
118
330
17
100
AcDbEntity
  8
12_MAGNET_AXIS
100
AcDbPolyline
 90
4
 70
1
 10
1.8
 20
3.500000000000001
 10
2.8
 20
3.500000000000001
 10
2.8
 20
6.500000000000001
 10
1.8
 20
6.500000000000001
  0
LINE
  5
119
330
17
100
AcDbEntity
  8
12_MAGNET_AXIS
100
AcDbLine
 10
6.043
 20
5.000000000000001
 30
0.0
 11
0.8
 21
5.000000000000001
 31
0.0
  0
LWPOLYLINE
  5
11A
330
17
100
AcDbEntity
  8
10_ENC_BOARD
100
AcDbPolyline
 90
4
 70
1
 10
4.443
 20
2.0
 10
5.043
 20
2.0
 10
5.043
 20
8.0
 10
4.443
 20
8.0
  0
LINE
  5
11B
330
17
100
AcDbEntity
  8
10_ENC_BOARD
100
AcDbLine
 10
4.743
 20
1.2
 30
0.0
 11
4.743
 21
8.8
 31
0.0
  0
TEXT
  5
11C
330
17
100
AcDbEntity
  8
90_TEXT
100
AcDbText
 10
1.4429999999999996
 20
9.0
 30
0.0
 40
0.4
  1
ENC_L board 6x0.6 (stands vertical)
 11
1.4429999999999996
 21
9.0
 31
0.0
100
AcDbText
  0
TEXT
  5
11D
330
17
100
AcDbEntity
  8
90_TEXT
100
AcDbText
 10
3.0972999999999997
 20
1.0
 30
0.0
 40
0.4
  1
AS5047P side
 11
3.0972999999999997
 21
1.0
 31
0.0
100
AcDbText
  0
TEXT
  5
11E
330
17
100
AcDbEntity
  8
90_TEXT
100
AcDbText
 10
0.8
 20
5.200000000000001
 30
0.0
 40
0.35
  1
magnet axis
 11
0.8
 21
5.200000000000001
 31
0.0
100
AcDbText
  0
LWPOLYLINE
  5
11F
330
17
100
AcDbEntity
  8
30_OVERHANG
100
AcDbPolyline
 90
4
 70
1
 10
13.9
 20
8.780100000000001
 10
31.5
 20
8.780100000000001
 10
31.5
 20
16.8801
 10
13.9
 20
16.8801
  0
TEXT
  5
120
330
17
100
AcDbEntity
  8
90_TEXT
100
AcDbText
 10
14.0
 20
8.8801
 30
0.0
 40
0.3
  1
Motor (z>= 1.25mm above board)
 11
14.0
 21
8.8801
 31
0.0
100
AcDbText
  0
LWPOLYLINE
  5
121
330
17
100
AcDbEntity
  8
30_OVERHANG
100
AcDbPolyline
 90
4
 70
1
 10
-4.7
 20
8.780100000000001
 10
12.9
 20
8.780100000000001
 10
12.9
 20
16.8801
 10
-4.7
 20
16.8801
  0
TEXT
  5
122
330
17
100
AcDbEntity
  8
90_TEXT
100
AcDbText
 10
-4.6000000000000005
 20
8.8801
 30
0.0
 40
0.3
  1
Motor (z>= 1.25mm above board)
 11
-4.6000000000000005
 21
8.8801
 31
0.0
100
AcDbText
  0
LWPOLYLINE
  5
123
330
17
100
AcDbEntity
  8
30_OVERHANG
100
AcDbPolyline
 90
4
 70
1
 10
27.2
 20
10.935500000000001
 10
29.2
 20
10.935500000000001
 10
29.2
 20
14.780100000000001
 10
27.2
 20
14.780100000000001
  0
TEXT
  5
124
330
17
100
AcDbEntity
  8
90_TEXT
100
AcDbText
 10
27.3
 20
11.0355
 30
0.0
 40
0.3
  1
Pinion 11T (z>= 3.36mm above board)
 11
27.3
 21
11.0355
 31
0.0
100
AcDbText
  0
LWPOLYLINE
  5
125
330
17
100
AcDbEntity
  8
30_OVERHANG
100
AcDbPolyline
 90
4
 70
1
 10
-2.4
 20
10.935500000000001
 10
-0.4
 20
10.935500000000001
 10
-0.4
 20
14.780100000000001
 10
-2.4
 20
14.780100000000001
  0
TEXT
  5
126
330
17
100
AcDbEntity
  8
90_TEXT
100
AcDbText
 10
-2.3
 20
11.0355
 30
0.0
 40
0.3
  1
Pinion 11T (z>= 3.36mm above board)
 11
-2.3
 21
11.0355
 31
0.0
100
AcDbText
  0
LWPOLYLINE
  5
127
330
17
100
AcDbEntity
  8
30_OVERHANG
100
AcDbPolyline
 90
4
 70
1
 10
26.0
 20
1.4000000000000004
 10
28.0
 20
1.4000000000000004
 10
28.0
 20
8.600000000000001
 10
26.0
 20
8.600000000000001
  0
TEXT
  5
128
330
17
100
AcDbEntity
  8
90_TEXT
100
AcDbText
 10
26.1
 20
1.5000000000000004
 30
0.0
 40
0.3
  1
Bearing LF-630 (z>= 1.01mm above board)
 11
26.1
 21
1.5000000000000004
 31
0.0
100
AcDbText
  0
LWPOLYLINE
  5
129
330
17
100
AcDbEntity
  8
30_OVERHANG
100
AcDbPolyline
 90
4
 70
1
 10
23.8
 20
1.4000000000000004
 10
25.8
 20
1.4000000000000004
 10
25.8
 20
8.600000000000001
 10
23.8
 20
8.600000000000001
  0
TEXT
  5
12A
330
17
100
AcDbEntity
  8
90_TEXT
100
AcDbText
 10
23.900000000000002
 20
1.5000000000000004
 30
0.0
 40
0.3
  1
Bearing LF-630 (z>= 1.01mm above board)
 11
23.900000000000002
 21
1.5000000000000004
 31
0.0
100
AcDbText
  0
LWPOLYLINE
  5
12B
330
17
100
AcDbEntity
  8
30_OVERHANG
100
AcDbPolyline
 90
4
 70
1
 10
-1.2
 20
1.4000000000000004
 10
0.8
 20
1.4000000000000004
 10
0.8
 20
8.600000000000001
 10
-1.2
 20
8.600000000000001
  0
TEXT
  5
12C
330
17
100
AcDbEntity
  8
90_TEXT
100
AcDbText
 10
-1.0999999999999999
 20
1.5000000000000004
 30
0.0
 40
0.3
  1
Bearing LF-630 (z>= 1.01mm above board)
 11
-1.0999999999999999
 21
1.5000000000000004
 31
0.0
100
AcDbText
  0
LWPOLYLINE
  5
12D
330
17
100
AcDbEntity
  8
30_OVERHANG
100
AcDbPolyline
 90
4
 70
1
 10
1.0
 20
1.4000000000000004
 10
3.0
 20
1.4000000000000004
 10
3.0
 20
8.600000000000001
 10
1.0
 20
8.600000000000001
  0
TEXT
  5
12E
330
17
100
AcDbEntity
  8
90_TEXT
100
AcDbText
 10
1.1
 20
1.5000000000000004
 30
0.0
 40
0.3
  1
Bearing LF-630 (z>= 1.01mm above board)
 11
1.1
 21
1.5000000000000004
 31
0.0
100
AcDbText
  0
LWPOLYLINE
  5
12F
330
17
100
AcDbEntity
  8
30_OVERHANG
100
AcDbPolyline
 90
4
 70
1
 10
25.0
 20
3.500000000000001
 10
31.0
 20
3.500000000000001
 10
31.0
 20
6.500000000000001
 10
25.0
 20
6.500000000000001
  0
TEXT
  5
130
330
17
100
AcDbEntity
  8
90_TEXT
100
AcDbText
 10
25.1
 20
3.600000000000001
 30
0.0
 40
0.3
  1
Shaft pin 3x6 (z>= 3.11mm above board)
 11
25.1
 21
3.600000000000001
 31
0.0
100
AcDbText
  0
LWPOLYLINE
  5
131
330
17
100
AcDbEntity
  8
30_OVERHANG
100
AcDbPolyline
 90
4
 70
1
 10
-4.2
 20
3.500000000000001
 10
1.8
 20
3.500000000000001
 10
1.8
 20
6.500000000000001
 10
-4.2
 20
6.500000000000001
  0
TEXT
  5
132
330
17
100
AcDbEntity
  8
90_TEXT
100
AcDbText
 10
-4.1000000000000005
 20
3.600000000000001
 30
0.0
 40
0.3
  1
Shaft pin 3x6 (z>= 3.11mm above board)
 11
-4.1000000000000005
 21
3.600000000000001
 31
0.0
100
AcDbText
  0
LWPOLYLINE
  5
133
330
17
100
AcDbEntity
  8
30_OVERHANG
100
AcDbPolyline
 90
4
 70
1
 10
10.4
 20
-9.249999999999998
 10
16.4
 20
-9.249999999999998
 10
16.4
 20
-3.25
 10
10.4
 20
-3.25
  0
TEXT
  5
134
330
17
100
AcDbEntity
  8
90_TEXT
100
AcDbText
 10
10.5
 20
-9.149999999999999
 30
0.0
 40
0.3
  1
Fan motor MK06-45 (z>= 2.00mm above board)
 11
10.5
 21
-9.149999999999999
 31
0.0
100
AcDbText
  0
LWPOLYLINE
  5
135
330
17
100
AcDbEntity
  8
30_OVERHANG
100
AcDbPolyline
 90
4
 70
1
 10
7.4
 20
-10.4304
 10
19.4
 20
-10.4304
 10
19.4
 20
-2.0695999999999994
 10
7.4
 20
-2.0695999999999994
  0
TEXT
  5
136
330
17
100
AcDbEntity
  8
90_TEXT
100
AcDbText
 10
7.5
 20
-10.330400000000001
 30
0.0
 40
0.3
  1
Fan motor mount (z>= 4.98mm above board)
 11
7.5
 21
-10.330400000000001
 31
0.0
100
AcDbText
  0
LWPOLYLINE
  5
137
330
17
100
AcDbEntity
  8
30_OVERHANG
100
AcDbPolyline
 90
4
 70
1
 10
20.8
 20
-17.25
 10
23.8
 20
-17.25
 10
23.8
 20
-14.249999999999998
 10
20.8
 20
-14.249999999999998
  0
TEXT
  5
138
330
17
100
AcDbEntity
  8
90_TEXT
100
AcDbText
 10
20.900000000000002
 20
-17.15
 30
0.0
 40
0.3
  1
Pillar (on board)
 11
20.900000000000002
 21
-17.15
 31
0.0
100
AcDbText
  0
LWPOLYLINE
  5
139
330
17
100
AcDbEntity
  8
30_OVERHANG
100
AcDbPolyline
 90
4
 70
1
 10
3.0
 20
-17.25
 10
6.0
 20
-17.25
 10
6.0
 20
-14.249999999999998
 10
3.0
 20
-14.249999999999998
  0
TEXT
  5
13A
330
17
100
AcDbEntity
  8
90_TEXT
100
AcDbText
 10
3.1
 20
-17.15
 30
0.0
 40
0.3
  1
Pillar (on board)
 11
3.1
 21
-17.15
 31
0.0
100
AcDbText
  0
TEXT
  5
13B
330
17
100
AcDbEntity
  8
90_TEXT
100
AcDbText
 10
-6.6
 20
-30.0
 30
0.0
 40
0.8
  1
TORANEKO.Mk3 placement guide (same frame as main board outline DXF, from STEP v36)
 11
-6.6
 21
-30.0
 31
0.0
100
AcDbText
  0
TEXT
  5
13C
330
17
100
AcDbEntity
  8
90_TEXT
100
AcDbText
 10
-6.6
 20
-31.2
 30
0.0
 40
0.6
  1
Import with the same origin/offset as the main board outline -> outlines overlap
 11
-6.6
 21
-31.2
 31
0.0
100
AcDbText
  0
ENDSEC
  0
SECTION
  2
OBJECTS
  0
DICTIONARY
  5
A
330
0
100
AcDbDictionary
281
1
  3
ACAD_COLOR
350
B
  3
ACAD_GROUP
350
C
  3
ACAD_LAYOUT
350
D
  3
ACAD_MATERIAL
350
E
  3
ACAD_MLEADERSTYLE
350
F
  3
ACAD_MLINESTYLE
350
10
  3
ACAD_PLOTSETTINGS
350
11
  3
ACAD_PLOTSTYLENAME
350
12
  3
ACAD_SCALELIST
350
14
  3
ACAD_TABLESTYLE
350
15
  3
ACAD_VISUALSTYLE
350
16
  3
EZDXF_META
350
2D
  0
DICTIONARY
  5
B
330
A
100
AcDbDictionary
281
1
  0
DICTIONARY
  5
C
330
A
100
AcDbDictionary
281
1
  0
DICTIONARY
  5
D
330
A
100
AcDbDictionary
281
1
  3
Model
350
1A
  3
Layout1
350
1E
  0
DICTIONARY
  5
E
330
A
100
AcDbDictionary
281
1
  3
ByBlock
350
1F
  3
ByLayer
350
20
  3
Global
350
21
  0
DICTIONARY
  5
F
330
A
100
AcDbDictionary
281
1
  3
Standard
350
2C
  0
DICTIONARY
  5
10
330
A
100
AcDbDictionary
281
1
  3
Standard
350
22
  0
DICTIONARY
  5
11
330
A
100
AcDbDictionary
281
1
  0
ACDBDICTIONARYWDFLT
  5
12
330
A
100
AcDbDictionary
281
1
  3
Normal
350
13
100
AcDbDictionaryWithDefault
340
13
  0
ACDBPLACEHOLDER
  5
13
330
12
  0
DICTIONARY
  5
14
330
A
100
AcDbDictionary
281
1
  0
DICTIONARY
  5
15
330
A
100
AcDbDictionary
281
1
  0
DICTIONARY
  5
16
330
A
100
AcDbDictionary
281
1
  3
2dWireframe
350
5A
  3
Basic
350
5B
  3
Brighten
350
5C
  3
ColorChange
350
5D
  3
Conceptual
350
5E
  3
Dim
350
5F
  3
EdgeColorOff
350
60
  3
Facepattern
350
61
  3
Flat
350
62
  3
FlatWithEdges
350
63
  3
Gouraud
350
64
  3
GouraudWithEdges
350
65
  3
Hidden
350
66
  3
JitterOff
350
67
  3
Linepattern
350
68
  3
Modeling
350
69
  3
OverhangOff
350
6A
  3
Realistic
350
6B
  3
Shaded
350
6C
  3
Shaded with edges
350
6D
  3
Shades of Gray
350
6E
  3
Sketchy
350
6F
  3
Thicken
350
70
  3
Wireframe
350
71
  3
X-Ray
350
72
  0
LAYOUT
  5
1A
330
D
100
AcDbPlotSettings
  1

  4
A3
  6

 40
7.5
 41
20.0
 42
7.5
 43
20.0
 44
420.0
 45
297.0
 46
0.0
 47
0.0
 48
0.0
 49
0.0
140
0.0
141
0.0
142
1.0
143
1.0
 70
1024
 72
1
 73
0
 74
5
  7

 75
16
 76
0
 77
2
 78
300
147
1.0
148
0.0
149
0.0
100
AcDbLayout
  1
Model
 70
1
 71
0
 10
0.0
 20
0.0
 11
420.0
 21
297.0
 12
0.0
 22
0.0
 32
0.0
 14
1e+20
 24
1e+20
 34
1e+20
 15
-1e+20
 25
-1e+20
 35
-1e+20
146
0.0
 13
0.0
 23
0.0
 33
0.0
 16
1.0
 26
0.0
 36
0.0
 17
0.0
 27
1.0
 37
0.0
 76
1
330
17
  0
LAYOUT
  5
1E
330
D
100
AcDbPlotSettings
  1

  4
A3
  6

 40
7.5
 41
20.0
 42
7.5
 43
20.0
 44
420.0
 45
297.0
 46
0.0
 47
0.0
 48
0.0
 49
0.0
140
0.0
141
0.0
142
1.0
143
1.0
 70
0
 72
1
 73
0
 74
5
  7

 75
16
 76
0
 77
2
 78
300
147
1.0
148
0.0
149
0.0
100
AcDbLayout
  1
Layout1
 70
1
 71
1
 10
0.0
 20
0.0
 11
420.0
 21
297.0
 12
0.0
 22
0.0
 32
0.0
 14
1e+20
 24
1e+20
 34
1e+20
 15
-1e+20
 25
-1e+20
 35
-1e+20
146
0.0
 13
0.0
 23
0.0
 33
0.0
 16
1.0
 26
0.0
 36
0.0
 17
0.0
 27
1.0
 37
0.0
 76
1
330
1B
  0
MATERIAL
  5
1F
102
{ACAD_REACTORS
330
E
102
}
330
E
100
AcDbMaterial
  1
ByBlock
  2

 70
0
 40
1.0
 71
1
 41
1.0
 91
-1023410177
 42
1.0
 72
1
  3

 73
1
 74
1
 75
1
 44
0.5
 73
0
 45
1.0
 46
1.0
 77
1
  4

 78
1
 79
1
170
1
 48
1.0
171
1
  6

172
1
173
1
174
1
140
1.0
141
1.0
175
1
  7

176
1
177
1
178
1
143
1.0
179
1
  8

270
1
271
1
272
1
145
1.0
146
1.0
273
1
  9

274
1
275
1
276
1
 42
1.0
 72
1
  3

 73
1
 74
1
 75
1
 94
63
  0
MATERIAL
  5
20
102
{ACAD_REACTORS
330
E
102
}
330
E
100
AcDbMaterial
  1
ByLayer
  2

 70
0
 40
1.0
 71
1
 41
1.0
 91
-1023410177
 42
1.0
 72
1
  3

 73
1
 74
1
 75
1
 44
0.5
 73
0
 45
1.0
 46
1.0
 77
1
  4

 78
1
 79
1
170
1
 48
1.0
171
1
  6

172
1
173
1
174
1
140
1.0
141
1.0
175
1
  7

176
1
177
1
178
1
143
1.0
179
1
  8

270
1
271
1
272
1
145
1.0
146
1.0
273
1
  9

274
1
275
1
276
1
 42
1.0
 72
1
  3

 73
1
 74
1
 75
1
 94
63
  0
MATERIAL
  5
21
102
{ACAD_REACTORS
330
E
102
}
330
E
100
AcDbMaterial
  1
Global
  2

 70
0
 40
1.0
 71
1
 41
1.0
 91
-1023410177
 42
1.0
 72
1
  3

 73
1
 74
1
 75
1
 44
0.5
 73
0
 45
1.0
 46
1.0
 77
1
  4

 78
1
 79
1
170
1
 48
1.0
171
1
  6

172
1
173
1
174
1
140
1.0
141
1.0
175
1
  7

176
1
177
1
178
1
143
1.0
179
1
  8

270
1
271
1
272
1
145
1.0
146
1.0
273
1
  9

274
1
275
1
276
1
 42
1.0
 72
1
  3

 73
1
 74
1
 75
1
 94
63
  0
MLINESTYLE
  5
22
102
{ACAD_REACTORS
330
10
102
}
330
10
100
AcDbMlineStyle
  2
Standard
 70
0
  3

 62
256
 51
90.0
 52
90.0
 71
2
 49
0.5
 62
256
  6
BYLAYER
 49
-0.5
 62
256
  6
BYLAYER
  0
MLEADERSTYLE
  5
2C
102
{ACAD_REACTORS
330
F
102
}
330
F
100
AcDbMLeaderStyle
179
2
170
2
171
1
172
0
 90
2
 40
0.0
 41
0.0
173
1
 91
-1056964608
 92
-2
290
1
 42
2.0
291
1
 43
8.0
  3
Standard
 44
4.0
300

342
29
174
1
175
1
176
0
178
1
 93
-1056964608
 45
4.0
292
0
297
0
 46
4.0
 94
-1056964608
 47
1.0
 49
1.0
140
1.0
294
1
141
0.0
177
0
142
1.0
295
0
296
0
143
3.75
271
0
272
9
273
9
  0
DICTIONARY
  5
2D
330
A
100
AcDbDictionary
280
1
281
1
  3
CREATED_BY_EZDXF
350
2E
  3
WRITTEN_BY_EZDXF
350
13F
  0
DICTIONARYVAR
  5
2E
330
2D
100
DictionaryVariables
280
0
  1
1.4.4 @ 2026-09-29T06:56:08.607577+00:00
  0
VISUALSTYLE
  5
5A
102
{ACAD_REACTORS
330
16
102
}
330
16
100
AcDbVisualStyle
  2
2dWireframe
 70
4
 90
0
 40
0.6
 62
7
290
0
291
0
  0
VISUALSTYLE
  5
5B
102
{ACAD_REACTORS
330
16
102
}
330
16
100
AcDbVisualStyle
  2
Basic
 70
7
 90
1
 40
0.6
 62
7
290
0
291
1
  0
VISUALSTYLE
  5
5C
102
{ACAD_REACTORS
330
16
102
}
330
16
100
AcDbVisualStyle
  2
Brighten
 70
12
 90
2
 40
0.6
 62
7
290
0
291
1
  0
VISUALSTYLE
  5
5D
102
{ACAD_REACTORS
330
16
102
}
330
16
100
AcDbVisualStyle
  2
ColorChange
 70
16
 90
2
 40
0.6
 62
8
290
0
291
1
  0
VISUALSTYLE
  5
5E
102
{ACAD_REACTORS
330
16
102
}
330
16
100
AcDbVisualStyle
  2
Conceptual
 70
9
 90
3
 40
0.6
 62
7
290
0
291
0
  0
VISUALSTYLE
  5
5F
102
{ACAD_REACTORS
330
16
102
}
330
16
100
AcDbVisualStyle
  2
Dim
 70
11
 90
2
 40
0.6
 62
7
290
0
291
1
  0
VISUALSTYLE
  5
60
102
{ACAD_REACTORS
330
16
102
}
330
16
100
AcDbVisualStyle
  2
EdgeColorOff
 70
22
 90
2
 40
0.6
 62
7
290
0
291
1
  0
VISUALSTYLE
  5
61
102
{ACAD_REACTORS
330
16
102
}
330
16
100
AcDbVisualStyle
  2
Facepattern
 70
15
 90
2
 40
0.6
 62
7
290
0
291
1
  0
VISUALSTYLE
  5
62
102
{ACAD_REACTORS
330
16
102
}
330
16
100
AcDbVisualStyle
  2
Flat
 70
0
 90
2
 40
0.6
 62
7
290
0
291
1
  0
VISUALSTYLE
  5
63
102
{ACAD_REACTORS
330
16
102
}
330
16
100
AcDbVisualStyle
  2
FlatWithEdges
 70
1
 90
2
 40
0.6
 62
7
290
0
291
1
  0
VISUALSTYLE
  5
64
102
{ACAD_REACTORS
330
16
102
}
330
16
100
AcDbVisualStyle
  2
Gouraud
 70
2
 90
2
 40
0.6
 62
7
290
0
291
1
  0
VISUALSTYLE
  5
65
102
{ACAD_REACTORS
330
16
102
}
330
16
100
AcDbVisualStyle
  2
GouraudWithEdges
 70
3
 90
2
 40
0.6
 62
7
290
0
291
1
  0
VISUALSTYLE
  5
66
102
{ACAD_REACTORS
330
16
102
}
330
16
100
AcDbVisualStyle
  2
Hidden
 70
6
 90
1
 40
0.6
 62
7
290
0
291
0
  0
VISUALSTYLE
  5
67
102
{ACAD_REACTORS
330
16
102
}
330
16
100
AcDbVisualStyle
  2
JitterOff
 70
20
 90
2
 40
0.6
 62
7
290
0
291
1
  0
VISUALSTYLE
  5
68
102
{ACAD_REACTORS
330
16
102
}
330
16
100
AcDbVisualStyle
  2
Linepattern
 70
14
 90
2
 40
0.6
 62
7
290
0
291
1
  0
VISUALSTYLE
  5
69
102
{ACAD_REACTORS
330
16
102
}
330
16
100
AcDbVisualStyle
  2
Modeling
 70
10
 90
2
 40
0.6
 62
7
290
0
291
0
  0
VISUALSTYLE
  5
6A
102
{ACAD_REACTORS
330
16
102
}
330
16
100
AcDbVisualStyle
  2
OverhangOff
 70
21
 90
2
 40
0.6
 62
7
290
0
291
1
  0
VISUALSTYLE
  5
6B
102
{ACAD_REACTORS
330
16
102
}
330
16
100
AcDbVisualStyle
  2
Realistic
 70
8
 90
2
 40
0.6
 62
7
290
0
291
0
  0
VISUALSTYLE
  5
6C
102
{ACAD_REACTORS
330
16
102
}
330
16
100
AcDbVisualStyle
  2
Shaded
 70
27
 90
2
 40
0.6
 62
7
290
0
291
0
  0
VISUALSTYLE
  5
6D
102
{ACAD_REACTORS
330
16
102
}
330
16
100
AcDbVisualStyle
  2
Shaded with edges
 70
26
 90
2
 40
0.6
 62
7
290
0
291
0
  0
VISUALSTYLE
  5
6E
102
{ACAD_REACTORS
330
16
102
}
330
16
100
AcDbVisualStyle
  2
Shades of Gray
 70
23
 90
2
 40
0.6
 62
7
290
0
291
0
  0
VISUALSTYLE
  5
6F
102
{ACAD_REACTORS
330
16
102
}
330
16
100
AcDbVisualStyle
  2
Sketchy
 70
24
 90
1
 40
0.6
 62
7
290
0
291
0
  0
VISUALSTYLE
  5
70
102
{ACAD_REACTORS
330
16
102
}
330
16
100
AcDbVisualStyle
  2
Thicken
 70
13
 90
2
 40
0.6
 62
7
290
0
291
1
  0
VISUALSTYLE
  5
71
102
{ACAD_REACTORS
330
16
102
}
330
16
100
AcDbVisualStyle
  2
Wireframe
 70
5
 90
0
 40
0.6
 62
7
290
0
291
0
  0
VISUALSTYLE
  5
72
102
{ACAD_REACTORS
330
16
102
}
330
16
100
AcDbVisualStyle
  2
X-Ray
 70
25
 90
2
 40
0.5
 62
7
290
0
291
0
  0
DICTIONARYVAR
  5
13F
330
2D
100
DictionaryVariables
280
0
  1
1.4.4 @ 2026-09-29T06:56:08.675292+00:00
  0
ENDSEC
  0
EOF
